node_index,root_id,type,family,role,side
0,720575940596125868,T5c,T5 Neuron,input,right
1,720575940599457990,T4b,T4 Neuron,input,right
2,720575940599459782,T5b,T5 Neuron,input,right
3,720575940599704006,T5a,T5 Neuron,input,right
4,720575940599729862,T5a,T5 Neuron,input,right
5,720575940599733446,T5b,T5 Neuron,input,right
6,720575940599755718,T4a,T4 Neuron,input,right
7,720575940599763910,T5b,T5 Neuron,input,right
8,720575940600071689,T5b,T5 Neuron,input,right
9,720575940600101641,T4a,T4 Neuron,input,right
10,720575940600124169,T5b,T5 Neuron,input,right
11,720575940600143369,T4a,T4 Neuron,input,right
12,720575940600150793,T5a,T5 Neuron,input,right
13,720575940600547529,T4a,T4 Neuron,input,right
14,720575940600850441,T4c,T4 Neuron,input,right
15,720575940600866569,T5d,T5 Neuron,input,right
16,720575940600934665,T4d,T4 Neuron,input,right
17,720575940601206499,T4b,T4 Neuron,input,right
18,720575940601263473,T4a,T4 Neuron,input,left
19,720575940601672201,T4b,T4 Neuron,input,right
20,720575940602140862,T5b,T5 Neuron,input,right
21,720575940602497726,T5c,T5 Neuron,input,right
22,720575940602577598,T5a,T5 Neuron,input,right
23,720575940602737598,T5a,T5 Neuron,input,right
24,720575940602790610,T5c,T5 Neuron,input,right
25,720575940602928608,T4c,T4 Neuron,input,right
26,720575940603022304,T4a,T4 Neuron,input,left
27,720575940603339232,T4c,T4 Neuron,input,right
28,720575940603349216,T5d,T5 Neuron,input,left
29,720575940603356896,T4d,T4 Neuron,input,right
30,720575940603365980,T5a,T5 Neuron,input,right
31,720575940603373916,T5a,T5 Neuron,input,right
32,720575940603390380,T5c,T5 Neuron,input,left
33,720575940603391712,T4c,T4 Neuron,input,right
34,720575940603391778,T5d,T5 Neuron,input,left
35,720575940603392546,T5b,T5 Neuron,input,left
36,720575940603394272,T4c,T4 Neuron,input,right
37,720575940603404834,T5d,T5 Neuron,input,left
38,720575940603471811,T5d,T5 Neuron,input,left
39,720575940603487456,T5d,T5 Neuron,input,left
40,720575940603491957,T4a,T4 Neuron,input,right
41,720575940603498357,T4d,T4 Neuron,input,right
42,720575940603498613,T4c,T4 Neuron,input,right
43,720575940603498869,T4b,T4 Neuron,input,right
44,720575940603526005,T4a,T4 Neuron,input,right
45,720575940603544363,T5d,T5 Neuron,input,left
46,720575940603556981,T4d,T4 Neuron,input,right
47,720575940603563893,T4c,T4 Neuron,input,right
48,720575940603568757,T4a,T4 Neuron,input,right
49,720575940603604258,T5b,T5 Neuron,input,left
50,720575940603605538,T4a,T4 Neuron,input,left
51,720575940603688226,T5b,T5 Neuron,input,left
52,720575940603714652,T5b,T5 Neuron,input,right
53,720575940603761836,T5a,T5 Neuron,input,right
54,720575940603797420,T4c,T4 Neuron,input,right
55,720575940603818464,T5c,T5 Neuron,input,left
56,720575940603842476,T4d,T4 Neuron,input,right
57,720575940603873033,T5b,T5 Neuron,input,right
58,720575940603904496,T4c,T4 Neuron,input,right
59,720575940603940012,T5a,T5 Neuron,input,right
60,720575940604084704,T5b,T5 Neuron,input,right
61,720575940604105137,T5b,T5 Neuron,input,right
62,720575940604142453,T4c,T4 Neuron,input,right
63,720575940604179372,T5b,T5 Neuron,input,left
64,720575940604180140,T4b,T4 Neuron,input,right
65,720575940604192992,T5d,T5 Neuron,input,left
66,720575940604198828,T4a,T4 Neuron,input,left
67,720575940604221356,T5c,T5 Neuron,input,left
68,720575940604323808,T5c,T5 Neuron,input,right
69,720575940604324320,T5c,T5 Neuron,input,right
70,720575940604324576,T4b,T4 Neuron,input,left
71,720575940604337632,T4b,T4 Neuron,input,left
72,720575940604383776,T4a,T4 Neuron,input,right
73,720575940604386594,T4a,T4 Neuron,input,left
74,720575940604411616,T5b,T5 Neuron,input,right
75,720575940604412896,T5c,T5 Neuron,input,right
76,720575940604413664,T5b,T5 Neuron,input,right
77,720575940604427232,T5b,T5 Neuron,input,right
78,720575940604432864,T5a,T5 Neuron,input,right
79,720575940604435061,T4b,T4 Neuron,input,right
80,720575940604436720,T4d,T4 Neuron,input,right
81,720575940604457200,T5c,T5 Neuron,input,right
82,720575940604474982,T4a,T4 Neuron,input,right
83,720575940604478065,T4b,T4 Neuron,input,left
84,720575940604487968,T5d,T5 Neuron,input,right
85,720575940604495537,T5d,T5 Neuron,input,left
86,720575940604511776,T5c,T5 Neuron,input,right
87,720575940604521952,T4c,T4 Neuron,input,right
88,720575940604544358,T5a,T5 Neuron,input,right
89,720575940604565280,T4a,T4 Neuron,input,left
90,720575940604567486,T4d,T4 Neuron,input,right
91,720575940604618417,T5a,T5 Neuron,input,left
92,720575940604622453,T4c,T4 Neuron,input,right
93,720575940604629681,T5c,T5 Neuron,input,left
94,720575940604635253,T4c,T4 Neuron,input,right
95,720575940604636021,T4c,T4 Neuron,input,right
96,720575940604636789,T4c,T4 Neuron,input,right
97,720575940604637045,T4d,T4 Neuron,input,right
98,720575940604640945,T4a,T4 Neuron,input,right
99,720575940604652512,T4d,T4 Neuron,input,right
100,720575940604666336,T5c,T5 Neuron,input,left
101,720575940604679664,T4d,T4 Neuron,input,right
102,720575940604694496,T5a,T5 Neuron,input,left
103,720575940604699120,T4b,T4 Neuron,input,right
104,720575940604699825,T4d,T4 Neuron,input,right
105,720575940604704940,T5d,T5 Neuron,input,right
106,720575940604712688,T4a,T4 Neuron,input,right
107,720575940604731569,T5c,T5 Neuron,input,left
108,720575940604732640,T5d,T5 Neuron,input,left
109,720575940604738737,T4d,T4 Neuron,input,right
110,720575940604745456,T4a,T4 Neuron,input,right
111,720575940604766688,T4c,T4 Neuron,input,left
112,720575940604774572,T5a,T5 Neuron,input,right
113,720575940604778156,T5b,T5 Neuron,input,right
114,720575940604781490,T5b,T5 Neuron,input,left
115,720575940604782764,T5c,T5 Neuron,input,right
116,720575940604804798,T4c,T4 Neuron,input,right
117,720575940604805566,T4b,T4 Neuron,input,right
118,720575940604807392,T4d,T4 Neuron,input,left
119,720575940604809184,T5d,T5 Neuron,input,left
120,720575940604811692,T5b,T5 Neuron,input,right
121,720575940604812204,T4c,T4 Neuron,input,right
122,720575940604812465,T4a,T4 Neuron,input,left
123,720575940604818092,T4b,T4 Neuron,input,right
124,720575940604828128,T4a,T4 Neuron,input,left
125,720575940604828849,T4a,T4 Neuron,input,right
126,720575940604830129,T5a,T5 Neuron,input,left
127,720575940604831456,T4a,T4 Neuron,input,right
128,720575940604835756,T4b,T4 Neuron,input,right
129,720575940604836012,T4a,T4 Neuron,input,right
130,720575940604875744,T5b,T5 Neuron,input,right
131,720575940604889056,T4a,T4 Neuron,input,left
132,720575940604894688,T5a,T5 Neuron,input,left
133,720575940604898662,T4c,T4 Neuron,input,right
134,720575940604900832,T5c,T5 Neuron,input,right
135,720575940604902921,T4d,T4 Neuron,input,right
136,720575940604912608,T5c,T5 Neuron,input,left
137,720575940604943394,T4b,T4 Neuron,input,left
138,720575940604943906,T4c,T4 Neuron,input,left
139,720575940604946720,T4d,T4 Neuron,input,right
140,720575940604951840,T4c,T4 Neuron,input,left
141,720575940604959712,T4b,T4 Neuron,input,left
142,720575940604962220,T5b,T5 Neuron,input,left
143,720575940604965548,T5a,T5 Neuron,input,left
144,720575940604979116,T5a,T5 Neuron,input,left
145,720575940604983398,T4c,T4 Neuron,input,right
146,720575940605012140,T5d,T5 Neuron,input,left
147,720575940605018540,T4c,T4 Neuron,input,left
148,720575940605033644,T4a,T4 Neuron,input,left
149,720575940605051052,T5b,T5 Neuron,input,right
150,720575940605055660,T4a,T4 Neuron,input,right
151,720575940605073376,T5a,T5 Neuron,input,left
152,720575940605084774,T5b,T5 Neuron,input,right
153,720575940605087404,T4b,T4 Neuron,input,left
154,720575940605089964,T5d,T5 Neuron,input,left
155,720575940605096550,T5b,T5 Neuron,input,right
156,720575940605113056,T5b,T5 Neuron,input,left
157,720575940605121452,T5a,T5 Neuron,input,left
158,720575940605130668,T4d,T4 Neuron,input,left
159,720575940605135532,T4b,T4 Neuron,input,right
160,720575940605139116,T4c,T4 Neuron,input,right
161,720575940605140396,T5d,T5 Neuron,input,left
162,720575940605143724,T5c,T5 Neuron,input,left
163,720575940605164460,T4b,T4 Neuron,input,left
164,720575940605174700,T5c,T5 Neuron,input,right
165,720575940605180844,T4c,T4 Neuron,input,right
166,720575940605181152,T4d,T4 Neuron,input,right
167,720575940605204960,T4d,T4 Neuron,input,left
168,720575940605206752,T4c,T4 Neuron,input,right
169,720575940605224672,T4a,T4 Neuron,input,left
170,720575940605238705,T5b,T5 Neuron,input,right
171,720575940605241516,T4d,T4 Neuron,input,right
172,720575940605285856,T4c,T4 Neuron,input,left
173,720575940605304166,T5c,T5 Neuron,input,right
174,720575940605306726,T5b,T5 Neuron,input,right
175,720575940605315762,T5a,T5 Neuron,input,left
176,720575940605317600,T5d,T5 Neuron,input,left
177,720575940605334886,T5d,T5 Neuron,input,right
178,720575940605335910,T5c,T5 Neuron,input,right
179,720575940605336422,T5d,T5 Neuron,input,right
180,720575940605338336,T4d,T4 Neuron,input,left
181,720575940605353905,T5b,T5 Neuron,input,right
182,720575940605371494,T5c,T5 Neuron,input,right
183,720575940605373868,T4b,T4 Neuron,input,left
184,720575940605374910,T5a,T5 Neuron,input,right
185,720575940605379104,T4a,T4 Neuron,input,left
186,720575940605384736,T5c,T5 Neuron,input,right
187,720575940605390764,T4a,T4 Neuron,input,left
188,720575940605392160,T5a,T5 Neuron,input,right
189,720575940605394022,T5c,T5 Neuron,input,right
190,720575940605397536,T5c,T5 Neuron,input,right
191,720575940605398048,T4b,T4 Neuron,input,right
192,720575940605398304,T5b,T5 Neuron,input,right
193,720575940605408870,T5b,T5 Neuron,input,right
194,720575940605413129,T5a,T5 Neuron,input,right
195,720575940605413385,T5c,T5 Neuron,input,right
196,720575940605418942,T4c,T4 Neuron,input,right
197,720575940605426278,T5c,T5 Neuron,input,right
198,720575940605426562,T4a,T4 Neuron,input,left
199,720575940605432422,T4c,T4 Neuron,input,right
200,720575940605446590,T4d,T4 Neuron,input,right
201,720575940605453001,T4b,T4 Neuron,input,right
202,720575940605454182,T4b,T4 Neuron,input,left
203,720575940605470310,T4c,T4 Neuron,input,right
204,720575940605475262,T5c,T5 Neuron,input,left
205,720575940605483185,T5a,T5 Neuron,input,left
206,720575940605492670,T5b,T5 Neuron,input,right
207,720575940605500862,T5d,T5 Neuron,input,right
208,720575940605501472,T4c,T4 Neuron,input,left
209,720575940605528166,T4d,T4 Neuron,input,right
210,720575940605535177,T5a,T5 Neuron,input,right
211,720575940605535404,T4c,T4 Neuron,input,left
212,720575940605547552,T4b,T4 Neuron,input,right
213,720575940605550025,T4d,T4 Neuron,input,left
214,720575940605550112,T5c,T5 Neuron,input,right
215,720575940605550624,T4c,T4 Neuron,input,right
216,720575940605559328,T5d,T5 Neuron,input,right
217,720575940605566310,T5c,T5 Neuron,input,right
218,720575940605609830,T4a,T4 Neuron,input,left
219,720575940605613926,T5d,T5 Neuron,input,left
220,720575940605621164,T4d,T4 Neuron,input,left
221,720575940605629356,T4d,T4 Neuron,input,left
222,720575940605632433,T5a,T5 Neuron,input,left
223,720575940605639648,T5c,T5 Neuron,input,left
224,720575940605645758,T4c,T4 Neuron,input,left
225,720575940605658540,T4c,T4 Neuron,input,left
226,720575940605665638,T5c,T5 Neuron,input,left
227,720575940605667686,T4b,T4 Neuron,input,left
228,720575940605671625,T4c,T4 Neuron,input,right
229,720575940605674417,T4d,T4 Neuron,input,right
230,720575940605676041,T5c,T5 Neuron,input,right
231,720575940605676646,T5c,T5 Neuron,input,left
232,720575940605680817,T5b,T5 Neuron,input,left
233,720575940605681073,T4d,T4 Neuron,input,left
234,720575940605686793,T5d,T5 Neuron,input,right
235,720575940605686956,T4c,T4 Neuron,input,left
236,720575940605704638,T4a,T4 Neuron,input,left
237,720575940605706784,T4b,T4 Neuron,input,left
238,720575940605712486,T5d,T5 Neuron,input,right
239,720575940605725105,T5c,T5 Neuron,input,right
240,720575940605734944,T5c,T5 Neuron,input,right
241,720575940605737318,T5d,T5 Neuron,input,left
242,720575940605738417,T5d,T5 Neuron,input,right
243,720575940605751008,T4c,T4 Neuron,input,right
244,720575940605756844,T5a,T5 Neuron,input,right
245,720575940605758752,T5d,T5 Neuron,input,right
246,720575940605762406,T4c,T4 Neuron,input,right
247,720575940605764030,T5a,T5 Neuron,input,left
248,720575940605773233,T5c,T5 Neuron,input,right
249,720575940605788337,T5c,T5 Neuron,input,left
250,720575940605793726,T4a,T4 Neuron,input,right
251,720575940605793894,T5b,T5 Neuron,input,right
252,720575940605803744,T4a,T4 Neuron,input,right
253,720575940605813350,T5d,T5 Neuron,input,left
254,720575940605833062,T4b,T4 Neuron,input,right
255,720575940605840514,T4c,T4 Neuron,input,right
256,720575940605842022,T4a,T4 Neuron,input,left
257,720575940605849702,T4a,T4 Neuron,input,left
258,720575940605852192,T4a,T4 Neuron,input,right
259,720575940605855106,T4c,T4 Neuron,input,left
260,720575940605869758,T4d,T4 Neuron,input,left
261,720575940605880497,T4c,T4 Neuron,input,right
262,720575940605886338,T5a,T5 Neuron,input,right
263,720575940605890592,T5d,T5 Neuron,input,left
264,720575940605903532,T5b,T5 Neuron,input,right
265,720575940605907046,T4d,T4 Neuron,input,left
266,720575940605908326,T4a,T4 Neuron,input,left
267,720575940605931180,T5d,T5 Neuron,input,right
268,720575940605934014,T5a,T5 Neuron,input,left
269,720575940605938110,T5b,T5 Neuron,input,left
270,720575940605939814,T4a,T4 Neuron,input,right
271,720575940605945948,T4b,T4 Neuron,input,left
272,720575940605952702,T5c,T5 Neuron,input,right
273,720575940605955174,T5c,T5 Neuron,input,left
274,720575940605961905,T5a,T5 Neuron,input,left
275,720575940605963441,T5b,T5 Neuron,input,left
276,720575940605976422,T5b,T5 Neuron,input,left
277,720575940605977265,T4b,T4 Neuron,input,right
278,720575940605978470,T4c,T4 Neuron,input,left
279,720575940605980262,T5a,T5 Neuron,input,right
280,720575940605980337,T4c,T4 Neuron,input,right
281,720575940605985382,T5b,T5 Neuron,input,left
282,720575940605996209,T5d,T5 Neuron,input,right
283,720575940606009120,T4d,T4 Neuron,input,left
284,720575940606014310,T5b,T5 Neuron,input,right
285,720575940606014566,T5b,T5 Neuron,input,left
286,720575940606014898,T4d,T4 Neuron,input,right
287,720575940606034609,T4d,T4 Neuron,input,left
288,720575940606034865,T4a,T4 Neuron,input,left
289,720575940606053566,T5a,T5 Neuron,input,left
290,720575940606071217,T4d,T4 Neuron,input,right
291,720575940606077374,T5b,T5 Neuron,input,right
292,720575940606104254,T5a,T5 Neuron,input,left
293,720575940606106801,T5d,T5 Neuron,input,left
294,720575940606115942,T4b,T4 Neuron,input,left
295,720575940606118590,T4b,T4 Neuron,input,left
296,720575940606121393,T5a,T5 Neuron,input,left
297,720575940606158624,T5a,T5 Neuron,input,left
298,720575940606162534,T4a,T4 Neuron,input,left
299,720575940606169948,T5a,T5 Neuron,input,left
300,720575940606180966,T4d,T4 Neuron,input,left
301,720575940606181762,T4a,T4 Neuron,input,right
302,720575940606192049,T5a,T5 Neuron,input,left
303,720575940606198193,T4d,T4 Neuron,input,left
304,720575940606198449,T5d,T5 Neuron,input,right
305,720575940606213298,T4a,T4 Neuron,input,left
306,720575940606213664,T4c,T4 Neuron,input,left
307,720575940606233190,T5c,T5 Neuron,input,left
308,720575940606236337,T4d,T4 Neuron,input,right
309,720575940606240433,T5b,T5 Neuron,input,left
310,720575940606260158,T4d,T4 Neuron,input,left
311,720575940606281574,T5d,T5 Neuron,input,left
312,720575940606296497,T5c,T5 Neuron,input,left
313,720575940606310176,T4c,T4 Neuron,input,left
314,720575940606319206,T4d,T4 Neuron,input,right
315,720575940606336614,T4b,T4 Neuron,input,left
316,720575940606340286,T5d,T5 Neuron,input,left
317,720575940606354865,T4b,T4 Neuron,input,left
318,720575940606417609,T5a,T5 Neuron,input,right
319,720575940606444930,T4a,T4 Neuron,input,right
320,720575940606466761,T5c,T5 Neuron,input,right
321,720575940606474417,T5d,T5 Neuron,input,left
322,720575940606480073,T4c,T4 Neuron,input,right
323,720575940606499017,T5b,T5 Neuron,input,right
324,720575940606503602,T4b,T4 Neuron,input,left
325,720575940606521545,T4c,T4 Neuron,input,right
326,720575940606521801,T4c,T4 Neuron,input,right
327,720575940606527922,T4b,T4 Neuron,input,right
328,720575940606530993,T4b,T4 Neuron,input,left
329,720575940606533321,T4a,T4 Neuron,input,left
330,720575940606534601,T5a,T5 Neuron,input,right
331,720575940606539465,T4a,T4 Neuron,input,right
332,720575940606555522,T5a,T5 Neuron,input,right
333,720575940606562481,T5c,T5 Neuron,input,left
334,720575940606569417,T4d,T4 Neuron,input,right
335,720575940606577865,T5c,T5 Neuron,input,right
336,720575940606592713,T5c,T5 Neuron,input,right
337,720575940606594766,T5c,T5 Neuron,input,left
338,720575940606600992,T4d,T4 Neuron,input,left
339,720575940606601417,T5c,T5 Neuron,input,right
340,720575940606603040,T4b,T4 Neuron,input,left
341,720575940606612098,T5c,T5 Neuron,input,right
342,720575940606622082,T5c,T5 Neuron,input,right
343,720575940606624642,T5a,T5 Neuron,input,right
344,720575940606642121,T4d,T4 Neuron,input,right
345,720575940606681278,T5a,T5 Neuron,input,right
346,720575940606716361,T4b,T4 Neuron,input,left
347,720575940606727042,T5a,T5 Neuron,input,right
348,720575940606734002,T5b,T5 Neuron,input,right
349,720575940606734466,T5d,T5 Neuron,input,left
350,720575940606736830,T5a,T5 Neuron,input,right
351,720575940606738562,T5a,T5 Neuron,input,right
352,720575940606742658,T5a,T5 Neuron,input,left
353,720575940606774146,T5d,T5 Neuron,input,right
354,720575940606776706,T5c,T5 Neuron,input,left
355,720575940606786761,T4d,T4 Neuron,input,right
356,720575940606800073,T5b,T5 Neuron,input,right
357,720575940606807729,T5c,T5 Neuron,input,right
358,720575940606821250,T4a,T4 Neuron,input,right
359,720575940606821506,T5c,T5 Neuron,input,right
360,720575940606829257,T4a,T4 Neuron,input,left
361,720575940606835074,T5b,T5 Neuron,input,right
362,720575940606845897,T4c,T4 Neuron,input,left
363,720575940606850249,T4c,T4 Neuron,input,left
364,720575940606854857,T4a,T4 Neuron,input,left
365,720575940606855810,T5d,T5 Neuron,input,right
366,720575940606862281,T4c,T4 Neuron,input,left
367,720575940606862978,T5d,T5 Neuron,input,right
368,720575940606864514,T5a,T5 Neuron,input,right
369,720575940606880713,T4c,T4 Neuron,input,left
370,720575940606920578,T5c,T5 Neuron,input,right
371,720575940606925489,T4d,T4 Neuron,input,left
372,720575940606926722,T5b,T5 Neuron,input,right
373,720575940606934473,T4d,T4 Neuron,input,right
374,720575940606938546,T5c,T5 Neuron,input,right
375,720575940606942130,T4d,T4 Neuron,input,right
376,720575940606947529,T4b,T4 Neuron,input,right
377,720575940606955953,T5b,T5 Neuron,input,left
378,720575940606961538,T5b,T5 Neuron,input,left
379,720575940606964145,T4a,T4 Neuron,input,right
380,720575940606986418,T5d,T5 Neuron,input,right
381,720575940606991817,T4d,T4 Neuron,input,right
382,720575940607017906,T5a,T5 Neuron,input,left
383,720575940607022025,T5a,T5 Neuron,input,left
384,720575940607022722,T4c,T4 Neuron,input,left
385,720575940607033010,T5c,T5 Neuron,input,right
386,720575940607035314,T5b,T5 Neuron,input,right
387,720575940607039618,T4b,T4 Neuron,input,right
388,720575940607040178,T5d,T5 Neuron,input,right
389,720575940607040642,T4b,T4 Neuron,input,left
390,720575940607042994,T5c,T5 Neuron,input,right
391,720575940607046786,T5b,T5 Neuron,input,left
392,720575940607047810,T4d,T4 Neuron,input,right
393,720575940607049673,T4a,T4 Neuron,input,left
394,720575940607063730,T4d,T4 Neuron,input,right
395,720575940607072898,T4c,T4 Neuron,input,left
396,720575940607076482,T4d,T4 Neuron,input,left
397,720575940607081346,T5d,T5 Neuron,input,left
398,720575940607094706,T4b,T4 Neuron,input,left
399,720575940607105458,T4b,T4 Neuron,input,left
400,720575940607114882,T5a,T5 Neuron,input,right
401,720575940607118722,T4c,T4 Neuron,input,left
402,720575940607120258,T4b,T4 Neuron,input,left
403,720575940607123145,T5d,T5 Neuron,input,left
404,720575940607131570,T4c,T4 Neuron,input,right
405,720575940607144137,T4d,T4 Neuron,input,left
406,720575940607147721,T4c,T4 Neuron,input,left
407,720575940607175369,T5b,T5 Neuron,input,left
408,720575940607183538,T5a,T5 Neuron,input,left
409,720575940607194290,T4c,T4 Neuron,input,right
410,720575940607196939,T4c,T4 Neuron,input,left
411,720575940607197826,T4a,T4 Neuron,input,right
412,720575940607204530,T5b,T5 Neuron,input,right
413,720575940607219634,T5b,T5 Neuron,input,left
414,720575940607226802,T5d,T5 Neuron,input,left
415,720575940607243698,T4a,T4 Neuron,input,left
416,720575940607249586,T4c,T4 Neuron,input,left
417,720575940607250699,T5b,T5 Neuron,input,left
418,720575940607259228,T5c,T5 Neuron,input,right
419,720575940607262985,T4c,T4 Neuron,input,left
420,720575940607283977,T4a,T4 Neuron,input,right
421,720575940607288265,T5d,T5 Neuron,input,left
422,720575940607288843,T5d,T5 Neuron,input,right
423,720575940607301554,T4c,T4 Neuron,input,left
424,720575940607307442,T4d,T4 Neuron,input,left
425,720575940607313675,T5a,T5 Neuron,input,left
426,720575940607321353,T4a,T4 Neuron,input,right
427,720575940607334869,T4a,T4 Neuron,input,left
428,720575940607336626,T5b,T5 Neuron,input,left
429,720575940607344476,T4d,T4 Neuron,input,left
430,720575940607353801,T4b,T4 Neuron,input,right
431,720575940607361545,T4b,T4 Neuron,input,right
432,720575940607363593,T4d,T4 Neuron,input,left
433,720575940607364617,T5b,T5 Neuron,input,left
434,720575940607369650,T4a,T4 Neuron,input,left
435,720575940607390219,T4c,T4 Neuron,input,left
436,720575940607411842,T4d,T4 Neuron,input,left
437,720575940607415817,T5d,T5 Neuron,input,left
438,720575940607462274,T4d,T4 Neuron,input,left
439,720575940607463369,T4a,T4 Neuron,input,right
440,720575940607474098,T4b,T4 Neuron,input,left
441,720575940607508169,T5a,T5 Neuron,input,left
442,720575940607509890,T5d,T5 Neuron,input,left
443,720575940607515522,T4c,T4 Neuron,input,left
444,720575940607583939,T5b,T5 Neuron,input,right
445,720575940607589042,T4a,T4 Neuron,input,left
446,720575940607593858,T5c,T5 Neuron,input,left
447,720575940607596162,T4c,T4 Neuron,input,left
448,720575940607599305,T5b,T5 Neuron,input,left
449,720575940607607170,T4b,T4 Neuron,input,left
450,720575940607612290,T5c,T5 Neuron,input,left
451,720575940607613314,T5c,T5 Neuron,input,left
452,720575940607619541,T5b,T5 Neuron,input,left
453,720575940607627868,T5c,T5 Neuron,input,right
454,720575940607632306,T4c,T4 Neuron,input,right
455,720575940607652738,T4d,T4 Neuron,input,left
456,720575940607656882,T4c,T4 Neuron,input,left
457,720575940607662037,T4d,T4 Neuron,input,right
458,720575940607664585,T4c,T4 Neuron,input,left
459,720575940607675337,T5b,T5 Neuron,input,left
460,720575940607678594,T5b,T5 Neuron,input,left
461,720575940607683017,T4d,T4 Neuron,input,left
462,720575940607685387,T5a,T5 Neuron,input,right
463,720575940607688393,T5b,T5 Neuron,input,right
464,720575940607702876,T4c,T4 Neuron,input,right
465,720575940607708873,T4a,T4 Neuron,input,left
466,720575940607743154,T5b,T5 Neuron,input,left
467,720575940607762354,T5c,T5 Neuron,input,right
468,720575940607784405,T4c,T4 Neuron,input,right
469,720575940607786114,T4c,T4 Neuron,input,left
470,720575940607786251,T5c,T5 Neuron,input,right
471,720575940607814106,T4a,T4 Neuron,input,right
472,720575940607814665,T4a,T4 Neuron,input,right
473,720575940607825842,T5c,T5 Neuron,input,left
474,720575940607827657,T5c,T5 Neuron,input,right
475,720575940607851977,T4a,T4 Neuron,input,left
476,720575940607859804,T5b,T5 Neuron,input,right
477,720575940607866313,T4d,T4 Neuron,input,left
478,720575940607867593,T4b,T4 Neuron,input,left
479,720575940607868873,T4c,T4 Neuron,input,left
480,720575940607880028,T5b,T5 Neuron,input,right
481,720575940607902682,T4a,T4 Neuron,input,right
482,720575940607934300,T4b,T4 Neuron,input,left
483,720575940607950466,T4b,T4 Neuron,input,left
484,720575940607955723,T4c,T4 Neuron,input,right
485,720575940607961283,T4d,T4 Neuron,input,right
486,720575940607986115,T4c,T4 Neuron,input,left
487,720575940607987395,T4b,T4 Neuron,input,right
488,720575940607988146,T4b,T4 Neuron,input,left
489,720575940607990658,T4d,T4 Neuron,input,left
490,720575940607990914,T4d,T4 Neuron,input,left
491,720575940608020931,T5d,T5 Neuron,input,right
492,720575940608036803,T4c,T4 Neuron,input,left
493,720575940608041923,T5d,T5 Neuron,input,right
494,720575940608049419,T4b,T4 Neuron,input,right
495,720575940608074162,T4d,T4 Neuron,input,right
496,720575940608082645,T4d,T4 Neuron,input,left
497,720575940608085771,T4c,T4 Neuron,input,right
498,720575940608115418,T4b,T4 Neuron,input,right
499,720575940608119770,T4b,T4 Neuron,input,right
500,720575940608148316,T5c,T5 Neuron,input,left
501,720575940608152962,VSm,VS,processing,left
502,720575940608155605,T5c,T5 Neuron,input,left
503,720575940608162652,T5b,T5 Neuron,input,right
504,720575940608173916,T4b,T4 Neuron,input,right
505,720575940608209842,T5a,T5 Neuron,input,left
506,720575940608221252,T4d,T4 Neuron,input,left
507,720575940608244316,T5d,T5 Neuron,input,right
508,720575940608246281,T5d,T5 Neuron,input,right
509,720575940608253379,T4d,T4 Neuron,input,right
510,720575940608253961,T5c,T5 Neuron,input,right
511,720575940608257754,T4a,T4 Neuron,input,right
512,720575940608259970,T4a,T4 Neuron,input,left
513,720575940608262106,T4a,T4 Neuron,input,right
514,720575940608276233,T5b,T5 Neuron,input,right
515,720575940608278537,T4b,T4 Neuron,input,right
516,720575940608288523,T4a,T4 Neuron,input,right
517,720575940608302601,T5b,T5 Neuron,input,left
518,720575940608305500,T4a,T4 Neuron,input,right
519,720575940608317362,T4c,T4 Neuron,input,right
520,720575940608334345,T5b,T5 Neuron,input,right
521,720575940608336732,T4d,T4 Neuron,input,left
522,720575940608343305,T5c,T5 Neuron,input,right
523,720575940608350556,T5b,T5 Neuron,input,left
524,720575940608350731,T5c,T5 Neuron,input,right
525,720575940608352690,T4b,T4 Neuron,input,right
526,720575940608362076,T4c,T4 Neuron,input,right
527,720575940608363531,T4a,T4 Neuron,input,right
528,720575940608378121,T5c,T5 Neuron,input,right
529,720575940608383324,T5a,T5 Neuron,input,left
530,720575940608386827,T5a,T5 Neuron,input,right
531,720575940608391691,T4a,T4 Neuron,input,right
532,720575940608394249,T4c,T4 Neuron,input,right
533,720575940608395275,T5c,T5 Neuron,input,left
534,720575940608400139,T5b,T5 Neuron,input,right
535,720575940608404235,T5a,T5 Neuron,input,right
536,720575940608404747,T5c,T5 Neuron,input,right
537,720575940608405515,T5d,T5 Neuron,input,right
538,720575940608408282,T4c,T4 Neuron,input,right
539,720575940608419676,T5c,T5 Neuron,input,left
540,720575940608442379,T5d,T5 Neuron,input,right
541,720575940608453212,T4b,T4 Neuron,input,left
542,720575940608454236,T4c,T4 Neuron,input,left
543,720575940608471049,T4c,T4 Neuron,input,left
544,720575940608472797,T5b,T5 Neuron,input,right
545,720575940608474123,T4c,T4 Neuron,input,left
546,720575940608486921,T5d,T5 Neuron,input,right
547,720575940608492299,T5b,T5 Neuron,input,right
548,720575940608498955,T4a,T4 Neuron,input,right
549,720575940608511068,T4a,T4 Neuron,input,right
550,720575940608519689,T4c,T4 Neuron,input,right
551,720575940608528341,T5a,T5 Neuron,input,right
552,720575940608535876,T5d,T5 Neuron,input,right
553,720575940608559369,T4a,T4 Neuron,input,left
554,720575940608562185,T5d,T5 Neuron,input,right
555,720575940608562187,T4b,T4 Neuron,input,left
556,720575940608572764,T4c,T4 Neuron,input,left
557,720575940608584457,T4c,T4 Neuron,input,left
558,720575940608585993,T4c,T4 Neuron,input,right
559,720575940608618197,T4a,T4 Neuron,input,right
560,720575940608623115,T4a,T4 Neuron,input,right
561,720575940608632329,T5d,T5 Neuron,input,left
562,720575940608650507,T4b,T4 Neuron,input,right
563,720575940608661187,T5c,T5 Neuron,input,right
564,720575940608667605,T5a,T5 Neuron,input,right
565,720575940608668867,T5a,T5 Neuron,input,right
566,720575940608669379,T5b,T5 Neuron,input,right
567,720575940608675932,T4d,T4 Neuron,input,left
568,720575940608681993,T4b,T4 Neuron,input,left
569,720575940608694795,T4b,T4 Neuron,input,right
570,720575940608695817,T4a,T4 Neuron,input,left
571,720575940608697412,T4c,T4 Neuron,input,right
572,720575940608698121,T5c,T5 Neuron,input,left
573,720575940608708309,T4d,T4 Neuron,input,right
574,720575940608710492,T5b,T5 Neuron,input,left
575,720575940608720137,T4a,T4 Neuron,input,right
576,720575940608720597,T5c,T5 Neuron,input,left
577,720575940608724163,T5a,T5 Neuron,input,right
578,720575940608729097,T5a,T5 Neuron,input,right
579,720575940608738908,T4c,T4 Neuron,input,left
580,720575940608739164,T4a,T4 Neuron,input,left
581,720575940608749010,T5a,T5 Neuron,input,left
582,720575940608756693,T4b,T4 Neuron,input,right
583,720575940608760843,T4c,T4 Neuron,input,right
584,720575940608763147,T5c,T5 Neuron,input,right
585,720575940608781579,T4a,T4 Neuron,input,right
586,720575940608792026,T4d,T4 Neuron,input,right
587,720575940608802569,T4b,T4 Neuron,input,left
588,720575940608805444,T4d,T4 Neuron,input,left
589,720575940608808149,T4a,T4 Neuron,input,left
590,720575940608811529,T5a,T5 Neuron,input,left
591,720575940608823253,T5d,T5 Neuron,input,left
592,720575940608823765,T4d,T4 Neuron,input,left
593,720575940608833628,T5a,T5 Neuron,input,left
594,720575940608846019,T4d,T4 Neuron,input,right
595,720575940608850389,T5b,T5 Neuron,input,left
596,720575940608851925,T5b,T5 Neuron,input,left
597,720575940608853003,T5a,T5 Neuron,input,left
598,720575940608865803,T4c,T4 Neuron,input,left
599,720575940608866571,T4b,T4 Neuron,input,left
600,720575940608872131,T4d,T4 Neuron,input,left
601,720575940608872796,T5c,T5 Neuron,input,left
602,720575940608884572,T4b,T4 Neuron,input,left
603,720575940608895427,T5a,T5 Neuron,input,right
604,720575940608896779,T5d,T5 Neuron,input,left
605,720575940608920075,T4b,T4 Neuron,input,right
606,720575940608924740,T4a,T4 Neuron,input,right
607,720575940608933212,T4a,T4 Neuron,input,left
608,720575940608933468,T4c,T4 Neuron,input,left
609,720575940608936149,T5b,T5 Neuron,input,left
610,720575940608936284,T4c,T4 Neuron,input,right
611,720575940608947413,T4c,T4 Neuron,input,right
612,720575940608947651,T5d,T5 Neuron,input,right
613,720575940608953795,T5b,T5 Neuron,input,left
614,720575940608954307,T5c,T5 Neuron,input,right
615,720575940608962773,T4a,T4 Neuron,input,left
616,720575940608967179,T5d,T5 Neuron,input,left
617,720575940608972739,T5c,T5 Neuron,input,left
618,720575940608972995,T5c,T5 Neuron,input,right
619,720575940608974787,T4a,T4 Neuron,input,left
620,720575940608978012,T4d,T4 Neuron,input,left
621,720575940608998409,T5a,T5 Neuron,input,left
622,720575940608999363,T4d,T4 Neuron,input,right
623,720575940609000715,T4d,T4 Neuron,input,left
624,720575940609006857,T5a,T5 Neuron,input,right
625,720575940609008853,T4b,T4 Neuron,input,right
626,720575940609009877,T5a,T5 Neuron,input,right
627,720575940609026499,T4a,T4 Neuron,input,left
628,720575940609035785,T5d,T5 Neuron,input,left
629,720575940609042955,T4c,T4 Neuron,input,right
630,720575940609043925,T5b,T5 Neuron,input,right
631,720575940609048075,T5d,T5 Neuron,input,left
632,720575940609060107,T5c,T5 Neuron,input,left
633,720575940609062665,T4b,T4 Neuron,input,right
634,720575940609068227,T5b,T5 Neuron,input,right
635,720575940609078723,T4d,T4 Neuron,input,right
636,720575940609083349,T4b,T4 Neuron,input,left
637,720575940609097941,T5a,T5 Neuron,input,left
638,720575940609102805,T4d,T4 Neuron,input,left
639,720575940609104853,T4c,T4 Neuron,input,left
640,720575940609108316,T4c,T4 Neuron,input,right
641,720575940609113539,T5d,T5 Neuron,input,right
642,720575940609117451,T4d,T4 Neuron,input,left
643,720575940609123083,T4c,T4 Neuron,input,left
644,720575940609135829,T4b,T4 Neuron,input,left
645,720575940609137877,T5a,T5 Neuron,input,left
646,720575940609139907,T4d,T4 Neuron,input,left
647,720575940609152779,T4c,T4 Neuron,input,left
648,720575940609154243,T5c,T5 Neuron,input,left
649,720575940609160457,T5a,T5 Neuron,input,right
650,720575940609165833,T5a,T5 Neuron,input,left
651,720575940609179913,T4b,T4 Neuron,input,left
652,720575940609193227,T4d,T4 Neuron,input,left
653,720575940609195971,T5b,T5 Neuron,input,right
654,720575940609196739,T4b,T4 Neuron,input,left
655,720575940609201347,T5b,T5 Neuron,input,right
656,720575940609208412,T5d,T5 Neuron,input,right
657,720575940609224201,T4a,T4 Neuron,input,left
658,720575940609226453,T5a,T5 Neuron,input,right
659,720575940609226709,T5a,T5 Neuron,input,right
660,720575940609227275,T5d,T5 Neuron,input,left
661,720575940609228757,T5c,T5 Neuron,input,left
662,720575940609232341,T5c,T5 Neuron,input,left
663,720575940609251523,T5b,T5 Neuron,input,right
664,720575940609259733,T5c,T5 Neuron,input,left
665,720575940609263371,T5c,T5 Neuron,input,left
666,720575940609264988,T5b,T5 Neuron,input,left
667,720575940609270830,T4a,T4 Neuron,input,left
668,720575940609270979,T4c,T4 Neuron,input,left
669,720575940609274819,T5c,T5 Neuron,input,right
670,720575940609287945,T5a,T5 Neuron,input,left
671,720575940609289155,T4a,T4 Neuron,input,left
672,720575940609289411,T5b,T5 Neuron,input,left
673,720575940609290947,T5d,T5 Neuron,input,left
674,720575940609293660,T4b,T4 Neuron,input,right
675,720575940609295299,T5c,T5 Neuron,input,right
676,720575940609301515,T4b,T4 Neuron,input,left
677,720575940609302062,T4b,T4 Neuron,input,left
678,720575940609306819,T5c,T5 Neuron,input,left
679,720575940609310933,T5b,T5 Neuron,input,left
680,720575940609324245,T4d,T4 Neuron,input,left
681,720575940609341141,T5b,T5 Neuron,input,right
682,720575940609344866,T5c,T5 Neuron,input,right
683,720575940609351516,T5c,T5 Neuron,input,right
684,720575940609352387,T4d,T4 Neuron,input,right
685,720575940609360323,T5c,T5 Neuron,input,right
686,720575940609361621,T5d,T5 Neuron,input,right
687,720575940609377884,T4d,T4 Neuron,input,left
688,720575940609382921,T5d,T5 Neuron,input,right
689,720575940609411779,T4b,T4 Neuron,input,left
690,720575940609420043,T4a,T4 Neuron,input,right
691,720575940609420072,T5c,T5 Neuron,input,left
692,720575940609425347,T4a,T4 Neuron,input,right
693,720575940609437397,T4c,T4 Neuron,input,left
694,720575940609443285,T4b,T4 Neuron,input,left
695,720575940609494485,T5b,T5 Neuron,input,left
696,720575940609498325,T5a,T5 Neuron,input,left
697,720575940609499000,T4b,T4 Neuron,input,right
698,720575940609545155,T4d,T4 Neuron,input,left
699,720575940609545411,T5d,T5 Neuron,input,left
700,720575940609553476,T5b,T5 Neuron,input,right
701,720575940609554185,T4a,T4 Neuron,input,left
702,720575940609562819,T4a,T4 Neuron,input,left
703,720575940609567957,T5c,T5 Neuron,input,left
704,720575940609572216,T4b,T4 Neuron,input,left
705,720575940609574468,T4b,T4 Neuron,input,right
706,720575940609578702,T4a,T4 Neuron,input,right
707,720575940609600580,T5b,T5 Neuron,input,right
708,720575940609601092,T5b,T5 Neuron,input,right
709,720575940609627460,T5b,T5 Neuron,input,left
710,720575940609631812,T5a,T5 Neuron,input,left
711,720575940609633860,T4a,T4 Neuron,input,left
712,720575940609635886,T5c,T5 Neuron,input,left
713,720575940609652548,T4d,T4 Neuron,input,right
714,720575940609653699,T4d,T4 Neuron,input,left
715,720575940609663812,T5b,T5 Neuron,input,right
716,720575940609676739,T4d,T4 Neuron,input,left
717,720575940609683651,T4d,T4 Neuron,input,left
718,720575940609709269,T4b,T4 Neuron,input,left
719,720575940609711811,T5d,T5 Neuron,input,left
720,720575940609721186,T4b,T4 Neuron,input,right
721,720575940609739869,T4c,T4 Neuron,input,right
722,720575940609740381,T4a,T4 Neuron,input,right
723,720575940609743172,T5c,T5 Neuron,input,left
724,720575940609744733,T4a,T4 Neuron,input,right
725,720575940609751138,T4a,T4 Neuron,input,right
726,720575940609755843,T5a,T5 Neuron,input,left
727,720575940609762094,T4b,T4 Neuron,input,right
728,720575940609765643,T4b,T4 Neuron,input,left
729,720575940609772811,T4d,T4 Neuron,input,left
730,720575940609798130,T5a,T5 Neuron,input,right
731,720575940609799778,T4b,T4 Neuron,input,right
732,720575940609803989,T4a,T4 Neuron,input,right
733,720575940609804245,T4b,T4 Neuron,input,right
734,720575940609810013,T4b,T4 Neuron,input,right
735,720575940609826884,T5d,T5 Neuron,input,right
736,720575940609832387,T4c,T4 Neuron,input,right
737,720575940609835332,T5d,T5 Neuron,input,right
738,720575940609843298,T4c,T4 Neuron,input,right
739,720575940609848021,T5b,T5 Neuron,input,left
740,720575940609863492,T5a,T5 Neuron,input,left
741,720575940609889092,T4d,T4 Neuron,input,left
742,720575940609892363,T4a,T4 Neuron,input,left
743,720575940609896459,T4d,T4 Neuron,input,right
744,720575940609896750,T5a,T5 Neuron,input,right
745,720575940609898308,T5c,T5 Neuron,input,right
746,720575940609899844,T4d,T4 Neuron,input,right
747,720575940609907298,T4b,T4 Neuron,input,right
748,720575940609940178,T5c,T5 Neuron,input,left
749,720575940609942136,T4a,T4 Neuron,input,right
750,720575940609943928,T5d,T5 Neuron,input,right
751,720575940609946066,T5d,T5 Neuron,input,left
752,720575940609966690,T5b,T5 Neuron,input,right
753,720575940609972578,T4b,T4 Neuron,input,right
754,720575940609978834,T4c,T4 Neuron,input,left
755,720575940609985860,T5b,T5 Neuron,input,right
756,720575940609991236,T5a,T5 Neuron,input,left
757,720575940610047698,T4c,T4 Neuron,input,right
758,720575940610050499,T4c,T4 Neuron,input,right
759,720575940610051908,T5b,T5 Neuron,input,left
760,720575940610065614,T5c,T5 Neuron,input,right
761,720575940610070596,T5b,T5 Neuron,input,right
762,720575940610076792,T5c,T5 Neuron,input,right
763,720575940610077635,T5d,T5 Neuron,input,left
764,720575940610086264,T4b,T4 Neuron,input,right
765,720575940610100686,T5c,T5 Neuron,input,left
766,720575940610118468,T5d,T5 Neuron,input,left
767,720575940610133966,T5a,T5 Neuron,input,left
768,720575940610141902,T4b,T4 Neuron,input,left
769,720575940610176986,T4b,T4 Neuron,input,left
770,720575940610178261,T4b,T4 Neuron,input,left
771,720575940610188494,T5b,T5 Neuron,input,right
772,720575940610195139,T5d,T5 Neuron,input,right
773,720575940610213582,T5b,T5 Neuron,input,right
774,720575940610235342,T5a,T5 Neuron,input,right
775,720575940610238510,T5d,T5 Neuron,input,right
776,720575940610253410,T4a,T4 Neuron,input,right
777,720575940610282798,T5c,T5 Neuron,input,left
778,720575940610287299,T4d,T4 Neuron,input,left
779,720575940610294979,T5b,T5 Neuron,input,right
780,720575940610303790,T4c,T4 Neuron,input,right
781,720575940610332740,T4b,T4 Neuron,input,left
782,720575940610335698,T4c,T4 Neuron,input,left
783,720575940610345426,T4d,T4 Neuron,input,right
784,720575940610363972,T5c,T5 Neuron,input,right
785,720575940610364228,T4d,T4 Neuron,input,right
786,720575940610367044,T4a,T4 Neuron,input,right
787,720575940610367556,T4a,T4 Neuron,input,right
788,720575940610367812,T5b,T5 Neuron,input,right
789,720575940610377028,T4d,T4 Neuron,input,left
790,720575940610382404,T5d,T5 Neuron,input,left
791,720575940610395506,T5d,T5 Neuron,input,left
792,720575940610396718,T4b,T4 Neuron,input,right
793,720575940610397230,T5b,T5 Neuron,input,right
794,720575940610397486,T5d,T5 Neuron,input,right
795,720575940610400580,T4d,T4 Neuron,input,left
796,720575940610406702,T5c,T5 Neuron,input,right
797,720575940610412078,T4d,T4 Neuron,input,left
798,720575940610428099,T4d,T4 Neuron,input,right
799,720575940610428484,T5c,T5 Neuron,input,left
800,720575940610428996,T5b,T5 Neuron,input,left
801,720575940610470724,T4b,T4 Neuron,input,left
802,720575940610481528,T4d,T4 Neuron,input,right
803,720575940610492484,T4d,T4 Neuron,input,right
804,720575940610493560,T4b,T4 Neuron,input,right
805,720575940610508334,T4c,T4 Neuron,input,right
806,720575940610514274,T4b,T4 Neuron,input,right
807,720575940610515320,T5c,T5 Neuron,input,left
808,720575940610515698,T5b,T5 Neuron,input,right
809,720575940610532501,T4d,T4 Neuron,input,right
810,720575940610532757,T4a,T4 Neuron,input,right
811,720575940610534702,T4a,T4 Neuron,input,left
812,720575940610535236,T4a,T4 Neuron,input,left
813,720575940610537336,T5c,T5 Neuron,input,left
814,720575940610539250,T4b,T4 Neuron,input,right
815,720575940610555204,T5a,T5 Neuron,input,right
816,720575940610557048,T5b,T5 Neuron,input,right
817,720575940610562424,T4d,T4 Neuron,input,right
818,720575940610582392,T4b,T4 Neuron,input,right
819,720575940610583342,T5a,T5 Neuron,input,left
820,720575940610584110,T5d,T5 Neuron,input,left
821,720575940610585208,T4b,T4 Neuron,input,right
822,720575940610585646,T4c,T4 Neuron,input,right
823,720575940610585976,T4d,T4 Neuron,input,right
824,720575940610587000,T5b,T5 Neuron,input,right
825,720575940610587972,T5b,T5 Neuron,input,right
826,720575940610622869,T4a,T4 Neuron,input,left
827,720575940610623089,T4b,T4 Neuron,input,right
828,720575940610633682,T4c,T4 Neuron,input,right
829,720575940610637266,T4d,T4 Neuron,input,right
830,720575940610637688,T4b,T4 Neuron,input,right
831,720575940610639729,T5a,T5 Neuron,input,right
832,720575940610649810,T5c,T5 Neuron,input,right
833,720575940610651346,T4a,T4 Neuron,input,right
834,720575940610651694,T5c,T5 Neuron,input,left
835,720575940610658606,T5a,T5 Neuron,input,left
836,720575940610661752,T4b,T4 Neuron,input,left
837,720575940610663537,T4c,T4 Neuron,input,left
838,720575940610680433,T5c,T5 Neuron,input,right
839,720575940610689173,T5b,T5 Neuron,input,left
840,720575940610690709,T4d,T4 Neuron,input,right
841,720575940610695726,T4c,T4 Neuron,input,left
842,720575940610707057,T4b,T4 Neuron,input,left
843,720575940610713810,T5a,T5 Neuron,input,right
844,720575940610717155,T5b,T5 Neuron,input,left
845,720575940610722914,T5c,T5 Neuron,input,left
846,720575940610723026,T5a,T5 Neuron,input,right
847,720575940610725218,T4b,T4 Neuron,input,right
848,720575940610726190,T5d,T5 Neuron,input,left
849,720575940610727266,T5d,T5 Neuron,input,right
850,720575940610729113,T4b,T4 Neuron,input,left
851,720575940610730082,T5a,T5 Neuron,input,right
852,720575940610731618,T5d,T5 Neuron,input,right
853,720575940610732130,T4c,T4 Neuron,input,right
854,720575940610732386,T5d,T5 Neuron,input,right
855,720575940610735458,T4d,T4 Neuron,input,right
856,720575940610735480,T4c,T4 Neuron,input,left
857,720575940610736533,T4a,T4 Neuron,input,right
858,720575940610739576,T4d,T4 Neuron,input,left
859,720575940610742882,T5d,T5 Neuron,input,right
860,720575940610747285,T5c,T5 Neuron,input,left
861,720575940610751608,T5d,T5 Neuron,input,left
862,720575940610756465,T4c,T4 Neuron,input,left
863,720575940610759378,T4c,T4 Neuron,input,right
864,720575940610763896,T4d,T4 Neuron,input,left
865,720575940610773602,T4b,T4 Neuron,input,right
866,720575940610776162,T4b,T4 Neuron,input,right
867,720575940610788216,T5b,T5 Neuron,input,left
868,720575940610793365,T4d,T4 Neuron,input,right
869,720575940610805858,T5b,T5 Neuron,input,right
870,720575940610811746,T5d,T5 Neuron,input,right
871,720575940610814328,T4d,T4 Neuron,input,right
872,720575940610814682,T5c,T5 Neuron,input,right
873,720575940610816881,T4b,T4 Neuron,input,right
874,720575940610835922,T4c,T4 Neuron,input,right
875,720575940610845333,T4c,T4 Neuron,input,right
876,720575940610861717,T4d,T4 Neuron,input,right
877,720575940610862638,T4a,T4 Neuron,input,right
878,720575940610863150,T4d,T4 Neuron,input,right
879,720575940610865614,T5b,T5 Neuron,input,right
880,720575940610876258,T4d,T4 Neuron,input,right
881,720575940610887748,T5d,T5 Neuron,input,left
882,720575940610893358,T4b,T4 Neuron,input,left
883,720575940610895684,T5b,T5 Neuron,input,right
884,720575940610895940,T5b,T5 Neuron,input,right
885,720575940610896708,T5b,T5 Neuron,input,right
886,720575940610905050,T4b,T4 Neuron,input,left
887,720575940610907204,T5d,T5 Neuron,input,right
888,720575940610907654,T4b,T4 Neuron,input,right
889,720575940610912691,T5c,T5 Neuron,input,left
890,720575940610914010,T5b,T5 Neuron,input,right
891,720575940610937810,T5b,T5 Neuron,input,left
892,720575940610967650,T5c,T5 Neuron,input,left
893,720575940610968562,T4a,T4 Neuron,input,right
894,720575940610970586,T5d,T5 Neuron,input,right
895,720575940610977746,T5b,T5 Neuron,input,left
896,720575940610983634,T4b,T4 Neuron,input,right
897,720575940610984398,T5a,T5 Neuron,input,right
898,720575940610989944,T5d,T5 Neuron,input,right
899,720575940610991834,T5d,T5 Neuron,input,left
900,720575940610992850,T4c,T4 Neuron,input,left
901,720575940610994130,T4a,T4 Neuron,input,left
902,720575940610994898,T4a,T4 Neuron,input,left
903,720575940610995298,T5d,T5 Neuron,input,left
904,720575940611002210,T5a,T5 Neuron,input,right
905,720575940611027810,T5b,T5 Neuron,input,left
906,720575940611028849,T4a,T4 Neuron,input,left
907,720575940611030574,T4c,T4 Neuron,input,left
908,720575940611041459,T5b,T5 Neuron,input,right
909,720575940611044910,T5c,T5 Neuron,input,left
910,720575940611049678,T4d,T4 Neuron,input,right
911,720575940611060548,T4c,T4 Neuron,input,left
912,720575940611064418,T4c,T4 Neuron,input,left
913,720575940611067505,T5b,T5 Neuron,input,right
914,720575940611079010,T4b,T4 Neuron,input,left
915,720575940611084566,T4a,T4 Neuron,input,right
916,720575940611090073,T5b,T5 Neuron,input,left
917,720575940611091058,T5d,T5 Neuron,input,left
918,720575940611094626,T4a,T4 Neuron,input,left
919,720575940611108194,T4a,T4 Neuron,input,right
920,720575940611110446,T4b,T4 Neuron,input,left
921,720575940611113592,T4a,T4 Neuron,input,left
922,720575940611121506,T4d,T4 Neuron,input,right
923,720575940611125202,T4d,T4 Neuron,input,left
924,720575940611128274,T4c,T4 Neuron,input,left
925,720575940611129720,T4c,T4 Neuron,input,left
926,720575940611130744,T5c,T5 Neuron,input,right
927,720575940611135352,T5a,T5 Neuron,input,left
928,720575940611136435,T4b,T4 Neuron,input,right
929,720575940611140325,T5c,T5 Neuron,input,right
930,720575940611143266,T4c,T4 Neuron,input,right
931,720575940611160782,T4a,T4 Neuron,input,left
932,720575940611173474,T4c,T4 Neuron,input,right
933,720575940611176494,T5d,T5 Neuron,input,left
934,720575940611180005,T4d,T4 Neuron,input,right
935,720575940611187298,T4a,T4 Neuron,input,right
936,720575940611198306,T5d,T5 Neuron,input,left
937,720575940611212238,T4c,T4 Neuron,input,right
938,720575940611212441,T5d,T5 Neuron,input,left
939,720575940611221477,T5c,T5 Neuron,input,left
940,720575940611225976,T5d,T5 Neuron,input,left
941,720575940611239378,T4d,T4 Neuron,input,left
942,720575940611248248,T4c,T4 Neuron,input,left
943,720575940611250040,T4c,T4 Neuron,input,right
944,720575940611255250,T5a,T5 Neuron,input,left
945,720575940611260114,T4b,T4 Neuron,input,left
946,720575940611270242,T4c,T4 Neuron,input,left
947,720575940611273898,T5b,T5 Neuron,input,left
948,720575940611281870,T5d,T5 Neuron,input,left
949,720575940611287928,T5c,T5 Neuron,input,left
950,720575940611304362,T4b,T4 Neuron,input,left
951,720575940611305678,T5b,T5 Neuron,input,left
952,720575940611330766,T5d,T5 Neuron,input,left
953,720575940611333841,T4b,T4 Neuron,input,right
954,720575940611336214,T5c,T5 Neuron,input,left
955,720575940611342638,T4b,T4 Neuron,input,left
956,720575940611344789,T4c,T4 Neuron,input,left
957,720575940611353806,T5a,T5 Neuron,input,left
958,720575940611358050,T4d,T4 Neuron,input,left
959,720575940611363170,T5c,T5 Neuron,input,left
960,720575940611365070,T5b,T5 Neuron,input,left
961,720575940611370872,T4c,T4 Neuron,input,left
962,720575940611375314,T5c,T5 Neuron,input,right
963,720575940611378552,T5c,T5 Neuron,input,right
964,720575940611397474,T5a,T5 Neuron,input,right
965,720575940611399470,T4a,T4 Neuron,input,left
966,720575940611403874,T4d,T4 Neuron,input,left
967,720575940611415362,T4b,T4 Neuron,input,right
968,720575940611423842,T5d,T5 Neuron,input,left
969,720575940611449749,T5a,T5 Neuron,input,right
970,720575940611457230,T5b,T5 Neuron,input,left
971,720575940611457486,T5c,T5 Neuron,input,left
972,720575940611460826,T5a,T5 Neuron,input,right
973,720575940611461082,T5c,T5 Neuron,input,right
974,720575940611462350,T4d,T4 Neuron,input,left
975,720575940611466389,T4b,T4 Neuron,input,right
976,720575940611480440,T4b,T4 Neuron,input,left
977,720575940611481493,T4d,T4 Neuron,input,left
978,720575940611482517,T4a,T4 Neuron,input,left
979,720575940611487510,T5c,T5 Neuron,input,left
980,720575940611490606,T5a,T5 Neuron,input,right
981,720575940611491555,T5a,T5 Neuron,input,right
982,720575940611491794,T4a,T4 Neuron,input,left
983,720575940611500146,T4d,T4 Neuron,input,left
984,720575940611509966,T4a,T4 Neuron,input,right
985,720575940611514574,T4b,T4 Neuron,input,left
986,720575940611519438,T5c,T5 Neuron,input,left
987,720575940611521945,T4b,T4 Neuron,input,right
988,720575940611523426,T5c,T5 Neuron,input,right
989,720575940611523938,T5d,T5 Neuron,input,right
990,720575940611528654,T5b,T5 Neuron,input,left
991,720575940611540174,T4d,T4 Neuron,input,right
992,720575940611540885,T5d,T5 Neuron,input,right
993,720575940611541198,T5c,T5 Neuron,input,left
994,720575940611543342,T4a,T4 Neuron,input,left
995,720575940611550122,T5a,T5 Neuron,input,left
996,720575940611555682,T4d,T4 Neuron,input,left
997,720575940611556757,T5d,T5 Neuron,input,right
998,720575940611558037,T5c,T5 Neuron,input,right
999,720575940611561109,T5b,T5 Neuron,input,right
1000,720575940611568021,T4a,T4 Neuron,input,left
1001,720575940611575249,T4d,T4 Neuron,input,left
1002,720575940611582826,T4d,T4 Neuron,input,left
1003,720575940611592398,T4b,T4 Neuron,input,left
1004,720575940611597938,T5a,T5 Neuron,input,left
1005,720575940611601106,T4b,T4 Neuron,input,left
1006,720575940611606165,T5c,T5 Neuron,input,right
1007,720575940611608946,T5b,T5 Neuron,input,right
1008,720575940611613298,T4d,T4 Neuron,input,left
1009,720575940611642210,T5d,T5 Neuron,input,left
1010,720575940611643256,T4c,T4 Neuron,input,left
1011,720575940611646584,T5a,T5 Neuron,input,left
1012,720575940611652194,T5d,T5 Neuron,input,left
1013,720575940611669288,T5a,T5 Neuron,input,left
1014,720575940611688214,T4a,T4 Neuron,input,left
1015,720575940611693205,T5c,T5 Neuron,input,right
1016,720575940611694290,T4d,T4 Neuron,input,left
1017,720575940611696248,T5d,T5 Neuron,input,right
1018,720575940611697102,T4c,T4 Neuron,input,left
1019,720575940611729358,T5c,T5 Neuron,input,left
1020,720575940611737713,T4b,T4 Neuron,input,left
1021,720575940611739746,T5a,T5 Neuron,input,left
1022,720575940611746995,T5d,T5 Neuron,input,right
1023,720575940611747960,T4b,T4 Neuron,input,left
1024,720575940611748216,T5b,T5 Neuron,input,right
1025,720575940611748314,T5c,T5 Neuron,input,right
1026,720575940611755286,T4b,T4 Neuron,input,right
1027,720575940611761521,T4c,T4 Neuron,input,right
1028,720575940611764629,T4d,T4 Neuron,input,left
1029,720575940611765873,T5b,T5 Neuron,input,left
1030,720575940611773282,T5d,T5 Neuron,input,right
1031,720575940611773906,T4b,T4 Neuron,input,right
1032,720575940611776113,T5d,T5 Neuron,input,left
1033,720575940611785841,T5c,T5 Neuron,input,right
1034,720575940611790193,T5a,T5 Neuron,input,right
1035,720575940611795320,T4c,T4 Neuron,input,right
1036,720575940611795861,T4b,T4 Neuron,input,right
1037,720575940611805333,T5b,T5 Neuron,input,right
1038,720575940611805589,T4d,T4 Neuron,input,right
1039,720575940611806357,T4c,T4 Neuron,input,right
1040,720575940611827569,T4c,T4 Neuron,input,left
1041,720575940611829141,T4b,T4 Neuron,input,right
1042,720575940611831701,T5b,T5 Neuron,input,left
1043,720575940611832026,T5c,T5 Neuron,input,left
1044,720575940611832538,T5d,T5 Neuron,input,right
1045,720575940611836309,T5b,T5 Neuron,input,right
1046,720575940611837304,T4a,T4 Neuron,input,right
1047,720575940611838158,T4d,T4 Neuron,input,left
1048,720575940611840149,T4c,T4 Neuron,input,left
1049,720575940611842936,T4b,T4 Neuron,input,right
1050,720575940611851413,T5c,T5 Neuron,input,left
1051,720575940611853006,T5c,T5 Neuron,input,left
1052,720575940611860578,T4b,T4 Neuron,input,left
1053,720575940611860698,T4b,T4 Neuron,input,right
1054,720575940611861427,T4b,T4 Neuron,input,right
1055,720575940611865442,T4d,T4 Neuron,input,left
1056,720575940611865749,T5c,T5 Neuron,input,left
1057,720575940611867854,T5d,T5 Neuron,input,left
1058,720575940611869206,T4d,T4 Neuron,input,left
1059,720575940611874510,T5d,T5 Neuron,input,left
1060,720575940611891418,T5d,T5 Neuron,input,left
1061,720575940611895987,T5d,T5 Neuron,input,right
1062,720575940611896177,T5b,T5 Neuron,input,left
1063,720575940611900387,T5d,T5 Neuron,input,right
1064,720575940611903962,T4d,T4 Neuron,input,right
1065,720575940611904218,T5a,T5 Neuron,input,right
1066,720575940611917169,T5a,T5 Neuron,input,left
1067,720575940611932131,T4c,T4 Neuron,input,left
1068,720575940611932389,T4b,T4 Neuron,input,left
1069,720575940611937266,T5a,T5 Neuron,input,right
1070,720575940611938856,T4d,T4 Neuron,input,right
1071,720575940611945329,T5a,T5 Neuron,input,left
1072,720575940611948238,T4c,T4 Neuron,input,left
1073,720575940611961306,T5d,T5 Neuron,input,right
1074,720575940611965138,T4b,T4 Neuron,input,left
1075,720575940611966930,T5b,T5 Neuron,input,left
1076,720575940611968625,T4c,T4 Neuron,input,left
1077,720575940611969778,T4a,T4 Neuron,input,right
1078,720575940611976115,T5b,T5 Neuron,input,right
1079,720575940611982802,T4b,T4 Neuron,input,right
1080,720575940611983986,T5c,T5 Neuron,input,left
1081,720575940611985331,T5a,T5 Neuron,input,right
1082,720575940611988698,T4b,T4 Neuron,input,right
1083,720575940611991219,T4a,T4 Neuron,input,right
1084,720575940612008154,T4c,T4 Neuron,input,left
1085,720575940612008675,T4b,T4 Neuron,input,left
1086,720575940612015795,T4d,T4 Neuron,input,left
1087,720575940612030437,T5b,T5 Neuron,input,right
1088,720575940612039154,T4a,T4 Neuron,input,right
1089,720575940612039922,T5d,T5 Neuron,input,right
1090,720575940612043925,T5c,T5 Neuron,input,left
1091,720575940612049777,T4c,T4 Neuron,input,right
1092,720575940612051825,T5a,T5 Neuron,input,right
1093,720575940612055219,T5d,T5 Neuron,input,right
1094,720575940612056177,T4c,T4 Neuron,input,left
1095,720575940612057267,T5b,T5 Neuron,input,left
1096,720575940612061170,T5c,T5 Neuron,input,right
1097,720575940612064997,T5b,T5 Neuron,input,right
1098,720575940612065522,T4d,T4 Neuron,input,right
1099,720575940612065998,T4c,T4 Neuron,input,left
1100,720575940612066802,T4d,T4 Neuron,input,right
1101,720575940612067546,T5d,T5 Neuron,input,left
1102,720575940612068581,T5b,T5 Neuron,input,right
1103,720575940612068594,T4b,T4 Neuron,input,right
1104,720575940612072677,T5d,T5 Neuron,input,right
1105,720575940612078030,T4c,T4 Neuron,input,left
1106,720575940612079054,T4b,T4 Neuron,input,left
1107,720575940612081777,T5d,T5 Neuron,input,right
1108,720575940612082090,T4d,T4 Neuron,input,right
1109,720575940612085909,T5b,T5 Neuron,input,left
1110,720575940612090005,T5d,T5 Neuron,input,left
1111,720575940612090074,T5b,T5 Neuron,input,left
1112,720575940612092851,T4c,T4 Neuron,input,left
1113,720575940612094170,T4a,T4 Neuron,input,left
1114,720575940612095962,T5b,T5 Neuron,input,left
1115,720575940612102618,T4b,T4 Neuron,input,left
1116,720575940612103386,T5a,T5 Neuron,input,left
1117,720575940612105690,T4d,T4 Neuron,input,right
1118,720575940612110946,T5b,T5 Neuron,input,right
1119,720575940612114099,T5b,T5 Neuron,input,left
1120,720575940612114906,T4a,T4 Neuron,input,left
1121,720575940612115162,T4d,T4 Neuron,input,left
1122,720575940612115685,T5d,T5 Neuron,input,right
1123,720575940612117978,T5c,T5 Neuron,input,left
1124,720575940612119921,T5b,T5 Neuron,input,left
1125,720575940612121267,T5a,T5 Neuron,input,left
1126,720575940612124851,T4a,T4 Neuron,input,right
1127,720575940612125170,T4b,T4 Neuron,input,right
1128,720575940612131682,T4d,T4 Neuron,input,left
1129,720575940612145301,T5b,T5 Neuron,input,right
1130,720575940612150421,T4c,T4 Neuron,input,left
1131,720575940612157914,T5a,T5 Neuron,input,left
1132,720575940612165605,T5d,T5 Neuron,input,left
1133,720575940612173541,T5c,T5 Neuron,input,right
1134,720575940612176090,T4c,T4 Neuron,input,right
1135,720575940612186803,T5b,T5 Neuron,input,right
1136,720575940612193715,T5b,T5 Neuron,input,left
1137,720575940612194709,T4b,T4 Neuron,input,left
1138,720575940612200371,T4b,T4 Neuron,input,right
1139,720575940612207253,T5c,T5 Neuron,input,right
1140,720575940612207589,T4c,T4 Neuron,input,right
1141,720575940612211826,T4a,T4 Neuron,input,right
1142,720575940612219365,T5b,T5 Neuron,input,left
1143,720575940612221669,T4c,T4 Neuron,input,right
1144,720575940612230553,T4a,T4 Neuron,input,right
1145,720575940612234725,T4d,T4 Neuron,input,right
1146,720575940612235586,T4b,T4 Neuron,input,right
1147,720575940612237205,T5c,T5 Neuron,input,left
1148,720575940612237285,T4c,T4 Neuron,input,right
1149,720575940612245454,T4c,T4 Neuron,input,right
1150,720575940612246258,T4c,T4 Neuron,input,right
1151,720575940612248306,T4c,T4 Neuron,input,left
1152,720575940612249011,T5a,T5 Neuron,input,left
1153,720575940612249442,T4d,T4 Neuron,input,right
1154,720575940612249698,T5a,T5 Neuron,input,right
1155,720575940612252002,T5c,T5 Neuron,input,left
1156,720575940612255641,T5c,T5 Neuron,input,right
1157,720575940612258929,T4d,T4 Neuron,input,left
1158,720575940612268913,T5c,T5 Neuron,input,left
1159,720575940612271578,T4c,T4 Neuron,input,left
1160,720575940612271786,T4b,T4 Neuron,input,right
1161,720575940612280945,T5a,T5 Neuron,input,left
1162,720575940612285354,T4d,T4 Neuron,input,left
1163,720575940612289689,T4c,T4 Neuron,input,right
1164,720575940612290969,T4a,T4 Neuron,input,right
1165,720575940612294642,T5a,T5 Neuron,input,left
1166,720575940612312689,T4b,T4 Neuron,input,left
1167,720575940612316313,T4c,T4 Neuron,input,right
1168,720575940612316634,T4c,T4 Neuron,input,left
1169,720575940612318065,T4c,T4 Neuron,input,right
1170,720575940612319125,T4c,T4 Neuron,input,left
1171,720575940612319658,T4c,T4 Neuron,input,right
1172,720575940612322227,T5b,T5 Neuron,input,left
1173,720575940612330609,T5c,T5 Neuron,input,left
1174,720575940612333169,T4b,T4 Neuron,input,left
1175,720575940612337893,T5a,T5 Neuron,input,right
1176,720575940612342770,T5b,T5 Neuron,input,right
1177,720575940612343705,T5c,T5 Neuron,input,left
1178,720575940612353450,T5a,T5 Neuron,input,right
1179,720575940612354711,T5b,T5 Neuron,input,right
1180,720575940612358579,T5d,T5 Neuron,input,left
1181,720575940612360755,T5d,T5 Neuron,input,right
1182,720575940612360857,T4d,T4 Neuron,input,left
1183,720575940612365464,T4d,T4 Neuron,input,right
1184,720575940612370069,T5a,T5 Neuron,input,right
1185,720575940612371351,T5a,T5 Neuron,input,right
1186,720575940612373198,T5a,T5 Neuron,input,left
1187,720575940612374933,T4b,T4 Neuron,input,left
1188,720575940612376306,T4b,T4 Neuron,input,left
1189,720575940612376689,T5d,T5 Neuron,input,left
1190,720575940612376983,T5c,T5 Neuron,input,right
1191,720575940612379287,T5a,T5 Neuron,input,right
1192,720575940612380529,T4b,T4 Neuron,input,left
1193,720575940612381335,T4b,T4 Neuron,input,right
1194,720575940612382577,T4c,T4 Neuron,input,left
1195,720575940612391661,T4d,T4 Neuron,input,right
1196,720575940612400753,T4c,T4 Neuron,input,left
1197,720575940612401381,T4d,T4 Neuron,input,right
1198,720575940612402099,T4a,T4 Neuron,input,left
1199,720575940612404954,T5a,T5 Neuron,input,left
1200,720575940612405477,T4b,T4 Neuron,input,right
1201,720575940612405617,T4c,T4 Neuron,input,left
1202,720575940612407409,T5d,T5 Neuron,input,right
1203,720575940612407538,T4c,T4 Neuron,input,right
1204,720575940612411289,T5d,T5 Neuron,input,left
1205,720575940612415146,T4c,T4 Neuron,input,right
1206,720575940612418161,T5b,T5 Neuron,input,left
1207,720575940612418285,T5c,T5 Neuron,input,left
1208,720575940612423386,T5d,T5 Neuron,input,left
1209,720575940612428951,T5c,T5 Neuron,input,right
1210,720575940612429037,T4c,T4 Neuron,input,left
1211,720575940612432626,T5b,T5 Neuron,input,left
1212,720575940612436186,T5c,T5 Neuron,input,left
1213,720575940612437966,T4a,T4 Neuron,input,right
1214,720575940612445134,T5a,T5 Neuron,input,left
1215,720575940612451223,T5c,T5 Neuron,input,right
1216,720575940612454769,T4b,T4 Neuron,input,left
1217,720575940612463511,T5c,T5 Neuron,input,right
1218,720575940612466329,T5c,T5 Neuron,input,right
1219,720575940612469221,T4a,T4 Neuron,input,left
1220,720575940612476842,T5b,T5 Neuron,input,left
1221,720575940612477809,T4d,T4 Neuron,input,left
1222,720575940612485357,T5a,T5 Neuron,input,left
1223,720575940612485489,T4d,T4 Neuron,input,left
1224,720575940612489113,T5b,T5 Neuron,input,right
1225,720575940612489166,T5d,T5 Neuron,input,right
1226,720575940612492211,T5d,T5 Neuron,input,left
1227,720575940612493530,T4a,T4 Neuron,input,left
1228,720575940612496918,T5c,T5 Neuron,input,right
1229,720575940612499222,T5c,T5 Neuron,input,right
1230,720575940612507801,T5b,T5 Neuron,input,left
1231,720575940612507885,T5d,T5 Neuron,input,left
1232,720575940612508851,T4d,T4 Neuron,input,right
1233,720575940612511658,T5a,T5 Neuron,input,left
1234,720575940612512409,T5b,T5 Neuron,input,left
1235,720575940612520470,T4b,T4 Neuron,input,right
1236,720575940612527333,T4c,T4 Neuron,input,left
1237,720575940612531097,T4c,T4 Neuron,input,left
1238,720575940612532629,T5c,T5 Neuron,input,right
1239,720575940612534954,T4b,T4 Neuron,input,left
1240,720575940612537366,T5d,T5 Neuron,input,right
1241,720575940612538538,T5b,T5 Neuron,input,left
1242,720575940612540569,T4b,T4 Neuron,input,left
1243,720575940612542873,T4a,T4 Neuron,input,left
1244,720575940612543146,T5c,T5 Neuron,input,right
1245,720575940612544426,T5c,T5 Neuron,input,left
1246,720575940612547225,T4a,T4 Neuron,input,left
1247,720575940612547813,T4c,T4 Neuron,input,right
1248,720575940612549490,T4d,T4 Neuron,input,right
1249,720575940612561125,T5c,T5 Neuron,input,right
1250,720575940612561381,T4d,T4 Neuron,input,right
1251,720575940612561561,T5d,T5 Neuron,input,right
1252,720575940612564337,T4a,T4 Neuron,input,left
1253,720575940612565674,T4d,T4 Neuron,input,left
1254,720575940612567002,T5c,T5 Neuron,input,left
1255,720575940612567722,T5a,T5 Neuron,input,left
1256,720575940612570538,T5b,T5 Neuron,input,left
1257,720575940612577685,T5a,T5 Neuron,input,right
1258,720575940612579763,T4c,T4 Neuron,input,right
1259,720575940612581034,T5a,T5 Neuron,input,left
1260,720575940612584173,T4c,T4 Neuron,input,right
1261,720575940612594325,T4c,T4 Neuron,input,left
1262,720575940612603926,T5d,T5 Neuron,input,right
1263,720575940612605462,T5a,T5 Neuron,input,right
1264,720575940612617881,T4d,T4 Neuron,input,right
1265,720575940612618931,T5d,T5 Neuron,input,left
1266,720575940612621285,T4b,T4 Neuron,input,right
1267,720575940612621530,T5a,T5 Neuron,input,right
1268,720575940612621999,T5c,T5 Neuron,input,right
1269,720575940612622102,T4c,T4 Neuron,input,right
1270,720575940612637077,T4a,T4 Neuron,input,left
1271,720575940612648818,T4d,T4 Neuron,input,right
1272,720575940612651030,T4b,T4 Neuron,input,right
1273,720575940612651048,T4d,T4 Neuron,input,left
1274,720575940612651749,T5c,T5 Neuron,input,left
1275,720575940612656602,T4c,T4 Neuron,input,left
1276,720575940612658984,T5b,T5 Neuron,input,left
1277,720575940612660520,T5b,T5 Neuron,input,right
1278,720575940612661145,T5b,T5 Neuron,input,left
1279,720575940612661418,T5b,T5 Neuron,input,right
1280,720575940612664818,T5d,T5 Neuron,input,left
1281,720575940612669682,T5d,T5 Neuron,input,left
1282,720575940612669849,T4b,T4 Neuron,input,right
1283,720575940612670361,T4a,T4 Neuron,input,left
1284,720575940612673393,T5b,T5 Neuron,input,left
1285,720575940612674277,T5a,T5 Neuron,input,left
1286,720575940612675507,T4d,T4 Neuron,input,left
1287,720575940612677811,T4d,T4 Neuron,input,left
1288,720575940612678130,T4c,T4 Neuron,input,left
1289,720575940612679603,T4d,T4 Neuron,input,left
1290,720575940612681898,T4a,T4 Neuron,input,right
1291,720575940612684773,T5c,T5 Neuron,input,left
1292,720575940612685864,T4a,T4 Neuron,input,right
1293,720575940612686834,T5c,T5 Neuron,input,left
1294,720575940612687382,T5c,T5 Neuron,input,right
1295,720575940612694755,T4c,T4 Neuron,input,right
1296,720575940612695592,T4b,T4 Neuron,input,left
1297,720575940612695830,T5d,T5 Neuron,input,right
1298,720575940612696728,T4b,T4 Neuron,input,right
1299,720575940612696854,T4d,T4 Neuron,input,right
1300,720575940612698842,T4c,T4 Neuron,input,left
1301,720575940612702105,T4b,T4 Neuron,input,right
1302,720575940612702515,T4d,T4 Neuron,input,right
1303,720575940612713946,T4c,T4 Neuron,input,left
1304,720575940612714901,T5b,T5 Neuron,input,left
1305,720575940612718322,T4b,T4 Neuron,input,right
1306,720575940612719090,T4d,T4 Neuron,input,right
1307,720575940612720691,T4d,T4 Neuron,input,left
1308,720575940612726770,T5d,T5 Neuron,input,left
1309,720575940612732339,T4a,T4 Neuron,input,left
1310,720575940612734131,T4a,T4 Neuron,input,left
1311,720575940612737685,T5b,T5 Neuron,input,left
1312,720575940612740501,T4b,T4 Neuron,input,right
1313,720575940612741799,T4a,T4 Neuron,input,right
1314,720575940612747890,T5c,T5 Neuron,input,left
1315,720575940612748146,T4c,T4 Neuron,input,left
1316,720575940612751066,T5b,T5 Neuron,input,left
1317,720575940612751513,T5b,T5 Neuron,input,right
1318,720575940612755314,T4c,T4 Neuron,input,right
1319,720575940612757490,T4d,T4 Neuron,input,left
1320,720575940612758243,T5d,T5 Neuron,input,right
1321,720575940612761458,T4c,T4 Neuron,input,right
1322,720575940612761523,T5a,T5 Neuron,input,right
1323,720575940612768405,T5b,T5 Neuron,input,right
1324,720575940612773338,T4b,T4 Neuron,input,right
1325,720575940612775958,T5c,T5 Neuron,input,right
1326,720575940612779417,T4c,T4 Neuron,input,left
1327,720575940612780530,T4b,T4 Neuron,input,left
1328,720575940612785381,T4c,T4 Neuron,input,left
1329,720575940612786581,T5a,T5 Neuron,input,left
1330,720575940612787825,T4b,T4 Neuron,input,left
1331,720575940612790442,T5b,T5 Neuron,input,right
1332,720575940612791318,T5d,T5 Neuron,input,left
1333,720575940612796330,T4d,T4 Neuron,input,right
1334,720575940612798122,T4c,T4 Neuron,input,left
1335,720575940612804325,T5c,T5 Neuron,input,left
1336,720575940612807958,T4c,T4 Neuron,input,left
1337,720575940612814821,T5d,T5 Neuron,input,left
1338,720575940612821014,T4a,T4 Neuron,input,left
1339,720575940612825770,T4c,T4 Neuron,input,left
1340,720575940612845170,T4d,T4 Neuron,input,left
1341,720575940612845590,T5b,T5 Neuron,input,left
1342,720575940612845721,T4a,T4 Neuron,input,left
1343,720575940612846102,T5b,T5 Neuron,input,left
1344,720575940612847018,T4d,T4 Neuron,input,right
1345,720575940612848793,T5a,T5 Neuron,input,left
1346,720575940612848869,T4d,T4 Neuron,input,left
1347,720575940612849105,T5b,T5 Neuron,input,left
1348,720575940612849650,T5d,T5 Neuron,input,left
1349,720575940612852911,T5c,T5 Neuron,input,left
1350,720575940612853913,T4a,T4 Neuron,input,left
1351,720575940612858520,T4a,T4 Neuron,input,right
1352,720575940612860389,T4d,T4 Neuron,input,left
1353,720575940612861649,T5b,T5 Neuron,input,right
1354,720575940612861677,T4c,T4 Neuron,input,left
1355,720575940612863283,T5c,T5 Neuron,input,left
1356,720575940612867759,T4b,T4 Neuron,input,left
1357,720575940612868019,T4d,T4 Neuron,input,left
1358,720575940612874803,T4c,T4 Neuron,input,right
1359,720575940612879795,T4d,T4 Neuron,input,right
1360,720575940612882669,T5b,T5 Neuron,input,right
1361,720575940612882906,T5b,T5 Neuron,input,left
1362,720575940612885935,T5b,T5 Neuron,input,left
1363,720575940612894771,T4b,T4 Neuron,input,right
1364,720575940612900466,T4a,T4 Neuron,input,right
1365,720575940612901529,T4c,T4 Neuron,input,left
1366,720575940612905842,T5a,T5 Neuron,input,left
1367,720575940612906904,T5b,T5 Neuron,input,right
1368,720575940612907672,T5d,T5 Neuron,input,right
1369,720575940612909265,T5d,T5 Neuron,input,right
1370,720575940612909999,T4d,T4 Neuron,input,left
1371,720575940612916338,T5c,T5 Neuron,input,left
1372,720575940612923762,T4a,T4 Neuron,input,left
1373,720575940612927146,T5d,T5 Neuron,input,right
1374,720575940612929685,T5d,T5 Neuron,input,left
1375,720575940612931350,T4a,T4 Neuron,input,left
1376,720575940612931480,T5d,T5 Neuron,input,right
1377,720575940612942614,T4a,T4 Neuron,input,left
1378,720575940612944435,T5c,T5 Neuron,input,right
1379,720575940612945686,T5b,T5 Neuron,input,right
1380,720575940612946863,T5c,T5 Neuron,input,right
1381,720575940612960661,T4c,T4 Neuron,input,right
1382,720575940612962611,T5c,T5 Neuron,input,right
1383,720575940612962730,T5b,T5 Neuron,input,right
1384,720575940612967338,T4b,T4 Neuron,input,left
1385,720575940612971634,T4c,T4 Neuron,input,right
1386,720575940612974706,T5a,T5 Neuron,input,left
1387,720575940612975530,T5a,T5 Neuron,input,left
1388,720575940612978659,T4a,T4 Neuron,input,left
1389,720575940612979171,T5d,T5 Neuron,input,right
1390,720575940612979353,T4b,T4 Neuron,input,left
1391,720575940612985775,T4b,T4 Neuron,input,right
1392,720575940612986482,T5c,T5 Neuron,input,right
1393,720575940612989849,T4c,T4 Neuron,input,left
1394,720575940612992790,T5c,T5 Neuron,input,left
1395,720575940612993194,T4b,T4 Neuron,input,left
1396,720575940612993650,T4d,T4 Neuron,input,right
1397,720575940612994582,T5c,T5 Neuron,input,left
1398,720575940613005471,T4a,T4 Neuron,input,left
1399,720575940613008307,T4b,T4 Neuron,input,left
1400,720575940613014550,T5b,T5 Neuron,input,left
1401,720575940613020018,T5b,T5 Neuron,input,right
1402,720575940613029794,T4c,T4 Neuron,input,left
1403,720575940613032600,T4c,T4 Neuron,input,right
1404,720575940613034202,T5d,T5 Neuron,input,left
1405,720575940613036525,T4b,T4 Neuron,input,right
1406,720575940613037037,T4a,T4 Neuron,input,right
1407,720575940613042802,T5d,T5 Neuron,input,right
1408,720575940613051365,T5d,T5 Neuron,input,left
1409,720575940613051621,T5b,T5 Neuron,input,left
1410,720575940613055090,T5b,T5 Neuron,input,left
1411,720575940613056218,T5b,T5 Neuron,input,right
1412,720575940613064165,T5b,T5 Neuron,input,right
1413,720575940613065139,T5b,T5 Neuron,input,left
1414,720575940613068970,T4b,T4 Neuron,input,left
1415,720575940613072869,T5c,T5 Neuron,input,left
1416,720575940613075685,T4c,T4 Neuron,input,left
1417,720575940613080037,T4d,T4 Neuron,input,left
1418,720575940613085337,T5d,T5 Neuron,input,left
1419,720575940613086179,T5c,T5 Neuron,input,right
1420,720575940613086998,T5b,T5 Neuron,input,left
1421,720575940613099798,T4d,T4 Neuron,input,left
1422,720575940613100566,T5c,T5 Neuron,input,right
1423,720575940613110442,T5c,T5 Neuron,input,left
1424,720575940613113511,T4d,T4 Neuron,input,right
1425,720575940613117206,T4c,T4 Neuron,input,right
1426,720575940613118760,T4a,T4 Neuron,input,right
1427,720575940613118887,T5a,T5 Neuron,input,right
1428,720575940613126835,VS2,VS,processing,right
1429,720575940613138585,T4c,T4 Neuron,input,left
1430,720575940613145059,T5c,T5 Neuron,input,right
1431,720575940613147047,T4b,T4 Neuron,input,left
1432,720575940613152170,T5c,T5 Neuron,input,left
1433,720575940613153689,T4b,T4 Neuron,input,right
1434,720575940613176239,T4d,T4 Neuron,input,left
1435,720575940613190125,T4c,T4 Neuron,input,right
1436,720575940613190809,T5b,T5 Neuron,input,left
1437,720575940613194410,T5b,T5 Neuron,input,left
1438,720575940613207252,T4a,T4 Neuron,input,left
1439,720575940613208293,T5b,T5 Neuron,input,left
1440,720575940613215766,T5a,T5 Neuron,input,left
1441,720575940613218046,T4d,T4 Neuron,input,right
1442,720575940613218533,T5c,T5 Neuron,input,left
1443,720575940613219751,T5b,T5 Neuron,input,right
1444,720575940613222115,T4b,T4 Neuron,input,right
1445,720575940613222567,T5c,T5 Neuron,input,right
1446,720575940613224178,T5a,T5 Neuron,input,left
1447,720575940613226221,T5d,T5 Neuron,input,right
1448,720575940613228269,T4a,T4 Neuron,input,left
1449,720575940613239282,T4d,T4 Neuron,input,left
1450,720575940613246322,T5c,T5 Neuron,input,left
1451,720575940613247528,T5b,T5 Neuron,input,left
1452,720575940613248435,T5b,T5 Neuron,input,right
1453,720575940613251751,T4c,T4 Neuron,input,left
1454,720575940613254166,T5c,T5 Neuron,input,right
1455,720575940613259235,T5b,T5 Neuron,input,left
1456,720575940613262573,T4c,T4 Neuron,input,right
1457,720575940613262870,T5c,T5 Neuron,input,left
1458,720575940613271779,T4a,T4 Neuron,input,left
1459,720575940613273059,T4b,T4 Neuron,input,left
1460,720575940613275260,T4b,T4 Neuron,input,left
1461,720575940613275772,T4c,T4 Neuron,input,left
1462,720575940613278179,T5b,T5 Neuron,input,left
1463,720575940613285101,T4c,T4 Neuron,input,left
1464,720575940613287036,T4a,T4 Neuron,input,left
1465,720575940613288499,T4b,T4 Neuron,input,right
1466,720575940613289596,T4d,T4 Neuron,input,left
1467,720575940613291749,T5b,T5 Neuron,input,right
1468,720575940613292595,T4b,T4 Neuron,input,right
1469,720575940613292798,T4b,T4 Neuron,input,right
1470,720575940613294632,T5d,T5 Neuron,input,right
1471,720575940613295400,T5d,T5 Neuron,input,right
1472,720575940613296554,T4d,T4 Neuron,input,left
1473,720575940613297942,T5a,T5 Neuron,input,left
1474,720575940613305640,T4b,T4 Neuron,input,right
1475,720575940613307050,T4a,T4 Neuron,input,left
1476,720575940613307619,T4c,T4 Neuron,input,right
1477,720575940613312423,T4b,T4 Neuron,input,right
1478,720575940613317859,T5b,T5 Neuron,input,left
1479,720575940613323262,T4b,T4 Neuron,input,right
1480,720575940613331427,T4c,T4 Neuron,input,left
1481,720575940613338738,T4b,T4 Neuron,input,left
1482,720575940613342873,T5b,T5 Neuron,input,right
1483,720575940613343203,T4a,T4 Neuron,input,left
1484,720575940613351917,T5a,T5 Neuron,input,right
1485,720575940613364348,T5a,T5 Neuron,input,left
1486,720575940613372979,T5a,T5 Neuron,input,right
1487,720575940613374435,T5d,T5 Neuron,input,left
1488,720575940613378541,T4a,T4 Neuron,input,right
1489,720575940613383422,T5a,T5 Neuron,input,left
1490,720575940613385699,T4a,T4 Neuron,input,left
1491,720575940613385970,T5c,T5 Neuron,input,left
1492,720575940613389209,T5a,T5 Neuron,input,left
1493,720575940613406114,T4b,T4 Neuron,input,right
1494,720575940613419006,T5a,T5 Neuron,input,right
1495,720575940613427058,T5c,T5 Neuron,input,left
1496,720575940613443084,T4a,T4 Neuron,input,right
1497,720575940613455266,T4d,T4 Neuron,input,left
1498,720575940613462579,T4d,T4 Neuron,input,right
1499,720575940613464434,T5d,T5 Neuron,input,left
1500,720575940613465581,T4a,T4 Neuron,input,right
1501,720575940613465750,T5c,T5 Neuron,input,right
1502,720575940613469334,T4d,T4 Neuron,input,left
1503,720575940613471090,T5b,T5 Neuron,input,left
1504,720575940613471205,T4b,T4 Neuron,input,right
1505,720575940613489893,T4b,T4 Neuron,input,left
1506,720575940613491693,T5c,T5 Neuron,input,left
1507,720575940613492143,T4a,T4 Neuron,input,right
1508,720575940613492205,T5a,T5 Neuron,input,left
1509,720575940613492461,T5a,T5 Neuron,input,left
1510,720575940613492717,T5a,T5 Neuron,input,left
1511,720575940613493922,T4a,T4 Neuron,input,left
1512,720575940613497384,T5a,T5 Neuron,input,right
1513,720575940613498262,T4c,T4 Neuron,input,right
1514,720575940613499857,T5b,T5 Neuron,input,right
1515,720575940613516269,T5b,T5 Neuron,input,left
1516,720575940613521522,T5c,T5 Neuron,input,left
1517,720575940613523478,T5c,T5 Neuron,input,right
1518,720575940613526422,T4a,T4 Neuron,input,right
1519,720575940613534614,T4d,T4 Neuron,input,right
1520,720575940613534870,T4a,T4 Neuron,input,right
1521,720575940613543314,T5a,T5 Neuron,input,right
1522,720575940613544866,T4c,T4 Neuron,input,right
1523,720575940613545768,T5a,T5 Neuron,input,right
1524,720575940613547501,T5d,T5 Neuron,input,left
1525,720575940613547673,T4b,T4 Neuron,input,left
1526,720575940613550061,T4b,T4 Neuron,input,left
1527,720575940613550376,T5c,T5 Neuron,input,right
1528,720575940613551400,T4d,T4 Neuron,input,left
1529,720575940613551510,T4d,T4 Neuron,input,right
1530,720575940613551656,T4c,T4 Neuron,input,left
1531,720575940613551853,T4c,T4 Neuron,input,left
1532,720575940613565849,T4a,T4 Neuron,input,right
1533,720575940613566476,T4b,T4 Neuron,input,left
1534,720575940613570326,T5d,T5 Neuron,input,right
1535,720575940613570962,T4c,T4 Neuron,input,right
1536,720575940613585645,T4b,T4 Neuron,input,left
1537,720575940613591761,T4c,T4 Neuron,input,right
1538,720575940613594408,T4d,T4 Neuron,input,left
1539,720575940613601261,T5c,T5 Neuron,input,left
1540,720575940613601426,T5d,T5 Neuron,input,right
1541,720575940613601576,T5d,T5 Neuron,input,right
1542,720575940613606013,T5a,T5 Neuron,input,right
1543,720575940613606575,T5b,T5 Neuron,input,right
1544,720575940613608232,T5c,T5 Neuron,input,right
1545,720575940613609699,T4d,T4 Neuron,input,left
1546,720575940613611237,T4a,T4 Neuron,input,left
1547,720575940613612207,T5d,T5 Neuron,input,right
1548,720575940613617021,T5d,T5 Neuron,input,right
1549,720575940613619090,T4a,T4 Neuron,input,right
1550,720575940613620717,T5b,T5 Neuron,input,left
1551,720575940613621654,T5c,T5 Neuron,input,left
1552,720575940613623848,T4c,T4 Neuron,input,right
1553,720575940613633576,T4d,T4 Neuron,input,left
1554,720575940613635813,T5c,T5 Neuron,input,left
1555,720575940613640421,T5b,T5 Neuron,input,right
1556,720575940613645487,T4b,T4 Neuron,input,right
1557,720575940613651350,T5b,T5 Neuron,input,left
1558,720575940613653394,T5d,T5 Neuron,input,right
1559,720575940613660071,T4a,T4 Neuron,input,right
1560,720575940613665432,T4d,T4 Neuron,input,right
1561,720575940613669347,T4a,T4 Neuron,input,left
1562,720575940613669784,T4a,T4 Neuron,input,right
1563,720575940613670963,T4d,T4 Neuron,input,right
1564,720575940613673779,T5b,T5 Neuron,input,right
1565,720575940613674280,T5c,T5 Neuron,input,left
1566,720575940613674291,T5b,T5 Neuron,input,right
1567,720575940613675542,T5c,T5 Neuron,input,right
1568,720575940613693677,T4a,T4 Neuron,input,right
1569,720575940613702125,T5d,T5 Neuron,input,left
1570,720575940613705187,T4c,T4 Neuron,input,left
1571,720575940613709352,T5a,T5 Neuron,input,right
1572,720575940613710511,T4b,T4 Neuron,input,right
1573,720575940613710954,T5c,T5 Neuron,input,left
1574,720575940613711254,T4a,T4 Neuron,input,right
1575,720575940613711279,T4d,T4 Neuron,input,right
1576,720575940613712109,T4c,T4 Neuron,input,right
1577,720575940613712365,T5c,T5 Neuron,input,left
1578,720575940613716429,T4a,T4 Neuron,input,left
1579,720575940613718824,T5b,T5 Neuron,input,right
1580,720575940613719294,T4c,T4 Neuron,input,right
1581,720575940613724387,T4c,T4 Neuron,input,left
1582,720575940613733860,T5a,T5 Neuron,input,right
1583,720575940613742317,T4c,T4 Neuron,input,left
1584,720575940613747562,T5b,T5 Neuron,input,right
1585,720575940613753468,T4d,T4 Neuron,input,left
1586,720575940613756778,T5d,T5 Neuron,input,right
1587,720575940613771246,T5b,T5 Neuron,input,right
1588,720575940613776680,T5d,T5 Neuron,input,right
1589,720575940613779010,T4b,T4 Neuron,input,left
1590,720575940613787875,T4c,T4 Neuron,input,left
1591,720575940613792493,T5b,T5 Neuron,input,left
1592,720575940613803245,T5c,T5 Neuron,input,left
1593,720575940613803378,T5b,T5 Neuron,input,left
1594,720575940613804083,T5b,T5 Neuron,input,right
1595,720575940613810227,T4b,T4 Neuron,input,right
1596,720575940613810483,T4d,T4 Neuron,input,right
1597,720575940613818664,T5b,T5 Neuron,input,left
1598,720575940613819107,T5a,T5 Neuron,input,left
1599,720575940613823919,T5b,T5 Neuron,input,left
1600,720575940613833768,T5b,T5 Neuron,input,left
1601,720575940613853564,T4c,T4 Neuron,input,left
1602,720575940613862802,T5c,T5 Neuron,input,right
1603,720575940613867183,T5d,T5 Neuron,input,left
1604,720575940613876370,T5b,T5 Neuron,input,right
1605,720575940613876718,T5b,T5 Neuron,input,right
1606,720575940613876776,T5d,T5 Neuron,input,left
1607,720575940613877299,T5b,T5 Neuron,input,right
1608,720575940613877555,T5d,T5 Neuron,input,right
1609,720575940613880360,T4d,T4 Neuron,input,left
1610,720575940613889587,T5b,T5 Neuron,input,right
1611,720575940613890684,T4c,T4 Neuron,input,left
1612,720575940613892094,T4c,T4 Neuron,input,right
1613,720575940613896829,T4b,T4 Neuron,input,right
1614,720575940613898365,T4b,T4 Neuron,input,right
1615,720575940613903978,T4c,T4 Neuron,input,right
1616,720575940613905514,T4d,T4 Neuron,input,right
1617,720575940613905583,T4d,T4 Neuron,input,left
1618,720575940613909299,T4c,T4 Neuron,input,left
1619,720575940613922099,T5c,T5 Neuron,input,right
1620,720575940613922479,T5a,T5 Neuron,input,left
1621,720575940613922966,T4b,T4 Neuron,input,right
1622,720575940613925073,T5d,T5 Neuron,input,right
1623,720575940613928676,T5c,T5 Neuron,input,right
1624,720575940613932975,T5a,T5 Neuron,input,left
1625,720575940613936109,T5d,T5 Neuron,input,left
1626,720575940613940703,T5a,T5 Neuron,input,right
1627,720575940613940911,T4c,T4 Neuron,input,left
1628,720575940613965231,T4d,T4 Neuron,input,right
1629,720575940613967839,T4c,T4 Neuron,input,right
1630,720575940613972451,T4c,T4 Neuron,input,right
1631,720575940613975091,T4d,T4 Neuron,input,right
1632,720575940613975970,T5d,T5 Neuron,input,right
1633,720575940613976482,T5a,T5 Neuron,input,right
1634,720575940613984943,T4d,T4 Neuron,input,right
1635,720575940613991391,T5b,T5 Neuron,input,left
1636,720575940613992623,T5a,T5 Neuron,input,left
1637,720575940613994671,T4a,T4 Neuron,input,right
1638,720575940613997265,T5d,T5 Neuron,input,right
1639,720575940614001192,T4c,T4 Neuron,input,right
1640,720575940614001617,T5b,T5 Neuron,input,left
1641,720575940614013438,T5c,T5 Neuron,input,left
1642,720575940614014179,T5d,T5 Neuron,input,right
1643,720575940614019309,T5b,T5 Neuron,input,left
1644,720575940614025998,T5b,T5 Neuron,input,left
1645,720575940614030559,T4d,T4 Neuron,input,right
1646,720575940614033887,T5d,T5 Neuron,input,right
1647,720575940614036452,T5c,T5 Neuron,input,right
1648,720575940614045858,T5d,T5 Neuron,input,right
1649,720575940614051793,T4a,T4 Neuron,input,left
1650,720575940614052305,T5d,T5 Neuron,input,left
1651,720575940614052845,T4a,T4 Neuron,input,left
1652,720575940614060046,T5a,T5 Neuron,input,left
1653,720575940614073297,T4c,T4 Neuron,input,left
1654,720575940614092138,T5a,T5 Neuron,input,right
1655,720575940614093279,T5b,T5 Neuron,input,left
1656,720575940614094573,T4c,T4 Neuron,input,left
1657,720575940614096863,T5d,T5 Neuron,input,left
1658,720575940614096877,T4b,T4 Neuron,input,left
1659,720575940614097617,T4b,T4 Neuron,input,left
1660,720575940614101043,T4c,T4 Neuron,input,right
1661,720575940614102579,T4c,T4 Neuron,input,right
1662,720575940614106791,T5d,T5 Neuron,input,right
1663,720575940614109892,T4a,T4 Neuron,input,right
1664,720575940614113331,T4d,T4 Neuron,input,left
1665,720575940614118142,T4d,T4 Neuron,input,right
1666,720575940614118440,T5b,T5 Neuron,input,left
1667,720575940614119218,T4a,T4 Neuron,input,right
1668,720575940614121425,T4b,T4 Neuron,input,right
1669,720575940614121443,T5b,T5 Neuron,input,right
1670,720575940614122207,T4b,T4 Neuron,input,right
1671,720575940614122646,T4a,T4 Neuron,input,right
1672,720575940614128179,T4c,T4 Neuron,input,left
1673,720575940614135215,T5d,T5 Neuron,input,left
1674,720575940614137255,T4a,T4 Neuron,input,left
1675,720575940614139955,T4b,T4 Neuron,input,left
1676,720575940614141250,T5a,T5 Neuron,input,left
1677,720575940614147123,T5c,T5 Neuron,input,right
1678,720575940614151018,T4b,T4 Neuron,input,left
1679,720575940614162338,T5a,T5 Neuron,input,right
1680,720575940614167458,T4b,T4 Neuron,input,left
1681,720575940614168785,T4b,T4 Neuron,input,left
1682,720575940614168994,T4a,T4 Neuron,input,left
1683,720575940614169086,T4a,T4 Neuron,input,right
1684,720575940614174098,T4c,T4 Neuron,input,right
1685,720575940614176066,T5d,T5 Neuron,input,right
1686,720575940614187774,T4a,T4 Neuron,input,right
1687,720575940614187943,T5c,T5 Neuron,input,left
1688,720575940614190376,T4d,T4 Neuron,input,left
1689,720575940614191766,T4a,T4 Neuron,input,right
1690,720575940614192790,T5a,T5 Neuron,input,right
1691,720575940614203601,T4c,T4 Neuron,input,left
1692,720575940614205336,T5a,T5 Neuron,input,right
1693,720575940614205615,T5c,T5 Neuron,input,left
1694,720575940614206760,T4d,T4 Neuron,input,left
1695,720575940614208664,T4c,T4 Neuron,input,right
1696,720575940614212561,T5b,T5 Neuron,input,left
1697,720575940614216702,T4c,T4 Neuron,input,left
1698,720575940614218655,T4c,T4 Neuron,input,right
1699,720575940614219670,T5a,T5 Neuron,input,right
1700,720575940614219926,T5c,T5 Neuron,input,right
1701,720575940614220328,T4d,T4 Neuron,input,left
1702,720575940614221283,T4b,T4 Neuron,input,left
1703,720575940614223010,T5a,T5 Neuron,input,right
1704,720575940614224126,T5b,T5 Neuron,input,right
1705,720575940614239338,T4c,T4 Neuron,input,right
1706,720575940614241439,T4b,T4 Neuron,input,right
1707,720575940614245329,T4d,T4 Neuron,input,right
1708,720575940614246055,T5c,T5 Neuron,input,right
1709,720575940614248866,T4d,T4 Neuron,input,right
1710,720575940614255341,T4d,T4 Neuron,input,left
1711,720575940614257298,T5b,T5 Neuron,input,left
1712,720575940614260734,T5a,T5 Neuron,input,right
1713,720575940614261555,T4c,T4 Neuron,input,left
1714,720575940614266530,T4b,T4 Neuron,input,left
1715,720575940614269351,T4d,T4 Neuron,input,right
1716,720575940614270673,T5a,T5 Neuron,input,right
1717,720575940614271185,T5a,T5 Neuron,input,right
1718,720575940614271919,T5c,T5 Neuron,input,right
1719,720575940614273022,T4d,T4 Neuron,input,right
1720,720575940614275070,T5d,T5 Neuron,input,right
1721,720575940614275624,T4d,T4 Neuron,input,left
1722,720575940614276002,T5b,T5 Neuron,input,right
1723,720575940614276271,T4a,T4 Neuron,input,right
1724,720575940614277039,T4b,T4 Neuron,input,left
1725,720575940614281122,T4b,T4 Neuron,input,right
1726,720575940614283426,T5d,T5 Neuron,input,right
1727,720575940614283935,T5a,T5 Neuron,input,right
1728,720575940614286545,T5a,T5 Neuron,input,left
1729,720575940614289723,T5c,T5 Neuron,input,left
1730,720575940614290897,T4a,T4 Neuron,input,right
1731,720575940614292008,T5a,T5 Neuron,input,left
1732,720575940614292478,T5d,T5 Neuron,input,right
1733,720575940614294579,T4d,T4 Neuron,input,left
1734,720575940614295867,T5a,T5 Neuron,input,left
1735,720575940614296210,T5c,T5 Neuron,input,left
1736,720575940614296214,T5b,T5 Neuron,input,right
1737,720575940614299047,T4d,T4 Neuron,input,right
1738,720575940614300211,T4a,T4 Neuron,input,right
1739,720575940614300994,T5d,T5 Neuron,input,right
1740,720575940614303143,T5d,T5 Neuron,input,right
1741,720575940614328978,T5a,T5 Neuron,input,right
1742,720575940614329666,T5c,T5 Neuron,input,left
1743,720575940614331089,T5a,T5 Neuron,input,left
1744,720575940614332322,T5b,T5 Neuron,input,right
1745,720575940614332881,T4d,T4 Neuron,input,left
1746,720575940614334417,T4a,T4 Neuron,input,left
1747,720575940614341954,T4d,T4 Neuron,input,left
1748,720575940614347774,T4c,T4 Neuron,input,right
1749,720575940614350819,T4d,T4 Neuron,input,left
1750,720575940614351075,T4d,T4 Neuron,input,left
1751,720575940614358695,T4d,T4 Neuron,input,right
1752,720575940614364456,T4d,T4 Neuron,input,left
1753,720575940614366111,T5b,T5 Neuron,input,left
1754,720575940614377214,T4c,T4 Neuron,input,left
1755,720575940614382226,T5b,T5 Neuron,input,right
1756,720575940614395885,T5d,T5 Neuron,input,right
1757,720575940614396578,T4c,T4 Neuron,input,left
1758,720575940614398370,T5d,T5 Neuron,input,right
1759,720575940614400510,T5a,T5 Neuron,input,left
1760,720575940614403218,T5a,T5 Neuron,input,right
1761,720575940614411154,T5b,T5 Neuron,input,right
1762,720575940614413218,T4b,T4 Neuron,input,right
1763,720575940614413777,T4b,T4 Neuron,input,left
1764,720575940614414539,T4b,T4 Neuron,input,right
1765,720575940614417887,T5b,T5 Neuron,input,right
1766,720575940614418897,T4b,T4 Neuron,input,left
1767,720575940614421922,T4b,T4 Neuron,input,right
1768,720575940614427542,T5b,T5 Neuron,input,right
1769,720575940614428071,T5b,T5 Neuron,input,left
1770,720575940614431378,T4c,T4 Neuron,input,right
1771,720575940614438311,T4d,T4 Neuron,input,left
1772,720575940614447506,T5c,T5 Neuron,input,right
1773,720575940614448337,T5c,T5 Neuron,input,left
1774,720575940614454183,T5b,T5 Neuron,input,left
1775,720575940614464051,T4b,T4 Neuron,input,left
1776,720575940614465199,T5c,T5 Neuron,input,left
1777,720575940614465967,T4c,T4 Neuron,input,left
1778,720575940614472183,T5a,T5 Neuron,input,left
1779,720575940614473414,T4b,T4 Neuron,input,right
1780,720575940614473622,T5d,T5 Neuron,input,right
1781,720575940614473890,T4d,T4 Neuron,input,left
1782,720575940614494718,T5c,T5 Neuron,input,left
1783,720575940614498479,T4d,T4 Neuron,input,left
1784,720575940614510899,T5c,T5 Neuron,input,right
1785,720575940614514444,T4d,T4 Neuron,input,right
1786,720575940614528254,T4b,T4 Neuron,input,left
1787,720575940614530046,T5c,T5 Neuron,input,left
1788,720575940614540199,T4c,T4 Neuron,input,right
1789,720575940614540286,T4c,T4 Neuron,input,right
1790,720575940614543015,T4d,T4 Neuron,input,left
1791,720575940614547602,T5d,T5 Neuron,input,right
1792,720575940614547879,T4a,T4 Neuron,input,right
1793,720575940614552470,T5d,T5 Neuron,input,right
1794,720575940614556335,T4c,T4 Neuron,input,left
1795,720575940614556363,T4a,T4 Neuron,input,right
1796,720575940614557078,T5d,T5 Neuron,input,left
1797,720575940614559894,T4c,T4 Neuron,input,right
1798,720575940614561703,T5a,T5 Neuron,input,left
1799,720575940614564146,T4a,T4 Neuron,input,right
1800,720575940614567731,T4b,T4 Neuron,input,left
1801,720575940614570792,T4c,T4 Neuron,input,left
1802,720575940614577117,T5a,T5 Neuron,input,right
1803,720575940614578338,T4a,T4 Neuron,input,right
1804,720575940614579837,T4a,T4 Neuron,input,right
1805,720575940614580689,T4a,T4 Neuron,input,right
1806,720575940614582397,T5d,T5 Neuron,input,right
1807,720575940614582481,T4d,T4 Neuron,input,left
1808,720575940614586124,T4b,T4 Neuron,input,right
1809,720575940614587538,T5d,T5 Neuron,input,left
1810,720575940614588926,T4d,T4 Neuron,input,left
1811,720575940614590429,T5b,T5 Neuron,input,right
1812,720575940614592935,T4b,T4 Neuron,input,left
1813,720575940614597538,T5a,T5 Neuron,input,left
1814,720575940614598546,T5b,T5 Neuron,input,right
1815,720575940614599234,T5a,T5 Neuron,input,right
1816,720575940614606860,T4b,T4 Neuron,input,left
1817,720575940614617868,T5a,T5 Neuron,input,left
1818,720575940614620381,T4a,T4 Neuron,input,right
1819,720575940614621661,T4a,T4 Neuron,input,right
1820,720575940614621687,T5b,T5 Neuron,input,left
1821,720575940614623430,T4d,T4 Neuron,input,right
1822,720575940614638442,T5b,T5 Neuron,input,right
1823,720575940614639630,T5c,T5 Neuron,input,left
1824,720575940614650258,T4b,T4 Neuron,input,left
1825,720575940614650380,T5a,T5 Neuron,input,left
1826,720575940614655538,T4b,T4 Neuron,input,left
1827,720575940614660754,T5b,T5 Neuron,input,left
1828,720575940614660829,T5a,T5 Neuron,input,right
1829,720575940614663530,T5a,T5 Neuron,input,right
1830,720575940614667570,T5c,T5 Neuron,input,left
1831,720575940614670350,T5b,T5 Neuron,input,left
1832,720575940614672786,T5b,T5 Neuron,input,right
1833,720575940614676886,T5b,T5 Neuron,input,left
1834,720575940614677702,T5b,T5 Neuron,input,left
1835,720575940614678237,T4c,T4 Neuron,input,right
1836,720575940614682770,T5d,T5 Neuron,input,left
1837,720575940614686662,T4b,T4 Neuron,input,right
1838,720575940614687026,T4d,T4 Neuron,input,right
1839,720575940614689938,T5d,T5 Neuron,input,right
1840,720575940614694034,T5c,T5 Neuron,input,left
1841,720575940614695599,T5d,T5 Neuron,input,left
1842,720575940614701836,T4a,T4 Neuron,input,right
1843,720575940614706578,T5b,T5 Neuron,input,left
1844,720575940614708642,T5b,T5 Neuron,input,right
1845,720575940614709446,T4a,T4 Neuron,input,right
1846,720575940614710737,T5b,T5 Neuron,input,left
1847,720575940614715357,T5a,T5 Neuron,input,right
1848,720575940614722198,T4a,T4 Neuron,input,right
1849,720575940614722541,T5b,T5 Neuron,input,right
1850,720575940614723999,T5a,T5 Neuron,input,left
1851,720575940614724502,T5c,T5 Neuron,input,right
1852,720575940614726562,T4a,T4 Neuron,input,left
1853,720575940614728866,T5d,T5 Neuron,input,left
1854,720575940614735825,T5c,T5 Neuron,input,left
1855,720575940614743190,T4a,T4 Neuron,input,right
1856,720575940614743505,T5a,T5 Neuron,input,right
1857,720575940614745394,T4b,T4 Neuron,input,left
1858,720575940614746847,T4b,T4 Neuron,input,right
1859,720575940614747554,T4b,T4 Neuron,input,right
1860,720575940614757994,T5a,T5 Neuron,input,left
1861,720575940614760338,T5c,T5 Neuron,input,left
1862,720575940614771874,T5c,T5 Neuron,input,left
1863,720575940614779902,T5d,T5 Neuron,input,left
1864,720575940614791645,T4a,T4 Neuron,input,right
1865,720575940614796509,T4b,T4 Neuron,input,right
1866,720575940614797096,T5b,T5 Neuron,input,left
1867,720575940614797991,T4c,T4 Neuron,input,left
1868,720575940614800908,T4b,T4 Neuron,input,right
1869,720575940614803933,T4a,T4 Neuron,input,right
1870,720575940614808735,T4d,T4 Neuron,input,left
1871,720575940614816150,T5a,T5 Neuron,input,left
1872,720575940614816362,T4a,T4 Neuron,input,left
1873,720575940614820514,T4a,T4 Neuron,input,left
1874,720575940614821630,T4b,T4 Neuron,input,right
1875,720575940614822621,T4c,T4 Neuron,input,right
1876,720575940614827262,T4d,T4 Neuron,input,left
1877,720575940614829718,T5a,T5 Neuron,input,right
1878,720575940614831144,T5c,T5 Neuron,input,right
1879,720575940614833002,T5d,T5 Neuron,input,right
1880,720575940614835131,T4a,T4 Neuron,input,right
1881,720575940614854034,T4c,T4 Neuron,input,right
1882,720575940614861054,T4c,T4 Neuron,input,left
1883,720575940614861223,T4b,T4 Neuron,input,left
1884,720575940614862226,T5b,T5 Neuron,input,right
1885,720575940614864680,T4a,T4 Neuron,input,left
1886,720575940614881629,T5c,T5 Neuron,input,left
1887,720575940614891370,T4a,T4 Neuron,input,left
1888,720575940614891462,T4a,T4 Neuron,input,right
1889,720575940614899562,T4c,T4 Neuron,input,left
1890,720575940614902459,T4c,T4 Neuron,input,right
1891,720575940614905759,T4c,T4 Neuron,input,right
1892,720575940614922146,T4c,T4 Neuron,input,left
1893,720575940614926954,T4c,T4 Neuron,input,right
1894,720575940614928168,T4b,T4 Neuron,input,left
1895,720575940614929002,T4d,T4 Neuron,input,right
1896,720575940614929887,T4c,T4 Neuron,input,left
1897,720575940614931862,T4b,T4 Neuron,input,right
1898,720575940614932191,T5b,T5 Neuron,input,left
1899,720575940614943455,T4a,T4 Neuron,input,right
1900,720575940614947039,T4d,T4 Neuron,input,right
1901,720575940614952607,T4b,T4 Neuron,input,right
1902,720575940614952635,T5c,T5 Neuron,input,right
1903,720575940614952810,T5d,T5 Neuron,input,left
1904,720575940614956731,T5b,T5 Neuron,input,left
1905,720575940614958011,T4c,T4 Neuron,input,left
1906,720575940614965906,T4c,T4 Neuron,input,left
1907,720575940614971005,T5c,T5 Neuron,input,right
1908,720575940614971550,T4b,T4 Neuron,input,right
1909,720575940614974110,T5b,T5 Neuron,input,right
1910,720575940614976175,T5a,T5 Neuron,input,left
1911,720575940614986719,T5b,T5 Neuron,input,right
1912,720575940614991997,T4a,T4 Neuron,input,right
1913,720575940615002791,T5a,T5 Neuron,input,left
1914,720575940615005351,T5c,T5 Neuron,input,left
1915,720575940615016098,T5d,T5 Neuron,input,left
1916,720575940615017951,T4b,T4 Neuron,input,right
1917,720575940615026070,T5b,T5 Neuron,input,right
1918,720575940615028341,T4c,T4 Neuron,input,left
1919,720575940615032214,T5c,T5 Neuron,input,left
1920,720575940615035699,T4c,T4 Neuron,input,right
1921,720575940615040943,T5b,T5 Neuron,input,right
1922,720575940615044094,T5b,T5 Neuron,input,left
1923,720575940615046319,T4b,T4 Neuron,input,left
1924,720575940615054815,T4c,T4 Neuron,input,right
1925,720575940615056790,T5b,T5 Neuron,input,right
1926,720575940615061666,T4a,T4 Neuron,input,left
1927,720575940615067067,T5a,T5 Neuron,input,right
1928,720575940615068895,T4c,T4 Neuron,input,right
1929,720575940615070431,T4a,T4 Neuron,input,right
1930,720575940615070687,T4c,T4 Neuron,input,right
1931,720575940615072268,T4a,T4 Neuron,input,left
1932,720575940615072735,T5a,T5 Neuron,input,right
1933,720575940615073503,T5a,T5 Neuron,input,right
1934,720575940615076002,T5d,T5 Neuron,input,left
1935,720575940615078831,T4a,T4 Neuron,input,right
1936,720575940615082927,T4c,T4 Neuron,input,left
1937,720575940615085474,T4c,T4 Neuron,input,left
1938,720575940615088894,T4a,T4 Neuron,input,right
1939,720575940615093410,T5d,T5 Neuron,input,left
1940,720575940615097450,T5a,T5 Neuron,input,left
1941,720575940615097962,T5b,T5 Neuron,input,right
1942,720575940615100940,T4a,T4 Neuron,input,left
1943,720575940615101638,T5a,T5 Neuron,input,left
1944,720575940615103830,T4b,T4 Neuron,input,right
1945,720575940615105130,T5d,T5 Neuron,input,left
1946,720575940615115423,T4d,T4 Neuron,input,left
1947,720575940615123818,T5a,T5 Neuron,input,left
1948,720575940615130018,T4d,T4 Neuron,input,left
1949,720575940615130218,T4d,T4 Neuron,input,left
1950,720575940615132738,T4d,T4 Neuron,input,right
1951,720575940615136322,T5a,T5 Neuron,input,right
1952,720575940615137419,T5a,T5 Neuron,input,left
1953,720575940615142047,T5d,T5 Neuron,input,right
1954,720575940615143839,T4d,T4 Neuron,input,left
1955,720575940615144190,T4d,T4 Neuron,input,left
1956,720575940615147571,T5a,T5 Neuron,input,right
1957,720575940615160991,T4c,T4 Neuron,input,right
1958,720575940615169090,T5d,T5 Neuron,input,right
1959,720575940615170271,T4c,T4 Neuron,input,left
1960,720575940615171467,T4b,T4 Neuron,input,right
1961,720575940615175903,T5c,T5 Neuron,input,right
1962,720575940615177878,T4a,T4 Neuron,input,left
1963,720575940615181974,T4a,T4 Neuron,input,right
1964,720575940615189407,T4a,T4 Neuron,input,left
1965,720575940615190993,T5d,T5 Neuron,input,left
1966,720575940615195554,T5a,T5 Neuron,input,left
1967,720575940615198370,T5b,T5 Neuron,input,left
1968,720575940615199199,T4b,T4 Neuron,input,left
1969,720575940615211231,T4b,T4 Neuron,input,left
1970,720575940615213535,T4b,T4 Neuron,input,left
1971,720575940615213983,T5c,T5 Neuron,input,right
1972,720575940615215170,T4c,T4 Neuron,input,right
1973,720575940615218087,T5b,T5 Neuron,input,right
1974,720575940615220639,T4b,T4 Neuron,input,right
1975,720575940615221758,T4c,T4 Neuron,input,right
1976,720575940615222934,T4b,T4 Neuron,input,left
1977,720575940615228482,T4b,T4 Neuron,input,right
1978,720575940615229346,T4b,T4 Neuron,input,right
1979,720575940615230523,T5c,T5 Neuron,input,right
1980,720575940615234207,T4a,T4 Neuron,input,right
1981,720575940615235138,T5a,T5 Neuron,input,right
1982,720575940615239285,T4b,T4 Neuron,input,right
1983,720575940615247839,T5b,T5 Neuron,input,right
1984,720575940615248790,T5b,T5 Neuron,input,left
1985,720575940615248807,T5b,T5 Neuron,input,left
1986,720575940615250143,T4a,T4 Neuron,input,left
1987,720575940615253415,T5c,T5 Neuron,input,left
1988,720575940615255446,T4c,T4 Neuron,input,right
1989,720575940615255698,T4c,T4 Neuron,input,left
1990,720575940615260428,T5d,T5 Neuron,input,left
1991,720575940615263298,T4d,T4 Neuron,input,right
1992,720575940615263967,T4b,T4 Neuron,input,right
1993,720575940615270210,T4a,T4 Neuron,input,left
1994,720575940615278303,T4c,T4 Neuron,input,left
1995,720575940615279510,T5c,T5 Neuron,input,left
1996,720575940615280962,T5c,T5 Neuron,input,right
1997,720575940615295378,T4c,T4 Neuron,input,left
1998,720575940615297503,T5d,T5 Neuron,input,left
1999,720575940615297548,T5d,T5 Neuron,input,right
2000,720575940615299701,T5a,T5 Neuron,input,left
2001,720575940615301023,T5a,T5 Neuron,input,right
2002,720575940615307682,T4a,T4 Neuron,input,right
2003,720575940615312746,T4c,T4 Neuron,input,left
2004,720575940615313373,T5b,T5 Neuron,input,right
2005,720575940615315602,T5d,T5 Neuron,input,left
2006,720575940615320994,T5b,T5 Neuron,input,left
2007,720575940615325290,T4b,T4 Neuron,input,left
2008,720575940615327197,T5a,T5 Neuron,input,right
2009,720575940615327338,T4d,T4 Neuron,input,left
2010,720575940615329951,T5b,T5 Neuron,input,right
2011,720575940615332246,T4b,T4 Neuron,input,right
2012,720575940615337895,T4a,T4 Neuron,input,right
2013,720575940615338642,T5d,T5 Neuron,input,left
2014,720575940615339743,T4d,T4 Neuron,input,right
2015,720575940615348330,T5a,T5 Neuron,input,left
2016,720575940615355754,T5a,T5 Neuron,input,right
2017,720575940615362866,T5b,T5 Neuron,input,right
2018,720575940615363039,T4c,T4 Neuron,input,left
2019,720575940615363122,T5a,T5 Neuron,input,right
2020,720575940615363295,T4d,T4 Neuron,input,right
2021,720575940615368498,T5a,T5 Neuron,input,right
2022,720575940615368671,T5c,T5 Neuron,input,left
2023,720575940615383975,T4b,T4 Neuron,input,left
2024,720575940615398047,T4a,T4 Neuron,input,left
2025,720575940615401589,T5b,T5 Neuron,input,left
2026,720575940615402914,T4d,T4 Neuron,input,right
2027,720575940615404694,T4c,T4 Neuron,input,left
2028,720575940615408757,T4c,T4 Neuron,input,right
2029,720575940615408962,T5a,T5 Neuron,input,right
2030,720575940615411595,T4b,T4 Neuron,input,left
2031,720575940615415199,T5b,T5 Neuron,input,left
2032,720575940615415263,T5a,T5 Neuron,input,right
2033,720575940615419359,T5c,T5 Neuron,input,left
2034,720575940615419442,T4d,T4 Neuron,input,right
2035,720575940615420327,T5d,T5 Neuron,input,left
2036,720575940615425534,T5a,T5 Neuron,input,left
2037,720575940615427650,T4d,T4 Neuron,input,left
2038,720575940615434050,T4c,T4 Neuron,input,left
2039,720575940615442847,T4a,T4 Neuron,input,left
2040,720575940615447146,T4a,T4 Neuron,input,left
2041,720575940615449922,T4c,T4 Neuron,input,right
2042,720575940615451551,T5a,T5 Neuron,input,right
2043,720575940615459487,T4d,T4 Neuron,input,left
2044,720575940615464351,T5b,T5 Neuron,input,left
2045,720575940615464863,T4a,T4 Neuron,input,left
2046,720575940615467682,T5a,T5 Neuron,input,right
2047,720575940615473002,T4c,T4 Neuron,input,right
2048,720575940615473986,T5b,T5 Neuron,input,left
2049,720575940615475818,T4a,T4 Neuron,input,left
2050,720575940615481019,T4d,T4 Neuron,input,right
2051,720575940615488834,T4d,T4 Neuron,input,left
2052,720575940615489858,T4d,T4 Neuron,input,right
2053,720575940615490450,T5d,T5 Neuron,input,right
2054,720575940615494722,T4b,T4 Neuron,input,left
2055,720575940615507010,T4a,T4 Neuron,input,left
2056,720575940615508802,T4b,T4 Neuron,input,left
2057,720575940615512482,T4c,T4 Neuron,input,right
2058,720575940615512898,T4a,T4 Neuron,input,right
2059,720575940615518314,T5a,T5 Neuron,input,left
2060,720575940615524806,T4d,T4 Neuron,input,right
2061,720575940615541654,T4a,T4 Neuron,input,right
2062,720575940615545922,T4a,T4 Neuron,input,left
2063,720575940615547458,T4a,T4 Neuron,input,left
2064,720575940615553430,T5d,T5 Neuron,input,left
2065,720575940615554975,T5a,T5 Neuron,input,left
2066,720575940615556246,T4c,T4 Neuron,input,left
2067,720575940615556255,T5b,T5 Neuron,input,right
2068,720575940615558367,T4a,T4 Neuron,input,left
2069,720575940615560278,T5b,T5 Neuron,input,right
2070,720575940615564354,T5d,T5 Neuron,input,right
2071,720575940615570664,T4d,T4 Neuron,input,left
2072,720575940615571423,T4d,T4 Neuron,input,left
2073,720575940615577494,T4d,T4 Neuron,input,left
2074,720575940615578783,T5a,T5 Neuron,input,left
2075,720575940615580831,T5d,T5 Neuron,input,right
2076,720575940615583099,T5b,T5 Neuron,input,left
2077,720575940615590250,T4d,T4 Neuron,input,left
2078,720575940615594399,T4a,T4 Neuron,input,left
2079,720575940615598267,T4b,T4 Neuron,input,right
2080,720575940615602107,T4b,T4 Neuron,input,right
2081,720575940615604802,T4d,T4 Neuron,input,left
2082,720575940615610930,T4c,T4 Neuron,input,right
2083,720575940615611846,T5c,T5 Neuron,input,right
2084,720575940615616012,T5b,T5 Neuron,input,left
2085,720575940615618134,T5c,T5 Neuron,input,right
2086,720575940615618354,T5a,T5 Neuron,input,right
2087,720575940615620876,T4b,T4 Neuron,input,right
2088,720575940615624716,T5b,T5 Neuron,input,left
2089,720575940615624972,T4d,T4 Neuron,input,left
2090,720575940615625026,T4b,T4 Neuron,input,right
2091,720575940615628486,T5b,T5 Neuron,input,left
2092,720575940615630934,T4b,T4 Neuron,input,right
2093,720575940615643442,T4d,T4 Neuron,input,right
2094,720575940615645663,T4b,T4 Neuron,input,left
2095,720575940615647634,T4a,T4 Neuron,input,left
2096,720575940615655234,T5b,T5 Neuron,input,left
2097,720575940615658508,T5d,T5 Neuron,input,right
2098,720575940615665458,T5b,T5 Neuron,input,right
2099,720575940615666794,T5b,T5 Neuron,input,left
2100,720575940615674262,T5b,T5 Neuron,input,right
2101,720575940615678150,T5d,T5 Neuron,input,right
2102,720575940615679850,T5c,T5 Neuron,input,left
2103,720575940615685278,T4b,T4 Neuron,input,right
2104,720575940615686486,T4d,T4 Neuron,input,right
2105,720575940615686506,T5a,T5 Neuron,input,left
2106,720575940615688770,T4d,T4 Neuron,input,right
2107,720575940615688810,T4a,T4 Neuron,input,left
2108,720575940615693766,T5d,T5 Neuron,input,right
2109,720575940615697932,T5c,T5 Neuron,input,right
2110,720575940615700492,T5a,T5 Neuron,input,right
2111,720575940615707714,T5a,T5 Neuron,input,left
2112,720575940615708266,T4b,T4 Neuron,input,right
2113,720575940615711338,T4b,T4 Neuron,input,right
2114,720575940615711650,T5d,T5 Neuron,input,right
2115,720575940615720350,T4a,T4 Neuron,input,right
2116,720575940615730026,T5d,T5 Neuron,input,left
2117,720575940615730875,T5a,T5 Neuron,input,right
2118,720575940615731131,T4a,T4 Neuron,input,right
2119,720575940615733516,T5b,T5 Neuron,input,left
2120,720575940615741145,T4c,T4 Neuron,input,right
2121,720575940615743371,T4b,T4 Neuron,input,left
2122,720575940615745548,T5c,T5 Neuron,input,right
2123,720575940615747122,T5b,T5 Neuron,input,left
2124,720575940615749307,T5d,T5 Neuron,input,left
2125,720575940615753099,T5d,T5 Neuron,input,left
2126,720575940615757122,T4d,T4 Neuron,input,left
2127,720575940615758130,T4d,T4 Neuron,input,right
2128,720575940615766923,T4a,T4 Neuron,input,left
2129,720575940615779807,T4b,T4 Neuron,input,right
2130,720575940615782962,T4d,T4 Neuron,input,right
2131,720575940615788603,T5d,T5 Neuron,input,right
2132,720575940615788742,T5c,T5 Neuron,input,right
2133,720575940615794738,T4a,T4 Neuron,input,right
2134,720575940615796895,T4a,T4 Neuron,input,left
2135,720575940615798923,T4d,T4 Neuron,input,right
2136,720575940615800114,T4a,T4 Neuron,input,right
2137,720575940615801542,T4a,T4 Neuron,input,left
2138,720575940615803807,T4c,T4 Neuron,input,right
2139,720575940615803954,T4b,T4 Neuron,input,right
2140,720575940615806367,T4d,T4 Neuron,input,left
2141,720575940615809211,T4d,T4 Neuron,input,right
2142,720575940615809330,T5b,T5 Neuron,input,left
2143,720575940615810098,T4a,T4 Neuron,input,left
2144,720575940615811487,T4d,T4 Neuron,input,left
2145,720575940615816635,T4a,T4 Neuron,input,right
2146,720575940615816863,T5c,T5 Neuron,input,right
2147,720575940615817578,T4a,T4 Neuron,input,left
2148,720575940615819323,T4c,T4 Neuron,input,left
2149,720575940615819963,T5b,T5 Neuron,input,left
2150,720575940615826363,T4d,T4 Neuron,input,left
2151,720575940615837746,T5c,T5 Neuron,input,right
2152,720575940615838770,T5d,T5 Neuron,input,right
2153,720575940615841346,T5a,T5 Neuron,input,left
2154,720575940615846879,T5d,T5 Neuron,input,left
2155,720575940615851167,T5d,T5 Neuron,input,left
2156,720575940615865650,T4c,T4 Neuron,input,left
2157,720575940615872874,T4d,T4 Neuron,input,left
2158,720575940615874207,T4d,T4 Neuron,input,left
2159,720575940615880607,T5d,T5 Neuron,input,left
2160,720575940615882655,T4a,T4 Neuron,input,left
2161,720575940615887775,T5b,T5 Neuron,input,right
2162,720575940615890235,T5d,T5 Neuron,input,left
2163,720575940615891412,T5b,T5 Neuron,input,left
2164,720575940615900127,T4d,T4 Neuron,input,left
2165,720575940615901382,T5c,T5 Neuron,input,right
2166,720575940615903419,T4a,T4 Neuron,input,left
2167,720575940615909900,T5d,T5 Neuron,input,right
2168,720575940615910213,T4b,T4 Neuron,input,left
2169,720575940615911583,T4a,T4 Neuron,input,right
2170,720575940615914438,T5d,T5 Neuron,input,left
2171,720575940615916742,T4b,T4 Neuron,input,left
2172,720575940615918348,T4d,T4 Neuron,input,right
2173,720575940615920582,T4c,T4 Neuron,input,left
2174,720575940615923615,T4b,T4 Neuron,input,left
2175,720575940615927750,T4a,T4 Neuron,input,left
2176,720575940615928635,T5c,T5 Neuron,input,left
2177,720575940615931186,T5c,T5 Neuron,input,right
2178,720575940615932428,T4b,T4 Neuron,input,left
2179,720575940615933919,HSN,HS,processing,right
2180,720575940615936966,T4b,T4 Neuron,input,left
2181,720575940615940364,T4d,T4 Neuron,input,left
2182,720575940615943786,T5d,T5 Neuron,input,right
2183,720575940615944854,T5d,T5 Neuron,input,left
2184,720575940615949068,T5b,T5 Neuron,input,left
2185,720575940615954282,T4d,T4 Neuron,input,right
2186,720575940615958175,T4b,T4 Neuron,input,left
2187,720575940615962636,T5b,T5 Neuron,input,left
2188,720575940615969330,T5d,T5 Neuron,input,left
2189,720575940615970060,T5d,T5 Neuron,input,left
2190,720575940615973062,T5a,T5 Neuron,input,left
2191,720575940615974342,T5b,T5 Neuron,input,left
2192,720575940615974962,T5d,T5 Neuron,input,right
2193,720575940615982047,T5c,T5 Neuron,input,right
2194,720575940615985164,T4a,T4 Neuron,input,right
2195,720575940615985606,T5d,T5 Neuron,input,left
2196,720575940615987131,T5d,T5 Neuron,input,right
2197,720575940616000268,T4d,T4 Neuron,input,left
2198,720575940616004108,T4b,T4 Neuron,input,left
2199,720575940616008350,T4d,T4 Neuron,input,right
2200,720575940616009522,T4c,T4 Neuron,input,left
2201,720575940616012556,T4b,T4 Neuron,input,left
2202,720575940616014348,T5d,T5 Neuron,input,left
2203,720575940616015046,T4b,T4 Neuron,input,left
2204,720575940616015803,T4c,T4 Neuron,input,right
2205,720575940616018482,T5b,T5 Neuron,input,left
2206,720575940616019724,T4a,T4 Neuron,input,left
2207,720575940616020274,T4d,T4 Neuron,input,left
2208,720575940616024866,T5a,T5 Neuron,input,right
2209,720575940616044447,T4d,T4 Neuron,input,left
2210,720575940616044998,T5b,T5 Neuron,input,left
2211,720575940616045279,T5a,T5 Neuron,input,right
2212,720575940616052054,T4b,T4 Neuron,input,right
2213,720575940616052166,T4a,T4 Neuron,input,left
2214,720575940616066154,T5a,T5 Neuron,input,left
2215,720575940616084948,T4a,T4 Neuron,input,right
2216,720575940616089906,T5b,T5 Neuron,input,left
2217,720575940616091954,T5c,T5 Neuron,input,right
2218,720575940616100255,T4c,T4 Neuron,input,left
2219,720575940616109825,T5d,T5 Neuron,input,right
2220,720575940616110523,T4b,T4 Neuron,input,right
2221,720575940616122043,T4b,T4 Neuron,input,left
2222,720575940616122674,T5a,T5 Neuron,input,right
2223,720575940616127627,T5b,T5 Neuron,input,left
2224,720575940616130955,T4a,T4 Neuron,input,right
2225,720575940616135692,T5b,T5 Neuron,input,left
2226,720575940616136565,T5c,T5 Neuron,input,right
2227,720575940616141324,T5b,T5 Neuron,input,left
2228,720575940616141378,T4a,T4 Neuron,input,left
2229,720575940616141874,T4a,T4 Neuron,input,left
2230,720575940616145595,T5a,T5 Neuron,input,left
2231,720575940616147573,T4b,T4 Neuron,input,right
2232,720575940616148330,T4a,T4 Neuron,input,right
2233,720575940616149204,T5b,T5 Neuron,input,left
2234,720575940616149435,T4d,T4 Neuron,input,right
2235,720575940616150203,T4c,T4 Neuron,input,left
2236,720575940616150459,T4b,T4 Neuron,input,left
2237,720575940616158366,T4a,T4 Neuron,input,right
2238,720575940616165738,T4a,T4 Neuron,input,right
2239,720575940616174292,T5b,T5 Neuron,input,right
2240,720575940616181721,T4d,T4 Neuron,input,left
2241,720575940616182228,T4c,T4 Neuron,input,left
2242,720575940616188021,T5a,T5 Neuron,input,right
2243,720575940616189841,T5b,T5 Neuron,input,left
2244,720575940616191861,T4c,T4 Neuron,input,right
2245,720575940616194677,T4a,T4 Neuron,input,right
2246,720575940616194772,T5d,T5 Neuron,input,right
2247,720575940616203166,T4b,T4 Neuron,input,right
2248,720575940616205707,T5d,T5 Neuron,input,right
2249,720575940616205836,T4a,T4 Neuron,input,left
2250,720575940616208982,T4a,T4 Neuron,input,right
2251,720575940616209494,T4c,T4 Neuron,input,right
2252,720575940616219353,T5b,T5 Neuron,input,right
2253,720575940616224414,T4c,T4 Neuron,input,right
2254,720575940616228725,T4a,T4 Neuron,input,right
2255,720575940616231355,T4c,T4 Neuron,input,left
2256,720575940616231641,T5a,T5 Neuron,input,right
2257,720575940616234252,T5d,T5 Neuron,input,right
2258,720575940616236446,T4d,T4 Neuron,input,right
2259,720575940616238009,T5b,T5 Neuron,input,right
2260,720575940616238521,T4c,T4 Neuron,input,right
2261,720575940616248949,T5d,T5 Neuron,input,right
2262,720575940616249461,T5d,T5 Neuron,input,right
2263,720575940616250041,T5c,T5 Neuron,input,right
2264,720575940616255861,T4b,T4 Neuron,input,left
2265,720575940616257804,T4b,T4 Neuron,input,left
2266,720575940616264646,T4d,T4 Neuron,input,left
2267,720575940616268866,T5b,T5 Neuron,input,right
2268,720575940616272962,T5c,T5 Neuron,input,right
2269,720575940616274875,T5c,T5 Neuron,input,left
2270,720575940616274971,T5a,T5 Neuron,input,right
2271,720575940616276921,T5d,T5 Neuron,input,left
2272,720575940616297689,T4d,T4 Neuron,input,right
2273,720575940616298290,T5d,T5 Neuron,input,left
2274,720575940616299314,T4a,T4 Neuron,input,left
2275,720575940616302292,T5b,T5 Neuron,input,right
2276,720575940616303774,T4d,T4 Neuron,input,right
2277,720575940616306078,T4d,T4 Neuron,input,right
2278,720575940616309137,T4d,T4 Neuron,input,left
2279,720575940616316884,T5c,T5 Neuron,input,right
2280,720575940616321492,T5a,T5 Neuron,input,left
2281,720575940616327353,T4a,T4 Neuron,input,left
2282,720575940616328633,T4c,T4 Neuron,input,left
2283,720575940616329684,T5c,T5 Neuron,input,left
2284,720575940616332742,T4a,T4 Neuron,input,left
2285,720575940616333457,T4b,T4 Neuron,input,left
2286,720575940616333499,T4c,T4 Neuron,input,left
2287,720575940616343953,T4b,T4 Neuron,input,right
2288,720575940616344849,T5b,T5 Neuron,input,right
2289,720575940616348722,T5b,T5 Neuron,input,left
2290,720575940616361228,T4d,T4 Neuron,input,left
2291,720575940616367577,T5a,T5 Neuron,input,left
2292,720575940616368667,T4d,T4 Neuron,input,right
2293,720575940616369013,T4d,T4 Neuron,input,right
2294,720575940616385842,T4c,T4 Neuron,input,left
2295,720575940616387039,T5d,T5 Neuron,input,left
2296,720575940616389430,T5d,T5 Neuron,input,left
2297,720575940616390913,T4b,T4 Neuron,input,right
2298,720575940616391797,T5a,T5 Neuron,input,right
2299,720575940616392276,T4d,T4 Neuron,input,left
2300,720575940616395487,T4d,T4 Neuron,input,left
2301,720575940616396703,T5a,T5 Neuron,input,right
2302,720575940616396917,T5b,T5 Neuron,input,right
2303,720575940616397727,T5d,T5 Neuron,input,right
2304,720575940616399071,T4c,T4 Neuron,input,left
2305,720575940616402873,T4d,T4 Neuron,input,right
2306,720575940616403423,T5c,T5 Neuron,input,left
2307,720575940616408971,T5d,T5 Neuron,input,right
2308,720575940616410129,T5d,T5 Neuron,input,right
2309,720575940616417766,T4a,T4 Neuron,input,left
2310,720575940616420319,T4c,T4 Neuron,input,left
2311,720575940616420438,T4d,T4 Neuron,input,right
2312,720575940616421094,T4c,T4 Neuron,input,left
2313,720575940616424209,T4d,T4 Neuron,input,right
2314,720575940616431628,T4b,T4 Neuron,input,left
2315,720575940616433269,T5c,T5 Neuron,input,left
2316,720575940616439330,T4d,T4 Neuron,input,right
2317,720575940616440251,T4a,T4 Neuron,input,right
2318,720575940616444347,T5a,T5 Neuron,input,left
2319,720575940616452182,T4b,T4 Neuron,input,right
2320,720575940616452950,T4c,T4 Neuron,input,right
2321,720575940616454210,T4a,T4 Neuron,input,right
2322,720575940616473830,T4b,T4 Neuron,input,left
2323,720575940616478294,T4a,T4 Neuron,input,left
2324,720575940616479547,T5d,T5 Neuron,input,right
2325,720575940616479965,T4d,T4 Neuron,input,left
2326,720575940616481766,T5d,T5 Neuron,input,right
2327,720575940616488379,T5d,T5 Neuron,input,left
2328,720575940616489010,T4a,T4 Neuron,input,left
2329,720575940616492305,T4a,T4 Neuron,input,right
2330,720575940616492998,T4a,T4 Neuron,input,left
2331,720575940616493115,T4b,T4 Neuron,input,right
2332,720575940616493243,T4d,T4 Neuron,input,left
2333,720575940616494865,T5d,T5 Neuron,input,right
2334,720575940616500786,T5c,T5 Neuron,input,left
2335,720575940616503553,T4b,T4 Neuron,input,right
2336,720575940616510325,T5b,T5 Neuron,input,left
2337,720575940616516235,T5d,T5 Neuron,input,right
2338,720575940616516865,T4c,T4 Neuron,input,right
2339,720575940616517749,T4c,T4 Neuron,input,right
2340,720575940616518612,T4a,T4 Neuron,input,right
2341,720575940616520770,T4b,T4 Neuron,input,left
2342,720575940616524305,T4c,T4 Neuron,input,right
2343,720575940616525073,T4b,T4 Neuron,input,right
2344,720575940616527633,T5a,T5 Neuron,input,right
2345,720575940616528145,T5d,T5 Neuron,input,right
2346,720575940616530006,T4c,T4 Neuron,input,right
2347,720575940616536203,T5c,T5 Neuron,input,left
2348,720575940616537461,T5d,T5 Neuron,input,left
2349,720575940616544268,T4d,T4 Neuron,input,left
2350,720575940616545675,T5b,T5 Neuron,input,left
2351,720575940616556561,T4c,T4 Neuron,input,right
2352,720575940616566459,T4b,T4 Neuron,input,left
2353,720575940616568577,T5a,T5 Neuron,input,right
2354,720575940616575062,T4b,T4 Neuron,input,right
2355,720575940616575761,T4b,T4 Neuron,input,right
2356,720575940616577653,T4a,T4 Neuron,input,right
2357,720575940616579841,T4a,T4 Neuron,input,right
2358,720575940616580865,T5a,T5 Neuron,input,right
2359,720575940616582027,T5b,T5 Neuron,input,right
2360,720575940616586891,T5c,T5 Neuron,input,right
2361,720575940616589685,T4c,T4 Neuron,input,left
2362,720575940616594037,T4d,T4 Neuron,input,right
2363,720575940616595165,T5d,T5 Neuron,input,left
2364,720575940616606779,T5c,T5 Neuron,input,right
2365,720575940616614742,T5b,T5 Neuron,input,left
2366,720575940616614978,T4b,T4 Neuron,input,right
2367,720575940616616507,T4c,T4 Neuron,input,right
2368,720575940616617885,T4b,T4 Neuron,input,left
2369,720575940616619826,T4b,T4 Neuron,input,left
2370,720575940616622292,T5b,T5 Neuron,input,left
2371,720575940616626945,T5b,T5 Neuron,input,right
2372,720575940616641058,T4a,T4 Neuron,input,right
2373,720575940616641931,T5d,T5 Neuron,input,right
2374,720575940616643618,T4c,T4 Neuron,input,right
2375,720575940616649145,T4d,T4 Neuron,input,right
2376,720575940616649617,T5a,T5 Neuron,input,right
2377,720575940616658549,T4d,T4 Neuron,input,right
2378,720575940616664337,T4c,T4 Neuron,input,right
2379,720575940616664833,T4d,T4 Neuron,input,right
2380,720575940616666146,T5d,T5 Neuron,input,right
2381,720575940616667509,T5c,T5 Neuron,input,right
2382,720575940616675033,T4c,T4 Neuron,input,left
2383,720575940616677154,T4d,T4 Neuron,input,right
2384,720575940616680587,T4d,T4 Neuron,input,right
2385,720575940616683826,T5d,T5 Neuron,input,left
2386,720575940616686225,T4d,T4 Neuron,input,right
2387,720575940616695579,T4d,T4 Neuron,input,right
2388,720575940616695835,T4a,T4 Neuron,input,right
2389,720575940616696347,T4c,T4 Neuron,input,right
2390,720575940616704596,T5c,T5 Neuron,input,left
2391,720575940616714068,T4c,T4 Neuron,input,right
2392,720575940616715421,T5c,T5 Neuron,input,left
2393,720575940616716427,T5a,T5 Neuron,input,right
2394,720575940616725009,T5c,T5 Neuron,input,right
2395,720575940616731665,T5b,T5 Neuron,input,right
2396,720575940616732722,T5c,T5 Neuron,input,right
2397,720575940616735574,T5a,T5 Neuron,input,left
2398,720575940616737734,T5a,T5 Neuron,input,left
2399,720575940616740027,T5c,T5 Neuron,input,right
2400,720575940616748249,T4c,T4 Neuron,input,right
2401,720575940616748817,T5b,T5 Neuron,input,right
2402,720575940616755798,T4c,T4 Neuron,input,left
2403,720575940616755985,T5c,T5 Neuron,input,right
2404,720575940616761617,T5b,T5 Neuron,input,right
2405,720575940616768139,T4c,T4 Neuron,input,left
2406,720575940616769297,T5a,T5 Neuron,input,right
2407,720575940616770610,T4b,T4 Neuron,input,right
2408,720575940616772182,T4b,T4 Neuron,input,left
2409,720575940616774981,T4d,T4 Neuron,input,left
2410,720575940616788573,T4c,T4 Neuron,input,right
2411,720575940616793942,T5b,T5 Neuron,input,left
2412,720575940616794930,T4c,T4 Neuron,input,right
2413,720575940616803445,T5c,T5 Neuron,input,left
2414,720575940616808534,T4d,T4 Neuron,input,left
2415,720575940616809333,T5b,T5 Neuron,input,right
2416,720575940616810582,T5d,T5 Neuron,input,left
2417,720575940616811220,T4c,T4 Neuron,input,left
2418,720575940616813470,T4d,T4 Neuron,input,left
2419,720575940616819729,T5c,T5 Neuron,input,right
2420,720575940616825275,T5d,T5 Neuron,input,left
2421,720575940616828172,T5d,T5 Neuron,input,right
2422,720575940616829780,T5a,T5 Neuron,input,left
2423,720575940616835467,T5a,T5 Neuron,input,left
2424,720575940616839766,T4a,T4 Neuron,input,left
2425,720575940616844475,T5c,T5 Neuron,input,right
2426,720575940616846934,T5b,T5 Neuron,input,right
2427,720575940616851643,T5d,T5 Neuron,input,left
2428,720575940616860756,T4d,T4 Neuron,input,left
2429,720575940616861469,T4a,T4 Neuron,input,left
2430,720575940616872331,T4c,T4 Neuron,input,right
2431,720575940616880667,T5a,T5 Neuron,input,left
2432,720575940616884795,T4d,T4 Neuron,input,left
2433,720575940616889906,T4a,T4 Neuron,input,left
2434,720575940616890897,T4b,T4 Neuron,input,right
2435,720575940616891195,T5c,T5 Neuron,input,left
2436,720575940616894681,T4b,T4 Neuron,input,right
2437,720575940616904029,T5d,T5 Neuron,input,right
2438,720575940616904889,T5b,T5 Neuron,input,right
2439,720575940616905145,T5c,T5 Neuron,input,right
2440,720575940616906641,T5d,T5 Neuron,input,right
2441,720575940616915468,T5d,T5 Neuron,input,right
2442,720575940616917004,T5d,T5 Neuron,input,right
2443,720575940616917516,T5a,T5 Neuron,input,right
2444,720575940616917772,T5a,T5 Neuron,input,right
2445,720575940616918028,T5d,T5 Neuron,input,right
2446,720575940616919109,T5b,T5 Neuron,input,right
2447,720575940616921089,T5d,T5 Neuron,input,right
2448,720575940616924428,T5b,T5 Neuron,input,left
2449,720575940616924741,T5c,T5 Neuron,input,right
2450,720575940616928185,T4b,T4 Neuron,input,right
2451,720575940616929595,T5b,T5 Neuron,input,right
2452,720575940616931101,T4c,T4 Neuron,input,right
2453,720575940616931189,T5c,T5 Neuron,input,left
2454,720575940616934203,T4d,T4 Neuron,input,right
2455,720575940616936285,T5c,T5 Neuron,input,right
2456,720575940616942731,T5a,T5 Neuron,input,left
2457,720575940616944726,T5a,T5 Neuron,input,left
2458,720575940616945238,T4a,T4 Neuron,input,left
2459,720575940616946805,T4d,T4 Neuron,input,right
2460,720575940616947573,T4d,T4 Neuron,input,right
2461,720575940616949109,T4b,T4 Neuron,input,left
2462,720575940616949977,T4b,T4 Neuron,input,right
2463,720575940616951947,T4a,T4 Neuron,input,right
2464,720575940616958533,T5d,T5 Neuron,input,left
2465,720575940616961861,T4c,T4 Neuron,input,right
2466,720575940616961878,T5d,T5 Neuron,input,left
2467,720575940616973883,T5b,T5 Neuron,input,left
2468,720575940616976657,T4b,T4 Neuron,input,right
2469,720575940616982155,T5d,T5 Neuron,input,left
2470,720575940616982411,T5d,T5 Neuron,input,left
2471,720575940616985973,T4a,T4 Neuron,input,left
2472,720575940616986251,T5b,T5 Neuron,input,left
2473,720575940616989243,T5b,T5 Neuron,input,right
2474,720575940616995985,T4c,T4 Neuron,input,right
2475,720575940616997062,T4a,T4 Neuron,input,right
2476,720575940617001266,T5d,T5 Neuron,input,left
2477,720575940617002311,T4c,T4 Neuron,input,right
2478,720575940617005383,T4b,T4 Neuron,input,right
2479,720575940617005639,T4a,T4 Neuron,input,right
2480,720575940617009735,T5d,T5 Neuron,input,right
2481,720575940617017542,T4c,T4 Neuron,input,right
2482,720575940617018183,T4a,T4 Neuron,input,right
2483,720575940617034077,T4b,T4 Neuron,input,right
2484,720575940617037068,T4c,T4 Neuron,input,left
2485,720575940617038860,T4a,T4 Neuron,input,left
2486,720575940617039733,T4d,T4 Neuron,input,left
2487,720575940617044293,T5b,T5 Neuron,input,left
2488,720575940617045365,T4d,T4 Neuron,input,left
2489,720575940617051478,T4d,T4 Neuron,input,left
2490,720575940617056598,T5d,T5 Neuron,input,left
2491,720575940617057622,T4b,T4 Neuron,input,left
2492,720575940617069115,T5c,T5 Neuron,input,right
2493,720575940617070405,T4b,T4 Neuron,input,right
2494,720575940617075798,T4c,T4 Neuron,input,left
2495,720575940617076107,T5d,T5 Neuron,input,right
2496,720575940617088837,T5c,T5 Neuron,input,left
2497,720575940617092957,T4d,T4 Neuron,input,right
2498,720575940617096005,T4a,T4 Neuron,input,left
2499,720575940617097659,T5d,T5 Neuron,input,left
2500,720575940617098681,T4c,T4 Neuron,input,right
2501,720575940617099125,T5d,T5 Neuron,input,left
2502,720575940617099532,T5a,T5 Neuron,input,left
2503,720575940617100044,T5b,T5 Neuron,input,right
2504,720575940617103163,T5c,T5 Neuron,input,left
2505,720575940617108786,T5c,T5 Neuron,input,left
2506,720575940617110233,T5b,T5 Neuron,input,right
2507,720575940617111513,T4c,T4 Neuron,input,right
2508,720575940617118533,T4d,T4 Neuron,input,left
2509,720575940617127353,T4a,T4 Neuron,input,right
2510,720575940617128377,T4a,T4 Neuron,input,right
2511,720575940617131451,T5c,T5 Neuron,input,left
2512,720575940617132262,T5d,T5 Neuron,input,right
2513,720575940617132761,T4c,T4 Neuron,input,right
2514,720575940617134036,T5d,T5 Neuron,input,right
2515,720575940617136418,T4a,T4 Neuron,input,left
2516,720575940617137937,T5a,T5 Neuron,input,right
2517,720575940617140185,T5a,T5 Neuron,input,left
2518,720575940617141204,T5a,T5 Neuron,input,right
2519,720575940617144123,T4a,T4 Neuron,input,left
2520,720575940617145361,T5c,T5 Neuron,input,right
2521,720575940617146809,T5c,T5 Neuron,input,left
2522,720575940617147409,T5c,T5 Neuron,input,right
2523,720575940617148219,T4d,T4 Neuron,input,right
2524,720575940617150676,T5a,T5 Neuron,input,right
2525,720575940617150905,T4a,T4 Neuron,input,left
2526,720575940617152598,T4c,T4 Neuron,input,left
2527,720575940617152699,T5d,T5 Neuron,input,left
2528,720575940617161531,T4b,T4 Neuron,input,right
2529,720575940617161787,T5d,T5 Neuron,input,left
2530,720575940617167243,T4c,T4 Neuron,input,left
2531,720575940617170978,T5d,T5 Neuron,input,left
2532,720575940617171985,T5d,T5 Neuron,input,right
2533,720575940617174758,T4b,T4 Neuron,input,right
2534,720575940617180049,T5b,T5 Neuron,input,right
2535,720575940617180305,T4c,T4 Neuron,input,right
2536,720575940617180857,T5a,T5 Neuron,input,right
2537,720575940617181270,T4b,T4 Neuron,input,left
2538,720575940617185403,T5b,T5 Neuron,input,right
2539,720575940617193428,T4c,T4 Neuron,input,right
2540,720575940617194937,T4c,T4 Neuron,input,right
2541,720575940617196759,T5a,T5 Neuron,input,right
2542,720575940617197140,T5a,T5 Neuron,input,right
2543,720575940617205590,T5d,T5 Neuron,input,left
2544,720575940617211351,T5b,T5 Neuron,input,right
2545,720575940617212987,T4a,T4 Neuron,input,right
2546,720575940617216441,T4c,T4 Neuron,input,right
2547,720575940617220281,T4a,T4 Neuron,input,right
2548,720575940617227449,T4c,T4 Neuron,input,right
2549,720575940617234059,T4c,T4 Neuron,input,left
2550,720575940617234132,T5c,T5 Neuron,input,right
2551,720575940617238843,T5a,T5 Neuron,input,left
2552,720575940617241437,T4c,T4 Neuron,input,right
2553,720575940617243531,T4c,T4 Neuron,input,left
2554,720575940617250489,T5d,T5 Neuron,input,right
2555,720575940617251001,T5b,T5 Neuron,input,right
2556,720575940617252923,T5a,T5 Neuron,input,right
2557,720575940617253435,T5d,T5 Neuron,input,left
2558,720575940617254801,T5c,T5 Neuron,input,right
2559,720575940617254971,T5d,T5 Neuron,input,left
2560,720575940617259094,T5a,T5 Neuron,input,left
2561,720575940617261346,T5c,T5 Neuron,input,right
2562,720575940617270484,T4c,T4 Neuron,input,right
2563,720575940617270621,T4a,T4 Neuron,input,right
2564,720575940617271508,T5a,T5 Neuron,input,right
2565,720575940617272020,T5a,T5 Neuron,input,right
2566,720575940617275665,T5a,T5 Neuron,input,right
2567,720575940617284130,T5a,T5 Neuron,input,right
2568,720575940617285265,T5c,T5 Neuron,input,left
2569,720575940617285588,T4b,T4 Neuron,input,right
2570,720575940617289361,T4b,T4 Neuron,input,left
2571,720575940617290582,T4c,T4 Neuron,input,left
2572,720575940617294166,T4c,T4 Neuron,input,left
2573,720575940617297595,T4c,T4 Neuron,input,left
2574,720575940617297723,T5a,T5 Neuron,input,left
2575,720575940617299003,T5b,T5 Neuron,input,left
2576,720575940617301177,T5b,T5 Neuron,input,right
2577,720575940617303014,T5d,T5 Neuron,input,right
2578,720575940617304788,T5a,T5 Neuron,input,right
2579,720575940617305556,T4b,T4 Neuron,input,right
2580,720575940617306068,T4a,T4 Neuron,input,right
2581,720575940617306324,T4d,T4 Neuron,input,right
2582,720575940617306841,T4a,T4 Neuron,input,right
2583,720575940617307275,T4d,T4 Neuron,input,left
2584,720575940617308277,T4a,T4 Neuron,input,right
2585,720575940617311761,T5d,T5 Neuron,input,right
2586,720575940617312827,T4a,T4 Neuron,input,left
2587,720575940617316825,T4a,T4 Neuron,input,left
2588,720575940617322304,T5a,T5 Neuron,input,right
2589,720575940617323805,T4c,T4 Neuron,input,left
2590,720575940617324061,T5c,T5 Neuron,input,left
2591,720575940617326777,T4c,T4 Neuron,input,left
2592,720575940617339835,T4c,T4 Neuron,input,right
2593,720575940617340736,T5b,T5 Neuron,input,right
2594,720575940617342169,T4c,T4 Neuron,input,right
2595,720575940617345467,T4a,T4 Neuron,input,left
2596,720575940617345753,T4a,T4 Neuron,input,right
2597,720575940617348582,T4c,T4 Neuron,input,right
2598,720575940617353428,T5d,T5 Neuron,input,left
2599,720575940617354937,T5c,T5 Neuron,input,left
2600,720575940617358009,T4b,T4 Neuron,input,right
2601,720575940617361206,T4d,T4 Neuron,input,right
2602,720575940617362747,T4b,T4 Neuron,input,left
2603,720575940617365597,T5d,T5 Neuron,input,left
2604,720575940617365990,T5a,T5 Neuron,input,right
2605,720575940617366155,T5d,T5 Neuron,input,left
2606,720575940617368123,T5c,T5 Neuron,input,right
2607,720575940617368128,T4c,T4 Neuron,input,left
2608,720575940617369693,T5a,T5 Neuron,input,left
2609,720575940617376985,T4a,T4 Neuron,input,right
2610,720575940617378833,T4d,T4 Neuron,input,right
2611,720575940617380672,T5a,T5 Neuron,input,left
2612,720575940617381817,T5b,T5 Neuron,input,left
2613,720575940617382740,T5b,T5 Neuron,input,right
2614,720575940617387035,T5d,T5 Neuron,input,right
2615,720575940617388427,T4c,T4 Neuron,input,left
2616,720575940617389529,T5a,T5 Neuron,input,left
2617,720575940617390910,T4a,T4 Neuron,input,right
2618,720575940617391249,T4a,T4 Neuron,input,right
2619,720575940617396497,T5b,T5 Neuron,input,right
2620,720575940617397433,T4c,T4 Neuron,input,right
2621,720575940617406937,T5b,T5 Neuron,input,left
2622,720575940617407161,T5b,T5 Neuron,input,left
2623,720575940617407705,T4a,T4 Neuron,input,right
2624,720575940617409349,T5d,T5 Neuron,input,right
2625,720575940617413561,T5d,T5 Neuron,input,left
2626,720575940617414283,T5c,T5 Neuron,input,left
2627,720575940617416660,T4a,T4 Neuron,input,right
2628,720575940617417275,T5b,T5 Neuron,input,left
2629,720575940617423189,T5b,T5 Neuron,input,left
2630,720575940617426496,T5b,T5 Neuron,input,left
2631,720575940617426773,T5b,T5 Neuron,input,left
2632,720575940617433318,T4c,T4 Neuron,input,right
2633,720575940617434324,T4c,T4 Neuron,input,left
2634,720575940617435712,T5a,T5 Neuron,input,left
2635,720575940617437913,T5b,T5 Neuron,input,left
2636,720575940617439542,T4b,T4 Neuron,input,left
2637,720575940617441209,T4d,T4 Neuron,input,left
2638,720575940617442022,T5d,T5 Neuron,input,right
2639,720575940617443677,T4b,T4 Neuron,input,right
2640,720575940617449250,T4c,T4 Neuron,input,right
2641,720575940617462502,T5a,T5 Neuron,input,right
2642,720575940617469021,T4c,T4 Neuron,input,left
2643,720575940617469277,T5c,T5 Neuron,input,left
2644,720575940617470609,T5b,T5 Neuron,input,right
2645,720575940617471889,T4c,T4 Neuron,input,left
2646,720575940617473163,T5b,T5 Neuron,input,right
2647,720575940617473721,T5d,T5 Neuron,input,left
2648,720575940617474561,T4c,T4 Neuron,input,right
2649,720575940617475473,T5b,T5 Neuron,input,left
2650,720575940617483094,T4d,T4 Neuron,input,right
2651,720575940617485286,T5c,T5 Neuron,input,right
2652,720575940617488641,T4d,T4 Neuron,input,right
2653,720575940617488852,T4d,T4 Neuron,input,right
2654,720575940617495508,T5b,T5 Neuron,input,right
2655,720575940617495867,T4d,T4 Neuron,input,right
2656,720575940617495925,T5c,T5 Neuron,input,left
2657,720575940617500884,T4a,T4 Neuron,input,left
2658,720575940617501881,T4b,T4 Neuron,input,left
2659,720575940617502164,T5c,T5 Neuron,input,left
2660,720575940617503121,T5b,T5 Neuron,input,left
2661,720575940617508281,T5b,T5 Neuron,input,left
2662,720575940617509174,T4a,T4 Neuron,input,left
2663,720575940617509947,T5b,T5 Neuron,input,left
2664,720575940617512121,T5b,T5 Neuron,input,right
2665,720575940617514241,T4c,T4 Neuron,input,right
2666,720575940617515409,T5b,T5 Neuron,input,left
2667,720575940617516729,T5b,T5 Neuron,input,right
2668,720575940617516985,T5a,T5 Neuron,input,right
2669,720575940617517524,T4b,T4 Neuron,input,left
2670,720575940617519773,T5d,T5 Neuron,input,right
2671,720575940617520084,T5b,T5 Neuron,input,left
2672,720575940617527413,T4d,T4 Neuron,input,left
2673,720575940617529378,T5b,T5 Neuron,input,right
2674,720575940617531478,T5d,T5 Neuron,input,right
2675,720575940617537681,T5c,T5 Neuron,input,left
2676,720575940617543124,T5c,T5 Neuron,input,left
2677,720575940617545985,T5c,T5 Neuron,input,left
2678,720575940617548177,T5d,T5 Neuron,input,left
2679,720575940617554900,T4a,T4 Neuron,input,right
2680,720575940617557204,T5d,T5 Neuron,input,left
2681,720575940617557649,T4d,T4 Neuron,input,right
2682,720575940617557794,T5a,T5 Neuron,input,left
2683,720575940617561949,T4b,T4 Neuron,input,left
2684,720575940617566609,T4b,T4 Neuron,input,left
2685,720575940617572609,T5a,T5 Neuron,input,right
2686,720575940617572820,T4b,T4 Neuron,input,left
2687,720575940617574585,T4c,T4 Neuron,input,left
2688,720575940617576226,T5c,T5 Neuron,input,right
2689,720575940617576660,T4b,T4 Neuron,input,left
2690,720575940617578201,T4c,T4 Neuron,input,right
2691,720575940617580381,T4c,T4 Neuron,input,left
2692,720575940617583505,T4c,T4 Neuron,input,left
2693,720575940617585108,T5c,T5 Neuron,input,left
2694,720575940617585364,T5c,T5 Neuron,input,left
2695,720575940617586210,T5b,T5 Neuron,input,right
2696,720575940617588198,T5c,T5 Neuron,input,right
2697,720575940617593062,T5b,T5 Neuron,input,left
2698,720575940617593378,T4b,T4 Neuron,input,left
2699,720575940617597881,T4a,T4 Neuron,input,left
2700,720575940617598109,T4b,T4 Neuron,input,right
2701,720575940617599193,T4c,T4 Neuron,input,left
2702,720575940617604820,T5a,T5 Neuron,input,right
2703,720575940617607385,T5d,T5 Neuron,input,left
2704,720575940617607937,T5b,T5 Neuron,input,left
2705,720575940617608377,T4b,T4 Neuron,input,left
2706,720575940617610043,T4c,T4 Neuron,input,left
2707,720575940617611481,T4d,T4 Neuron,input,left
2708,720575940617614265,T4a,T4 Neuron,input,right
2709,720575940617615078,T4d,T4 Neuron,input,right
2710,720575940617616529,T5a,T5 Neuron,input,left
2711,720575940617622100,T5c,T5 Neuron,input,right
2712,720575940617634233,T5b,T5 Neuron,input,right
2713,720575940617634388,T5c,T5 Neuron,input,right
2714,720575940617634594,T5b,T5 Neuron,input,right
2715,720575940617636057,T4b,T4 Neuron,input,right
2716,720575940617636155,T4a,T4 Neuron,input,left
2717,720575940617636609,T5d,T5 Neuron,input,right
2718,720575940617638814,T5b,T5 Neuron,input,right
2719,720575940617643705,T4c,T4 Neuron,input,right
2720,720575940617643810,T5b,T5 Neuron,input,right
2721,720575940617644149,T5a,T5 Neuron,input,left
2722,720575940617644171,T4c,T4 Neuron,input,right
2723,720575940617645213,T4b,T4 Neuron,input,left
2724,720575940617646265,T4c,T4 Neuron,input,right
2725,720575940617647590,T4c,T4 Neuron,input,left
2726,720575940617650590,T5d,T5 Neuron,input,left
2727,720575940617656610,T5b,T5 Neuron,input,left
2728,720575940617657205,T5d,T5 Neuron,input,right
2729,720575940617657556,T4b,T4 Neuron,input,left
2730,720575940617659833,T4a,T4 Neuron,input,left
2731,720575940617665885,T4b,T4 Neuron,input,right
2732,720575940617671142,T5c,T5 Neuron,input,left
2733,720575940617671636,T4a,T4 Neuron,input,left
2734,720575940617674196,T5b,T5 Neuron,input,left
2735,720575940617675732,T4d,T4 Neuron,input,left
2736,720575940617679361,T4b,T4 Neuron,input,left
2737,720575940617682321,T4b,T4 Neuron,input,left
2738,720575940617684027,T4a,T4 Neuron,input,right
2739,720575940617686356,T5c,T5 Neuron,input,left
2740,720575940617689561,T5d,T5 Neuron,input,right
2741,720575940617690041,T5b,T5 Neuron,input,left
2742,720575940617692573,T5c,T5 Neuron,input,left
2743,720575940617694182,T5b,T5 Neuron,input,right
2744,720575940617694694,T5d,T5 Neuron,input,left
2745,720575940617699513,T5c,T5 Neuron,input,left
2746,720575940617699998,T4c,T4 Neuron,input,right
2747,720575940617702868,T5c,T5 Neuron,input,left
2748,720575940617705629,T5b,T5 Neuron,input,left
2749,720575940617712214,T5c,T5 Neuron,input,right
2750,720575940617712529,T4a,T4 Neuron,input,left
2751,720575940617713245,T4d,T4 Neuron,input,left
2752,720575940617718758,T4a,T4 Neuron,input,right
2753,720575940617720404,T5a,T5 Neuron,input,right
2754,720575940617720916,T5c,T5 Neuron,input,right
2755,720575940617721172,T4d,T4 Neuron,input,right
2756,720575940617722525,T5a,T5 Neuron,input,right
2757,720575940617732948,T5c,T5 Neuron,input,right
2758,720575940617735380,T5a,T5 Neuron,input,right
2759,720575940617743060,T5a,T5 Neuron,input,left
2760,720575940617743901,T5a,T5 Neuron,input,right
2761,720575940617745698,T5a,T5 Neuron,input,right
2762,720575940617747037,T4b,T4 Neuron,input,right
2763,720575940617750299,T5b,T5 Neuron,input,right
2764,720575940617756283,T4c,T4 Neuron,input,left
2765,720575940617760670,T4c,T4 Neuron,input,right
2766,720575940617762049,T5a,T5 Neuron,input,right
2767,720575940617765862,T5a,T5 Neuron,input,left
2768,720575940617771803,T4c,T4 Neuron,input,right
2769,720575940617777337,T5b,T5 Neuron,input,left
2770,720575940617780153,T5b,T5 Neuron,input,left
2771,720575940617780241,T4c,T4 Neuron,input,right
2772,720575940617781661,T4c,T4 Neuron,input,right
2773,720575940617782813,T4a,T4 Neuron,input,left
2774,720575940617782941,T5c,T5 Neuron,input,right
2775,720575940617783581,T4c,T4 Neuron,input,left
2776,720575940617783809,T4d,T4 Neuron,input,right
2777,720575940617783931,T4b,T4 Neuron,input,left
2778,720575940617786113,T4b,T4 Neuron,input,right
2779,720575940617789524,T5a,T5 Neuron,input,right
2780,720575940617795668,T4a,T4 Neuron,input,right
2781,720575940617796820,T5a,T5 Neuron,input,left
2782,720575940617803911,T4a,T4 Neuron,input,right
2783,720575940617807505,T5d,T5 Neuron,input,left
2784,720575940617807650,T5d,T5 Neuron,input,right
2785,720575940617808981,T4b,T4 Neuron,input,left
2786,720575940617809809,T4c,T4 Neuron,input,right
2787,720575940617811929,T4b,T4 Neuron,input,right
2788,720575940617813478,T4c,T4 Neuron,input,left
2789,720575940617815481,T5c,T5 Neuron,input,right
2790,720575940617817556,T4b,T4 Neuron,input,left
2791,720575940617817629,T4c,T4 Neuron,input,right
2792,720575940617820955,T5c,T5 Neuron,input,right
2793,720575940617821881,T5b,T5 Neuron,input,right
2794,720575940617825629,T4a,T4 Neuron,input,right
2795,720575940617826141,T4c,T4 Neuron,input,left
2796,720575940617826397,T5c,T5 Neuron,input,left
2797,720575940617830289,T5a,T5 Neuron,input,left
2798,720575940617831202,T5c,T5 Neuron,input,left
2799,720575940617832758,T5b,T5 Neuron,input,right
2800,720575940617832788,T4c,T4 Neuron,input,right
2801,720575940617836801,T5d,T5 Neuron,input,left
2802,720575940617840897,T5c,T5 Neuron,input,left
2803,720575940617841297,T4b,T4 Neuron,input,left
2804,720575940617844481,T4b,T4 Neuron,input,left
2805,720575940617844881,T4c,T4 Neuron,input,left
2806,720575940617845277,T4b,T4 Neuron,input,right
2807,720575940617845533,T5b,T5 Neuron,input,right
2808,720575940617847454,T4a,T4 Neuron,input,right
2809,720575940617852573,T5c,T5 Neuron,input,left
2810,720575940617861649,T4a,T4 Neuron,input,right
2811,720575940617861755,T5d,T5 Neuron,input,right
2812,720575940617865105,T4d,T4 Neuron,input,left
2813,720575940617871833,T5a,T5 Neuron,input,left
2814,720575940617871965,T5a,T5 Neuron,input,left
2815,720575940617872797,T5a,T5 Neuron,input,left
2816,720575940617873565,T4c,T4 Neuron,input,left
2817,720575940617873698,T5a,T5 Neuron,input,left
2818,720575940617874781,T4a,T4 Neuron,input,right
2819,720575940617880916,T5b,T5 Neuron,input,right
2820,720575940617887133,T5b,T5 Neuron,input,left
2821,720575940617888157,T4d,T4 Neuron,input,right
2822,720575940617889595,T5d,T5 Neuron,input,left
2823,720575940617889977,T4c,T4 Neuron,input,left
2824,720575940617890132,T4d,T4 Neuron,input,right
2825,720575940617891329,T5a,T5 Neuron,input,left
2826,720575940617892189,T4b,T4 Neuron,input,left
2827,720575940617897729,T4b,T4 Neuron,input,left
2828,720575940617904541,T4d,T4 Neuron,input,right
2829,720575940617907101,T4c,T4 Neuron,input,left
2830,720575940617908875,T4c,T4 Neuron,input,left
2831,720575940617909268,T4c,T4 Neuron,input,left
2832,720575940617909627,T4d,T4 Neuron,input,left
2833,720575940617910804,T4c,T4 Neuron,input,left
2834,720575940617912443,T5b,T5 Neuron,input,left
2835,720575940617915677,T4d,T4 Neuron,input,left
2836,720575940617915933,T5d,T5 Neuron,input,left
2837,720575940617916889,T4c,T4 Neuron,input,left
2838,720575940617917926,T5c,T5 Neuron,input,right
2839,720575940617918621,T4c,T4 Neuron,input,left
2840,720575940617925067,T4a,T4 Neuron,input,right
2841,720575940617930241,T4d,T4 Neuron,input,left
2842,720575940617930897,T4c,T4 Neuron,input,left
2843,720575940617936197,T4d,T4 Neuron,input,right
2844,720575940617943124,T5c,T5 Neuron,input,right
2845,720575940617948957,T4a,T4 Neuron,input,right
2846,720575940617951889,T4c,T4 Neuron,input,left
2847,720575940617951974,T5a,T5 Neuron,input,left
2848,720575940617953793,T4a,T4 Neuron,input,left
2849,720575940617955073,T4d,T4 Neuron,input,right
2850,720575940617957149,T4b,T4 Neuron,input,right
2851,720575940617961245,T4b,T4 Neuron,input,right
2852,720575940617963934,T5d,T5 Neuron,input,left
2853,720575940617964379,T5c,T5 Neuron,input,right
2854,720575940617967773,T4c,T4 Neuron,input,right
2855,720575940617969126,T4a,T4 Neuron,input,left
2856,720575940617969153,T4a,T4 Neuron,input,left
2857,720575940617969937,T4b,T4 Neuron,input,right
2858,720575940617971217,T4d,T4 Neuron,input,right
2859,720575940617972198,T5c,T5 Neuron,input,left
2860,720575940617975586,T4a,T4 Neuron,input,right
2861,720575940617976389,T5b,T5 Neuron,input,right
2862,720575940617979037,T4a,T4 Neuron,input,left
2863,720575940617980116,T4d,T4 Neuron,input,left
2864,720575940617980372,T4a,T4 Neuron,input,left
2865,720575940617988097,T5a,T5 Neuron,input,right
2866,720575940617988353,T4a,T4 Neuron,input,right
2867,720575940617993506,T5c,T5 Neuron,input,left
2868,720575940617997917,T5c,T5 Neuron,input,left
2869,720575940617999645,T4c,T4 Neuron,input,right
2870,720575940617999680,T4b,T4 Neuron,input,right
2871,720575940618000273,T4c,T4 Neuron,input,left
2872,720575940618004770,T5d,T5 Neuron,input,left
2873,720575940618007164,T5b,T5 Neuron,input,left
2874,720575940618008645,T4d,T4 Neuron,input,right
2875,720575940618009318,T5a,T5 Neuron,input,right
2876,720575940618010942,T4b,T4 Neuron,input,right
2877,720575940618011163,T4a,T4 Neuron,input,left
2878,720575940618012089,T5c,T5 Neuron,input,left
2879,720575940618022557,T4d,T4 Neuron,input,left
2880,720575940618030081,T5b,T5 Neuron,input,left
2881,720575940618032569,T5d,T5 Neuron,input,left
2882,720575940618034000,T4c,T4 Neuron,input,left
2883,720575940618036293,T5b,T5 Neuron,input,left
2884,720575940618036710,T4c,T4 Neuron,input,left
2885,720575940618037990,T4c,T4 Neuron,input,right
2886,720575940618038109,T4a,T4 Neuron,input,right
2887,720575940618038457,T5a,T5 Neuron,input,left
2888,720575940618038651,T4a,T4 Neuron,input,right
2889,720575940618040347,T5a,T5 Neuron,input,left
2890,720575940618040404,T5c,T5 Neuron,input,left
2891,720575940618052426,T5c,T5 Neuron,input,right
2892,720575940618053147,T5b,T5 Neuron,input,right
2893,720575940618056005,T4b,T4 Neuron,input,right
2894,720575940618059604,T4a,T4 Neuron,input,right
2895,720575940618064965,T5c,T5 Neuron,input,right
2896,720575940618066715,T4a,T4 Neuron,input,right
2897,720575940618067739,T5c,T5 Neuron,input,right
2898,720575940618069077,T5a,T5 Neuron,input,right
2899,720575940618069721,T4d,T4 Neuron,input,right
2900,720575940618074205,T4c,T4 Neuron,input,right
2901,720575940618080093,T5d,T5 Neuron,input,left
2902,720575940618087709,T4a,T4 Neuron,input,left
2903,720575940618091035,T5d,T5 Neuron,input,left
2904,720575940618091860,T4c,T4 Neuron,input,left
2905,720575940618095429,T5c,T5 Neuron,input,left
2906,720575940618095650,T5d,T5 Neuron,input,left
2907,720575940618096411,T4d,T4 Neuron,input,right
2908,720575940618097482,T5d,T5 Neuron,input,right
2909,720575940618097821,T4a,T4 Neuron,input,right
2910,720575940618097947,T5b,T5 Neuron,input,left
2911,720575940618100770,T5d,T5 Neuron,input,left
2912,720575940618102484,T4a,T4 Neuron,input,left
2913,720575940618107220,T5c,T5 Neuron,input,right
2914,720575940618107675,T4c,T4 Neuron,input,left
2915,720575940618108955,T5b,T5 Neuron,input,left
2916,720575940618112069,T5b,T5 Neuron,input,right
2917,720575940618114082,T4c,T4 Neuron,input,right
2918,720575940618116642,T4d,T4 Neuron,input,left
2919,720575940618119970,T5c,T5 Neuron,input,right
2920,720575940618125969,T5a,T5 Neuron,input,left
2921,720575940618127387,T4c,T4 Neuron,input,left
2922,720575940618136859,T4b,T4 Neuron,input,right
2923,720575940618137076,T5a,T5 Neuron,input,left
2924,720575940618137165,T5b,T5 Neuron,input,right
2925,720575940618139419,T4d,T4 Neuron,input,left
2926,720575940618143261,T5c,T5 Neuron,input,right
2927,720575940618143449,T5b,T5 Neuron,input,left
2928,720575940618146022,T5d,T5 Neuron,input,left
2929,720575940618146875,T4d,T4 Neuron,input,left
2930,720575940618151195,T4c,T4 Neuron,input,left
2931,720575940618154304,T5a,T5 Neuron,input,right
2932,720575940618159033,T5c,T5 Neuron,input,left
2933,720575940618159289,T4b,T4 Neuron,input,left
2934,720575940618161126,T5a,T5 Neuron,input,right
2935,720575940618162973,T4a,T4 Neuron,input,left
2936,720575940618168038,T4c,T4 Neuron,input,left
2937,720575940618169574,T5a,T5 Neuron,input,left
2938,720575940618171677,T5b,T5 Neuron,input,left
2939,720575940618172121,T5c,T5 Neuron,input,right
2940,720575940618176027,T5c,T5 Neuron,input,right
2941,720575940618177349,T5c,T5 Neuron,input,right
2942,720575940618177693,T4d,T4 Neuron,input,left
2943,720575940618179540,T5c,T5 Neuron,input,left
2944,720575940618181606,T4a,T4 Neuron,input,right
2945,720575940618183569,T4d,T4 Neuron,input,right
2946,720575940618185787,T5a,T5 Neuron,input,left
2947,720575940618193665,T5c,T5 Neuron,input,left
2948,720575940618196381,T5d,T5 Neuron,input,left
2949,720575940618196549,T4c,T4 Neuron,input,right
2950,720575940618198395,T5b,T5 Neuron,input,right
2951,720575940618199513,T5a,T5 Neuron,input,left
2952,720575940618207045,T5b,T5 Neuron,input,right
2953,720575940618208285,T5b,T5 Neuron,input,left
2954,720575940618210305,T5d,T5 Neuron,input,left
2955,720575940618214685,T4a,T4 Neuron,input,right
2956,720575940618215451,T4a,T4 Neuron,input,left
2957,720575940618218779,T4c,T4 Neuron,input,left
2958,720575940618229312,T5d,T5 Neuron,input,right
2959,720575940618229332,T5c,T5 Neuron,input,right
2960,720575940618240769,T5b,T5 Neuron,input,right
2961,720575940618244898,T4b,T4 Neuron,input,left
2962,720575940618245789,T5a,T5 Neuron,input,left
2963,720575940618251333,T4d,T4 Neuron,input,right
2964,720575940618253528,T5c,T5 Neuron,input,right
2965,720575940618255168,T4a,T4 Neuron,input,left
2966,720575940618256724,T5d,T5 Neuron,input,right
2967,720575940618257053,T5b,T5 Neuron,input,left
2968,720575940618257337,T5d,T5 Neuron,input,left
2969,720575940618258845,T4c,T4 Neuron,input,right
2970,720575940618259357,T4c,T4 Neuron,input,left
2971,720575940618260509,T4b,T4 Neuron,input,left
2972,720575940618262758,T5d,T5 Neuron,input,left
2973,720575940618264024,T4b,T4 Neuron,input,left
2974,720575940618264404,T4b,T4 Neuron,input,right
2975,720575940618265172,T4c,T4 Neuron,input,right
2976,720575940618265940,T5b,T5 Neuron,input,right
2977,720575940618269341,T4c,T4 Neuron,input,left
2978,720575940618270754,T4d,T4 Neuron,input,left
2979,720575940618270877,T4c,T4 Neuron,input,right
2980,720575940618271316,T4b,T4 Neuron,input,left
2981,720575940618273821,T5c,T5 Neuron,input,left
2982,720575940618283604,T4b,T4 Neuron,input,left
2983,720575940618283961,T4d,T4 Neuron,input,right
2984,720575940618295768,T4c,T4 Neuron,input,left
2985,720575940618300756,T5d,T5 Neuron,input,left
2986,720575940618303557,T4b,T4 Neuron,input,left
2987,720575940618305108,T5c,T5 Neuron,input,left
2988,720575940618305620,T5c,T5 Neuron,input,left
2989,720575940618314048,T5c,T5 Neuron,input,right
2990,720575940618314053,T4b,T4 Neuron,input,left
2991,720575940618314937,T5b,T5 Neuron,input,left
2992,720575940618317617,T5d,T5 Neuron,input,left
2993,720575940618317853,T4c,T4 Neuron,input,left
2994,720575940618321382,T4c,T4 Neuron,input,left
2995,720575940618322971,T5a,T5 Neuron,input,right
2996,720575940618324564,T4c,T4 Neuron,input,left
2997,720575940618331456,T4a,T4 Neuron,input,right
2998,720575940618336635,T4a,T4 Neuron,input,left
2999,720575940618340416,T4c,T4 Neuron,input,right
3000,720575940618343252,T5d,T5 Neuron,input,left
3001,720575940618344571,T4c,T4 Neuron,input,right
3002,720575940618345243,T4d,T4 Neuron,input,left
3003,720575940618345499,T5d,T5 Neuron,input,left
3004,720575940618345729,T5a,T5 Neuron,input,right
3005,720575940618349825,T5c,T5 Neuron,input,left
3006,720575940618350672,T4a,T4 Neuron,input,left
3007,720575940618358085,T4c,T4 Neuron,input,left
3008,720575940618364293,T4c,T4 Neuron,input,left
3009,720575940618364561,T4a,T4 Neuron,input,left
3010,720575940618365725,T4d,T4 Neuron,input,left
3011,720575940618366021,T4b,T4 Neuron,input,right
3012,720575940618366528,T4b,T4 Neuron,input,right
3013,720575940618368001,T5c,T5 Neuron,input,left
3014,720575940618368216,T4c,T4 Neuron,input,right
3015,720575940618369590,T5b,T5 Neuron,input,left
3016,720575940618369856,T4b,T4 Neuron,input,left
3017,720575940618373962,T4a,T4 Neuron,input,right
3018,720575940618375197,T4a,T4 Neuron,input,right
3019,720575940618375232,T5c,T5 Neuron,input,right
3020,720575940618375451,T4a,T4 Neuron,input,left
3021,720575940618376522,T4c,T4 Neuron,input,right
3022,720575940618377024,T5d,T5 Neuron,input,right
3023,720575940618380352,T4c,T4 Neuron,input,left
3024,720575940618381981,T4c,T4 Neuron,input,right
3025,720575940618382400,T4c,T4 Neuron,input,left
3026,720575940618400216,T5d,T5 Neuron,input,right
3027,720575940618404312,T5b,T5 Neuron,input,right
3028,720575940618406941,T4b,T4 Neuron,input,left
3029,720575940618407195,T4a,T4 Neuron,input,left
3030,720575940618412869,T4c,T4 Neuron,input,left
3031,720575940618420820,T4c,T4 Neuron,input,left
3032,720575940618422043,T4a,T4 Neuron,input,left
3033,720575940618426717,T5c,T5 Neuron,input,left
3034,720575940618428756,T5b,T5 Neuron,input,left
3035,720575940618431435,T4a,T4 Neuron,input,left
3036,720575940618432413,T4d,T4 Neuron,input,right
3037,720575940618441812,T5c,T5 Neuron,input,left
3038,720575940618442955,T5a,T5 Neuron,input,left
3039,720575940618444155,T4a,T4 Neuron,input,right
3040,720575940618445241,T4b,T4 Neuron,input,right
3041,720575940618448923,T4c,T4 Neuron,input,left
3042,720575940618454848,T5a,T5 Neuron,input,left
3043,720575940618458176,T4a,T4 Neuron,input,right
3044,720575940618459712,T4a,T4 Neuron,input,right
3045,720575940618463793,T4c,T4 Neuron,input,left
3046,720575940618464093,T4b,T4 Neuron,input,left
3047,720575940618468485,T5b,T5 Neuron,input,left
3048,720575940618468692,T4c,T4 Neuron,input,right
3049,720575940618475422,T4d,T4 Neuron,input,right
3050,720575940618475569,T5c,T5 Neuron,input,right
3051,720575940618482013,T5c,T5 Neuron,input,left
3052,720575940618485312,T4c,T4 Neuron,input,right
3053,720575940618489115,T4c,T4 Neuron,input,right
3054,720575940618489142,T4b,T4 Neuron,input,left
3055,720575940618491805,T4a,T4 Neuron,input,left
3056,720575940618493253,T5a,T5 Neuron,input,right
3057,720575940618493509,T5a,T5 Neuron,input,right
3058,720575940618500918,T4d,T4 Neuron,input,left
3059,720575940618502091,T5d,T5 Neuron,input,left
3060,720575940618502841,T4d,T4 Neuron,input,right
3061,720575940618504081,T4a,T4 Neuron,input,left
3062,720575940618506955,T5b,T5 Neuron,input,left
3063,720575940618509851,T4a,T4 Neuron,input,left
3064,720575940618511643,T5a,T5 Neuron,input,left
3065,720575940618516683,T5c,T5 Neuron,input,left
3066,720575940618517794,T4c,T4 Neuron,input,right
3067,720575940618521035,T4c,T4 Neuron,input,left
3068,720575940618525725,T4b,T4 Neuron,input,left
3069,720575940618527515,T4d,T4 Neuron,input,left
3070,720575940618530763,T5c,T5 Neuron,input,left
3071,720575940618531585,T4b,T4 Neuron,input,right
3072,720575940618536350,T4c,T4 Neuron,input,right
3073,720575940618540237,T4c,T4 Neuron,input,left
3074,720575940618542795,T4a,T4 Neuron,input,left
3075,720575940618543680,T5b,T5 Neuron,input,left
3076,720575940618547659,T4b,T4 Neuron,input,left
3077,720575940618552404,T5a,T5 Neuron,input,left
3078,720575940618558272,T4c,T4 Neuron,input,left
3079,720575940618562368,T5d,T5 Neuron,input,left
3080,720575940618566685,T4d,T4 Neuron,input,left
3081,720575940618569029,T5c,T5 Neuron,input,left
3082,720575940618569762,T4c,T4 Neuron,input,left
3083,720575940618576797,T4d,T4 Neuron,input,left
3084,720575940618584603,T4c,T4 Neuron,input,left
3085,720575940618594589,T4c,T4 Neuron,input,left
3086,720575940618600059,T5c,T5 Neuron,input,right
3087,720575940618601893,T4d,T4 Neuron,input,left
3088,720575940618607262,T5c,T5 Neuron,input,right
3089,720575940618613451,T4b,T4 Neuron,input,left
3090,720575940618614942,T5d,T5 Neuron,input,right
3091,720575940618616733,T5c,T5 Neuron,input,right
3092,720575940618618934,T5b,T5 Neuron,input,left
3093,720575940618623181,T5a,T5 Neuron,input,left
3094,720575940618625645,T5a,T5 Neuron,input,left
3095,720575940618627669,T5d,T5 Neuron,input,right
3096,720575940618630720,T4b,T4 Neuron,input,right
3097,720575940618632532,T5d,T5 Neuron,input,left
3098,720575940618632768,T5b,T5 Neuron,input,left
3099,720575940618635899,T5a,T5 Neuron,input,left
3100,720575940618637691,T4a,T4 Neuron,input,left
3101,720575940618639189,T5b,T5 Neuron,input,left
3102,720575940618642998,T5a,T5 Neuron,input,right
3103,720575940618647872,T5d,T5 Neuron,input,left
3104,720575940618650864,T4c,T4 Neuron,input,left
3105,720575940618651864,T4a,T4 Neuron,input,right
3106,720575940618652982,T5b,T5 Neuron,input,right
3107,720575940618654282,T5d,T5 Neuron,input,right
3108,720575940618655061,T4d,T4 Neuron,input,left
3109,720575940618657403,T4d,T4 Neuron,input,right
3110,720575940618658171,T5a,T5 Neuron,input,right
3111,720575940618664533,T5d,T5 Neuron,input,right
3112,720575940618665339,T5b,T5 Neuron,input,right
3113,720575940618665595,T4c,T4 Neuron,input,right
3114,720575940618669773,T5a,T5 Neuron,input,left
3115,720575940618676800,T4b,T4 Neuron,input,left
3116,720575940618677893,T5a,T5 Neuron,input,left
3117,720575940618681709,VS7,VS,processing,right
3118,720575940618682448,T5d,T5 Neuron,input,left
3119,720575940618683677,T4d,T4 Neuron,input,left
3120,720575940618684480,T5c,T5 Neuron,input,left
3121,720575940618693154,T4c,T4 Neuron,input,left
3122,720575940618700248,T4a,T4 Neuron,input,right
3123,720575940618700504,T4c,T4 Neuron,input,right
3124,720575940618703696,T5c,T5 Neuron,input,left
3125,720575940618703941,T4d,T4 Neuron,input,right
3126,720575940618704453,T4d,T4 Neuron,input,right
3127,720575940618714235,T4d,T4 Neuron,input,right
3128,720575940618714651,T5b,T5 Neuron,input,left
3129,720575940618717819,T5a,T5 Neuron,input,right
3130,720575940618720926,T4d,T4 Neuron,input,right
3131,720575940618722112,T4d,T4 Neuron,input,left
3132,720575940618723397,T5a,T5 Neuron,input,left
3133,720575940618727291,T4d,T4 Neuron,input,right
3134,720575940618730107,T5a,T5 Neuron,input,right
3135,720575940618730325,T5d,T5 Neuron,input,left
3136,720575940618750006,T4c,T4 Neuron,input,right
3137,720575940618751045,T5b,T5 Neuron,input,left
3138,720575940618752837,T4b,T4 Neuron,input,left
3139,720575940618752853,T5a,T5 Neuron,input,right
3140,720575940618755638,T5a,T5 Neuron,input,right
3141,720575940618756150,T4b,T4 Neuron,input,left
3142,720575940618757147,T5d,T5 Neuron,input,right
3143,720575940618757430,T4c,T4 Neuron,input,right
3144,720575940618757686,T5c,T5 Neuron,input,left
3145,720575940618763803,T4c,T4 Neuron,input,left
3146,720575940618769054,T5d,T5 Neuron,input,left
3147,720575940618773840,T4c,T4 Neuron,input,right
3148,720575940618774848,T4a,T4 Neuron,input,right
3149,720575940618776354,T5d,T5 Neuron,input,right
3150,720575940618778914,T4d,T4 Neuron,input,right
3151,720575940618780752,T5c,T5 Neuron,input,left
3152,720575940618782599,T4c,T4 Neuron,input,right
3153,720575940618787229,T5d,T5 Neuron,input,right
3154,720575940618802000,T4a,T4 Neuron,input,right
3155,720575940618805627,T5a,T5 Neuron,input,left
3156,720575940618813563,T5d,T5 Neuron,input,right
3157,720575940618817403,T5a,T5 Neuron,input,left
3158,720575940618818462,T4a,T4 Neuron,input,right
3159,720575940618827318,T4b,T4 Neuron,input,right
3160,720575940618832720,T5a,T5 Neuron,input,right
3161,720575940618862971,T4d,T4 Neuron,input,left
3162,720575940618865472,T4a,T4 Neuron,input,right
3163,720575940618869627,T5c,T5 Neuron,input,left
3164,720575940618881950,T5d,T5 Neuron,input,left
3165,720575940618882427,T4b,T4 Neuron,input,right
3166,720575940618905246,T5d,T5 Neuron,input,left
3167,720575940618906270,T4c,T4 Neuron,input,left
3168,720575940618906790,T5d,T5 Neuron,input,left
3169,720575940618908062,T5c,T5 Neuron,input,left
3170,720575940618910228,T4c,T4 Neuron,input,right
3171,720575940618910621,T4a,T4 Neuron,input,right
3172,720575940618918523,T5a,T5 Neuron,input,left
3173,720575940618920395,T5b,T5 Neuron,input,left
3174,720575940618925947,T4c,T4 Neuron,input,right
3175,720575940618931277,T5d,T5 Neuron,input,right
3176,720575940618933149,T5c,T5 Neuron,input,left
3177,720575940618936733,T4a,T4 Neuron,input,right
3178,720575940618939469,T5b,T5 Neuron,input,right
3179,720575940618940318,T4a,T4 Neuron,input,left
3180,720575940618941261,T5c,T5 Neuron,input,right
3181,720575940618942843,T5a,T5 Neuron,input,right
3182,720575940618943053,T5a,T5 Neuron,input,right
3183,720575940618950221,T5b,T5 Neuron,input,right
3184,720575940618953812,T4a,T4 Neuron,input,left
3185,720575940618962136,T5b,T5 Neuron,input,right
3186,720575940618971717,T4c,T4 Neuron,input,left
3187,720575940618978358,T5d,T5 Neuron,input,right
3188,720575940618979126,T4a,T4 Neuron,input,left
3189,720575940618979402,T4d,T4 Neuron,input,right
3190,720575940618980662,T5c,T5 Neuron,input,left
3191,720575940618981278,T4a,T4 Neuron,input,left
3192,720575940618984315,T4b,T4 Neuron,input,right
3193,720575940618984606,T5c,T5 Neuron,input,left
3194,720575940618986107,T4c,T4 Neuron,input,left
3195,720575940618989214,T4a,T4 Neuron,input,right
3196,720575940618992448,T4b,T4 Neuron,input,left
3197,720575940618994043,T5b,T5 Neuron,input,left
3198,720575940618996347,T4b,T4 Neuron,input,left
3199,720575940618997277,T5b,T5 Neuron,input,left
3200,720575940618999461,T5b,T5 Neuron,input,right
3201,720575940619006317,T5a,T5 Neuron,input,left
3202,720575940619007611,T4a,T4 Neuron,input,left
3203,720575940619007867,T4a,T4 Neuron,input,right
3204,720575940619016408,T5b,T5 Neuron,input,right
3205,720575940619019313,T4c,T4 Neuron,input,right
3206,720575940619022165,T5c,T5 Neuron,input,left
3207,720575940619022757,T5b,T5 Neuron,input,right
3208,720575940619025601,T5c,T5 Neuron,input,right
3209,720575940619035931,T4d,T4 Neuron,input,left
3210,720575940619038491,T4a,T4 Neuron,input,left
3211,720575940619039937,T4d,T4 Neuron,input,left
3212,720575940619043413,T4d,T4 Neuron,input,right
3213,720575940619054238,T4a,T4 Neuron,input,left
3214,720575940619057531,T4a,T4 Neuron,input,right
3215,720575940619058742,T5a,T5 Neuron,input,left
3216,720575940619058772,T5d,T5 Neuron,input,left
3217,720575940619060673,T4b,T4 Neuron,input,right
3218,720575940619062693,T4b,T4 Neuron,input,right
3219,720575940619067213,T5c,T5 Neuron,input,right
3220,720575940619068436,T5b,T5 Neuron,input,left
3221,720575940619075661,T5b,T5 Neuron,input,right
3222,720575940619077445,T4c,T4 Neuron,input,left
3223,720575940619087307,T4b,T4 Neuron,input,right
3224,720575940619090555,T4a,T4 Neuron,input,right
3225,720575940619096605,T4d,T4 Neuron,input,right
3226,720575940619097560,T4c,T4 Neuron,input,right
3227,720575940619101248,T4b,T4 Neuron,input,left
3228,720575940619102878,T5d,T5 Neuron,input,left
3229,720575940619105600,T4c,T4 Neuron,input,left
3230,720575940619112731,T4d,T4 Neuron,input,left
3231,720575940619113339,T4c,T4 Neuron,input,left
3232,720575940619115077,T4a,T4 Neuron,input,left
3233,720575940619119006,T4c,T4 Neuron,input,right
3234,720575940619120037,T4a,T4 Neuron,input,right
3235,720575940619122512,T4a,T4 Neuron,input,left
3236,720575940619125317,T4a,T4 Neuron,input,left
3237,720575940619125925,T5a,T5 Neuron,input,left
3238,720575940619137563,T4c,T4 Neuron,input,left
3239,720575940619140884,T5d,T5 Neuron,input,left
3240,720575940619144571,T5c,T5 Neuron,input,left
3241,720575940619146910,T4a,T4 Neuron,input,right
3242,720575940619147141,T5a,T5 Neuron,input,left
3243,720575940619165525,T5b,T5 Neuron,input,right
3244,720575940619166029,T4d,T4 Neuron,input,right
3245,720575940619167147,T5b,T5 Neuron,input,right
3246,720575940619170974,T5c,T5 Neuron,input,left
3247,720575940619171604,T4a,T4 Neuron,input,right
3248,720575940619173440,T4c,T4 Neuron,input,left
3249,720575940619181739,T4d,T4 Neuron,input,right
3250,720575940619182507,T4c,T4 Neuron,input,right
3251,720575940619184461,T4d,T4 Neuron,input,right
3252,720575940619185099,T4c,T4 Neuron,input,right
3253,720575940619188696,T5d,T5 Neuron,input,left
3254,720575940619190080,T4b,T4 Neuron,input,left
3255,720575940619192197,T4d,T4 Neuron,input,left
3256,720575940619192709,T4d,T4 Neuron,input,left
3257,720575940619196143,T4a,T4 Neuron,input,right
3258,720575940619197121,T4c,T4 Neuron,input,right
3259,720575940619197854,T4a,T4 Neuron,input,right
3260,720575940619198110,T4c,T4 Neuron,input,right
3261,720575940619199403,T4c,T4 Neuron,input,left
3262,720575940619201413,T4d,T4 Neuron,input,left
3263,720575940619202324,T5d,T5 Neuron,input,right
3264,720575940619209408,T4a,T4 Neuron,input,right
3265,720575940619209664,T5b,T5 Neuron,input,right
3266,720575940619211480,T5b,T5 Neuron,input,right
3267,720575940619212165,T4c,T4 Neuron,input,left
3268,720575940619212412,T5a,T5 Neuron,input,left
3269,720575940619212668,T5a,T5 Neuron,input,left
3270,720575940619213361,T5c,T5 Neuron,input,right
3271,720575940619213436,T5a,T5 Neuron,input,left
3272,720575940619215774,T4a,T4 Neuron,input,left
3273,720575940619216286,T4a,T4 Neuron,input,left
3274,720575940619221809,T5d,T5 Neuron,input,right
3275,720575940619232216,T5b,T5 Neuron,input,right
3276,720575940619232704,T5d,T5 Neuron,input,left
3277,720575940619233585,T4a,T4 Neuron,input,right
3278,720575940619234987,T4b,T4 Neuron,input,left
3279,720575940619239851,T4c,T4 Neuron,input,left
3280,720575940619240572,T4b,T4 Neuron,input,left
3281,720575940619244112,T4b,T4 Neuron,input,right
3282,720575940619244337,T5d,T5 Neuron,input,right
3283,720575940619245622,T5b,T5 Neuron,input,left
3284,720575940619247518,T5a,T5 Neuron,input,left
3285,720575940619260470,T5d,T5 Neuron,input,left
3286,720575940619260795,T5d,T5 Neuron,input,left
3287,720575940619262331,T5c,T5 Neuron,input,left
3288,720575940619262844,T5c,T5 Neuron,input,left
3289,720575940619265963,T4c,T4 Neuron,input,right
3290,720575940619274118,T4c,T4 Neuron,input,right
3291,720575940619274991,T4d,T4 Neuron,input,left
3292,720575940619276156,T4b,T4 Neuron,input,left
3293,720575940619276165,T4b,T4 Neuron,input,left
3294,720575940619276668,T4b,T4 Neuron,input,left
3295,720575940619278552,T4c,T4 Neuron,input,right
3296,720575940619280320,T4c,T4 Neuron,input,left
3297,720575940619285163,T4a,T4 Neuron,input,left
3298,720575940619287488,T5d,T5 Neuron,input,left
3299,720575940619294936,T4b,T4 Neuron,input,left
3300,720575940619295983,T4d,T4 Neuron,input,right
3301,720575940619297413,T4b,T4 Neuron,input,left
3302,720575940619302454,T5c,T5 Neuron,input,left
3303,720575940619307569,T5d,T5 Neuron,input,left
3304,720575940619308109,T5c,T5 Neuron,input,right
3305,720575940619320188,T5b,T5 Neuron,input,left
3306,720575940619323096,T4a,T4 Neuron,input,left
3307,720575940619324283,T5b,T5 Neuron,input,left
3308,720575940619326587,T5d,T5 Neuron,input,left
3309,720575940619330287,T5a,T5 Neuron,input,left
3310,720575940619332312,T5c,T5 Neuron,input,right
3311,720575940619332475,T4b,T4 Neuron,input,right
3312,720575940619333615,T4b,T4 Neuron,input,left
3313,720575940619334966,T4a,T4 Neuron,input,left
3314,720575940619335407,T5b,T5 Neuron,input,right
3315,720575940619336256,T5b,T5 Neuron,input,left
3316,720575940619336753,T4b,T4 Neuron,input,right
3317,720575940619344344,T5c,T5 Neuron,input,right
3318,720575940619348859,T4d,T4 Neuron,input,left
3319,720575940619353211,T4d,T4 Neuron,input,right
3320,720575940619354539,T4a,T4 Neuron,input,right
3321,720575940619355984,T5b,T5 Neuron,input,right
3322,720575940619358155,T5c,T5 Neuron,input,right
3323,720575940619361445,T5c,T5 Neuron,input,left
3324,720575940619365952,T4c,T4 Neuron,input,left
3325,720575940619366790,T5a,T5 Neuron,input,left
3326,720575940619367838,T5d,T5 Neuron,input,right
3327,720575940619367872,T5b,T5 Neuron,input,right
3328,720575940619368128,T4c,T4 Neuron,input,right
3329,720575940619372736,T4c,T4 Neuron,input,right
3330,720575940619375900,T4a,T4 Neuron,input,right
3331,720575940619376331,T4d,T4 Neuron,input,right
3332,720575940619376856,T4a,T4 Neuron,input,left
3333,720575940619380382,T5c,T5 Neuron,input,left
3334,720575940619387973,T4a,T4 Neuron,input,right
3335,720575940619388224,T5a,T5 Neuron,input,left
3336,720575940619392892,T5a,T5 Neuron,input,left
3337,720575940619394939,T4c,T4 Neuron,input,left
3338,720575940619396933,T5b,T5 Neuron,input,right
3339,720575940619398981,T5c,T5 Neuron,input,right
3340,720575940619401521,T4c,T4 Neuron,input,left
3341,720575940619408219,T5c,T5 Neuron,input,left
3342,720575940619410737,T4d,T4 Neuron,input,right
3343,720575940619415089,T4c,T4 Neuron,input,right
3344,720575940619415791,T4d,T4 Neuron,input,left
3345,720575940619427163,T5d,T5 Neuron,input,left
3346,720575940619429103,T4b,T4 Neuron,input,left
3347,720575940619431047,T4c,T4 Neuron,input,left
3348,720575940619436709,T4d,T4 Neuron,input,right
3349,720575940619437515,T4a,T4 Neuron,input,right
3350,720575940619438539,T5d,T5 Neuron,input,right
3351,720575940619438795,T5d,T5 Neuron,input,right
3352,720575940619442159,T4b,T4 Neuron,input,right
3353,720575940619444603,T4d,T4 Neuron,input,left
3354,720575940619448011,T4c,T4 Neuron,input,left
3355,720575940619450701,T5a,T5 Neuron,input,right
3356,720575940619451608,T4c,T4 Neuron,input,right
3357,720575940619451887,T4d,T4 Neuron,input,left
3358,720575940619452027,T5c,T5 Neuron,input,left
3359,720575940619453318,T4a,T4 Neuron,input,right
3360,720575940619453611,T4d,T4 Neuron,input,right
3361,720575940619454379,T4d,T4 Neuron,input,right
3362,720575940619458097,T5b,T5 Neuron,input,left
3363,720575940619459126,T4c,T4 Neuron,input,right
3364,720575940619460811,T5c,T5 Neuron,input,right
3365,720575940619466654,T4c,T4 Neuron,input,left
3366,720575940619466772,T5d,T5 Neuron,input,right
3367,720575940619468235,T5d,T5 Neuron,input,right
3368,720575940619469214,T5c,T5 Neuron,input,left
3369,720575940619472344,T4b,T4 Neuron,input,right
3370,720575940619473089,T5c,T5 Neuron,input,right
3371,720575940619499654,T5a,T5 Neuron,input,left
3372,720575940619501982,T5b,T5 Neuron,input,right
3373,720575940619508974,T4b,T4 Neuron,input,left
3374,720575940619511243,T5a,T5 Neuron,input,right
3375,720575940619512454,T4c,T4 Neuron,input,left
3376,720575940619513905,T5d,T5 Neuron,input,right
3377,720575940619528784,T5c,T5 Neuron,input,right
3378,720575940619531502,T4c,T4 Neuron,input,right
3379,720575940619534641,T4b,T4 Neuron,input,left
3380,720575940619534971,T4c,T4 Neuron,input,left
3381,720575940619544661,T5a,T5 Neuron,input,right
3382,720575940619556987,T5b,T5 Neuron,input,right
3383,720575940619557358,T4c,T4 Neuron,input,left
3384,720575940619558791,T5a,T5 Neuron,input,right
3385,720575940619565003,T4d,T4 Neuron,input,right
3386,720575940619567969,T4b,T4 Neuron,input,left
3387,720575940619568478,T5b,T5 Neuron,input,left
3388,720575940619568622,T4b,T4 Neuron,input,left
3389,720575940619572053,T4c,T4 Neuron,input,right
3390,720575940619572382,T5c,T5 Neuron,input,left
3391,720575940619574907,T4d,T4 Neuron,input,left
3392,720575940619580245,T4c,T4 Neuron,input,right
3393,720575940619584064,T4c,T4 Neuron,input,left
3394,720575940619588918,T4c,T4 Neuron,input,left
3395,720575940619589425,T5d,T5 Neuron,input,left
3396,720575940619592395,T4c,T4 Neuron,input,left
3397,720575940619594064,T5b,T5 Neuron,input,left
3398,720575940619594545,T4d,T4 Neuron,input,left
3399,720575940619596248,T4a,T4 Neuron,input,left
3400,720575940619597734,T4b,T4 Neuron,input,left
3401,720575940619598502,T5c,T5 Neuron,input,right
3402,720575940619598897,T4a,T4 Neuron,input,left
3403,720575940619600088,T4b,T4 Neuron,input,left
3404,720575940619600213,T5d,T5 Neuron,input,right
3405,720575940619605041,T5d,T5 Neuron,input,left
3406,720575940619606065,T5d,T5 Neuron,input,left
3407,720575940619608405,T4c,T4 Neuron,input,right
3408,720575940619615568,T4b,T4 Neuron,input,right
3409,720575940619616080,T5d,T5 Neuron,input,right
3410,720575940619616203,T5c,T5 Neuron,input,right
3411,720575940619629141,T5b,T5 Neuron,input,left
3412,720575940619629909,T4a,T4 Neuron,input,left
3413,720575940619630165,T5d,T5 Neuron,input,left
3414,720575940619631158,T4b,T4 Neuron,input,right
3415,720575940619631307,T4c,T4 Neuron,input,left
3416,720575940619636395,T4b,T4 Neuron,input,right
3417,720575940619636529,T5a,T5 Neuron,input,left
3418,720575940619646685,T5a,T5 Neuron,input,left
3419,720575940619646941,T4c,T4 Neuron,input,left
3420,720575940619647808,T4c,T4 Neuron,input,right
3421,720575940619656789,T4b,T4 Neuron,input,right
3422,720575940619661120,T5c,T5 Neuron,input,left
3423,720575940619663701,T5d,T5 Neuron,input,right
3424,720575940619665005,T4c,T4 Neuron,input,right
3425,720575940619666541,T5b,T5 Neuron,input,left
3426,720575940619668160,T4a,T4 Neuron,input,left
3427,720575940619670101,T5d,T5 Neuron,input,right
3428,720575940619671125,T4d,T4 Neuron,input,right
3429,720575940619675989,T4c,T4 Neuron,input,right
3430,720575940619676269,T4d,T4 Neuron,input,right
3431,720575940619676619,T5b,T5 Neuron,input,right
3432,720575940619679425,T5b,T5 Neuron,input,left
3433,720575940619680085,T5c,T5 Neuron,input,right
3434,720575940619680472,T4c,T4 Neuron,input,left
3435,720575940619681329,T5a,T5 Neuron,input,left
3436,720575940619682462,T4c,T4 Neuron,input,left
3437,720575940619684918,T5d,T5 Neuron,input,left
3438,720575940619686360,T5a,T5 Neuron,input,right
3439,720575940619688016,T5d,T5 Neuron,input,right
3440,720575940619689270,T4d,T4 Neuron,input,left
3441,720575940619692710,T5c,T5 Neuron,input,right
3442,720575940619699366,T5a,T5 Neuron,input,left
3443,720575940619701077,T4b,T4 Neuron,input,right
3444,720575940619704000,T5a,T5 Neuron,input,left
3445,720575940619707842,T5a,T5 Neuron,input,right
3446,720575940619710293,T4a,T4 Neuron,input,right
3447,720575940619713645,T4a,T4 Neuron,input,right
3448,720575940619716961,T4c,T4 Neuron,input,right
3449,720575940619717217,T4b,T4 Neuron,input,left
3450,720575940619717257,T4b,T4 Neuron,input,right
3451,720575940619719371,T4b,T4 Neuron,input,left
3452,720575940619723911,T4d,T4 Neuron,input,right
3453,720575940619724937,T4b,T4 Neuron,input,right
3454,720575940619726727,T5b,T5 Neuron,input,right
3455,720575940619727926,T4d,T4 Neuron,input,left
3456,720575940619733333,T4d,T4 Neuron,input,left
3457,720575940619734107,T4a,T4 Neuron,input,left
3458,720575940619734987,T4c,T4 Neuron,input,right
3459,720575940619738584,T5c,T5 Neuron,input,left
3460,720575940619738759,T5b,T5 Neuron,input,left
3461,720575940619740013,T4c,T4 Neuron,input,left
3462,720575940619741131,T5c,T5 Neuron,input,right
3463,720575940619743142,T4d,T4 Neuron,input,left
3464,720575940619749979,T5c,T5 Neuron,input,right
3465,720575940619752329,T4b,T4 Neuron,input,right
3466,720575940619757392,T5a,T5 Neuron,input,right
3467,720575940619763309,T5d,T5 Neuron,input,left
3468,720575940619763849,T4d,T4 Neuron,input,right
3469,720575940619763915,T4c,T4 Neuron,input,left
3470,720575940619764873,T4b,T4 Neuron,input,right
3471,720575940619765670,T4c,T4 Neuron,input,right
3472,720575940619770132,T5a,T5 Neuron,input,left
3473,720575940619772062,T5a,T5 Neuron,input,left
3474,720575940619773525,T4c,T4 Neuron,input,left
3475,720575940619774811,T4b,T4 Neuron,input,right
3476,720575940619778470,T5c,T5 Neuron,input,left
3477,720575940619778925,T4d,T4 Neuron,input,left
3478,720575940619779465,T4b,T4 Neuron,input,right
3479,720575940619782104,T4d,T4 Neuron,input,left
3480,720575940619784033,T4c,T4 Neuron,input,right
3481,720575940619788169,T4a,T4 Neuron,input,right
3482,720575940619788885,T5b,T5 Neuron,input,right
3483,720575940619792202,T4d,T4 Neuron,input,right
3484,720575940619792589,T5d,T5 Neuron,input,left
3485,720575940619793031,T5d,T5 Neuron,input,right
3486,720575940619793997,T4a,T4 Neuron,input,right
3487,720575940619794311,T4c,T4 Neuron,input,left
3488,720575940619795533,T5a,T5 Neuron,input,right
3489,720575940619797174,T4c,T4 Neuron,input,left
3490,720575940619804107,T5a,T5 Neuron,input,left
3491,720575940619804752,T5c,T5 Neuron,input,right
3492,720575940619806305,T5c,T5 Neuron,input,right
3493,720575940619809334,T4d,T4 Neuron,input,left
3494,720575940619810068,T4a,T4 Neuron,input,right
3495,720575940619810982,T4d,T4 Neuron,input,right
3496,720575940619812717,T4a,T4 Neuron,input,right
3497,720575940619816071,T5c,T5 Neuron,input,right
3498,720575940619816753,T5b,T5 Neuron,input,left
3499,720575940619817293,T5c,T5 Neuron,input,right
3500,720575940619818033,T5d,T5 Neuron,input,left
3501,720575940619821259,T4a,T4 Neuron,input,left
3502,720575940619825485,T5d,T5 Neuron,input,right
3503,720575940619827277,T5d,T5 Neuron,input,right
3504,720575940619828184,T4a,T4 Neuron,input,left
3505,720575940619828813,T5c,T5 Neuron,input,right
3506,720575940619831117,T5a,T5 Neuron,input,right
3507,720575940619831206,T5b,T5 Neuron,input,left
3508,720575940619833816,T5a,T5 Neuron,input,left
3509,720575940619834072,T4b,T4 Neuron,input,left
3510,720575940619835953,T5c,T5 Neuron,input,left
3511,720575940619837387,T4a,T4 Neuron,input,right
3512,720575940619837829,T4b,T4 Neuron,input,left
3513,720575940619839056,T4d,T4 Neuron,input,left
3514,720575940619839821,T5d,T5 Neuron,input,right
3515,720575940619840085,T4d,T4 Neuron,input,left
3516,720575940619840647,T5d,T5 Neuron,input,left
3517,720575940619842901,T5a,T5 Neuron,input,left
3518,720575940619846347,T4d,T4 Neuron,input,left
3519,720575940619847757,T5a,T5 Neuron,input,right
3520,720575940619849069,T4d,T4 Neuron,input,right
3521,720575940619860301,T5d,T5 Neuron,input,right
3522,720575940619861963,T4c,T4 Neuron,input,left
3523,720575940619862987,T5c,T5 Neuron,input,left
3524,720575940619863431,T5d,T5 Neuron,input,left
3525,720575940619867259,T5b,T5 Neuron,input,right
3526,720575940619867771,T5b,T5 Neuron,input,right
3527,720575940619868027,T5c,T5 Neuron,input,right
3528,720575940619868539,T5b,T5 Neuron,input,right
3529,720575940619868795,T5d,T5 Neuron,input,right
3530,720575940619869051,T5c,T5 Neuron,input,right
3531,720575940619870785,T4c,T4 Neuron,input,left
3532,720575940619871597,T5a,T5 Neuron,input,right
3533,720575940619872592,T4b,T4 Neuron,input,left
3534,720575940619872715,T4b,T4 Neuron,input,left
3535,720575940619874694,T5c,T5 Neuron,input,right
3536,720575940619877615,T4d,T4 Neuron,input,left
3537,720575940619878961,VS1,VS,processing,right
3538,720575940619883073,T4d,T4 Neuron,input,right
3539,720575940619885110,T4d,T4 Neuron,input,right
3540,720575940619887064,T5b,T5 Neuron,input,left
3541,720575940619888720,T4a,T4 Neuron,input,left
3542,720575940619889729,T4c,T4 Neuron,input,right
3543,720575940619890136,T5d,T5 Neuron,input,right
3544,720575940619891928,T5d,T5 Neuron,input,left
3545,720575940619893208,T5c,T5 Neuron,input,right
3546,720575940619902805,T4a,T4 Neuron,input,left
3547,720575940619906251,T4b,T4 Neuron,input,left
3548,720575940619907633,T4b,T4 Neuron,input,left
3549,720575940619908811,T4a,T4 Neuron,input,left
3550,720575940619916564,T5a,T5 Neuron,input,right
3551,720575940619919696,T5c,T5 Neuron,input,right
3552,720575940619922005,T4c,T4 Neuron,input,left
3553,720575940619923029,T5b,T5 Neuron,input,right
3554,720575940619923476,T5a,T5 Neuron,input,right
3555,720575940619925012,T5c,T5 Neuron,input,right
3556,720575940619925696,T4b,T4 Neuron,input,right
3557,720575940619926321,T5d,T5 Neuron,input,left
3558,720575940619929765,T5b,T5 Neuron,input,right
3559,720575940619930929,T5a,T5 Neuron,input,left
3560,720575940619934680,T5c,T5 Neuron,input,left
3561,720575940619935435,T4b,T4 Neuron,input,left
3562,720575940619936020,T5d,T5 Neuron,input,right
3563,720575940619937812,T5a,T5 Neuron,input,right
3564,720575940619943845,T5a,T5 Neuron,input,left
3565,720575940619944363,T4d,T4 Neuron,input,right
3566,720575940619945808,T4d,T4 Neuron,input,left
3567,720575940619952469,T5a,T5 Neuron,input,left
3568,720575940619954648,T5d,T5 Neuron,input,left
3569,720575940619956045,T4c,T4 Neuron,input,right
3570,720575940619958699,T5a,T5 Neuron,input,left
3571,720575940619961168,T4d,T4 Neuron,input,left
3572,720575940619962448,T4d,T4 Neuron,input,left
3573,720575940619962612,T4c,T4 Neuron,input,right
3574,720575940619963015,T4d,T4 Neuron,input,left
3575,720575940619963697,T5c,T5 Neuron,input,left
3576,720575940619965776,T4c,T4 Neuron,input,left
3577,720575940619966087,T4d,T4 Neuron,input,right
3578,720575940619970480,T4d,T4 Neuron,input,left
3579,720575940619972944,T5a,T5 Neuron,input,left
3580,720575940619972998,T4d,T4 Neuron,input,right
3581,720575940619975765,T4a,T4 Neuron,input,left
3582,720575940619977045,T5a,T5 Neuron,input,right
3583,720575940619979313,T4c,T4 Neuron,input,right
3584,720575940619984469,T4d,T4 Neuron,input,right
3585,720575940619985099,T4a,T4 Neuron,input,left
3586,720575940619987659,T5a,T5 Neuron,input,left
3587,720575940619988359,T5a,T5 Neuron,input,right
3588,720575940619997269,T4d,T4 Neuron,input,left
3589,720575940619999818,T4a,T4 Neuron,input,right
3590,720575940620003248,T4a,T4 Neuron,input,left
3591,720575940620009045,T5a,T5 Neuron,input,left
3592,720575940620010712,T5b,T5 Neuron,input,left
3593,720575940620011503,T4c,T4 Neuron,input,right
3594,720575940620012526,T4b,T4 Neuron,input,right
3595,720575940620012782,T4c,T4 Neuron,input,right
3596,720575940620014928,T5a,T5 Neuron,input,left
3597,720575940620015051,T4b,T4 Neuron,input,left
3598,720575940620017829,T4c,T4 Neuron,input,right
3599,720575940620018000,T5b,T5 Neuron,input,left
3600,720575940620018256,T5c,T5 Neuron,input,left
3601,720575940620018523,T5a,T5 Neuron,input,right
3602,720575940620031111,T4d,T4 Neuron,input,left
3603,720575940620032336,T5b,T5 Neuron,input,left
3604,720575940620033585,T4c,T4 Neuron,input,left
3605,720575940620033872,T4b,T4 Neuron,input,right
3606,720575940620034932,T5a,T5 Neuron,input,right
3607,720575940620035408,T4b,T4 Neuron,input,right
3608,720575940620035544,T4d,T4 Neuron,input,left
3609,720575940620035664,T5a,T5 Neuron,input,left
3610,720575940620037323,T4b,T4 Neuron,input,left
3611,720575940620040528,T5c,T5 Neuron,input,right
3612,720575940620041351,T5b,T5 Neuron,input,left
3613,720575940620043655,T5b,T5 Neuron,input,left
3614,720575940620045771,T5d,T5 Neuron,input,left
3615,720575940620049488,T5c,T5 Neuron,input,left
3616,720575940620049573,T5a,T5 Neuron,input,right
3617,720575940620052565,T5b,T5 Neuron,input,left
3618,720575940620055768,T4d,T4 Neuron,input,left
3619,720575940620056852,T4a,T4 Neuron,input,left
3620,720575940620059813,T4b,T4 Neuron,input,right
3621,720575940620062384,T5a,T5 Neuron,input,left
3622,720575940620063623,T5a,T5 Neuron,input,left
3623,720575940620066580,T4d,T4 Neuron,input,right
3624,720575940620068628,T5a,T5 Neuron,input,right
3625,720575940620069712,T4d,T4 Neuron,input,right
3626,720575940620075686,T5d,T5 Neuron,input,left
3627,720575940620075941,T5c,T5 Neuron,input,right
3628,720575940620076208,T4a,T4 Neuron,input,right
3629,720575940620076368,T5c,T5 Neuron,input,right
3630,720575940620079808,T5a,T5 Neuron,input,right
3631,720575940620081542,T4d,T4 Neuron,input,left
3632,720575940620087175,T5b,T5 Neuron,input,left
3633,720575940620090544,T5c,T5 Neuron,input,right
3634,720575940620101255,T4c,T4 Neuron,input,left
3635,720575940620102576,T5d,T5 Neuron,input,right
3636,720575940620108411,T5d,T5 Neuron,input,left
3637,720575940620115316,T4d,T4 Neuron,input,left
3638,720575940620117163,T5d,T5 Neuron,input,right
3639,720575940620117669,T4c,T4 Neuron,input,right
3640,720575940620117895,T4b,T4 Neuron,input,right
3641,720575940620118608,T4a,T4 Neuron,input,left
3642,720575940620123477,T4d,T4 Neuron,input,left
3643,720575940620124513,T5d,T5 Neuron,input,left
3644,720575940620127041,T5d,T5 Neuron,input,right
3645,720575940620128438,T4a,T4 Neuron,input,right
3646,720575940620131237,T4a,T4 Neuron,input,right
3647,720575940620135803,T4c,T4 Neuron,input,left
3648,720575940620136613,T5a,T5 Neuron,input,right
3649,720575940620137408,T4b,T4 Neuron,input,right
3650,720575940620148416,T5d,T5 Neuron,input,right
3651,720575940620148596,T4b,T4 Neuron,input,right
3652,720575940620148673,T5c,T5 Neuron,input,right
3653,720575940620150699,T4c,T4 Neuron,input,left
3654,720575940620152199,T4b,T4 Neuron,input,left
3655,720575940620158923,T4b,T4 Neuron,input,left
3656,720575940620159111,T5b,T5 Neuron,input,left
3657,720575940620162241,T5c,T5 Neuron,input,right
3658,720575940620163275,T4c,T4 Neuron,input,left
3659,720575940620164262,T5c,T5 Neuron,input,left
3660,720575940620168395,T5c,T5 Neuron,input,right
3661,720575940620173483,T5c,T5 Neuron,input,left
3662,720575940620176263,T5d,T5 Neuron,input,left
3663,720575940620178256,T4d,T4 Neuron,input,right
3664,720575940620179137,T5a,T5 Neuron,input,right
3665,720575940620181184,T5a,T5 Neuron,input,left
3666,720575940620181931,T4b,T4 Neuron,input,left
3667,720575940620182321,T5c,T5 Neuron,input,left
3668,720575940620182976,T4a,T4 Neuron,input,left
3669,720575940620190656,T5c,T5 Neuron,input,right
3670,720575940620190959,T5b,T5 Neuron,input,right
3671,720575940620191252,T4a,T4 Neuron,input,left
3672,720575940620191764,T5d,T5 Neuron,input,left
3673,720575940620194951,T5d,T5 Neuron,input,left
3674,720575940620195776,T5a,T5 Neuron,input,right
3675,720575940620198127,T5c,T5 Neuron,input,right
3676,720575940620198420,T4c,T4 Neuron,input,left
3677,720575940620202405,T5a,T5 Neuron,input,left
3678,720575940620205648,T5a,T5 Neuron,input,left
3679,720575940620205844,T5d,T5 Neuron,input,left
3680,720575940620207952,T5c,T5 Neuron,input,right
3681,720575940620210054,T5c,T5 Neuron,input,left
3682,720575940620210512,T5a,T5 Neuron,input,left
3683,720575940620213268,T4c,T4 Neuron,input,right
3684,720575940620220598,T4a,T4 Neuron,input,right
3685,720575940620222811,T4d,T4 Neuron,input,right
3686,720575940620227823,T5c,T5 Neuron,input,left
3687,720575940620228212,T4c,T4 Neuron,input,right
3688,720575940620228884,T5b,T5 Neuron,input,left
3689,720575940620233040,T4a,T4 Neuron,input,left
3690,720575940620235867,T4d,T4 Neuron,input,right
3691,720575940620237039,T5b,T5 Neuron,input,right
3692,720575940620237702,T5a,T5 Neuron,input,right
3693,720575940620238063,T5c,T5 Neuron,input,right
3694,720575940620241031,T4b,T4 Neuron,input,left
3695,720575940620241755,T5b,T5 Neuron,input,right
3696,720575940620243335,T5b,T5 Neuron,input,left
3697,720575940620243591,T4c,T4 Neuron,input,right
3698,720575940620246875,T5a,T5 Neuron,input,left
3699,720575940620255141,T5a,T5 Neuron,input,left
3700,720575940620255471,T4d,T4 Neuron,input,right
3701,720575940620256421,T5c,T5 Neuron,input,left
3702,720575940620260998,T4c,T4 Neuron,input,right
3703,720575940620273499,T5d,T5 Neuron,input,right
3704,720575940620274160,T5c,T5 Neuron,input,left
3705,720575940620274566,T5b,T5 Neuron,input,right
3706,720575940620275053,T5b,T5 Neuron,input,right
3707,720575940620277942,T4a,T4 Neuron,input,right
3708,720575940620278875,T5d,T5 Neuron,input,right
3709,720575940620279131,T5a,T5 Neuron,input,right
3710,720575940620285131,T5d,T5 Neuron,input,left
3711,720575940620289729,T5b,T5 Neuron,input,right
3712,720575940620295105,T5d,T5 Neuron,input,right
3713,720575940620298631,T4d,T4 Neuron,input,left
3714,720575940620301483,T5d,T5 Neuron,input,right
3715,720575940620305835,T4c,T4 Neuron,input,right
3716,720575940620306853,T4c,T4 Neuron,input,right
3717,720575940620310208,T4a,T4 Neuron,input,right
3718,720575940620310441,T4d,T4 Neuron,input,left
3719,720575940620311232,T5d,T5 Neuron,input,right
3720,720575940620311791,T5a,T5 Neuron,input,right
3721,720575940620313873,T4d,T4 Neuron,input,right
3722,720575940620314246,T4c,T4 Neuron,input,right
3723,720575940620314305,T5b,T5 Neuron,input,right
3724,720575940620315412,T5d,T5 Neuron,input,left
3725,720575940620316865,T4d,T4 Neuron,input,right
3726,720575940620319323,T5b,T5 Neuron,input,right
3727,720575940620322439,T5b,T5 Neuron,input,left
3728,720575940620326929,T4a,T4 Neuron,input,right
3729,720575940620332308,T4d,T4 Neuron,input,right
3730,720575940620333038,T5b,T5 Neuron,input,right
3731,720575940620333784,T5c,T5 Neuron,input,right
3732,720575940620335437,T4a,T4 Neuron,input,right
3733,720575940620336208,T5d,T5 Neuron,input,right
3734,720575940620336475,T5a,T5 Neuron,input,right
3735,720575940620337684,T5b,T5 Neuron,input,left
3736,720575940620338708,T5a,T5 Neuron,input,left
3737,720575940620339183,T4c,T4 Neuron,input,left
3738,720575940620342292,T4c,T4 Neuron,input,left
3739,720575940620346305,T4b,T4 Neuron,input,right
3740,720575940620346900,T5b,T5 Neuron,input,right
3741,720575940620348144,T4d,T4 Neuron,input,right
3742,720575940620348513,T5b,T5 Neuron,input,right
3743,720575940620348692,T5a,T5 Neuron,input,left
3744,720575940620350191,T5a,T5 Neuron,input,right
3745,720575940620353518,T5b,T5 Neuron,input,right
3746,720575940620353883,T5c,T5 Neuron,input,right
3747,720575940620354726,T4b,T4 Neuron,input,right
3748,720575940620355917,T4b,T4 Neuron,input,right
3749,720575940620357615,T5d,T5 Neuron,input,right
3750,720575940620358741,T5b,T5 Neuron,input,left
3751,720575940620363355,T5b,T5 Neuron,input,left
3752,720575940620364379,T4d,T4 Neuron,input,left
3753,720575940620365249,T4d,T4 Neuron,input,left
3754,720575940620368043,T5c,T5 Neuron,input,right
3755,720575940620368587,T4d,T4 Neuron,input,left
3756,720575940620369323,T4d,T4 Neuron,input,right
3757,720575940620370347,T5d,T5 Neuron,input,right
3758,720575940620371371,T4d,T4 Neuron,input,right
3759,720575940620380075,T5b,T5 Neuron,input,right
3760,720575940620380654,T5a,T5 Neuron,input,right
3761,720575940620381062,T4c,T4 Neuron,input,right
3762,720575940620384848,T4c,T4 Neuron,input,right
3763,720575940620386651,T5c,T5 Neuron,input,left
3764,720575940620387137,T5b,T5 Neuron,input,right
3765,720575940620393521,T4a,T4 Neuron,input,left
3766,720575940620394257,T4c,T4 Neuron,input,right
3767,720575940620395759,T4b,T4 Neuron,input,right
3768,720575940620397598,T5c,T5 Neuron,input,left
3769,720575940620397841,T4c,T4 Neuron,input,right
3770,720575940620400774,T5d,T5 Neuron,input,right
3771,720575940620401031,T5b,T5 Neuron,input,left
3772,720575940620402718,T5c,T5 Neuron,input,left
3773,720575940620410304,T4b,T4 Neuron,input,right
3774,720575940620411120,T4b,T4 Neuron,input,left
3775,720575940620414794,T5b,T5 Neuron,input,right
3776,720575940620415793,T5c,T5 Neuron,input,left
3777,720575940620415809,T5b,T5 Neuron,input,right
3778,720575940620416586,T4b,T4 Neuron,input,right
3779,720575940620416960,T4b,T4 Neuron,input,left
3780,720575940620418836,T5c,T5 Neuron,input,left
3781,720575940620419008,T5c,T5 Neuron,input,right
3782,720575940620419207,T4a,T4 Neuron,input,right
3783,720575940620419824,T4a,T4 Neuron,input,right
3784,720575940620421614,T5a,T5 Neuron,input,right
3785,720575940620422480,T5b,T5 Neuron,input,left
3786,720575940620423765,T4d,T4 Neuron,input,left
3787,720575940620427605,T4d,T4 Neuron,input,left
3788,720575940620427712,T5a,T5 Neuron,input,left
3789,720575940620428668,T5b,T5 Neuron,input,right
3790,720575940620429248,T4a,T4 Neuron,input,left
3791,720575940620431013,T4d,T4 Neuron,input,right
3792,720575940620433287,T4b,T4 Neuron,input,left
3793,720575940620435627,T5c,T5 Neuron,input,right
3794,720575940620436912,T4a,T4 Neuron,input,right
3795,720575940620440199,T5c,T5 Neuron,input,left
3796,720575940620441560,T5c,T5 Neuron,input,left
3797,720575940620441680,T5d,T5 Neuron,input,left
3798,720575940620443156,T5a,T5 Neuron,input,left
3799,720575940620443227,T4d,T4 Neuron,input,left
3800,720575940620443725,T5d,T5 Neuron,input,right
3801,720575940620444619,T4c,T4 Neuron,input,left
3802,720575940620445536,T5d,T5 Neuron,input,right
3803,720575940620446484,T5b,T5 Neuron,input,left
3804,720575940620447623,T5a,T5 Neuron,input,right
3805,720575940620458887,T5d,T5 Neuron,input,left
3806,720575940620464832,T4d,T4 Neuron,input,right
3807,720575940620465067,T5c,T5 Neuron,input,left
3808,720575940620471893,T4b,T4 Neuron,input,left
3809,720575940620474817,T5b,T5 Neuron,input,right
3810,720575940620475015,T5d,T5 Neuron,input,left
3811,720575940620476436,T4c,T4 Neuron,input,right
3812,720575940620477099,T5a,T5 Neuron,input,left
3813,720575940620478959,T4b,T4 Neuron,input,left
3814,720575940620479038,T4a,T4 Neuron,input,right
3815,720575940620480134,T4d,T4 Neuron,input,right
3816,720575940620486336,T5a,T5 Neuron,input,left
3817,720575940620486848,T5b,T5 Neuron,input,left
3818,720575940620489094,T5c,T5 Neuron,input,left
3819,720575940620489972,T4d,T4 Neuron,input,left
3820,720575940620494641,T5a,T5 Neuron,input,left
3821,720575940620496913,T4a,T4 Neuron,input,right
3822,720575940620497067,T5b,T5 Neuron,input,left
3823,720575940620497279,T5c,T5 Neuron,input,left
3824,720575940620499371,T4c,T4 Neuron,input,left
3825,720575940620506862,T4c,T4 Neuron,input,right
3826,720575940620507557,T4b,T4 Neuron,input,left
3827,720575940620511249,T4a,T4 Neuron,input,right
3828,720575940620515857,T4c,T4 Neuron,input,right
3829,720575940620518917,T4d,T4 Neuron,input,right
3830,720575940620519173,T4c,T4 Neuron,input,right
3831,720575940620526757,T5b,T5 Neuron,input,right
3832,720575940620527487,T4a,T4 Neuron,input,left
3833,720575940620528736,T5b,T5 Neuron,input,right
3834,720575940620530091,T4a,T4 Neuron,input,right
3835,720575940620534399,T4c,T4 Neuron,input,left
3836,720575940620534624,T5b,T5 Neuron,input,right
3837,720575940620544096,T5a,T5 Neuron,input,right
3838,720575940620544895,T4c,T4 Neuron,input,left
3839,720575940620548443,T4a,T4 Neuron,input,left
3840,720575940620550004,T5a,T5 Neuron,input,right
3841,720575940620550240,T5c,T5 Neuron,input,right
3842,720575940620551776,T5d,T5 Neuron,input,right
3843,720575940620552319,T5b,T5 Neuron,input,left
3844,720575940620553069,T4d,T4 Neuron,input,right
3845,720575940620553125,T5d,T5 Neuron,input,right
3846,720575940620553921,T4b,T4 Neuron,input,right
3847,720575940620555173,T5a,T5 Neuron,input,left
3848,720575940620559469,T5c,T5 Neuron,input,right
3849,720575940620561279,T4b,T4 Neuron,input,right
3850,720575940620562881,T4c,T4 Neuron,input,left
3851,720575940620567643,T5c,T5 Neuron,input,left
3852,720575940620567791,T5b,T5 Neuron,input,left
3853,720575940620568235,T5b,T5 Neuron,input,left
3854,720575940620568966,T4d,T4 Neuron,input,right
3855,720575940620569537,T5b,T5 Neuron,input,left
3856,720575940620572031,T4b,T4 Neuron,input,left
3857,720575940620572287,T5d,T5 Neuron,input,right
3858,720575940620572737,T5c,T5 Neuron,input,right
3859,720575940620572781,T4a,T4 Neuron,input,right
3860,720575940620573319,T4a,T4 Neuron,input,left
3861,720575940620575067,T4a,T4 Neuron,input,right
3862,720575940620575085,T5c,T5 Neuron,input,left
3863,720575940620575727,T4c,T4 Neuron,input,left
3864,720575940620576773,T4a,T4 Neuron,input,right
3865,720575940620577360,T5a,T5 Neuron,input,right
3866,720575940620584319,T4a,T4 Neuron,input,right
3867,720575940620586349,T5a,T5 Neuron,input,left
3868,720575940620587143,T5a,T5 Neuron,input,left
3869,720575940620589190,T4a,T4 Neuron,input,left
3870,720575940620591454,T5a,T5 Neuron,input,right
3871,720575940620591494,T5c,T5 Neuron,input,right
3872,720575940620593323,T4d,T4 Neuron,input,right
3873,720575940620594113,T4d,T4 Neuron,input,left
3874,720575940620595792,T4d,T4 Neuron,input,left
3875,720575940620597382,T4a,T4 Neuron,input,left
3876,720575940620597524,T5c,T5 Neuron,input,right
3877,720575940620603519,T4c,T4 Neuron,input,right
3878,720575940620604353,T4a,T4 Neuron,input,left
3879,720575940620606061,T4b,T4 Neuron,input,right
3880,720575940620606317,T5d,T5 Neuron,input,right
3881,720575940620607508,T4c,T4 Neuron,input,left
3882,720575940620608365,T4c,T4 Neuron,input,right
3883,720575940620608895,T5c,T5 Neuron,input,right
3884,720575940620611009,T5a,T5 Neuron,input,right
3885,720575940620611866,T4a,T4 Neuron,input,right
3886,720575940620612998,T4a,T4 Neuron,input,left
3887,720575940620613313,T4b,T4 Neuron,input,left
3888,720575940620613409,T4c,T4 Neuron,input,right
3889,720575940620614534,T5c,T5 Neuron,input,left
3890,720575940620615774,T4c,T4 Neuron,input,left
3891,720575940620619247,T5a,T5 Neuron,input,left
3892,720575940620622251,T5a,T5 Neuron,input,left
3893,720575940620622597,T4a,T4 Neuron,input,left
3894,720575940620623469,T4a,T4 Neuron,input,right
3895,720575940620625030,T4a,T4 Neuron,input,left
3896,720575940620625067,T4c,T4 Neuron,input,right
3897,720575940620627439,T5a,T5 Neuron,input,left
3898,720575940620628161,T5d,T5 Neuron,input,left
3899,720575940620628818,T5c,T5 Neuron,input,right
3900,720575940620630406,T4c,T4 Neuron,input,left
3901,720575940620634096,T5c,T5 Neuron,input,left
3902,720575940620636587,T4a,T4 Neuron,input,left
3903,720575940620637266,T4c,T4 Neuron,input,right
3904,720575940620637935,T4d,T4 Neuron,input,right
3905,720575940620639050,T4a,T4 Neuron,input,right
3906,720575940620640427,T4b,T4 Neuron,input,left
3907,720575940620640594,T4b,T4 Neuron,input,right
3908,720575940620642799,T5b,T5 Neuron,input,left
3909,720575940620643055,T4b,T4 Neuron,input,left
3910,720575940620643311,T4d,T4 Neuron,input,left
3911,720575940620644434,T4c,T4 Neuron,input,right
3912,720575940620645709,T5b,T5 Neuron,input,right
3913,720575940620648385,T4a,T4 Neuron,input,left
3914,720575940620649409,T4c,T4 Neuron,input,left
3915,720575940620651179,T4b,T4 Neuron,input,left
3916,720575940620651361,T5c,T5 Neuron,input,right
3917,720575940620652016,T4a,T4 Neuron,input,left
3918,720575940620653665,T5c,T5 Neuron,input,right
3919,720575940620654318,T4c,T4 Neuron,input,left
3920,720575940620654574,T5a,T5 Neuron,input,left
3921,720575940620655087,T5c,T5 Neuron,input,left
3922,720575940620655494,T5a,T5 Neuron,input,left
3923,720575940620656598,T5b,T5 Neuron,input,right
3924,720575940620656775,T5c,T5 Neuron,input,left
3925,720575940620657182,T5a,T5 Neuron,input,left
3926,720575940620657287,T4c,T4 Neuron,input,left
3927,720575940620657428,T5c,T5 Neuron,input,left
3928,720575940620657543,T4a,T4 Neuron,input,left
3929,720575940620657799,T5d,T5 Neuron,input,left
3930,720575940620662619,T5d,T5 Neuron,input,right
3931,720575940620662622,T5c,T5 Neuron,input,right
3932,720575940620663899,T5d,T5 Neuron,input,left
3933,720575940620664559,T4b,T4 Neuron,input,left
3934,720575940620666459,T4b,T4 Neuron,input,left
3935,720575940620667156,T4a,T4 Neuron,input,left
3936,720575940620667747,T4d,T4 Neuron,input,left
3937,720575940620671367,T4d,T4 Neuron,input,right
3938,720575940620672609,T4c,T4 Neuron,input,right
3939,720575940620674125,T5c,T5 Neuron,input,right
3940,720575940620674950,T4d,T4 Neuron,input,left
3941,720575940620676958,T4a,T4 Neuron,input,left
3942,720575940620685039,T4a,T4 Neuron,input,right
3943,720575940620687599,T4a,T4 Neuron,input,right
3944,720575940620688148,T4b,T4 Neuron,input,left
3945,720575940620690708,T4c,T4 Neuron,input,left
3946,720575940620690768,T4b,T4 Neuron,input,right
3947,720575940620692103,T5c,T5 Neuron,input,left
3948,720575940620693999,T4c,T4 Neuron,input,right
3949,720575940620696229,T4c,T4 Neuron,input,right
3950,720575940620697520,T4c,T4 Neuron,input,right
3951,720575940620697691,T4a,T4 Neuron,input,left
3952,720575940620697697,T5c,T5 Neuron,input,left
3953,720575940620698863,T5b,T5 Neuron,input,left
3954,720575940620700190,T5c,T5 Neuron,input,left
3955,720575940620702703,T5d,T5 Neuron,input,left
3956,720575940620703879,T4c,T4 Neuron,input,left
3957,720575940620703983,T5d,T5 Neuron,input,right
3958,720575940620704773,T4d,T4 Neuron,input,right
3959,720575940620707567,T5a,T5 Neuron,input,left
3960,720575940620713351,T4d,T4 Neuron,input,left
3961,720575940620714479,T4b,T4 Neuron,input,right
3962,720575940620715246,T5b,T5 Neuron,input,left
3963,720575940620716527,T5a,T5 Neuron,input,left
3964,720575940620718575,T4d,T4 Neuron,input,right
3965,720575940620719380,T5c,T5 Neuron,input,left
3966,720575940620719855,T5a,T5 Neuron,input,left
3967,720575940620723233,T5d,T5 Neuron,input,left
3968,720575940620723521,T5c,T5 Neuron,input,right
3969,720575940620724718,T4b,T4 Neuron,input,left
3970,720575940620726849,T4b,T4 Neuron,input,right
3971,720575940620727022,T4c,T4 Neuron,input,left
3972,720575940620727361,T4b,T4 Neuron,input,right
3973,720575940620732525,T4b,T4 Neuron,input,right
3974,720575940620733376,T4a,T4 Neuron,input,left
3975,720575940620734061,T5a,T5 Neuron,input,right
3976,720575940620734958,T5a,T5 Neuron,input,right
3977,720575940620735691,T4c,T4 Neuron,input,right
3978,720575940620736704,T4d,T4 Neuron,input,right
3979,720575940620737774,T5c,T5 Neuron,input,left
3980,720575940620743663,T4b,T4 Neuron,input,left
3981,720575940620743918,T4d,T4 Neuron,input,left
3982,720575940620745242,T4a,T4 Neuron,input,right
3983,720575940620746849,T4d,T4 Neuron,input,right
3984,720575940620747355,T5a,T5 Neuron,input,right
3985,720575940620747553,T4d,T4 Neuron,input,right
3986,720575940620749249,T5c,T5 Neuron,input,left
3987,720575940620749761,T5d,T5 Neuron,input,left
3988,720575940620750273,T5d,T5 Neuron,input,left
3989,720575940620751707,T5a,T5 Neuron,input,left
3990,720575940620754285,T5d,T5 Neuron,input,left
3991,720575940620755717,T4a,T4 Neuron,input,right
3992,720575940620757926,T4c,T4 Neuron,input,right
3993,720575940620760029,T4c,T4 Neuron,input,right
3994,720575940620764257,T5c,T5 Neuron,input,right
3995,720575940620765025,T5b,T5 Neuron,input,right
3996,720575940620765793,T4a,T4 Neuron,input,right
3997,720575940620765862,T5c,T5 Neuron,input,right
3998,720575940620766374,T5c,T5 Neuron,input,right
3999,720575940620766561,T5b,T5 Neuron,input,right
4000,720575940620766702,T4c,T4 Neuron,input,left
4001,720575940620766817,T4c,T4 Neuron,input,right
4002,720575940620767073,T5c,T5 Neuron,input,right
4003,720575940620767329,T5a,T5 Neuron,input,right
4004,720575940620767579,T4a,T4 Neuron,input,left
4005,720575940620768347,T5d,T5 Neuron,input,right
4006,720575940620770124,T4c,T4 Neuron,input,left
4007,720575940620771567,T5c,T5 Neuron,input,left
4008,720575940620771937,T4c,T4 Neuron,input,right
4009,720575940620773217,T4b,T4 Neuron,input,right
4010,720575940620773953,T5c,T5 Neuron,input,right
4011,720575940620778406,T5d,T5 Neuron,input,right
4012,720575940620778561,T5d,T5 Neuron,input,right
4013,720575940620778662,T5c,T5 Neuron,input,right
4014,720575940620782318,T4d,T4 Neuron,input,right
4015,720575940620785574,T4a,T4 Neuron,input,right
4016,720575940620786624,T4d,T4 Neuron,input,right
4017,720575940620787950,T5a,T5 Neuron,input,left
4018,720575940620788672,T5c,T5 Neuron,input,left
4019,720575940620792486,T5c,T5 Neuron,input,right
4020,720575940620793406,T4b,T4 Neuron,input,right
4021,720575940620796911,T4c,T4 Neuron,input,left
4022,720575940620800166,T4a,T4 Neuron,input,left
4023,720575940620804161,T5c,T5 Neuron,input,left
4024,720575940620804288,T4b,T4 Neuron,input,right
4025,720575940620805568,T5b,T5 Neuron,input,right
4026,720575940620805824,T5d,T5 Neuron,input,right
4027,720575940620806336,T5d,T5 Neuron,input,right
4028,720575940620806571,T4b,T4 Neuron,input,left
4029,720575940620815124,T5d,T5 Neuron,input,right
4030,720575940620816299,T5c,T5 Neuron,input,left
4031,720575940620824411,T4d,T4 Neuron,input,left
4032,720575940620824667,T5d,T5 Neuron,input,right
4033,720575940620826492,T5c,T5 Neuron,input,left
4034,720575940620829355,T4b,T4 Neuron,input,left
4035,720575940620831341,T4b,T4 Neuron,input,right
4036,720575940620832603,T5a,T5 Neuron,input,left
4037,720575940620833627,T5c,T5 Neuron,input,left
4038,720575940620833883,T5c,T5 Neuron,input,left
4039,720575940620837102,T4a,T4 Neuron,input,left
4040,720575940620837146,T4a,T4 Neuron,input,left
4041,720575940620837185,T4d,T4 Neuron,input,left
4042,720575940620840102,T5d,T5 Neuron,input,right
4043,720575940620842590,T5c,T5 Neuron,input,left
4044,720575940620843644,T4d,T4 Neuron,input,right
4045,720575940620843802,T5c,T5 Neuron,input,left
4046,720575940620853116,T4b,T4 Neuron,input,left
4047,720575940620853357,T4c,T4 Neuron,input,left
4048,720575940620855206,T4d,T4 Neuron,input,right
4049,720575940620855676,T4d,T4 Neuron,input,left
4050,720575940620857453,T4d,T4 Neuron,input,right
4051,720575940620859119,T4a,T4 Neuron,input,left
4052,720575940620860910,T5b,T5 Neuron,input,left
4053,720575940620862703,T4c,T4 Neuron,input,left
4054,720575940620864289,T4b,T4 Neuron,input,left
4055,720575940620864877,T5b,T5 Neuron,input,right
4056,720575940620865473,T4d,T4 Neuron,input,left
4057,720575940620866470,T4b,T4 Neuron,input,left
4058,720575940620866992,T5c,T5 Neuron,input,right
4059,720575940620869040,T5a,T5 Neuron,input,right
4060,720575940620876935,T5b,T5 Neuron,input,right
4061,720575940620878836,T4c,T4 Neuron,input,right
4062,720575940620880832,T4a,T4 Neuron,input,left
4063,720575940620881226,T5a,T5 Neuron,input,right
4064,720575940620885158,VST1,VS,processing,right
4065,720575940620885441,T4d,T4 Neuron,input,left
4066,720575940620886406,T5c,T5 Neuron,input,left
4067,720575940620887535,T4c,T4 Neuron,input,right
4068,720575940620889377,T5a,T5 Neuron,input,left
4069,720575940620889965,T5a,T5 Neuron,input,left
4070,720575940620890748,T4a,T4 Neuron,input,right
4071,720575940620891757,T4d,T4 Neuron,input,left
4072,720575940620892193,T5d,T5 Neuron,input,right
4073,720575940620894599,T5d,T5 Neuron,input,right
4074,720575940620894630,T4d,T4 Neuron,input,right
4075,720575940620894854,T4c,T4 Neuron,input,right
4076,720575940620894913,T4c,T4 Neuron,input,right
4077,720575940620901870,T4c,T4 Neuron,input,right
4078,720575940620903856,T4d,T4 Neuron,input,right
4079,720575940620904557,T5c,T5 Neuron,input,left
4080,720575940620908969,T4b,T4 Neuron,input,right
4081,720575940620909806,T5c,T5 Neuron,input,left
4082,720575940620910171,T5b,T5 Neuron,input,right
4083,720575940620910957,T5c,T5 Neuron,input,right
4084,720575940620913798,T4c,T4 Neuron,input,right
4085,720575940620914017,T4d,T4 Neuron,input,left
4086,720575940620915565,T4c,T4 Neuron,input,left
4087,720575940620920411,T5b,T5 Neuron,input,left
4088,720575940620921070,T4c,T4 Neuron,input,left
4089,720575940620921281,T5a,T5 Neuron,input,left
4090,720575940620921771,T4b,T4 Neuron,input,right
4091,720575940620922748,T4c,T4 Neuron,input,right
4092,720575940620922817,T4c,T4 Neuron,input,left
4093,720575940620927435,T5c,T5 Neuron,input,left
4094,720575940620928097,T5c,T5 Neuron,input,right
4095,720575940620928321,T5b,T5 Neuron,input,right
4096,720575940620928390,T5d,T5 Neuron,input,left
4097,720575940620929121,T5a,T5 Neuron,input,left
4098,720575940620931931,T4c,T4 Neuron,input,left
4099,720575940620932220,T4c,T4 Neuron,input,left
4100,720575940620932417,T5d,T5 Neuron,input,right
4101,720575940620935444,T4c,T4 Neuron,input,right
4102,720575940620937051,T5d,T5 Neuron,input,right
4103,720575940620940097,T5d,T5 Neuron,input,left
4104,720575940620940820,T4d,T4 Neuron,input,left
4105,720575940620944566,T5c,T5 Neuron,input,right
4106,720575940620946054,T4b,T4 Neuron,input,left
4107,720575940620947035,T4b,T4 Neuron,input,left
4108,720575940620947438,T5b,T5 Neuron,input,left
4109,720575940620948869,T5b,T5 Neuron,input,left
4110,720575940620951472,T5b,T5 Neuron,input,right
4111,720575940620952948,T5c,T5 Neuron,input,left
4112,720575940620953477,T4a,T4 Neuron,input,left
4113,720575940620953724,T4c,T4 Neuron,input,right
4114,720575940620953989,T4d,T4 Neuron,input,left
4115,720575940620954484,T4d,T4 Neuron,input,left
4116,720575940620955457,T5a,T5 Neuron,input,right
4117,720575940620957643,T4d,T4 Neuron,input,right
4118,720575940620958854,T4d,T4 Neuron,input,left
4119,720575940620958959,T4d,T4 Neuron,input,right
4120,720575940620960134,T4d,T4 Neuron,input,left
4121,720575940620960902,T4c,T4 Neuron,input,left
4122,720575940620961718,T4d,T4 Neuron,input,right
4123,720575940620961775,T4b,T4 Neuron,input,left
4124,720575940620961974,T5a,T5 Neuron,input,right
4125,720575940620963931,T4c,T4 Neuron,input,left
4126,720575940620964011,T4d,T4 Neuron,input,left
4127,720575940620967039,T5d,T5 Neuron,input,left
4128,720575940620968361,T4a,T4 Neuron,input,right
4129,720575940620968614,T5b,T5 Neuron,input,left
4130,720575940620969844,T4a,T4 Neuron,input,left
4131,720575940620970081,T5c,T5 Neuron,input,right
4132,720575940620971435,T4a,T4 Neuron,input,left
4133,720575940620971691,T5a,T5 Neuron,input,left
4134,720575940620977788,T4a,T4 Neuron,input,right
4135,720575940620980390,T4d,T4 Neuron,input,right
4136,720575940620981108,T4a,T4 Neuron,input,right
4137,720575940620986025,T4a,T4 Neuron,input,right
4138,720575940620988654,T4d,T4 Neuron,input,left
4139,720575940620990049,T5a,T5 Neuron,input,left
4140,720575940620990561,T5c,T5 Neuron,input,right
4141,720575940620991110,T4a,T4 Neuron,input,left
4142,720575940620991329,T5a,T5 Neuron,input,right
4143,720575940620992773,T4d,T4 Neuron,input,right
4144,720575940620992865,T4c,T4 Neuron,input,right
4145,720575940620994401,T4d,T4 Neuron,input,left
4146,720575940620994656,T5a,T5 Neuron,input,right
4147,720575940620995766,T5a,T5 Neuron,input,right
4148,720575940621002108,T4a,T4 Neuron,input,right
4149,720575940621002918,T5d,T5 Neuron,input,left
4150,720575940621004148,T4d,T4 Neuron,input,right
4151,720575940621005421,T5a,T5 Neuron,input,right
4152,720575940621009904,T5a,T5 Neuron,input,right
4153,720575940621010785,T5b,T5 Neuron,input,right
4154,720575940621011696,T5b,T5 Neuron,input,right
4155,720575940621016429,T5d,T5 Neuron,input,right
4156,720575940621017771,T5a,T5 Neuron,input,left
4157,720575940621021536,T5a,T5 Neuron,input,right
4158,720575940621022299,T4d,T4 Neuron,input,left
4159,720575940621023214,T5d,T5 Neuron,input,left
4160,720575940621023493,T5c,T5 Neuron,input,right
4161,720575940621023926,T5c,T5 Neuron,input,right
4162,720575940621024124,T4c,T4 Neuron,input,right
4163,720575940621026651,T5a,T5 Neuron,input,left
4164,720575940621029291,T5b,T5 Neuron,input,left
4165,720575940621033837,T5a,T5 Neuron,input,left
4166,720575940621034945,T4c,T4 Neuron,input,left
4167,720575940621038677,T4a,T4 Neuron,input,right
4168,720575940621041005,T4d,T4 Neuron,input,right
4169,720575940621042452,T4c,T4 Neuron,input,left
4170,720575940621044084,T4c,T4 Neuron,input,right
4171,720575940621044340,T4b,T4 Neuron,input,right
4172,720575940621048240,T4a,T4 Neuron,input,right
4173,720575940621050608,T5c,T5 Neuron,input,right
4174,720575940621057217,T4d,T4 Neuron,input,left
4175,720575940621060278,T4d,T4 Neuron,input,right
4176,720575940621060724,T4a,T4 Neuron,input,left
4177,720575940621063489,T5c,T5 Neuron,input,left
4178,720575940621063540,T5d,T5 Neuron,input,left
4179,720575940621066177,T5c,T5 Neuron,input,right
4180,720575940621068404,T5d,T5 Neuron,input,left
4181,720575940621072576,T4c,T4 Neuron,input,left
4182,720575940621072832,T5c,T5 Neuron,input,left
4183,720575940621073249,T5a,T5 Neuron,input,left
4184,720575940621079393,T5c,T5 Neuron,input,left
4185,720575940621083995,T5c,T5 Neuron,input,right
4186,720575940621084070,T5b,T5 Neuron,input,left
4187,720575940621085990,T5a,T5 Neuron,input,left
4188,720575940621086299,T4c,T4 Neuron,input,right
4189,720575940621088391,T5d,T5 Neuron,input,left
4190,720575940621090401,T4b,T4 Neuron,input,left
4191,720575940621091425,T5d,T5 Neuron,input,left
4192,720575940621092212,T5b,T5 Neuron,input,right
4193,720575940621092955,T5d,T5 Neuron,input,left
4194,720575940621094241,T4d,T4 Neuron,input,left
4195,720575940621094895,T5a,T5 Neuron,input,right
4196,720575940621096801,T5d,T5 Neuron,input,left
4197,720575940621105729,T4c,T4 Neuron,input,left
4198,720575940621106368,T5a,T5 Neuron,input,right
4199,720575940621107136,T5b,T5 Neuron,input,right
4200,720575940621109670,T5a,T5 Neuron,input,left
4201,720575940621111381,T4c,T4 Neuron,input,right
4202,720575940621111472,T5c,T5 Neuron,input,right
4203,720575940621114188,T4d,T4 Neuron,input,right
4204,720575940621121462,T5a,T5 Neuron,input,right
4205,720575940621121883,T5b,T5 Neuron,input,left
4206,720575940621124980,T4c,T4 Neuron,input,right
4207,720575940621127851,T5a,T5 Neuron,input,right
4208,720575940621127956,T4c,T4 Neuron,input,left
4209,720575940621129025,T5a,T5 Neuron,input,left
4210,720575940621129569,T4b,T4 Neuron,input,right
4211,720575940621130356,T4d,T4 Neuron,input,right
4212,720575940621130593,T4a,T4 Neuron,input,right
4213,720575940621130817,T4d,T4 Neuron,input,left
4214,720575940621130849,T4c,T4 Neuron,input,right
4215,720575940621131435,T4c,T4 Neuron,input,left
4216,720575940621132108,T5d,T5 Neuron,input,right
4217,720575940621132246,T5d,T5 Neuron,input,right
4218,720575940621136111,T5a,T5 Neuron,input,left
4219,720575940621140161,T4c,T4 Neuron,input,left
4220,720575940621148838,T4b,T4 Neuron,input,left
4221,720575940621149094,T4a,T4 Neuron,input,left
4222,720575940621149505,T5b,T5 Neuron,input,left
4223,720575940621150273,T4a,T4 Neuron,input,left
4224,720575940621150561,T4a,T4 Neuron,input,right
4225,720575940621151002,T5a,T5 Neuron,input,left
4226,720575940621151809,T5b,T5 Neuron,input,right
4227,720575940621161640,T5c,T5 Neuron,input,right
4228,720575940621163841,T5b,T5 Neuron,input,left
4229,720575940621163892,T5a,T5 Neuron,input,right
4230,720575940621169228,T5d,T5 Neuron,input,right
4231,720575940621169392,T4a,T4 Neuron,input,right
4232,720575940621172033,T5a,T5 Neuron,input,right
4233,720575940621178806,T5b,T5 Neuron,input,right
4234,720575940621180912,T4c,T4 Neuron,input,right
4235,720575940621180993,T4c,T4 Neuron,input,left
4236,720575940621181678,T4a,T4 Neuron,input,right
4237,720575940621183073,T5d,T5 Neuron,input,right
4238,720575940621183142,T4c,T4 Neuron,input,left
4239,720575940621183508,T5a,T5 Neuron,input,right
4240,720575940621185151,T5c,T5 Neuron,input,right
4241,720575940621188161,T4b,T4 Neuron,input,right
4242,720575940621193236,T5c,T5 Neuron,input,left
4243,720575940621193910,T5d,T5 Neuron,input,right
4244,720575940621194501,T4d,T4 Neuron,input,right
4245,720575940621194561,T5c,T5 Neuron,input,right
4246,720575940621201078,T4c,T4 Neuron,input,right
4247,720575940621204115,T5d,T5 Neuron,input,left
4248,720575940621209253,T4c,T4 Neuron,input,left
4249,720575940621210795,T4d,T4 Neuron,input,right
4250,720575940621211489,T5c,T5 Neuron,input,left
4251,720575940621217627,T4d,T4 Neuron,input,left
4252,720575940621220590,T4d,T4 Neuron,input,left
4253,720575940621225069,T5b,T5 Neuron,input,right
4254,720575940621229552,T4c,T4 Neuron,input,right
4255,720575940621231269,T4d,T4 Neuron,input,right
4256,720575940621234927,T4b,T4 Neuron,input,right
4257,720575940621236556,T5a,T5 Neuron,input,right
4258,720575940621236918,T4d,T4 Neuron,input,right
4259,720575940621237686,T4c,T4 Neuron,input,right
4260,720575940621238767,T4a,T4 Neuron,input,right
4261,720575940621243073,T5d,T5 Neuron,input,left
4262,720575940621243672,T4a,T4 Neuron,input,right
4263,720575940621244781,T4c,T4 Neuron,input,left
4264,720575940621248500,T5d,T5 Neuron,input,right
4265,720575940621248884,T4c,T4 Neuron,input,left
4266,720575940621250403,T4b,T4 Neuron,input,right
4267,720575940621261744,T5a,T5 Neuron,input,right
4268,720575940621262256,T4b,T4 Neuron,input,left
4269,720575940621264816,T5a,T5 Neuron,input,left
4270,720575940621266017,T5c,T5 Neuron,input,left
4271,720575940621267376,T5a,T5 Neuron,input,left
4272,720575940621271974,T4d,T4 Neuron,input,right
4273,720575940621272230,T4d,T4 Neuron,input,right
4274,720575940621274032,T5d,T5 Neuron,input,left
4275,720575940621275775,T4a,T4 Neuron,input,right
4276,720575940621289221,T4b,T4 Neuron,input,right
4277,720575940621291440,T5a,T5 Neuron,input,right
4278,720575940621295296,T4b,T4 Neuron,input,left
4279,720575940621298854,T4c,T4 Neuron,input,left
4280,720575940621298949,T5a,T5 Neuron,input,right
4281,720575940621299366,T4b,T4 Neuron,input,left
4282,720575940621299677,T4d,T4 Neuron,input,right
4283,720575940621302652,T5d,T5 Neuron,input,left
4284,720575940621303137,T5a,T5 Neuron,input,left
4285,720575940621305953,T4c,T4 Neuron,input,left
4286,720575940621306032,T5d,T5 Neuron,input,right
4287,720575940621307073,T4b,T4 Neuron,input,left
4288,720575940621307887,T5a,T5 Neuron,input,right
4289,720575940621311197,T5b,T5 Neuron,input,left
4290,720575940621311965,T5b,T5 Neuron,input,left
4291,720575940621314480,T5a,T5 Neuron,input,left
4292,720575940621317814,T4d,T4 Neuron,input,right
4293,720575940621321057,T5b,T5 Neuron,input,right
4294,720575940621325594,T5a,T5 Neuron,input,right
4295,720575940621331777,T5a,T5 Neuron,input,left
4296,720575940621332596,T5b,T5 Neuron,input,left
4297,720575940621336941,T4a,T4 Neuron,input,left
4298,720575940621337053,T5b,T5 Neuron,input,left
4299,720575940621338278,T4d,T4 Neuron,input,left
4300,720575940621339574,T4d,T4 Neuron,input,right
4301,720575940621340070,T4c,T4 Neuron,input,left
4302,720575940621342902,T5b,T5 Neuron,input,right
4303,720575940621344169,T4d,T4 Neuron,input,right
4304,720575940621347750,T4b,T4 Neuron,input,left
4305,720575940621347964,T4d,T4 Neuron,input,right
4306,720575940621348272,T5b,T5 Neuron,input,left
4307,720575940621350253,T4c,T4 Neuron,input,left
4308,720575940621351151,T4d,T4 Neuron,input,right
4309,720575940621353392,T4a,T4 Neuron,input,right
4310,720575940621354991,T4b,T4 Neuron,input,right
4311,720575940621357552,T5a,T5 Neuron,input,right
4312,720575940621362926,T5a,T5 Neuron,input,left
4313,720575940621365313,T5c,T5 Neuron,input,right
4314,720575940621367216,T5c,T5 Neuron,input,left
4315,720575940621367832,T4c,T4 Neuron,input,left
4316,720575940621368155,T5d,T5 Neuron,input,left
4317,720575940621368496,T5d,T5 Neuron,input,left
4318,720575940621377029,T4b,T4 Neuron,input,right
4319,720575940621377757,T4d,T4 Neuron,input,left
4320,720575940621378725,T5d,T5 Neuron,input,right
4321,720575940621380566,T4d,T4 Neuron,input,right
4322,720575940621380890,T4d,T4 Neuron,input,right
4323,720575940621381441,T5a,T5 Neuron,input,left
4324,720575940621381723,T4d,T4 Neuron,input,left
4325,720575940621383617,T5c,T5 Neuron,input,right
4326,720575940621386516,T5c,T5 Neuron,input,left
4327,720575940621386593,T5c,T5 Neuron,input,left
4328,720575940621387246,T4a,T4 Neuron,input,left
4329,720575940621388982,T5a,T5 Neuron,input,left
4330,720575940621390975,T5b,T5 Neuron,input,right
4331,720575940621393830,T5c,T5 Neuron,input,left
4332,720575940621397697,T5c,T5 Neuron,input,right
4333,720575940621398399,T4b,T4 Neuron,input,right
4334,720575940621399284,T5b,T5 Neuron,input,right
4335,720575940621404144,T5a,T5 Neuron,input,right
4336,720575940621404440,T4a,T4 Neuron,input,left
4337,720575940621405534,T5c,T5 Neuron,input,right
4338,720575940621412518,T4d,T4 Neuron,input,left
4339,720575940621412852,T5d,T5 Neuron,input,right
4340,720575940621413729,T5c,T5 Neuron,input,left
4341,720575940621422774,T4a,T4 Neuron,input,right
4342,720575940621423707,T5b,T5 Neuron,input,left
4343,720575940621425134,T4a,T4 Neuron,input,left
4344,720575940621426559,T5d,T5 Neuron,input,right
4345,720575940621427297,T4b,T4 Neuron,input,left
4346,720575940621428724,T5c,T5 Neuron,input,right
4347,720575940621429492,T4c,T4 Neuron,input,right
4348,720575940621430955,T4b,T4 Neuron,input,left
4349,720575940621431028,T5a,T5 Neuron,input,right
4350,720575940621431661,T5a,T5 Neuron,input,left
4351,720575940621433326,T4b,T4 Neuron,input,left
4352,720575940621434333,T4a,T4 Neuron,input,right
4353,720575940621437567,T4c,T4 Neuron,input,left
4354,720575940621438964,T5a,T5 Neuron,input,right
4355,720575940621439216,T5c,T5 Neuron,input,left
4356,720575940621439615,T5c,T5 Neuron,input,right
4357,720575940621445723,T5a,T5 Neuron,input,right
4358,720575940621446772,T5d,T5 Neuron,input,right
4359,720575940621447406,T5d,T5 Neuron,input,left
4360,720575940621449686,T4b,T4 Neuron,input,right
4361,720575940621454256,T5d,T5 Neuron,input,right
4362,720575940621454719,T4c,T4 Neuron,input,right
4363,720575940621460872,T5b,T5 Neuron,input,right
4364,720575940621462637,T4b,T4 Neuron,input,left
4365,720575940621466236,T5d,T5 Neuron,input,right
4366,720575940621468070,T5b,T5 Neuron,input,left
4367,720575940621468352,T4c,T4 Neuron,input,right
4368,720575940621469052,T5a,T5 Neuron,input,right
4369,720575940621472432,T5b,T5 Neuron,input,left
4370,720575940621473456,T5a,T5 Neuron,input,left
4371,720575940621474486,T5d,T5 Neuron,input,left
4372,720575940621474736,T4d,T4 Neuron,input,left
4373,720575940621475293,T4c,T4 Neuron,input,right
4374,720575940621477458,T4c,T4 Neuron,input,right
4375,720575940621478738,T4d,T4 Neuron,input,right
4376,720575940621478765,T4d,T4 Neuron,input,left
4377,720575940621480575,T4d,T4 Neuron,input,right
4378,720575940621482678,T5a,T5 Neuron,input,left
4379,720575940621485300,T5d,T5 Neuron,input,right
4380,720575940621488566,T4b,T4 Neuron,input,right
4381,720575940621488922,T4a,T4 Neuron,input,right
4382,720575940621489761,T4b,T4 Neuron,input,left
4383,720575940621489846,T5c,T5 Neuron,input,left
4384,720575940621492077,T4c,T4 Neuron,input,left
4385,720575940621494256,T4d,T4 Neuron,input,right
4386,720575940621496609,T4a,T4 Neuron,input,right
4387,720575940621504577,T4c,T4 Neuron,input,left
4388,720575940621505089,T4d,T4 Neuron,input,left
4389,720575940621505404,T4c,T4 Neuron,input,right
4390,720575940621507568,T4c,T4 Neuron,input,right
4391,720575940621511796,T5a,T5 Neuron,input,left
4392,720575940621512557,T4b,T4 Neuron,input,left
4393,720575940621514080,T4c,T4 Neuron,input,right
4394,720575940621514166,T5c,T5 Neuron,input,left
4395,720575940621517523,T4d,T4 Neuron,input,left
4396,720575940621518575,T5b,T5 Neuron,input,left
4397,720575940621519180,T5d,T5 Neuron,input,right
4398,720575940621520736,T4d,T4 Neuron,input,right
4399,720575940621520756,T5b,T5 Neuron,input,left
4400,720575940621521396,T5d,T5 Neuron,input,right
4401,720575940621522122,T5b,T5 Neuron,input,right
4402,720575940621522272,T4c,T4 Neuron,input,right
4403,720575940621527841,T4a,T4 Neuron,input,right
4404,720575940621529536,T4a,T4 Neuron,input,right
4405,720575940621530816,T4a,T4 Neuron,input,left
4406,720575940621531584,T4a,T4 Neuron,input,right
4407,720575940621540544,T4a,T4 Neuron,input,right
4408,720575940621544896,T4c,T4 Neuron,input,left
4409,720575940621545920,T5a,T5 Neuron,input,right
4410,720575940621548141,T4a,T4 Neuron,input,left
4411,720575940621548276,T5d,T5 Neuron,input,right
4412,720575940621549086,T4c,T4 Neuron,input,left
4413,720575940621549172,T5d,T5 Neuron,input,left
4414,720575940621549377,T5c,T5 Neuron,input,right
4415,720575940621549421,T4b,T4 Neuron,input,left
4416,720575940621551220,T4a,T4 Neuron,input,right
4417,720575940621552133,T5c,T5 Neuron,input,right
4418,720575940621552749,T4a,T4 Neuron,input,left
4419,720575940621555444,T5d,T5 Neuron,input,left
4420,720575940621555821,T4c,T4 Neuron,input,right
4421,720575940621557744,T4b,T4 Neuron,input,right
4422,720575940621559728,T4a,T4 Neuron,input,left
4423,720575940621561328,T5d,T5 Neuron,input,right
4424,720575940621564763,T4d,T4 Neuron,input,left
4425,720575940621569775,T5b,T5 Neuron,input,left
4426,720575940621571149,T4b,T4 Neuron,input,right
4427,720575940621571312,T5d,T5 Neuron,input,right
4428,720575940621573291,VST1,VS,processing,left
4429,720575940621582145,T4d,T4 Neuron,input,left
4430,720575940621582794,T5a,T5 Neuron,input,right
4431,720575940621588077,T4c,T4 Neuron,input,left
4432,720575940621592558,T4d,T4 Neuron,input,left
4433,720575940621593468,T5a,T5 Neuron,input,left
4434,720575940621597445,T5a,T5 Neuron,input,right
4435,720575940621598128,T5b,T5 Neuron,input,left
4436,720575940621598134,T4a,T4 Neuron,input,left
4437,720575940621598390,T4d,T4 Neuron,input,left
4438,720575940621600892,T4d,T4 Neuron,input,right
4439,720575940621601857,T4c,T4 Neuron,input,left
4440,720575940621602081,T5a,T5 Neuron,input,right
4441,720575940621602625,T4b,T4 Neuron,input,right
4442,720575940621602742,T4a,T4 Neuron,input,left
4443,720575940621605581,T5b,T5 Neuron,input,left
4444,720575940621605997,T5b,T5 Neuron,input,right
4445,720575940621607078,T5b,T5 Neuron,input,left
4446,720575940621608481,T5a,T5 Neuron,input,right
4447,720575940621608630,T4d,T4 Neuron,input,left
4448,720575940621608993,T5d,T5 Neuron,input,right
4449,720575940621609989,T4d,T4 Neuron,input,right
4450,720575940621616734,T5a,T5 Neuron,input,right
4451,720575940621617391,T5a,T5 Neuron,input,right
4452,720575940621617647,T5c,T5 Neuron,input,right
4453,720575940621618209,T4a,T4 Neuron,input,right
4454,720575940621622477,T4a,T4 Neuron,input,left
4455,720575940621625953,T4a,T4 Neuron,input,right
4456,720575940621626094,T4d,T4 Neuron,input,right
4457,720575940621627233,T5d,T5 Neuron,input,right
4458,720575940621628144,T4b,T4 Neuron,input,left
4459,720575940621631690,T5c,T5 Neuron,input,right
4460,720575940621635248,T5b,T5 Neuron,input,left
4461,720575940621635333,T5c,T5 Neuron,input,right
4462,720575940621636084,T5a,T5 Neuron,input,left
4463,720575940621636173,T4b,T4 Neuron,input,right
4464,720575940621637146,T5d,T5 Neuron,input,right
4465,720575940621637637,T5d,T5 Neuron,input,left
4466,720575940621638832,T4c,T4 Neuron,input,left
4467,720575940621640027,T5b,T5 Neuron,input,right
4468,720575940621641392,T5c,T5 Neuron,input,left
4469,720575940621642010,T5a,T5 Neuron,input,right
4470,720575940621642118,T4b,T4 Neuron,input,right
4471,720575940621642612,T5c,T5 Neuron,input,left
4472,720575940621642630,T5d,T5 Neuron,input,left
4473,720575940621645829,T5b,T5 Neuron,input,right
4474,720575940621651233,T5c,T5 Neuron,input,left
4475,720575940621651366,T4c,T4 Neuron,input,right
4476,720575940621651658,T5a,T5 Neuron,input,right
4477,720575940621651694,T4c,T4 Neuron,input,right
4478,720575940621654305,T4d,T4 Neuron,input,right
4479,720575940621658465,T4d,T4 Neuron,input,left
4480,720575940621659245,T5c,T5 Neuron,input,left
4481,720575940621670349,T4c,T4 Neuron,input,right
4482,720575940621670721,T5a,T5 Neuron,input,left
4483,720575940621673754,T5d,T5 Neuron,input,right
4484,720575940621673933,T5d,T5 Neuron,input,left
4485,720575940621674061,T4c,T4 Neuron,input,right
4486,720575940621674356,T4d,T4 Neuron,input,left
4487,720575940621674367,T4b,T4 Neuron,input,right
4488,720575940621674520,T4b,T4 Neuron,input,left
4489,720575940621674701,T4a,T4 Neuron,input,left
4490,720575940621675073,T4c,T4 Neuron,input,left
4491,720575940621676817,T4b,T4 Neuron,input,right
4492,720575940621678196,T5d,T5 Neuron,input,left
4493,720575940621678204,T5c,T5 Neuron,input,right
4494,720575940621678785,T4a,T4 Neuron,input,right
4495,720575940621680252,T5b,T5 Neuron,input,right
4496,720575940621681020,T5c,T5 Neuron,input,right
4497,720575940621682164,T5b,T5 Neuron,input,left
4498,720575940621684318,T4b,T4 Neuron,input,right
4499,720575940621687668,T4d,T4 Neuron,input,left
4500,720575940621688752,T5d,T5 Neuron,input,left
4501,720575940621689112,T4d,T4 Neuron,input,left
4502,720575940621689270,T4b,T4 Neuron,input,left
4503,720575940621689613,T4c,T4 Neuron,input,right
4504,720575940621689838,T5d,T5 Neuron,input,left
4505,720575940621690100,T5b,T5 Neuron,input,right
4506,720575940621691486,T5d,T5 Neuron,input,right
4507,720575940621693616,T4b,T4 Neuron,input,left
4508,720575940621694049,T5b,T5 Neuron,input,right
4509,720575940621696094,T5d,T5 Neuron,input,right
4510,720575940621702405,T5d,T5 Neuron,input,right
4511,720575940621705298,T4c,T4 Neuron,input,right
4512,720575940621705754,T5c,T5 Neuron,input,left
4513,720575940621708570,T5a,T5 Neuron,input,right
4514,720575940621712154,T4a,T4 Neuron,input,left
4515,720575940621714928,T5d,T5 Neuron,input,left
4516,720575940621720158,T5b,T5 Neuron,input,right
4517,720575940621721549,T5a,T5 Neuron,input,left
4518,720575940621721838,T4a,T4 Neuron,input,right
4519,720575940621725428,T4a,T4 Neuron,input,left
4520,720575940621727493,T4c,T4 Neuron,input,right
4521,720575940621729374,T5a,T5 Neuron,input,right
4522,720575940621730584,T4d,T4 Neuron,input,right
4523,720575940621730842,T5d,T5 Neuron,input,right
4524,720575940621731056,T4a,T4 Neuron,input,left
4525,720575940621732336,T5c,T5 Neuron,input,right
4526,720575940621733756,T4a,T4 Neuron,input,left
4527,720575940621736205,T5d,T5 Neuron,input,right
4528,720575940621742104,T4a,T4 Neuron,input,left
4529,720575940621745441,T5b,T5 Neuron,input,right
4530,720575940621747580,T5b,T5 Neuron,input,right
4531,720575940621748212,T4c,T4 Neuron,input,left
4532,720575940621749416,T5b,T5 Neuron,input,right
4533,720575940621749492,T4b,T4 Neuron,input,right
4534,720575940621750255,T4a,T4 Neuron,input,right
4535,720575940621752397,T5c,T5 Neuron,input,right
4536,720575940621757832,T4a,T4 Neuron,input,right
4537,720575940621758390,T4b,T4 Neuron,input,left
4538,720575940621759100,T4c,T4 Neuron,input,right
4539,720575940621760609,T5d,T5 Neuron,input,right
4540,720575940621764340,T4b,T4 Neuron,input,left
4541,720575940621768319,T4b,T4 Neuron,input,left
4542,720575940621769242,T5d,T5 Neuron,input,right
4543,720575940621772159,T4c,T4 Neuron,input,left
4544,720575940621776645,T4d,T4 Neuron,input,right
4545,720575940621776842,T5d,T5 Neuron,input,right
4546,720575940621776901,T5b,T5 Neuron,input,right
4547,720575940621780001,T4a,T4 Neuron,input,right
4548,720575940621780250,T5c,T5 Neuron,input,right
4549,720575940621781261,T4c,T4 Neuron,input,right
4550,720575940621781537,T5a,T5 Neuron,input,left
4551,720575940621782512,T4b,T4 Neuron,input,left
4552,720575940621782655,T4c,T4 Neuron,input,left
4553,720575940621785377,T5b,T5 Neuron,input,right
4554,720575940621785727,T4b,T4 Neuron,input,left
4555,720575940621789473,T5d,T5 Neuron,input,left
4556,720575940621791237,T4b,T4 Neuron,input,right
4557,720575940621792350,T5d,T5 Neuron,input,right
4558,720575940621792606,T4d,T4 Neuron,input,right
4559,720575940621794586,T5d,T5 Neuron,input,right
4560,720575940621796084,T5d,T5 Neuron,input,left
4561,720575940621796340,T5a,T5 Neuron,input,left
4562,720575940621796988,T5c,T5 Neuron,input,left
4563,720575940621797726,T4b,T4 Neuron,input,right
4564,720575940621798326,T4d,T4 Neuron,input,left
4565,720575940621798465,T4d,T4 Neuron,input,left
4566,720575940621798494,T5d,T5 Neuron,input,right
4567,720575940621798689,T4a,T4 Neuron,input,left
4568,720575940621798945,T5c,T5 Neuron,input,right
4569,720575940621802934,T4a,T4 Neuron,input,left
4570,720575940621804927,T4b,T4 Neuron,input,left
4571,720575940621805857,T4c,T4 Neuron,input,left
4572,720575940621810902,T4a,T4 Neuron,input,right
4573,720575940621811547,T5a,T5 Neuron,input,left
4574,720575940621813108,T5b,T5 Neuron,input,left
4575,720575940621814900,T4d,T4 Neuron,input,left
4576,720575940621816140,T5b,T5 Neuron,input,right
4577,720575940621817584,T5c,T5 Neuron,input,right
4578,720575940621824282,T4b,T4 Neuron,input,right
4579,720575940621824577,T4c,T4 Neuron,input,right
4580,720575940621827824,T4c,T4 Neuron,input,left
4581,720575940621828080,T4b,T4 Neuron,input,left
4582,720575940621828272,T5d,T5 Neuron,input,right
4583,720575940621828488,T4b,T4 Neuron,input,right
4584,720575940621833096,T4d,T4 Neuron,input,right
4585,720575940621833142,T5d,T5 Neuron,input,left
4586,720575940621838708,T5c,T5 Neuron,input,left
4587,720575940621840252,T5d,T5 Neuron,input,right
4588,720575940621841185,T5a,T5 Neuron,input,right
4589,720575940621841434,T4b,T4 Neuron,input,left
4590,720575940621841833,T4a,T4 Neuron,input,right
4591,720575940621842928,T4a,T4 Neuron,input,left
4592,720575940621843382,T4b,T4 Neuron,input,right
4593,720575940621844701,T5a,T5 Neuron,input,left
4594,720575940621851007,T4b,T4 Neuron,input,left
4595,720575940621852307,T5d,T5 Neuron,input,right
4596,720575940621852874,T5a,T5 Neuron,input,right
4597,720575940621852952,T4b,T4 Neuron,input,left
4598,720575940621853386,T5b,T5 Neuron,input,right
4599,720575940621854302,T4d,T4 Neuron,input,left
4600,720575940621856355,T5a,T5 Neuron,input,left
4601,720575940621859649,T4a,T4 Neuron,input,left
4602,720575940621865456,T4a,T4 Neuron,input,left
4603,720575940621867041,T5b,T5 Neuron,input,left
4604,720575940621869481,T5b,T5 Neuron,input,left
4605,720575940621870881,T5c,T5 Neuron,input,right
4606,720575940621871469,T4a,T4 Neuron,input,right
4607,720575940621873610,T5d,T5 Neuron,input,right
4608,720575940621882032,T4d,T4 Neuron,input,left
4609,720575940621883888,T4a,T4 Neuron,input,left
4610,720575940621885556,T5a,T5 Neuron,input,left
4611,720575940621885567,T5a,T5 Neuron,input,left
4612,720575940621889206,T5b,T5 Neuron,input,right
4613,720575940621889404,T4b,T4 Neuron,input,left
4614,720575940621889891,T4d,T4 Neuron,input,left
4615,720575940621890440,T5b,T5 Neuron,input,left
4616,720575940621890518,T5b,T5 Neuron,input,right
4617,720575940621891964,T5a,T5 Neuron,input,right
4618,720575940621892702,T4d,T4 Neuron,input,left
4619,720575940621892963,T5d,T5 Neuron,input,left
4620,720575940621893219,T4c,T4 Neuron,input,right
4621,720575940621895156,T5a,T5 Neuron,input,left
4622,720575940621898264,T5c,T5 Neuron,input,right
4623,720575940621901222,T5a,T5 Neuron,input,left
4624,720575940621906312,T5c,T5 Neuron,input,left
4625,720575940621907839,T5c,T5 Neuron,input,left
4626,720575940621908360,T4b,T4 Neuron,input,right
4627,720575940621909213,T5a,T5 Neuron,input,right
4628,720575940621909680,T5b,T5 Neuron,input,left
4629,720575940621910772,T5a,T5 Neuron,input,right
4630,720575940621915350,T5b,T5 Neuron,input,right
4631,720575940621915558,T5c,T5 Neuron,input,right
4632,720575940621915814,T5b,T5 Neuron,input,right
4633,720575940621921449,T4c,T4 Neuron,input,left
4634,720575940621921916,T5c,T5 Neuron,input,right
4635,720575940621938437,T5d,T5 Neuron,input,right
4636,720575940621938857,T4a,T4 Neuron,input,right
4637,720575940621940682,T5d,T5 Neuron,input,right
4638,720575940621942908,T5c,T5 Neuron,input,right
4639,720575940621944712,T5c,T5 Neuron,input,right
4640,720575940621945880,T4d,T4 Neuron,input,right
4641,720575940621947909,T4a,T4 Neuron,input,left
4642,720575940621949022,T5b,T5 Neuron,input,right
4643,720575940621949052,T5d,T5 Neuron,input,right
4644,720575940621949957,T5c,T5 Neuron,input,left
4645,720575940621949985,T5b,T5 Neuron,input,right
4646,720575940621950896,T5d,T5 Neuron,input,right
4647,720575940621955455,T5a,T5 Neuron,input,left
4648,720575940621956212,T5c,T5 Neuron,input,left
4649,720575940621957125,T4c,T4 Neuron,input,left
4650,720575940621962918,T5b,T5 Neuron,input,left
4651,720575940621963433,T4a,T4 Neuron,input,right
4652,720575940621963958,T4c,T4 Neuron,input,left
4653,720575940621964784,T4c,T4 Neuron,input,left
4654,720575940621965388,T5c,T5 Neuron,input,right
4655,720575940621971276,T5a,T5 Neuron,input,right
4656,720575940621972938,T5d,T5 Neuron,input,right
4657,720575940621975329,T5c,T5 Neuron,input,right
4658,720575940621975420,T5b,T5 Neuron,input,right
4659,720575940621977950,T5b,T5 Neuron,input,left
4660,720575940621979636,T4c,T4 Neuron,input,left
4661,720575940621982076,T4d,T4 Neuron,input,left
4662,720575940621985482,T5b,T5 Neuron,input,right
4663,720575940621994245,T5a,T5 Neuron,input,left
4664,720575940621995391,T5b,T5 Neuron,input,left
4665,720575940621997040,T4c,T4 Neuron,input,left
4666,720575940621999484,T5a,T5 Neuron,input,right
4667,720575940622003411,T5c,T5 Neuron,input,left
4668,720575940622004545,T5a,T5 Neuron,input,left
4669,720575940622006218,T4c,T4 Neuron,input,right
4670,720575940622006554,T5d,T5 Neuron,input,left
4671,720575940622007322,T4d,T4 Neuron,input,left
4672,720575940622010956,T5c,T5 Neuron,input,right
4673,720575940622012748,T4c,T4 Neuron,input,right
4674,720575940622013680,T4c,T4 Neuron,input,left
4675,720575940622014207,T5d,T5 Neuron,input,left
4676,720575940622020122,T5b,T5 Neuron,input,left
4677,720575940622024225,T4a,T4 Neuron,input,left
4678,720575940622028404,T5c,T5 Neuron,input,left
4679,720575940622029150,T5a,T5 Neuron,input,right
4680,720575940622031130,T4a,T4 Neuron,input,left
4681,720575940622039924,T4d,T4 Neuron,input,left
4682,720575940622042550,T5a,T5 Neuron,input,left
4683,720575940622043560,T5b,T5 Neuron,input,right
4684,720575940622044328,T5b,T5 Neuron,input,right
4685,720575940622046241,T5d,T5 Neuron,input,left
4686,720575940622047656,T5c,T5 Neuron,input,right
4687,720575940622048168,T5c,T5 Neuron,input,right
4688,720575940622054917,T4a,T4 Neuron,input,left
4689,720575940622057804,T5b,T5 Neuron,input,right
4690,720575940622057989,T4c,T4 Neuron,input,right
4691,720575940622058131,T4a,T4 Neuron,input,left
4692,720575940622059525,T5c,T5 Neuron,input,right
4693,720575940622059945,T5c,T5 Neuron,input,left
4694,720575940622063487,T4d,T4 Neuron,input,left
4695,720575940622067572,T5d,T5 Neuron,input,right
4696,720575940622070768,T4c,T4 Neuron,input,left
4697,720575940622074352,T4b,T4 Neuron,input,left
4698,720575940622077052,T5c,T5 Neuron,input,right
4699,720575940622077300,T5d,T5 Neuron,input,left
4700,720575940622077722,T5d,T5 Neuron,input,left
4701,720575940622079434,T4d,T4 Neuron,input,right
4702,720575940622079612,T5d,T5 Neuron,input,right
4703,720575940622079657,T5b,T5 Neuron,input,right
4704,720575940622081448,T5d,T5 Neuron,input,right
4705,720575940622082184,T4b,T4 Neuron,input,right
4706,720575940622083956,T4d,T4 Neuron,input,left
4707,720575940622084212,T5b,T5 Neuron,input,left
4708,720575940622084702,T4a,T4 Neuron,input,left
4709,720575940622084905,T5b,T5 Neuron,input,left
4710,720575940622084929,T5c,T5 Neuron,input,left
4711,720575940622086057,T5b,T5 Neuron,input,left
4712,720575940622086614,T4d,T4 Neuron,input,right
4713,720575940622087412,T5b,T5 Neuron,input,left
4714,720575940622088745,T5c,T5 Neuron,input,right
4715,720575940622089181,T4d,T4 Neuron,input,right
4716,720575940622090273,T5a,T5 Neuron,input,left
4717,720575940622091391,T5d,T5 Neuron,input,left
4718,720575940622091558,T4b,T4 Neuron,input,left
4719,720575940622092894,T4c,T4 Neuron,input,left
4720,720575940622093082,T5c,T5 Neuron,input,left
4721,720575940622093951,T4b,T4 Neuron,input,left
4722,720575940622094377,T4c,T4 Neuron,input,right
4723,720575940622100762,T4c,T4 Neuron,input,left
4724,720575940622101253,T4a,T4 Neuron,input,left
4725,720575940622102441,T5a,T5 Neuron,input,left
4726,720575940622103134,T4a,T4 Neuron,input,left
4727,720575940622103593,T4a,T4 Neuron,input,left
4728,720575940622106409,T4a,T4 Neuron,input,right
4729,720575940622106657,T4a,T4 Neuron,input,right
4730,720575940622107312,T4b,T4 Neuron,input,right
4731,720575940622108442,T4d,T4 Neuron,input,right
4732,720575940622108584,T5a,T5 Neuron,input,right
4733,720575940622110546,T4b,T4 Neuron,input,right
4734,720575940622111058,T4b,T4 Neuron,input,right
4735,720575940622117572,T5b,T5 Neuron,input,left
4736,720575940622119382,T5c,T5 Neuron,input,right
4737,720575940622120268,T5b,T5 Neuron,input,right
4738,720575940622126418,T4c,T4 Neuron,input,right
4739,720575940622126847,T4a,T4 Neuron,input,right
4740,720575940622128161,T4c,T4 Neuron,input,right
4741,720575940622128586,T5d,T5 Neuron,input,right
4742,720575940622129434,T5b,T5 Neuron,input,left
4743,720575940622132250,T4c,T4 Neuron,input,left
4744,720575940622132485,T4b,T4 Neuron,input,left
4745,720575940622135208,T5d,T5 Neuron,input,right
4746,720575940622137164,T5a,T5 Neuron,input,right
4747,720575940622142076,T5d,T5 Neuron,input,left
4748,720575940622143770,T5b,T5 Neuron,input,left
4749,720575940622149887,T4d,T4 Neuron,input,right
4750,720575940622151756,T5a,T5 Neuron,input,right
4751,720575940622152542,T5a,T5 Neuron,input,left
4752,720575940622152730,T5a,T5 Neuron,input,left
4753,720575940622154828,T5c,T5 Neuron,input,right
4754,720575940622156065,T4b,T4 Neuron,input,left
4755,720575940622166908,T5d,T5 Neuron,input,right
4756,720575940622171416,T4a,T4 Neuron,input,right
4757,720575940622173534,T5a,T5 Neuron,input,left
4758,720575940622177712,T4c,T4 Neuron,input,right
4759,720575940622177886,T5b,T5 Neuron,input,left
4760,720575940622183457,T5a,T5 Neuron,input,left
4761,720575940622186561,T5a,T5 Neuron,input,left
4762,720575940622189436,T4d,T4 Neuron,input,right
4763,720575940622190588,T4a,T4 Neuron,input,left
4764,720575940622191830,T4a,T4 Neuron,input,right
4765,720575940622193185,T4a,T4 Neuron,input,left
4766,720575940622193953,T4a,T4 Neuron,input,right
4767,720575940622196001,T4d,T4 Neuron,input,right
4768,720575940622197530,T5a,T5 Neuron,input,right
4769,720575940622197825,T5b,T5 Neuron,input,left
4770,720575940622199105,T4c,T4 Neuron,input,right
4771,720575940622199372,T5a,T5 Neuron,input,left
4772,720575940622199585,T5c,T5 Neuron,input,left
4773,720575940622199990,T4c,T4 Neuron,input,left
4774,720575940622200090,T4d,T4 Neuron,input,right
4775,720575940622200097,T5d,T5 Neuron,input,left
4776,720575940622200865,T4b,T4 Neuron,input,left
4777,720575940622205217,T4c,T4 Neuron,input,left
4778,720575940622208517,T4d,T4 Neuron,input,left
4779,720575940622215779,T4b,T4 Neuron,input,right
4780,720575940622215894,T4a,T4 Neuron,input,left
4781,720575940622217385,T4d,T4 Neuron,input,left
4782,720575940622218364,T4b,T4 Neuron,input,left
4783,720575940622218620,T4d,T4 Neuron,input,right
4784,720575940622218876,T4c,T4 Neuron,input,right
4785,720575940622220778,T5d,T5 Neuron,input,left
4786,720575940622221014,T4a,T4 Neuron,input,left
4787,720575940622221436,T5d,T5 Neuron,input,left
4788,720575940622221606,T5c,T5 Neuron,input,left
4789,720575940622221865,T4c,T4 Neuron,input,right
4790,720575940622227068,T4a,T4 Neuron,input,right
4791,720575940622228545,T4a,T4 Neuron,input,left
4792,720575940622228741,T4d,T4 Neuron,input,left
4793,720575940622228997,T4d,T4 Neuron,input,right
4794,720575940622232042,T5c,T5 Neuron,input,left
4795,720575940622232402,T4d,T4 Neuron,input,right
4796,720575940622234662,T4d,T4 Neuron,input,right
4797,720575940622236381,T5a,T5 Neuron,input,right
4798,720575940622240470,T5d,T5 Neuron,input,right
4799,720575940622241285,T4b,T4 Neuron,input,left
4800,720575940622241494,T5a,T5 Neuron,input,right
4801,720575940622244521,T4c,T4 Neuron,input,left
4802,720575940622246090,T4d,T4 Neuron,input,right
4803,720575940622248700,T4a,T4 Neuron,input,left
4804,720575940622249249,T5d,T5 Neuron,input,right
4805,720575940622251945,T5c,T5 Neuron,input,right
4806,720575940622254162,T5b,T5 Neuron,input,right
4807,720575940622256734,T4d,T4 Neuron,input,left
4808,720575940622258323,T4c,T4 Neuron,input,left
4809,720575940622258526,T5a,T5 Neuron,input,left
4810,720575940622258782,T4d,T4 Neuron,input,left
4811,720575940622260574,T4d,T4 Neuron,input,left
4812,720575940622260830,T4b,T4 Neuron,input,left
4813,720575940622265932,T5a,T5 Neuron,input,right
4814,720575940622268748,T4b,T4 Neuron,input,right
4815,720575940622268938,T5c,T5 Neuron,input,right
4816,720575940622269260,T4b,T4 Neuron,input,left
4817,720575940622271258,T5b,T5 Neuron,input,left
4818,720575940622275562,T5a,T5 Neuron,input,left
4819,720575940622275934,T5a,T5 Neuron,input,left
4820,720575940622276106,T5a,T5 Neuron,input,right
4821,720575940622277360,T4c,T4 Neuron,input,left
4822,720575940622277726,T5c,T5 Neuron,input,left
4823,720575940622277808,T4a,T4 Neuron,input,left
4824,720575940622278890,T4a,T4 Neuron,input,right
4825,720575940622282506,T5d,T5 Neuron,input,right
4826,720575940622282762,T5b,T5 Neuron,input,right
4827,720575940622283204,T5d,T5 Neuron,input,left
4828,720575940622283786,T5b,T5 Neuron,input,right
4829,720575940622283814,T5d,T5 Neuron,input,left
4830,720575940622284070,T4d,T4 Neuron,input,left
4831,720575940622286204,T5b,T5 Neuron,input,left
4832,720575940622286625,T4a,T4 Neuron,input,right
4833,720575940622289441,T5c,T5 Neuron,input,left
4834,720575940622290044,T5d,T5 Neuron,input,left
4835,720575940622290164,T5d,T5 Neuron,input,left
4836,720575940622290252,T4b,T4 Neuron,input,right
4837,720575940622290954,T5d,T5 Neuron,input,right
4838,720575940622291068,T4c,T4 Neuron,input,left
4839,720575940622294878,T5d,T5 Neuron,input,left
4840,720575940622298515,T5c,T5 Neuron,input,right
4841,720575940622298637,T4b,T4 Neuron,input,right
4842,720575940622300810,T4a,T4 Neuron,input,right
4843,720575940622301162,T4b,T4 Neuron,input,left
4844,720575940622308869,T4c,T4 Neuron,input,left
4845,720575940622311306,T5d,T5 Neuron,input,right
4846,720575940622312965,HSS,HS,processing,left
4847,720575940622318174,T4d,T4 Neuron,input,right
4848,720575940622319498,T4c,T4 Neuron,input,right
4849,720575940622320508,T4a,T4 Neuron,input,left
4850,720575940622320605,T4a,T4 Neuron,input,left
4851,720575940622320861,T4c,T4 Neuron,input,right
4852,720575940622320874,T4c,T4 Neuron,input,right
4853,720575940622324604,T5d,T5 Neuron,input,right
4854,720575940622329008,T5a,T5 Neuron,input,left
4855,720575940622330444,T5c,T5 Neuron,input,left
4856,720575940622332236,T5b,T5 Neuron,input,left
4857,720575940622334844,T5c,T5 Neuron,input,left
4858,720575940622341363,T5d,T5 Neuron,input,left
4859,720575940622342012,T4c,T4 Neuron,input,right
4860,720575940622343804,T4a,T4 Neuron,input,right
4861,720575940622344624,T4d,T4 Neuron,input,left
4862,720575940622349388,T4d,T4 Neuron,input,left
4863,720575940622352595,T5a,T5 Neuron,input,left
4864,720575940622353078,T4d,T4 Neuron,input,left
4865,720575940622355788,T4b,T4 Neuron,input,right
4866,720575940622355836,T5a,T5 Neuron,input,left
4867,720575940622356957,T5b,T5 Neuron,input,left
4868,720575940622357459,T5b,T5 Neuron,input,left
4869,720575940622361098,T5c,T5 Neuron,input,right
4870,720575940622362589,T5d,T5 Neuron,input,left
4871,720575940622362845,T5c,T5 Neuron,input,left
4872,720575940622362858,T5d,T5 Neuron,input,left
4873,720575940622362890,T5b,T5 Neuron,input,right
4874,720575940622363341,T5a,T5 Neuron,input,right
4875,720575940622364118,T5a,T5 Neuron,input,left
4876,720575940622364492,T4d,T4 Neuron,input,right
4877,720575940622366218,T5a,T5 Neuron,input,right
4878,720575940622371077,T4d,T4 Neuron,input,left
4879,720575940622372301,T4b,T4 Neuron,input,right
4880,720575940622376083,T5a,T5 Neuron,input,left
4881,720575940622377343,T5d,T5 Neuron,input,left
4882,720575940622377421,T4a,T4 Neuron,input,left
4883,720575940622377571,T5c,T5 Neuron,input,right
4884,720575940622380509,T4d,T4 Neuron,input,right
4885,720575940622380554,T5c,T5 Neuron,input,right
4886,720575940622383692,T5c,T5 Neuron,input,right
4887,720575940622385869,T5b,T5 Neuron,input,right
4888,720575940622389430,T5a,T5 Neuron,input,right
4889,720575940622390810,T5d,T5 Neuron,input,right
4890,720575940622391821,T5c,T5 Neuron,input,right
4891,720575940622393014,T4a,T4 Neuron,input,left
4892,720575940622393724,T4a,T4 Neuron,input,right
4893,720575940622395263,T5a,T5 Neuron,input,right
4894,720575940622397308,T5b,T5 Neuron,input,left
4895,720575940622403361,T5d,T5 Neuron,input,left
4896,720575940622405770,T5d,T5 Neuron,input,left
4897,720575940622409875,T5a,T5 Neuron,input,right
4898,720575940622412253,T5c,T5 Neuron,input,right
4899,720575940622413055,T5a,T5 Neuron,input,right
4900,720575940622413300,T4c,T4 Neuron,input,left
4901,720575940622415044,T4b,T4 Neuron,input,right
4902,720575940622419113,T4c,T4 Neuron,input,left
4903,720575940622420189,T4b,T4 Neuron,input,right
4904,720575940622429772,T4c,T4 Neuron,input,left
4905,720575940622431582,T5c,T5 Neuron,input,left
4906,720575940622432425,T5b,T5 Neuron,input,left
4907,720575940622436310,T5d,T5 Neuron,input,left
4908,720575940622436641,T5b,T5 Neuron,input,right
4909,720575940622437334,T4b,T4 Neuron,input,right
4910,720575940622441181,T5b,T5 Neuron,input,right
4911,720575940622442387,T4d,T4 Neuron,input,left
4912,720575940622443034,T5c,T5 Neuron,input,left
4913,720575940622449541,T4a,T4 Neuron,input,left
4914,720575940622450014,T4a,T4 Neuron,input,left
4915,720575940622453175,T4d,T4 Neuron,input,left
4916,720575940622458838,T5c,T5 Neuron,input,left
4917,720575940622460412,T5d,T5 Neuron,input,left
4918,720575940622460868,T5a,T5 Neuron,input,left
4919,720575940622461516,T4b,T4 Neuron,input,right
4920,720575940622461978,T4a,T4 Neuron,input,left
4921,720575940622462025,T5b,T5 Neuron,input,left
4922,720575940622462964,T5b,T5 Neuron,input,left
4923,720575940622466842,T5b,T5 Neuron,input,left
4924,720575940622468940,T4d,T4 Neuron,input,right
4925,720575940622475263,T4c,T4 Neuron,input,right
4926,720575940622478972,T4a,T4 Neuron,input,right
4927,720575940622479228,T4d,T4 Neuron,input,right
4928,720575940622479692,T5a,T5 Neuron,input,left
4929,720575940622490444,T5c,T5 Neuron,input,right
4930,720575940622493320,T5a,T5 Neuron,input,right
4931,720575940622497476,T4b,T4 Neuron,input,right
4932,720575940622498184,T4d,T4 Neuron,input,right
4933,720575940622498952,T5a,T5 Neuron,input,right
4934,720575940622504191,T4d,T4 Neuron,input,right
4935,720575940622504831,T4a,T4 Neuron,input,left
4936,720575940622516860,T5c,T5 Neuron,input,left
4937,720575940622521930,T5c,T5 Neuron,input,right
4938,720575940622526204,T5a,T5 Neuron,input,left
4939,720575940622527446,T4d,T4 Neuron,input,right
4940,720575940622527868,T4d,T4 Neuron,input,left
4941,720575940622530892,T5c,T5 Neuron,input,left
4942,720575940622534614,T4a,T4 Neuron,input,right
4943,720575940622536030,T4c,T4 Neuron,input,right
4944,720575940622538273,T4c,T4 Neuron,input,left
4945,720575940622541523,T5b,T5 Neuron,input,left
4946,720575940622555094,T4b,T4 Neuron,input,right
4947,720575940622555468,T4d,T4 Neuron,input,left
4948,720575940622561750,T5a,T5 Neuron,input,left
4949,720575940622564109,T5c,T5 Neuron,input,right
4950,720575940622566825,T4a,T4 Neuron,input,right
4951,720575940622566870,T4b,T4 Neuron,input,left
4952,720575940622571213,T4a,T4 Neuron,input,right
4953,720575940622573837,T5d,T5 Neuron,input,right
4954,720575940622574972,T5c,T5 Neuron,input,left
4955,720575940622578183,T4a,T4 Neuron,input,right
4956,720575940622581395,T4a,T4 Neuron,input,right
4957,720575940622586145,T4d,T4 Neuron,input,left
4958,720575940622586467,T4c,T4 Neuron,input,right
4959,720575940622588893,T4d,T4 Neuron,input,right
4960,720575940622591220,T4b,T4 Neuron,input,right
4961,720575940622592809,T4a,T4 Neuron,input,left
4962,720575940622593663,T5a,T5 Neuron,input,right
4963,720575940622593868,T5c,T5 Neuron,input,left
4964,720575940622595572,T4a,T4 Neuron,input,right
4965,720575940622599267,T5d,T5 Neuron,input,right
4966,720575940622599518,T5d,T5 Neuron,input,left
4967,720575940622603597,T5d,T5 Neuron,input,left
4968,720575940622606179,T4c,T4 Neuron,input,left
4969,720575940622606867,T5d,T5 Neuron,input,left
4970,720575940622609246,T4d,T4 Neuron,input,left
4971,720575940622610183,T5c,T5 Neuron,input,left
4972,720575940622613206,T5c,T5 Neuron,input,right
4973,720575940622618570,T5c,T5 Neuron,input,right
4974,720575940622620585,T4c,T4 Neuron,input,left
4975,720575940622620705,T5b,T5 Neuron,input,right
4976,720575940622620874,T5b,T5 Neuron,input,right
4977,720575940622624792,T5d,T5 Neuron,input,left
4978,720575940622626328,T5c,T5 Neuron,input,left
4979,720575940622626985,T5b,T5 Neuron,input,right
4980,720575940622628702,T5d,T5 Neuron,input,right
4981,720575940622630877,T5d,T5 Neuron,input,left
4982,720575940622635734,T5c,T5 Neuron,input,left
4983,720575940622636876,T4d,T4 Neuron,input,left
4984,720575940622636924,T4d,T4 Neuron,input,left
4985,720575940622638204,T5d,T5 Neuron,input,left
4986,720575940622638691,T4b,T4 Neuron,input,right
4987,720575940622639715,T5b,T5 Neuron,input,right
4988,720575940622641878,T5a,T5 Neuron,input,left
4989,720575940622645469,T5a,T5 Neuron,input,left
4990,720575940622647907,T4a,T4 Neuron,input,right
4991,720575940622648344,T4c,T4 Neuron,input,right
4992,720575940622648790,T4c,T4 Neuron,input,left
4993,720575940622650723,T5b,T5 Neuron,input,right
4994,720575940622653164,T4a,T4 Neuron,input,left
4995,720575940622653957,T5c,T5 Neuron,input,left
4996,720575940622655190,T5a,T5 Neuron,input,left
4997,720575940622658659,T5b,T5 Neuron,input,left
4998,720575940622661846,T5b,T5 Neuron,input,left
4999,720575940622667107,T5c,T5 Neuron,input,left
5000,720575940622671367,T5d,T5 Neuron,input,left
5001,720575940622671629,T5a,T5 Neuron,input,right
5002,720575940622675753,T5a,T5 Neuron,input,right
5003,720575940622676464,T4a,T4 Neuron,input,right
5004,720575940622680456,T5b,T5 Neuron,input,right
5005,720575940622680968,T5c,T5 Neuron,input,right
5006,720575940622681215,T4d,T4 Neuron,input,right
5007,720575940622683681,T4b,T4 Neuron,input,left
5008,720575940622684429,T5d,T5 Neuron,input,right
5009,720575940622684966,T4c,T4 Neuron,input,right
5010,720575940622685795,T5b,T5 Neuron,input,right
5011,720575940622686819,T5d,T5 Neuron,input,right
5012,720575940622687757,T5b,T5 Neuron,input,right
5013,720575940622689245,T5a,T5 Neuron,input,left
5014,720575940622690311,T5c,T5 Neuron,input,left
5015,720575940622692621,T5c,T5 Neuron,input,right
5016,720575940622693119,T5b,T5 Neuron,input,right
5017,720575940622695774,T4d,T4 Neuron,input,left
5018,720575940622704204,T5a,T5 Neuron,input,left
5019,720575940622707895,T5b,T5 Neuron,input,left
5020,720575940622708429,T4c,T4 Neuron,input,right
5021,720575940622710655,T5b,T5 Neuron,input,right
5022,720575940622711081,T5c,T5 Neuron,input,right
5023,720575940622711721,T5c,T5 Neuron,input,left
5024,720575940622712609,T4c,T4 Neuron,input,right
5025,720575940622713724,T4c,T4 Neuron,input,right
5026,720575940622714119,T5a,T5 Neuron,input,left
5027,720575940622715319,T5b,T5 Neuron,input,left
5028,720575940622716381,T4d,T4 Neuron,input,left
5029,720575940622717729,T5c,T5 Neuron,input,left
5030,720575940622718422,T5a,T5 Neuron,input,left
5031,720575940622719564,T4d,T4 Neuron,input,left
5032,720575940622720717,T4a,T4 Neuron,input,left
5033,720575940622720973,T5d,T5 Neuron,input,left
5034,720575940622725756,T4d,T4 Neuron,input,right
5035,720575940622727901,T5a,T5 Neuron,input,left
5036,720575940622729752,T5c,T5 Neuron,input,right
5037,720575940622731433,T4b,T4 Neuron,input,left
5038,720575940622733097,T4c,T4 Neuron,input,right
5039,720575940622735740,T4b,T4 Neuron,input,left
5040,720575940622737555,T4a,T4 Neuron,input,left
5041,720575940622737916,T5a,T5 Neuron,input,left
5042,720575940622738164,T5d,T5 Neuron,input,left
5043,720575940622738445,T4c,T4 Neuron,input,right
5044,720575940622739690,T4b,T4 Neuron,input,right
5045,720575940622739725,T4a,T4 Neuron,input,right
5046,720575940622739981,T4d,T4 Neuron,input,right
5047,720575940622745053,T5a,T5 Neuron,input,left
5048,720575940622750941,T4d,T4 Neuron,input,left
5049,720575940622752205,T5a,T5 Neuron,input,right
5050,720575940622756707,T5b,T5 Neuron,input,right
5051,720575940622760918,T4c,T4 Neuron,input,left
5052,720575940622763021,T5a,T5 Neuron,input,left
5053,720575940622765508,T5b,T5 Neuron,input,right
5054,720575940622767692,T5d,T5 Neuron,input,left
5055,720575940622769080,T4c,T4 Neuron,input,left
5056,720575940622771592,T4b,T4 Neuron,input,right
5057,720575940622772506,T4d,T4 Neuron,input,left
5058,720575940622773530,T4a,T4 Neuron,input,right
5059,720575940622776088,T5c,T5 Neuron,input,left
5060,720575940622776200,T4d,T4 Neuron,input,right
5061,720575940622777385,T5b,T5 Neuron,input,right
5062,720575940622779061,T4a,T4 Neuron,input,right
5063,720575940622779775,T4b,T4 Neuron,input,right
5064,720575940622780296,T5c,T5 Neuron,input,right
5065,720575940622780543,T4a,T4 Neuron,input,right
5066,720575940622785560,T5d,T5 Neuron,input,right
5067,720575940622786437,T5a,T5 Neuron,input,left
5068,720575940622786840,T5a,T5 Neuron,input,right
5069,720575940622786985,T5c,T5 Neuron,input,right
5070,720575940622787293,T4a,T4 Neuron,input,left
5071,720575940622787683,T4c,T4 Neuron,input,right
5072,720575940622788195,T4b,T4 Neuron,input,right
5073,720575940622804237,T4c,T4 Neuron,input,right
5074,720575940622806920,T5a,T5 Neuron,input,left
5075,720575940622807477,T4c,T4 Neuron,input,right
5076,720575940622808077,T5d,T5 Neuron,input,right
5077,720575940622809121,T5b,T5 Neuron,input,right
5078,720575940622817549,T4a,T4 Neuron,input,right
5079,720575940622818184,T5a,T5 Neuron,input,right
5080,720575940622821133,T4d,T4 Neuron,input,right
5081,720575940622821658,T4d,T4 Neuron,input,left
5082,720575940622821982,T4a,T4 Neuron,input,left
5083,720575940622823244,T5c,T5 Neuron,input,left
5084,720575940622825427,T5a,T5 Neuron,input,left
5085,720575940622826493,T4d,T4 Neuron,input,right
5086,720575940622827667,T4d,T4 Neuron,input,left
5087,720575940622831740,VS3,VS,processing,left
5088,720575940622833740,T5c,T5 Neuron,input,left
5089,720575940622836691,T4a,T4 Neuron,input,left
5090,720575940622838525,T4d,T4 Neuron,input,right
5091,720575940622840245,T5d,T5 Neuron,input,left
5092,720575940622843113,T5a,T5 Neuron,input,left
5093,720575940622849356,T5c,T5 Neuron,input,left
5094,720575940622849925,T5d,T5 Neuron,input,left
5095,720575940622850259,T5d,T5 Neuron,input,left
5096,720575940622851511,T4a,T4 Neuron,input,right
5097,720575940622852605,T5d,T5 Neuron,input,right
5098,720575940622854837,T5b,T5 Neuron,input,left
5099,720575940622855935,T4b,T4 Neuron,input,right
5100,720575940622859909,T5d,T5 Neuron,input,left
5101,720575940622865484,T4c,T4 Neuron,input,left
5102,720575940622866836,T4a,T4 Neuron,input,right
5103,720575940622867895,T5c,T5 Neuron,input,left
5104,720575940622868617,T4b,T4 Neuron,input,left
5105,720575940622874385,T5b,T5 Neuron,input,right
5106,720575940622875402,T5c,T5 Neuron,input,right
5107,720575940622877453,T4d,T4 Neuron,input,right
5108,720575940622878429,T5a,T5 Neuron,input,left
5109,720575940622880332,T5d,T5 Neuron,input,left
5110,720575940622882045,T4d,T4 Neuron,input,right
5111,720575940622887523,T4b,T4 Neuron,input,right
5112,720575940622892493,T4c,T4 Neuron,input,right
5113,720575940622893556,T4b,T4 Neuron,input,left
5114,720575940622895062,T5a,T5 Neuron,input,left
5115,720575940622897357,T5a,T5 Neuron,input,left
5116,720575940622897366,T5b,T5 Neuron,input,left
5117,720575940622900248,T5a,T5 Neuron,input,left
5118,720575940622902040,T4b,T4 Neuron,input,left
5119,720575940622907672,T5d,T5 Neuron,input,left
5120,720575940622908745,T5a,T5 Neuron,input,right
5121,720575940622908941,T4d,T4 Neuron,input,right
5122,720575940622910678,T5d,T5 Neuron,input,left
5123,720575940622910744,T4d,T4 Neuron,input,right
5124,720575940622912024,T5b,T5 Neuron,input,left
5125,720575940622912491,T5b,T5 Neuron,input,left
5126,720575940622912717,T5d,T5 Neuron,input,right
5127,720575940622913635,T4b,T4 Neuron,input,left
5128,720575940622914548,T5d,T5 Neuron,input,left
5129,720575940622916195,T5b,T5 Neuron,input,left
5130,720575940622921741,T4a,T4 Neuron,input,left
5131,720575940622924749,T4b,T4 Neuron,input,left
5132,720575940622929688,T4d,T4 Neuron,input,right
5133,720575940622929885,T4d,T4 Neuron,input,left
5134,720575940622929958,T5c,T5 Neuron,input,right
5135,720575940622930505,T5c,T5 Neuron,input,right
5136,720575940622935832,T4d,T4 Neuron,input,right
5137,720575940622936811,T4b,T4 Neuron,input,right
5138,720575940622937323,T5a,T5 Neuron,input,right
5139,720575940622939101,VST2,VS,processing,right
5140,720575940622939272,T4c,T4 Neuron,input,left
5141,720575940622939317,T4c,T4 Neuron,input,left
5142,720575940622942730,T5d,T5 Neuron,input,right
5143,720575940622943314,T4d,T4 Neuron,input,right
5144,720575940622944525,T4c,T4 Neuron,input,right
5145,720575940622945041,T4b,T4 Neuron,input,right
5146,720575940622946795,T4a,T4 Neuron,input,left
5147,720575940622947110,T5d,T5 Neuron,input,right
5148,720575940622947708,T5a,T5 Neuron,input,left
5149,720575940622947864,T4c,T4 Neuron,input,left
5150,720575940622949117,T4a,T4 Neuron,input,left
5151,720575940622950161,T4a,T4 Neuron,input,right
5152,720575940622951571,T4d,T4 Neuron,input,right
5153,720575940622953059,T4c,T4 Neuron,input,right
5154,720575940622955363,T4c,T4 Neuron,input,right
5155,720575940622955561,T5c,T5 Neuron,input,right
5156,720575940622956105,T5a,T5 Neuron,input,left
5157,720575940622958412,T4c,T4 Neuron,input,right
5158,720575940622958591,T5c,T5 Neuron,input,right
5159,720575940622959081,T5b,T5 Neuron,input,left
5160,720575940622963992,T5a,T5 Neuron,input,left
5161,720575940622964957,T4d,T4 Neuron,input,right
5162,720575940622966506,T5d,T5 Neuron,input,right
5163,720575940622967832,T4a,T4 Neuron,input,right
5164,720575940622968573,T5a,T5 Neuron,input,left
5165,720575940622969853,T4a,T4 Neuron,input,right
5166,720575940622973917,T5b,T5 Neuron,input,left
5167,720575940622974173,T5d,T5 Neuron,input,left
5168,720575940622975211,T4c,T4 Neuron,input,right
5169,720575940622977925,T5c,T5 Neuron,input,left
5170,720575940622979805,T5d,T5 Neuron,input,left
5171,720575940622981325,T5b,T5 Neuron,input,right
5172,720575940622983146,T5b,T5 Neuron,input,right
5173,720575940622983147,T5c,T5 Neuron,input,left
5174,720575940622985254,T5c,T5 Neuron,input,right
5175,720575940622987400,T4d,T4 Neuron,input,right
5176,720575940622988070,T5a,T5 Neuron,input,right
5177,720575940622988582,T4c,T4 Neuron,input,left
5178,720575940622990691,T5c,T5 Neuron,input,left
5179,720575940622994982,T4a,T4 Neuron,input,right
5180,720575940622998742,T4d,T4 Neuron,input,left
5181,720575940623000614,T4c,T4 Neuron,input,right
5182,720575940623001894,T5a,T5 Neuron,input,left
5183,720575940623002893,T5c,T5 Neuron,input,right
5184,720575940623004454,T5b,T5 Neuron,input,right
5185,720575940623005353,T4c,T4 Neuron,input,left
5186,720575940623010345,T4b,T4 Neuron,input,right
5187,720575940623011096,T4c,T4 Neuron,input,right
5188,720575940623012348,T5b,T5 Neuron,input,left
5189,720575940623014185,T4c,T4 Neuron,input,right
5190,720575940623018253,T4c,T4 Neuron,input,left
5191,720575940623021897,T4d,T4 Neuron,input,right
5192,720575940623022005,T4d,T4 Neuron,input,right
5193,720575940623022889,T4b,T4 Neuron,input,right
5194,720575940623023103,T5b,T5 Neuron,input,right
5195,720575940623023145,T5a,T5 Neuron,input,right
5196,720575940623025663,T5b,T5 Neuron,input,left
5197,720575940623025944,T5a,T5 Neuron,input,right
5198,720575940623026764,T5c,T5 Neuron,input,left
5199,720575940623026970,T4b,T4 Neuron,input,left
5200,720575940623032652,T5c,T5 Neuron,input,right
5201,720575940623034308,T4d,T4 Neuron,input,right
5202,720575940623034317,T5a,T5 Neuron,input,left
5203,720575940623036362,T5b,T5 Neuron,input,right
5204,720575940623036618,T5d,T5 Neuron,input,right
5205,720575940623037466,T4d,T4 Neuron,input,left
5206,720575940623041609,T5c,T5 Neuron,input,right
5207,720575940623041868,T4c,T4 Neuron,input,right
5208,720575940623043327,T5d,T5 Neuron,input,right
5209,720575940623045597,T4d,T4 Neuron,input,left
5210,720575940623045901,T4d,T4 Neuron,input,left
5211,720575940623046441,T4d,T4 Neuron,input,left
5212,720575940623049752,T5a,T5 Neuron,input,left
5213,720575940623051400,T5d,T5 Neuron,input,right
5214,720575940623052326,T4d,T4 Neuron,input,right
5215,720575940623053261,T5b,T5 Neuron,input,right
5216,720575940623053764,T5c,T5 Neuron,input,right
5217,720575940623059038,T4a,T4 Neuron,input,left
5218,720575940623059238,T5c,T5 Neuron,input,right
5219,720575940623060694,T4b,T4 Neuron,input,left
5220,720575940623066392,T4a,T4 Neuron,input,right
5221,720575940623067980,T4c,T4 Neuron,input,left
5222,720575940623070429,T4b,T4 Neuron,input,left
5223,720575940623071526,T5d,T5 Neuron,input,right
5224,720575940623072809,T5d,T5 Neuron,input,right
5225,720575940623073532,T5b,T5 Neuron,input,left
5226,720575940623074598,T4c,T4 Neuron,input,right
5227,720575940623075427,T4a,T4 Neuron,input,left
5228,720575940623075819,T4b,T4 Neuron,input,right
5229,720575940623076054,T5a,T5 Neuron,input,left
5230,720575940623078792,T5b,T5 Neuron,input,left
5231,720575940623079244,T5c,T5 Neuron,input,left
5232,720575940623081939,T4b,T4 Neuron,input,left
5233,720575940623083689,T4b,T4 Neuron,input,left
5234,720575940623084243,T4c,T4 Neuron,input,left
5235,720575940623087498,T4d,T4 Neuron,input,right
5236,720575940623087571,T5a,T5 Neuron,input,left
5237,720575940623089348,T4b,T4 Neuron,input,right
5238,720575940623089434,T5c,T5 Neuron,input,left
5239,720575940623089946,T5c,T5 Neuron,input,left
5240,720575940623090884,T5d,T5 Neuron,input,right
5241,720575940623096004,T4d,T4 Neuron,input,right
5242,720575940623100906,T4b,T4 Neuron,input,right
5243,720575940623108129,T4a,T4 Neuron,input,left
5244,720575940623109912,T4a,T4 Neuron,input,left
5245,720575940623110349,T4a,T4 Neuron,input,left
5246,720575940623114948,T5b,T5 Neuron,input,left
5247,720575940623116582,T5c,T5 Neuron,input,right
5248,720575940623118374,T5a,T5 Neuron,input,right
5249,720575940623118605,T4c,T4 Neuron,input,left
5250,720575940623118633,T4c,T4 Neuron,input,right
5251,720575940623121098,T5c,T5 Neuron,input,right
5252,720575940623123494,T4c,T4 Neuron,input,right
5253,720575940623124938,T5a,T5 Neuron,input,right
5254,720575940623126762,T5b,T5 Neuron,input,right
5255,720575940623131859,T4a,T4 Neuron,input,left
5256,720575940623132125,T4a,T4 Neuron,input,right
5257,720575940623132713,T5c,T5 Neuron,input,right
5258,720575940623133075,T4c,T4 Neuron,input,right
5259,720575940623133130,T5a,T5 Neuron,input,right
5260,720575940623140051,T4b,T4 Neuron,input,left
5261,720575940623141670,T5d,T5 Neuron,input,left
5262,720575940623142378,T5c,T5 Neuron,input,left
5263,720575940623148643,T5c,T5 Neuron,input,left
5264,720575940623148936,T4d,T4 Neuron,input,right
5265,720575940623149192,T5d,T5 Neuron,input,right
5266,720575940623150716,T5a,T5 Neuron,input,right
5267,720575940623151240,T4c,T4 Neuron,input,right
5268,720575940623152904,T4a,T4 Neuron,input,left
5269,720575940623153546,T5d,T5 Neuron,input,right
5270,720575940623153961,T4b,T4 Neuron,input,right
5271,720575940623159134,T5d,T5 Neuron,input,left
5272,720575940623159337,T4d,T4 Neuron,input,left
5273,720575940623161480,T5c,T5 Neuron,input,left
5274,720575940623164307,T5b,T5 Neuron,input,right
5275,720575940623164927,T5b,T5 Neuron,input,left
5276,720575940623165608,T5b,T5 Neuron,input,right
5277,720575940623166090,T4b,T4 Neuron,input,right
5278,720575940623167172,T4c,T4 Neuron,input,right
5279,720575940623168024,T5a,T5 Neuron,input,left
5280,720575940623169747,T4b,T4 Neuron,input,left
5281,720575940623173770,T4d,T4 Neuron,input,left
5282,720575940623178189,T4a,T4 Neuron,input,right
5283,720575940623178751,T5c,T5 Neuron,input,right
5284,720575940623180326,T5a,T5 Neuron,input,right
5285,720575940623188137,T4b,T4 Neuron,input,left
5286,720575940623188420,T4a,T4 Neuron,input,right
5287,720575940623190506,T5c,T5 Neuron,input,right
5288,720575940623190783,T4b,T4 Neuron,input,left
5289,720575940623191757,T4d,T4 Neuron,input,right
5290,720575940623192516,T4b,T4 Neuron,input,left
5291,720575940623194406,T5a,T5 Neuron,input,right
5292,720575940623202634,T4b,T4 Neuron,input,right
5293,720575940623203210,T4c,T4 Neuron,input,right
5294,720575940623207608,T5b,T5 Neuron,input,right
5295,720575940623208376,T4c,T4 Neuron,input,right
5296,720575940623214474,T5b,T5 Neuron,input,left
5297,720575940623214483,T4b,T4 Neuron,input,right
5298,720575940623214730,T5d,T5 Neuron,input,left
5299,720575940623217763,T5a,T5 Neuron,input,left
5300,720575940623224013,T5a,T5 Neuron,input,left
5301,720575940623224200,T5a,T5 Neuron,input,left
5302,720575940623226259,T4a,T4 Neuron,input,left
5303,720575940623227283,T4b,T4 Neuron,input,right
5304,720575940623227747,T5c,T5 Neuron,input,left
5305,720575940623228637,T4c,T4 Neuron,input,right
5306,720575940623228713,T4b,T4 Neuron,input,left
5307,720575940623229737,T4d,T4 Neuron,input,right
5308,720575940623235622,T4d,T4 Neuron,input,right
5309,720575940623235878,T5a,T5 Neuron,input,left
5310,720575940623237011,T4d,T4 Neuron,input,right
5311,720575940623237267,T4c,T4 Neuron,input,right
5312,720575940623239562,T4d,T4 Neuron,input,left
5313,720575940623240595,T4a,T4 Neuron,input,right
5314,720575940623245706,T4c,T4 Neuron,input,right
5315,720575940623247615,T5b,T5 Neuron,input,left
5316,720575940623248010,T5b,T5 Neuron,input,right
5317,720575940623248520,T4c,T4 Neuron,input,left
5318,720575940623248605,T5d,T5 Neuron,input,left
5319,720575940623249299,T5c,T5 Neuron,input,left
5320,720575940623249702,T4d,T4 Neuron,input,left
5321,720575940623250200,T5d,T5 Neuron,input,left
5322,720575940623251405,T4b,T4 Neuron,input,left
5323,720575940623253005,T5b,T5 Neuron,input,left
5324,720575940623253640,T5a,T5 Neuron,input,left
5325,720575940623255254,T4d,T4 Neuron,input,right
5326,720575940623255443,T4b,T4 Neuron,input,left
5327,720575940623261162,T4d,T4 Neuron,input,right
5328,720575940623261418,T4a,T4 Neuron,input,right
5329,720575940623261949,T4c,T4 Neuron,input,left
5330,720575940623262934,T4c,T4 Neuron,input,left
5331,720575940623263843,T4d,T4 Neuron,input,left
5332,720575940623271306,T4d,T4 Neuron,input,left
5333,720575940623271914,T4b,T4 Neuron,input,right
5334,720575940623273098,T5b,T5 Neuron,input,left
5335,720575940623273866,T4c,T4 Neuron,input,left
5336,720575940623274760,T4d,T4 Neuron,input,right
5337,720575940623276364,T5a,T5 Neuron,input,right
5338,720575940623277508,T5b,T5 Neuron,input,left
5339,720575940623278630,T4a,T4 Neuron,input,right
5340,720575940623279398,T4c,T4 Neuron,input,left
5341,720575940623280127,T5b,T5 Neuron,input,right
5342,720575940623287081,T5b,T5 Neuron,input,right
5343,720575940623288260,T4c,T4 Neuron,input,right
5344,720575940623289162,T4b,T4 Neuron,input,right
5345,720575940623289187,T4d,T4 Neuron,input,right
5346,720575940623290343,T4a,T4 Neuron,input,right
5347,720575940623296147,T4c,T4 Neuron,input,right
5348,720575940623296507,T5b,T5 Neuron,input,right
5349,720575940623302911,T4a,T4 Neuron,input,left
5350,720575940623303462,T4a,T4 Neuron,input,left
5351,720575940623305229,T4d,T4 Neuron,input,left
5352,720575940623305620,T4c,T4 Neuron,input,right
5353,720575940623306198,T5d,T5 Neuron,input,right
5354,720575940623310333,T4c,T4 Neuron,input,right
5355,720575940623311203,T5a,T5 Neuron,input,right
5356,720575940623312874,T4c,T4 Neuron,input,right
5357,720575940623318057,T4b,T4 Neuron,input,left
5358,720575940623318453,T5a,T5 Neuron,input,left
5359,720575940623319651,T4d,T4 Neuron,input,left
5360,720575940623321322,T4d,T4 Neuron,input,left
5361,720575940623322250,T4a,T4 Neuron,input,left
5362,720575940623322918,T4d,T4 Neuron,input,right
5363,720575940623323274,T4d,T4 Neuron,input,left
5364,720575940623323530,T4c,T4 Neuron,input,right
5365,720575940623325624,T5b,T5 Neuron,input,right
5366,720575940623328892,T4a,T4 Neuron,input,right
5367,720575940623329279,T4d,T4 Neuron,input,right
5368,720575940623331464,T5c,T5 Neuron,input,left
5369,720575940623334792,T4a,T4 Neuron,input,left
5370,720575940623336330,T4c,T4 Neuron,input,right
5371,720575940623337471,T5d,T5 Neuron,input,right
5372,720575940623337510,T5b,T5 Neuron,input,right
5373,720575940623338876,T4b,T4 Neuron,input,right
5374,720575940623345043,T4d,T4 Neuron,input,right
5375,720575940623345077,T4d,T4 Neuron,input,right
5376,720575940623346214,T5a,T5 Neuron,input,left
5377,720575940623348694,T5a,T5 Neuron,input,left
5378,720575940623349005,T5d,T5 Neuron,input,left
5379,720575940623350054,T5b,T5 Neuron,input,left
5380,720575940623353226,T5d,T5 Neuron,input,right
5381,720575940623355389,T5a,T5 Neuron,input,right
5382,720575940623355588,T4c,T4 Neuron,input,left
5383,720575940623357222,T4d,T4 Neuron,input,left
5384,720575940623362122,T4b,T4 Neuron,input,right
5385,720575940623362634,T4b,T4 Neuron,input,right
5386,720575940623363533,T5d,T5 Neuron,input,right
5387,720575940623366438,T4c,T4 Neuron,input,left
5388,720575940623368887,T5d,T5 Neuron,input,right
5389,720575940623372874,T5a,T5 Neuron,input,right
5390,720575940623374591,T4d,T4 Neuron,input,right
5391,720575940623374630,T4a,T4 Neuron,input,left
5392,720575940623377357,T5c,T5 Neuron,input,left
5393,720575940623379149,T5d,T5 Neuron,input,left
5394,720575940623379917,T5c,T5 Neuron,input,left
5395,720575940623380749,T5d,T5 Neuron,input,left
5396,720575940623381206,T5b,T5 Neuron,input,left
5397,720575940623381453,T5d,T5 Neuron,input,left
5398,720575940623381578,T5a,T5 Neuron,input,right
5399,720575940623382506,T4d,T4 Neuron,input,right
5400,720575940623383788,T4d,T4 Neuron,input,right
5401,720575940623384968,T4a,T4 Neuron,input,right
5402,720575940623385869,T5b,T5 Neuron,input,left
5403,720575940623388819,T4d,T4 Neuron,input,left
5404,720575940623392214,T4a,T4 Neuron,input,right
5405,720575940623398157,T5b,T5 Neuron,input,left
5406,720575940623400472,T5d,T5 Neuron,input,left
5407,720575940623401496,T5b,T5 Neuron,input,left
5408,720575940623403302,T4b,T4 Neuron,input,left
5409,720575940623403775,T4a,T4 Neuron,input,left
5410,720575940623404813,T4c,T4 Neuron,input,left
5411,720575940623409613,T4c,T4 Neuron,input,left
5412,720575940623410163,T4c,T4 Neuron,input,right
5413,720575940623414250,T4c,T4 Neuron,input,left
5414,720575940623417525,T4b,T4 Neuron,input,right
5415,720575940623417624,T4b,T4 Neuron,input,left
5416,720575940623420659,T5d,T5 Neuron,input,left
5417,720575940623423212,T4a,T4 Neuron,input,left
5418,720575940623428804,T5b,T5 Neuron,input,left
5419,720575940623429610,T4c,T4 Neuron,input,left
5420,720575940623433427,T4b,T4 Neuron,input,left
5421,720575940623433772,T5a,T5 Neuron,input,right
5422,720575940623433983,T4c,T4 Neuron,input,left
5423,720575940623435815,T4b,T4 Neuron,input,left
5424,720575940623438828,T4a,T4 Neuron,input,right
5425,720575940623439309,T5a,T5 Neuron,input,left
5426,720575940623440166,T4a,T4 Neuron,input,left
5427,720575940623441812,T4b,T4 Neuron,input,left
5428,720575940623445517,T4d,T4 Neuron,input,left
5429,720575940623446221,T4b,T4 Neuron,input,left
5430,720575940623446998,T4b,T4 Neuron,input,left
5431,720575940623447530,T4c,T4 Neuron,input,right
5432,720575940623449284,T4c,T4 Neuron,input,right
5433,720575940623450762,T5a,T5 Neuron,input,left
5434,720575940623452455,T5c,T5 Neuron,input,left
5435,720575940623453932,T4b,T4 Neuron,input,left
5436,720575940623455512,T5d,T5 Neuron,input,left
5437,720575940623457732,T4b,T4 Neuron,input,left
5438,720575940623457816,T5c,T5 Neuron,input,left
5439,720575940623457988,T5b,T5 Neuron,input,left
5440,720575940623458348,T4a,T4 Neuron,input,right
5441,720575940623460292,T4c,T4 Neuron,input,right
5442,720575940623467533,T5d,T5 Neuron,input,left
5443,720575940623469034,T4d,T4 Neuron,input,right
5444,720575940623473895,T5a,T5 Neuron,input,left
5445,720575940623475850,T5a,T5 Neuron,input,left
5446,720575940623477272,T5c,T5 Neuron,input,left
5447,720575940623481226,T4d,T4 Neuron,input,right
5448,720575940623483094,T5b,T5 Neuron,input,left
5449,720575940623483350,T5d,T5 Neuron,input,left
5450,720575940623483606,T5c,T5 Neuron,input,left
5451,720575940623484679,T5a,T5 Neuron,input,right
5452,720575940623485834,T4c,T4 Neuron,input,left
5453,720575940623489560,T4a,T4 Neuron,input,left
5454,720575940623492476,T4d,T4 Neuron,input,left
5455,720575940623494794,T5a,T5 Neuron,input,left
5456,720575940623494925,T4a,T4 Neuron,input,right
5457,720575940623495048,T4d,T4 Neuron,input,left
5458,720575940623495411,T5c,T5 Neuron,input,right
5459,720575940623496231,T4b,T4 Neuron,input,left
5460,720575940623499308,T5c,T5 Neuron,input,right
5461,720575940623499814,T4b,T4 Neuron,input,right
5462,720575940623501055,T4a,T4 Neuron,input,right
5463,720575940623502119,T4b,T4 Neuron,input,right
5464,720575940623502323,T4d,T4 Neuron,input,left
5465,720575940623502572,T5d,T5 Neuron,input,right
5466,720575940623504359,T4a,T4 Neuron,input,right
5467,720575940623510822,T5c,T5 Neuron,input,left
5468,720575940623511236,T4b,T4 Neuron,input,left
5469,720575940623517320,T4a,T4 Neuron,input,right
5470,720575940623517834,T4a,T4 Neuron,input,left
5471,720575940623518429,T4a,T4 Neuron,input,left
5472,720575940623519368,T4b,T4 Neuron,input,left
5473,720575940623519635,T5d,T5 Neuron,input,left
5474,720575940623520211,T4d,T4 Neuron,input,left
5475,720575940623521304,T5b,T5 Neuron,input,left
5476,720575940623522259,T4a,T4 Neuron,input,left
5477,720575940623522500,T5b,T5 Neuron,input,left
5478,720575940623522794,T5b,T5 Neuron,input,left
5479,720575940623523293,T5d,T5 Neuron,input,right
5480,720575940623523542,VST2,VS,processing,left
5481,720575940623524563,T4c,T4 Neuron,input,left
5482,720575940623524819,T4b,T4 Neuron,input,left
5483,720575940623525356,T4b,T4 Neuron,input,left
5484,720575940623525587,T4c,T4 Neuron,input,left
5485,720575940623530195,T4d,T4 Neuron,input,left
5486,720575940623535340,T5b,T5 Neuron,input,left
5487,720575940623536020,T5b,T5 Neuron,input,right
5488,720575940623538125,T5c,T5 Neuron,input,left
5489,720575940623538787,T4b,T4 Neuron,input,left
5490,720575940623541898,T4d,T4 Neuron,input,right
5491,720575940623544551,T4a,T4 Neuron,input,right
5492,720575940623544712,T5b,T5 Neuron,input,right
5493,720575940623547116,T5a,T5 Neuron,input,left
5494,720575940623548040,T4d,T4 Neuron,input,left
5495,720575940623548600,T4b,T4 Neuron,input,left
5496,720575940623548883,T5d,T5 Neuron,input,left
5497,720575940623549027,T4a,T4 Neuron,input,left
5498,720575940623551565,T5b,T5 Neuron,input,right
5499,720575940623552723,T4b,T4 Neuron,input,left
5500,720575940623559557,T5b,T5 Neuron,input,left
5501,720575940623560959,T5c,T5 Neuron,input,left
5502,720575940623562423,T4c,T4 Neuron,input,left
5503,720575940623568428,T5c,T5 Neuron,input,right
5504,720575940623571383,T5b,T5 Neuron,input,right
5505,720575940623571711,T4d,T4 Neuron,input,left
5506,720575940623572521,T5a,T5 Neuron,input,left
5507,720575940623572774,T5c,T5 Neuron,input,left
5508,720575940623573652,T5b,T5 Neuron,input,left
5509,720575940623575507,T5a,T5 Neuron,input,left
5510,720575940623580052,T5c,T5 Neuron,input,left
5511,720575940623587622,T5b,T5 Neuron,input,left
5512,720575940623590867,T4b,T4 Neuron,input,left
5513,720575940623593571,T5c,T5 Neuron,input,left
5514,720575940623595731,T4b,T4 Neuron,input,left
5515,720575940623596435,T5b,T5 Neuron,input,right
5516,720575940623597704,T4b,T4 Neuron,input,right
5517,720575940623598311,T5b,T5 Neuron,input,right
5518,720575940623601993,T5c,T5 Neuron,input,right
5519,720575940623605907,T5d,T5 Neuron,input,left
5520,720575940623606227,T5c,T5 Neuron,input,left
5521,720575940623606419,T5a,T5 Neuron,input,left
5522,720575940623609638,T4b,T4 Neuron,input,left
5523,720575940623610090,T5d,T5 Neuron,input,right
5524,720575940623610504,T5c,T5 Neuron,input,left
5525,720575940623611661,T4b,T4 Neuron,input,left
5526,720575940623618698,T5d,T5 Neuron,input,left
5527,720575940623618999,T4b,T4 Neuron,input,right
5528,720575940623621926,T4c,T4 Neuron,input,left
5529,720575940623627411,T4a,T4 Neuron,input,right
5530,720575940623627559,T5a,T5 Neuron,input,right
5531,720575940623627667,T4a,T4 Neuron,input,right
5532,720575940623627753,T4c,T4 Neuron,input,left
5533,720575940623628070,T5d,T5 Neuron,input,left
5534,720575940623635431,T5c,T5 Neuron,input,right
5535,720575940623637031,T5c,T5 Neuron,input,left
5536,720575940623645671,T5a,T5 Neuron,input,left
5537,720575940623645959,T5c,T5 Neuron,input,right
5538,720575940623647880,T5d,T5 Neuron,input,left
5539,720575940623647975,T5c,T5 Neuron,input,right
5540,720575940623652074,T4b,T4 Neuron,input,right
5541,720575940623653098,T4c,T4 Neuron,input,right
5542,720575940623655423,T4d,T4 Neuron,input,left
5543,720575940623660799,T4c,T4 Neuron,input,left
5544,720575940623663821,T5a,T5 Neuron,input,left
5545,720575940623667383,T4b,T4 Neuron,input,right
5546,720575940623669036,T5a,T5 Neuron,input,right
5547,720575940623669898,T4d,T4 Neuron,input,left
5548,720575940623672979,T4c,T4 Neuron,input,left
5549,720575940623673783,T4b,T4 Neuron,input,left
5550,720575940623674807,T5a,T5 Neuron,input,right
5551,720575940623674893,T4b,T4 Neuron,input,right
5552,720575940623675831,T4a,T4 Neuron,input,right
5553,720575940623678698,T5b,T5 Neuron,input,left
5554,720575940623679671,T4c,T4 Neuron,input,left
5555,720575940623681258,T5a,T5 Neuron,input,left
5556,720575940623683255,T4a,T4 Neuron,input,left
5557,720575940623688455,T5a,T5 Neuron,input,left
5558,720575940623692775,T4a,T4 Neuron,input,right
5559,720575940623694058,T5a,T5 Neuron,input,left
5560,720575940623705599,T4c,T4 Neuron,input,right
5561,720575940623706549,T4c,T4 Neuron,input,right
5562,720575940623714765,T4b,T4 Neuron,input,right
5563,720575940623717001,T5c,T5 Neuron,input,left
5564,720575940623719980,T5a,T5 Neuron,input,right
5565,720575940623720851,T5c,T5 Neuron,input,left
5566,720575940623720887,T5d,T5 Neuron,input,left
5567,720575940623722510,T4d,T4 Neuron,input,right
5568,720575940623724873,T5d,T5 Neuron,input,right
5569,720575940623725385,T5b,T5 Neuron,input,right
5570,720575940623725803,T5b,T5 Neuron,input,right
5571,720575940623727111,T4b,T4 Neuron,input,left
5572,720575940623728522,T4b,T4 Neuron,input,right
5573,720575940623729190,T5d,T5 Neuron,input,left
5574,720575940623731125,T4a,T4 Neuron,input,left
5575,720575940623731396,T5b,T5 Neuron,input,right
5576,720575940623733386,T5d,T5 Neuron,input,left
5577,720575940623733700,T5c,T5 Neuron,input,left
5578,720575940623736617,T4c,T4 Neuron,input,right
5579,720575940623738820,T4b,T4 Neuron,input,left
5580,720575940623741948,T5c,T5 Neuron,input,left
5581,720575940623742972,T5c,T5 Neuron,input,left
5582,720575940623745930,T4d,T4 Neuron,input,left
5583,720575940623747878,T4b,T4 Neuron,input,left
5584,720575940623748277,T4c,T4 Neuron,input,right
5585,720575940623753254,T4a,T4 Neuron,input,left
5586,720575940623762701,T5b,T5 Neuron,input,left
5587,720575940623762826,T5b,T5 Neuron,input,left
5588,720575940623763661,T4d,T4 Neuron,input,left
5589,720575940623765715,T4a,T4 Neuron,input,left
5590,720575940623771319,T5c,T5 Neuron,input,right
5591,720575940623772454,T4b,T4 Neuron,input,left
5592,720575940623774652,T5b,T5 Neuron,input,left
5593,720575940623775370,T5a,T5 Neuron,input,left
5594,720575940623776511,T4c,T4 Neuron,input,left
5595,720575940623776696,T4d,T4 Neuron,input,left
5596,720575940623777635,T4a,T4 Neuron,input,left
5597,720575940623778186,T4d,T4 Neuron,input,left
5598,720575940623779512,T4b,T4 Neuron,input,left
5599,720575940623782670,T4c,T4 Neuron,input,left
5600,720575940623783167,T5c,T5 Neuron,input,left
5601,720575940623784955,T5d,T5 Neuron,input,right
5602,720575940623788012,T4d,T4 Neuron,input,right
5603,720575940623788521,T5b,T5 Neuron,input,left
5604,720575940623788522,T5b,T5 Neuron,input,left
5605,720575940623790947,T5c,T5 Neuron,input,right
5606,720575940623791496,T4b,T4 Neuron,input,left
5607,720575940623795690,T4a,T4 Neuron,input,left
5608,720575940623798931,T5d,T5 Neuron,input,right
5609,720575940623801272,T4a,T4 Neuron,input,right
5610,720575940623801834,T4c,T4 Neuron,input,left
5611,720575940623802859,T5a,T5 Neuron,input,right
5612,720575940623805674,T5c,T5 Neuron,input,left
5613,720575940623806459,T5a,T5 Neuron,input,right
5614,720575940623808394,T4d,T4 Neuron,input,left
5615,720575940623808806,T5b,T5 Neuron,input,left
5616,720575940623811268,T4b,T4 Neuron,input,right
5617,720575940623812622,T4b,T4 Neuron,input,right
5618,720575940623813316,T4c,T4 Neuron,input,right
5619,720575940623818948,T5c,T5 Neuron,input,left
5620,720575940623820873,T4c,T4 Neuron,input,right
5621,720575940623824713,T4a,T4 Neuron,input,right
5622,720575940623826249,T5a,T5 Neuron,input,right
5623,720575940623827338,T5d,T5 Neuron,input,left
5624,720575940623829651,T4c,T4 Neuron,input,left
5625,720575940623830250,T4b,T4 Neuron,input,left
5626,720575940623830566,T4b,T4 Neuron,input,left
5627,720575940623830857,T4d,T4 Neuron,input,right
5628,720575940623832807,T5d,T5 Neuron,input,left
5629,720575940623841461,T5b,T5 Neuron,input,right
5630,720575940623842236,T5d,T5 Neuron,input,right
5631,720575940623850022,T4a,T4 Neuron,input,left
5632,720575940623851751,T5a,T5 Neuron,input,left
5633,720575940623853309,T5d,T5 Neuron,input,right
5634,720575940623854077,T5b,T5 Neuron,input,right
5635,720575940623855145,T5c,T5 Neuron,input,left
5636,720575940623855367,T4d,T4 Neuron,input,right
5637,720575940623855613,T5c,T5 Neuron,input,left
5638,720575940623856363,T5c,T5 Neuron,input,left
5639,720575940623856381,T5a,T5 Neuron,input,left
5640,720575940623858616,T4a,T4 Neuron,input,right
5641,720575940623859463,T5d,T5 Neuron,input,right
5642,720575940623862535,T4c,T4 Neuron,input,left
5643,720575940623864503,T5c,T5 Neuron,input,right
5644,720575940623864759,T5a,T5 Neuron,input,right
5645,720575940623866153,T5b,T5 Neuron,input,right
5646,720575940623867115,T5a,T5 Neuron,input,right
5647,720575940623867399,T4b,T4 Neuron,input,left
5648,720575940623869769,T5d,T5 Neuron,input,right
5649,720575940623871276,T4b,T4 Neuron,input,right
5650,720575940623872329,T5a,T5 Neuron,input,right
5651,720575940623872492,T4c,T4 Neuron,input,right
5652,720575940623873609,T5c,T5 Neuron,input,right
5653,720575940623875464,T4d,T4 Neuron,input,left
5654,720575940623876563,T4a,T4 Neuron,input,left
5655,720575940623876871,T4c,T4 Neuron,input,left
5656,720575940623878803,T4c,T4 Neuron,input,left
5657,720575940623878890,T5a,T5 Neuron,input,left
5658,720575940623880119,T5a,T5 Neuron,input,right
5659,720575940623889077,T4c,T4 Neuron,input,left
5660,720575940623890685,T4a,T4 Neuron,input,right
5661,720575940623892041,T5d,T5 Neuron,input,right
5662,720575940623894569,T4d,T4 Neuron,input,left
5663,720575940623897129,T4a,T4 Neuron,input,right
5664,720575940623897382,T5d,T5 Neuron,input,left
5665,720575940623897555,T4a,T4 Neuron,input,left
5666,720575940623897869,T5b,T5 Neuron,input,left
5667,720575940623900604,T5a,T5 Neuron,input,left
5668,720575940623900651,T4d,T4 Neuron,input,left
5669,720575940623901927,T4d,T4 Neuron,input,left
5670,720575940623904747,T4a,T4 Neuron,input,left
5671,720575940623910397,T4c,T4 Neuron,input,right
5672,720575940623912682,T4a,T4 Neuron,input,left
5673,720575940623919689,T5a,T5 Neuron,input,right
5674,720575940623920083,T4b,T4 Neuron,input,left
5675,720575940623921677,T5c,T5 Neuron,input,right
5676,720575940623923155,T4b,T4 Neuron,input,left
5677,720575940623923965,T5b,T5 Neuron,input,left
5678,720575940623926527,T5b,T5 Neuron,input,right
5679,720575940623927303,T5c,T5 Neuron,input,right
5680,720575940623927559,T5b,T5 Neuron,input,right
5681,720575940623930375,T5c,T5 Neuron,input,right
5682,720575940623933415,T5a,T5 Neuron,input,left
5683,720575940623935229,T5d,T5 Neuron,input,right
5684,720575940623936253,T4b,T4 Neuron,input,right
5685,720575940623937258,T5b,T5 Neuron,input,left
5686,720575940623937724,T5d,T5 Neuron,input,right
5687,720575940623937741,T4b,T4 Neuron,input,left
5688,720575940623940154,T5a,T5 Neuron,input,right
5689,720575940623941354,T5c,T5 Neuron,input,left
5690,720575940623943143,T5c,T5 Neuron,input,left
5691,720575940623943403,T5a,T5 Neuron,input,right
5692,720575940623945997,T5a,T5 Neuron,input,left
5693,720575940623946131,T4d,T4 Neuron,input,left
5694,720575940623949031,T4d,T4 Neuron,input,right
5695,720575940623949309,T4a,T4 Neuron,input,right
5696,720575940623949565,T4d,T4 Neuron,input,right
5697,720575940623950077,T5b,T5 Neuron,input,right
5698,720575940623950263,T4b,T4 Neuron,input,left
5699,720575940623950889,T5a,T5 Neuron,input,right
5700,720575940623952381,T5a,T5 Neuron,input,right
5701,720575940623955592,T5c,T5 Neuron,input,right
5702,720575940623956221,T4b,T4 Neuron,input,right
5703,720575940623958313,T4c,T4 Neuron,input,left
5704,720575940623961101,T4a,T4 Neuron,input,right
5705,720575940623961322,T4b,T4 Neuron,input,left
5706,720575940623962090,T4c,T4 Neuron,input,left
5707,720575940623965587,T4c,T4 Neuron,input,left
5708,720575940623966471,T5c,T5 Neuron,input,left
5709,720575940623967466,T5d,T5 Neuron,input,right
5710,720575940623967927,T4a,T4 Neuron,input,left
5711,720575940623970231,T4b,T4 Neuron,input,right
5712,720575940623971837,T5d,T5 Neuron,input,right
5713,720575940623972076,T4d,T4 Neuron,input,left
5714,720575940623972605,T5d,T5 Neuron,input,right
5715,720575940623976132,T4b,T4 Neuron,input,left
5716,720575940623982216,T4a,T4 Neuron,input,right
5717,720575940623986439,T5b,T5 Neuron,input,right
5718,720575940623986615,T5c,T5 Neuron,input,left
5719,720575940623987244,T4b,T4 Neuron,input,right
5720,720575940623991221,T5d,T5 Neuron,input,left
5721,720575940623993673,T4b,T4 Neuron,input,right
5722,720575940623994551,T4d,T4 Neuron,input,left
5723,720575940623994860,T5b,T5 Neuron,input,right
5724,720575940623997931,T4c,T4 Neuron,input,right
5725,720575940623998088,T4b,T4 Neuron,input,left
5726,720575940623999157,T4d,T4 Neuron,input,right
5727,720575940623999999,T5d,T5 Neuron,input,left
5728,720575940624000949,T5c,T5 Neuron,input,left
5729,720575940624001717,T5a,T5 Neuron,input,left
5730,720575940624002604,T4a,T4 Neuron,input,right
5731,720575940624003581,T4c,T4 Neuron,input,right
5732,720575940624004647,T5b,T5 Neuron,input,left
5733,720575940624007176,T4c,T4 Neuron,input,right
5734,720575940624009827,T4a,T4 Neuron,input,right
5735,720575940624010493,T5c,T5 Neuron,input,right
5736,720575940624011784,T5b,T5 Neuron,input,right
5737,720575940624012040,T5a,T5 Neuron,input,right
5738,720575940624012552,T5c,T5 Neuron,input,right
5739,720575940624014060,T5c,T5 Neuron,input,right
5740,720575940624017159,T5d,T5 Neuron,input,left
5741,720575940624018359,T5b,T5 Neuron,input,left
5742,720575940624018675,T4c,T4 Neuron,input,right
5743,720575940624018869,T4c,T4 Neuron,input,left
5744,720575940624023018,T5a,T5 Neuron,input,left
5745,720575940624023590,T4d,T4 Neuron,input,left
5746,720575940624025802,T5a,T5 Neuron,input,left
5747,720575940624029437,T4d,T4 Neuron,input,left
5748,720575940624032747,T5b,T5 Neuron,input,right
5749,720575940624033353,T5c,T5 Neuron,input,right
5750,720575940624033515,T5b,T5 Neuron,input,right
5751,720575940624033831,T4d,T4 Neuron,input,right
5752,720575940624038182,T5d,T5 Neuron,input,left
5753,720575940624039885,T4b,T4 Neuron,input,right
5754,720575940624041141,T4b,T4 Neuron,input,left
5755,720575940624041451,T5b,T5 Neuron,input,right
5756,720575940624046630,T4a,T4 Neuron,input,right
5757,720575940624048898,T5b,T5 Neuron,input,right
5758,720575940624051348,T4b,T4 Neuron,input,right
5759,720575940624056061,T4b,T4 Neuron,input,right
5760,720575940624057608,T5c,T5 Neuron,input,right
5761,720575940624063157,T5c,T5 Neuron,input,left
5762,720575940624067145,T4d,T4 Neuron,input,right
5763,720575940624074829,T5d,T5 Neuron,input,right
5764,720575940624075913,T4a,T4 Neuron,input,left
5765,720575940624077897,T4c,T4 Neuron,input,left
5766,720575940624078797,T5a,T5 Neuron,input,left
5767,720575940624079624,T5a,T5 Neuron,input,right
5768,720575940624080201,T4d,T4 Neuron,input,left
5769,720575940624081993,T4c,T4 Neuron,input,left
5770,720575940624092454,T5a,T5 Neuron,input,left
5771,720575940624092680,T5b,T5 Neuron,input,left
5772,720575940624092868,T4d,T4 Neuron,input,left
5773,720575940624094246,T5b,T5 Neuron,input,left
5774,720575940624096915,T4b,T4 Neuron,input,left
5775,720575940624097304,T4b,T4 Neuron,input,left
5776,720575940624099591,T5b,T5 Neuron,input,left
5777,720575940624099789,T5c,T5 Neuron,input,left
5778,720575940624100615,T5a,T5 Neuron,input,left
5779,720575940624101709,T5b,T5 Neuron,input,right
5780,720575940624101895,T5d,T5 Neuron,input,left
5781,720575940624103861,T4c,T4 Neuron,input,right
5782,720575940624104117,T5a,T5 Neuron,input,left
5783,720575940624104632,T5d,T5 Neuron,input,left
5784,720575940624105933,T5d,T5 Neuron,input,left
5785,720575940624108237,T4d,T4 Neuron,input,left
5786,720575940624109547,T4d,T4 Neuron,input,right
5787,720575940624111398,T4d,T4 Neuron,input,left
5788,720575940624114923,T5d,T5 Neuron,input,right
5789,720575940624115789,T4a,T4 Neuron,input,left
5790,720575940624122805,T5a,T5 Neuron,input,left
5791,720575940624124716,T4c,T4 Neuron,input,right
5792,720575940624125162,T4a,T4 Neuron,input,left
5793,720575940624127219,T5d,T5 Neuron,input,right
5794,720575940624131848,T5d,T5 Neuron,input,right
5795,720575940624133640,T5d,T5 Neuron,input,right
5796,720575940624134919,T5c,T5 Neuron,input,left
5797,720575940624135688,T5a,T5 Neuron,input,right
5798,720575940624136636,T5d,T5 Neuron,input,right
5799,720575940624140617,T4d,T4 Neuron,input,left
5800,720575940624141064,T5b,T5 Neuron,input,left
5801,720575940624141385,T4a,T4 Neuron,input,right
5802,720575940624141803,T5a,T5 Neuron,input,right
5803,720575940624142896,T5d,T5 Neuron,input,right
5804,720575940624144461,T4d,T4 Neuron,input,left
5805,720575940624147273,T5d,T5 Neuron,input,left
5806,720575940624148883,T5c,T5 Neuron,input,right
5807,720575940624149685,T5b,T5 Neuron,input,left
5808,720575940624156430,T5a,T5 Neuron,input,right
5809,720575940624163253,T4a,T4 Neuron,input,right
5810,720575940624164284,T5d,T5 Neuron,input,left
5811,720575940624166837,T4c,T4 Neuron,input,right
5812,720575940624167143,T5d,T5 Neuron,input,right
5813,720575940624169254,T5b,T5 Neuron,input,left
5814,720575940624169769,T4b,T4 Neuron,input,left
5815,720575940624170061,T5c,T5 Neuron,input,right
5816,720575940624172220,T4d,T4 Neuron,input,right
5817,720575940624184909,T5c,T5 Neuron,input,left
5818,720575940624187389,T4d,T4 Neuron,input,right
5819,720575940624189479,T5d,T5 Neuron,input,right
5820,720575940624189955,T4b,T4 Neuron,input,left
5821,720575940624189960,T4a,T4 Neuron,input,left
5822,720575940624190611,T5b,T5 Neuron,input,left
5823,720575940624193255,T4a,T4 Neuron,input,right
5824,720575940624193416,T5b,T5 Neuron,input,left
5825,720575940624193866,T5c,T5 Neuron,input,right
5826,720575940624194229,T5c,T5 Neuron,input,left
5827,720575940624194378,T5d,T5 Neuron,input,right
5828,720575940624194794,T4d,T4 Neuron,input,left
5829,720575940624196169,T4c,T4 Neuron,input,right
5830,720575940624201805,T4c,T4 Neuron,input,right
5831,720575940624203534,T4d,T4 Neuron,input,right
5832,720575940624204996,T5c,T5 Neuron,input,left
5833,720575940624207347,T5d,T5 Neuron,input,right
5834,720575940624208381,T5c,T5 Neuron,input,left
5835,720575940624209994,T5c,T5 Neuron,input,right
5836,720575940624211197,T5a,T5 Neuron,input,right
5837,720575940624213501,T5a,T5 Neuron,input,left
5838,720575940624214089,T5c,T5 Neuron,input,left
5839,720575940624217319,T5a,T5 Neuron,input,right
5840,720575940624217385,T4d,T4 Neuron,input,left
5841,720575940624218409,T5d,T5 Neuron,input,left
5842,720575940624226121,T4c,T4 Neuron,input,right
5843,720575940624226633,T5c,T5 Neuron,input,right
5844,720575940624226765,T4b,T4 Neuron,input,left
5845,720575940624229384,T5a,T5 Neuron,input,right
5846,720575940624229631,T4d,T4 Neuron,input,right
5847,720575940624230473,T4c,T4 Neuron,input,right
5848,720575940624231677,T4a,T4 Neuron,input,left
5849,720575940624236267,T5c,T5 Neuron,input,left
5850,720575940624237571,T5a,T5 Neuron,input,left
5851,720575940624243207,T5b,T5 Neuron,input,left
5852,720575940624245543,T5d,T5 Neuron,input,right
5853,720575940624247629,T4c,T4 Neuron,input,right
5854,720575940624248319,T4c,T4 Neuron,input,right
5855,720575940624248583,T4b,T4 Neuron,input,left
5856,720575940624248772,T4d,T4 Neuron,input,right
5857,720575940624249607,T5c,T5 Neuron,input,right
5858,720575940624252168,T5c,T5 Neuron,input,right
5859,720575940624257021,T4a,T4 Neuron,input,right
5860,720575940624262729,T5b,T5 Neuron,input,left
5861,720575940624267338,T5a,T5 Neuron,input,right
5862,720575940624267923,T4a,T4 Neuron,input,left
5863,720575940624268692,T5c,T5 Neuron,input,right
5864,720575940624269036,T4c,T4 Neuron,input,right
5865,720575940624270845,T5c,T5 Neuron,input,right
5866,720575940624271496,T4c,T4 Neuron,input,left
5867,720575940624271851,T5c,T5 Neuron,input,left
5868,720575940624273226,T5c,T5 Neuron,input,right
5869,720575940624273919,VS4,VS,processing,left
5870,720575940624279444,T4d,T4 Neuron,input,right
5871,720575940624280137,T5c,T5 Neuron,input,left
5872,720575940624280906,T5c,T5 Neuron,input,right
5873,720575940624292938,T5b,T5 Neuron,input,right
5874,720575940624293895,T5d,T5 Neuron,input,left
5875,720575940624296265,T4c,T4 Neuron,input,right
5876,720575940624306663,T5a,T5 Neuron,input,right
5877,720575940624307208,T5b,T5 Neuron,input,left
5878,720575940624313068,T5b,T5 Neuron,input,right
5879,720575940624317367,T4a,T4 Neuron,input,left
5880,720575940624320951,T4d,T4 Neuron,input,right
5881,720575940624321865,T4a,T4 Neuron,input,right
5882,720575940624322196,T4c,T4 Neuron,input,right
5883,720575940624323657,T5b,T5 Neuron,input,right
5884,720575940624325355,T4a,T4 Neuron,input,left
5885,720575940624327351,T5d,T5 Neuron,input,left
5886,720575940624327402,T5c,T5 Neuron,input,left
5887,720575940624329546,T5a,T5 Neuron,input,right
5888,720575940624331047,T4c,T4 Neuron,input,right
5889,720575940624332012,T4b,T4 Neuron,input,right
5890,720575940624334333,T4d,T4 Neuron,input,right
5891,720575940624335434,T5b,T5 Neuron,input,right
5892,720575940624339436,T5b,T5 Neuron,input,left
5893,720575940624347210,T5d,T5 Neuron,input,right
5894,720575940624348167,T4d,T4 Neuron,input,left
5895,720575940624348341,T5a,T5 Neuron,input,left
5896,720575940624349734,T5a,T5 Neuron,input,left
5897,720575940624350205,T4a,T4 Neuron,input,left
5898,720575940624351818,T5a,T5 Neuron,input,right
5899,720575940624359620,T4a,T4 Neuron,input,left
5900,720575940624362988,T5a,T5 Neuron,input,right
5901,720575940624363708,T4c,T4 Neuron,input,right
5902,720575940624376840,T5c,T5 Neuron,input,left
5903,720575940624377096,T4b,T4 Neuron,input,right
5904,720575940624379721,T4c,T4 Neuron,input,right
5905,720575940624379792,T4b,T4 Neuron,input,right
5906,720575940624380652,T4b,T4 Neuron,input,right
5907,720575940624381675,T4c,T4 Neuron,input,left
5908,720575940624383621,T5b,T5 Neuron,input,left
5909,720575940624385772,T4b,T4 Neuron,input,right
5910,720575940624388756,T4b,T4 Neuron,input,right
5911,720575940624391915,T4d,T4 Neuron,input,left
5912,720575940624395016,T5b,T5 Neuron,input,left
5913,720575940624398856,T4b,T4 Neuron,input,left
5914,720575940624400969,T4c,T4 Neuron,input,left
5915,720575940624404372,T4a,T4 Neuron,input,left
5916,720575940624407223,T5b,T5 Neuron,input,left
5917,720575940624408840,T4c,T4 Neuron,input,right
5918,720575940624410888,T4c,T4 Neuron,input,left
5919,720575940624411796,T4b,T4 Neuron,input,right
5920,720575940624412820,T4b,T4 Neuron,input,right
5921,720575940624419303,T5c,T5 Neuron,input,right
5922,720575940624422664,T5b,T5 Neuron,input,left
5923,720575940624426900,T5d,T5 Neuron,input,right
5924,720575940624429053,T4c,T4 Neuron,input,left
5925,720575940624430094,T5b,T5 Neuron,input,right
5926,720575940624431335,T5d,T5 Neuron,input,right
5927,720575940624432309,T5b,T5 Neuron,input,left
5928,720575940624432615,T5d,T5 Neuron,input,right
5929,720575940624432875,T4a,T4 Neuron,input,left
5930,720575940624434616,T5b,T5 Neuron,input,right
5931,720575940624436238,T5b,T5 Neuron,input,right
5932,720575940624436750,T5a,T5 Neuron,input,right
5933,720575940624438542,T5c,T5 Neuron,input,right
5934,720575940624439015,T5b,T5 Neuron,input,right
5935,720575940624439539,T5c,T5 Neuron,input,right
5936,720575940624442347,T5d,T5 Neuron,input,left
5937,720575940624443367,T5c,T5 Neuron,input,right
5938,720575940624443832,T5c,T5 Neuron,input,right
5939,720575940624444651,T4a,T4 Neuron,input,left
5940,720575940624444966,T4b,T4 Neuron,input,left
5941,720575940624446717,T5d,T5 Neuron,input,left
5942,720575940624448243,T4c,T4 Neuron,input,left
5943,720575940624448492,T4b,T4 Neuron,input,right
5944,720575940624454397,T5d,T5 Neuron,input,left
5945,720575940624454664,T5c,T5 Neuron,input,left
5946,720575940624454743,T5a,T5 Neuron,input,right
5947,720575940624460019,T4a,T4 Neuron,input,left
5948,720575940624461043,T5c,T5 Neuron,input,left
5949,720575940624463764,T4d,T4 Neuron,input,right
5950,720575940624467082,T5a,T5 Neuron,input,right
5951,720575940624467197,T5a,T5 Neuron,input,left
5952,720575940624468711,T5c,T5 Neuron,input,left
5953,720575940624477111,T4b,T4 Neuron,input,left
5954,720575940624477931,T5b,T5 Neuron,input,left
5955,720575940624478608,T4c,T4 Neuron,input,right
5956,720575940624479751,T4c,T4 Neuron,input,left
5957,720575940624482195,T4b,T4 Neuron,input,left
5958,720575940624483410,T4b,T4 Neuron,input,right
5959,720575940624483592,T4d,T4 Neuron,input,left
5960,720575940624486032,T5a,T5 Neuron,input,right
5961,720575940624486635,T4b,T4 Neuron,input,left
5962,720575940624487954,T5d,T5 Neuron,input,right
5963,720575940624488701,T4d,T4 Neuron,input,left
5964,720575940624489708,T5d,T5 Neuron,input,right
5965,720575940624490677,T4b,T4 Neuron,input,left
5966,720575940624490829,T4c,T4 Neuron,input,right
5967,720575940624491755,T5d,T5 Neuron,input,left
5968,720575940624492617,T4d,T4 Neuron,input,right
5969,720575940624492779,T5a,T5 Neuron,input,left
5970,720575940624497405,T5c,T5 Neuron,input,left
5971,720575940624497644,T5c,T5 Neuron,input,right
5972,720575940624499947,T4c,T4 Neuron,input,right
5973,720575940624500151,T5d,T5 Neuron,input,right
5974,720575940624503531,T4a,T4 Neuron,input,right
5975,720575940624504042,T5b,T5 Neuron,input,left
5976,720575940624513255,T4a,T4 Neuron,input,right
5977,720575940624513543,T5b,T5 Neuron,input,left
5978,720575940624514547,T5b,T5 Neuron,input,right
5979,720575940624516391,T5d,T5 Neuron,input,right
5980,720575940624519876,T4d,T4 Neuron,input,right
5981,720575940624525203,T4b,T4 Neuron,input,left
5982,720575940624525715,T5a,T5 Neuron,input,right
5983,720575940624529703,T4d,T4 Neuron,input,right
5984,720575940624529993,T4b,T4 Neuron,input,left
5985,720575940624530151,T5d,T5 Neuron,input,right
5986,720575940624533392,T5c,T5 Neuron,input,right
5987,720575940624535590,T4a,T4 Neuron,input,right
5988,720575940624537067,T4c,T4 Neuron,input,left
5989,720575940624538928,T4a,T4 Neuron,input,right
5990,720575940624539627,T4a,T4 Neuron,input,left
5991,720575940624541163,T4a,T4 Neuron,input,right
5992,720575940624552172,T4c,T4 Neuron,input,right
5993,720575940624556263,T5b,T5 Neuron,input,right
5994,720575940624557575,T4b,T4 Neuron,input,left
5995,720575940624561127,T5a,T5 Neuron,input,right
5996,720575940624564016,T4a,T4 Neuron,input,right
5997,720575940624565006,T4b,T4 Neuron,input,right
5998,720575940624565040,T4a,T4 Neuron,input,left
5999,720575940624567271,T4b,T4 Neuron,input,right
6000,720575940624570160,T4c,T4 Neuron,input,left
6001,720575940624573222,T5a,T5 Neuron,input,left
6002,720575940624579657,T4d,T4 Neuron,input,left
6003,720575940624582985,T4c,T4 Neuron,input,right
6004,720575940624584375,T4a,T4 Neuron,input,left
6005,720575940624588617,T5d,T5 Neuron,input,left
6006,720575940624590268,T4d,T4 Neuron,input,left
6007,720575940624593968,T5b,T5 Neuron,input,right
6008,720575940624598763,T5b,T5 Neuron,input,left
6009,720575940624598771,T4c,T4 Neuron,input,right
6010,720575940624599539,T5c,T5 Neuron,input,right
6011,720575940624601392,T5b,T5 Neuron,input,right
6012,720575940624603239,T4c,T4 Neuron,input,left
6013,720575940624607495,T4b,T4 Neuron,input,left
6014,720575940624607782,T4b,T4 Neuron,input,left
6015,720575940624608763,T5a,T5 Neuron,input,right
6016,720575940624609275,T5a,T5 Neuron,input,right
6017,720575940624609511,T4c,T4 Neuron,input,right
6018,720575940624611835,T5c,T5 Neuron,input,right
6019,720575940624612656,T4d,T4 Neuron,input,left
6020,720575940624617959,T5b,T5 Neuron,input,left
6021,720575940624619022,T4d,T4 Neuron,input,right
6022,720575940624619239,T5a,T5 Neuron,input,left
6023,720575940624620848,T5d,T5 Neuron,input,left
6024,720575940624623288,T5c,T5 Neuron,input,right
6025,720575940624626184,T4c,T4 Neuron,input,left
6026,720575940624630252,T4d,T4 Neuron,input,right
6027,720575940624631224,T4b,T4 Neuron,input,right
6028,720575940624632103,T5a,T5 Neuron,input,right
6029,720575940624635114,T5a,T5 Neuron,input,left
6030,720575940624638472,T4b,T4 Neuron,input,left
6031,720575940624640509,T4b,T4 Neuron,input,left
6032,720575940624642341,T4d,T4 Neuron,input,left
6033,720575940624646076,T5b,T5 Neuron,input,right
6034,720575940624648124,T4d,T4 Neuron,input,right
6035,720575940624648679,T4b,T4 Neuron,input,right
6036,720575940624648712,T4d,T4 Neuron,input,left
6037,720575940624651499,T5c,T5 Neuron,input,left
6038,720575940624653035,T4b,T4 Neuron,input,right
6039,720575940624653547,T5d,T5 Neuron,input,left
6040,720575940624658685,T5c,T5 Neuron,input,left
6041,720575940624659092,T4c,T4 Neuron,input,right
6042,720575940624659435,T4c,T4 Neuron,input,left
6043,720575940624660231,T4c,T4 Neuron,input,right
6044,720575940624663303,T4d,T4 Neuron,input,right
6045,720575940624663560,T4c,T4 Neuron,input,right
6046,720575940624664819,T4c,T4 Neuron,input,left
6047,720575940624667627,T5b,T5 Neuron,input,left
6048,720575940624668092,T4b,T4 Neuron,input,right
6049,720575940624669621,T5a,T5 Neuron,input,right
6050,720575940624671636,T4c,T4 Neuron,input,right
6051,720575940624673003,T4d,T4 Neuron,input,right
6052,720575940624673515,T5c,T5 Neuron,input,left
6053,720575940624675512,T5b,T5 Neuron,input,right
6054,720575940624676024,T4a,T4 Neuron,input,left
6055,720575940624677048,T5b,T5 Neuron,input,right
6056,720575940624679438,T5d,T5 Neuron,input,left
6057,720575940624679719,T4a,T4 Neuron,input,right
6058,720575940624682087,T4a,T4 Neuron,input,left
6059,720575940624683708,T5a,T5 Neuron,input,right
6060,720575940624683838,T4d,T4 Neuron,input,right
6061,720575940624685070,T5c,T5 Neuron,input,right
6062,720575940624685204,T4c,T4 Neuron,input,right
6063,720575940624687594,T4b,T4 Neuron,input,left
6064,720575940624690249,T4b,T4 Neuron,input,left
6065,720575940624693996,T5c,T5 Neuron,input,right
6066,720575940624694823,T4d,T4 Neuron,input,right
6067,720575940624695088,T4b,T4 Neuron,input,left
6068,720575940624695275,VST2,VS,processing,right
6069,720575940624698040,T5b,T5 Neuron,input,right
6070,720575940624698300,T5c,T5 Neuron,input,right
6071,720575940624700344,T5a,T5 Neuron,input,right
6072,720575940624703979,T4c,T4 Neuron,input,right
6073,720575940624704491,T4d,T4 Neuron,input,right
6074,720575940624707827,T4b,T4 Neuron,input,left
6075,720575940624708169,T4a,T4 Neuron,input,right
6076,720575940624708583,T4c,T4 Neuron,input,left
6077,720575940624710379,T4c,T4 Neuron,input,right
6078,720575940624715557,T5a,T5 Neuron,input,right
6079,720575940624716302,T5c,T5 Neuron,input,right
6080,720575940624717043,T4b,T4 Neuron,input,left
6081,720575940624717053,T4a,T4 Neuron,input,left
6082,720575940624718862,T4b,T4 Neuron,input,right
6083,720575940624719818,T5a,T5 Neuron,input,right
6084,720575940624720788,T4c,T4 Neuron,input,left
6085,720575940624722702,T5a,T5 Neuron,input,right
6086,720575940624722731,T5a,T5 Neuron,input,right
6087,720575940624722924,T5d,T5 Neuron,input,right
6088,720575940624732052,T5a,T5 Neuron,input,left
6089,720575940624734205,T4a,T4 Neuron,input,left
6090,720575940624736264,T4b,T4 Neuron,input,left
6091,720575940624738043,T5c,T5 Neuron,input,right
6092,720575940624738085,T4b,T4 Neuron,input,left
6093,720575940624740091,T5b,T5 Neuron,input,right
6094,720575940624740347,T5c,T5 Neuron,input,right
6095,720575940624740500,T4c,T4 Neuron,input,right
6096,720575940624741371,T5d,T5 Neuron,input,right
6097,720575940624742548,T4b,T4 Neuron,input,right
6098,720575940624743147,T4c,T4 Neuron,input,left
6099,720575940624746573,T5c,T5 Neuron,input,right
6100,720575940624748327,T4c,T4 Neuron,input,right
6101,720575940624749320,T4a,T4 Neuron,input,left
6102,720575940624749749,T4a,T4 Neuron,input,right
6103,720575940624750268,T4a,T4 Neuron,input,right
6104,720575940624751111,T5a,T5 Neuron,input,left
6105,720575940624751909,T4a,T4 Neuron,input,left
6106,720575940624752316,T5b,T5 Neuron,input,right
6107,720575940624753383,T5b,T5 Neuron,input,left
6108,720575940624756408,T4a,T4 Neuron,input,right
6109,720575940624757735,T4a,T4 Neuron,input,left
6110,720575940624757739,T5b,T5 Neuron,input,right
6111,720575940624764907,T5d,T5 Neuron,input,left
6112,720575940624766503,T4a,T4 Neuron,input,left
6113,720575940624766956,T5c,T5 Neuron,input,left
6114,720575940624769260,T5c,T5 Neuron,input,left
6115,720575940624770231,T5b,T5 Neuron,input,left
6116,720575940624776892,T5a,T5 Neuron,input,right
6117,720575940624781118,T5b,T5 Neuron,input,left
6118,720575940624781607,T5d,T5 Neuron,input,left
6119,720575940624784165,T4d,T4 Neuron,input,left
6120,720575940624788798,T4b,T4 Neuron,input,right
6121,720575940624796908,T5c,T5 Neuron,input,right
6122,720575940624801063,T4a,T4 Neuron,input,left
6123,720575940624801511,T5b,T5 Neuron,input,right
6124,720575940624804178,T4d,T4 Neuron,input,right
6125,720575940624804861,T5b,T5 Neuron,input,right
6126,720575940624805128,T4d,T4 Neuron,input,left
6127,720575940624810424,T5c,T5 Neuron,input,left
6128,720575940624811708,T5b,T5 Neuron,input,left
6129,720575940624812519,T5c,T5 Neuron,input,left
6130,720575940624815079,T4b,T4 Neuron,input,right
6131,720575940624817191,T5c,T5 Neuron,input,right
6132,720575940624817726,T5d,T5 Neuron,input,left
6133,720575940624822503,T4c,T4 Neuron,input,right
6134,720575940624822771,T5b,T5 Neuron,input,right
6135,720575940624823283,T5b,T5 Neuron,input,right
6136,720575940624823700,T5b,T5 Neuron,input,right
6137,720575940624825579,T4c,T4 Neuron,input,left
6138,720575940624826174,T4b,T4 Neuron,input,left
6139,720575940624829927,T5a,T5 Neuron,input,left
6140,720575940624829989,T5b,T5 Neuron,input,right
6141,720575940624832841,T5d,T5 Neuron,input,left
6142,720575940624834539,T5b,T5 Neuron,input,left
6143,720575940624846823,T4b,T4 Neuron,input,right
6144,720575940624847034,T5a,T5 Neuron,input,right
6145,720575940624854798,T4d,T4 Neuron,input,right
6146,720575940624858126,T4d,T4 Neuron,input,right
6147,720575940624865575,T4d,T4 Neuron,input,left
6148,720575940624867571,T5d,T5 Neuron,input,right
6149,720575940624869355,T5a,T5 Neuron,input,left
6150,720575940624871176,T5a,T5 Neuron,input,left
6151,720575940624875239,T4a,T4 Neuron,input,left
6152,720575940624876730,T5b,T5 Neuron,input,left
6153,720575940624883495,T4d,T4 Neuron,input,right
6154,720575940624885429,T5b,T5 Neuron,input,right
6155,720575940624885543,T5b,T5 Neuron,input,right
6156,720575940624887271,T4c,T4 Neuron,input,left
6157,720575940624887335,T5d,T5 Neuron,input,left
6158,720575940624891687,T5a,T5 Neuron,input,left
6159,720575940624893479,T4c,T4 Neuron,input,left
6160,720575940624896491,T4b,T4 Neuron,input,left
6161,720575940624898110,T4c,T4 Neuron,input,left
6162,720575940624905616,T5d,T5 Neuron,input,right
6163,720575940624909319,T5c,T5 Neuron,input,left
6164,720575940624909811,T5a,T5 Neuron,input,right
6165,720575940624913592,T5b,T5 Neuron,input,right
6166,720575940624917847,T5d,T5 Neuron,input,right
6167,720575940624918334,T5a,T5 Neuron,input,left
6168,720575940624920980,T5c,T5 Neuron,input,left
6169,720575940624921274,T5d,T5 Neuron,input,right
6170,720575940624922552,T5c,T5 Neuron,input,right
6171,720575940624924516,T5b,T5 Neuron,input,left
6172,720575940624924680,T4d,T4 Neuron,input,left
6173,720575940624928333,T4a,T4 Neuron,input,right
6174,720575940624931260,T5d,T5 Neuron,input,left
6175,720575940624931564,VS7,VS,processing,left
6176,720575940624934328,T5c,T5 Neuron,input,left
6177,720575940624936171,T5d,T5 Neuron,input,left
6178,720575940624938172,T5b,T5 Neuron,input,left
6179,720575940624938739,T5d,T5 Neuron,input,left
6180,720575940624938940,T4a,T4 Neuron,input,right
6181,720575940624939708,T5d,T5 Neuron,input,left
6182,720575940624939865,T4b,T4 Neuron,input,right
6183,720575940624940132,T5d,T5 Neuron,input,left
6184,720575940624941924,T4c,T4 Neuron,input,right
6185,720575940624945456,T4d,T4 Neuron,input,right
6186,720575940624947955,T5a,T5 Neuron,input,left
6187,720575940624948775,T5c,T5 Neuron,input,left
6188,720575940624951335,T4c,T4 Neuron,input,right
6189,720575940624952307,T5a,T5 Neuron,input,left
6190,720575940624953271,T4a,T4 Neuron,input,left
6191,720575940624953784,T5d,T5 Neuron,input,right
6192,720575940624960776,T4d,T4 Neuron,input,left
6193,720575940624961328,T5b,T5 Neuron,input,right
6194,720575940624962062,T4b,T4 Neuron,input,left
6195,720575940624971341,T5c,T5 Neuron,input,right
6196,720575940624975288,T5c,T5 Neuron,input,left
6197,720575940624978931,T4a,T4 Neuron,input,left
6198,720575940624981908,VST2,VS,processing,right
6199,720575940624985095,T4c,T4 Neuron,input,right
6200,720575940624985324,T4c,T4 Neuron,input,left
6201,720575940624989076,T5d,T5 Neuron,input,left
6202,720575940624993836,T5b,T5 Neuron,input,right
6203,720575940624993975,T4d,T4 Neuron,input,left
6204,720575940625000376,T4d,T4 Neuron,input,left
6205,720575940625004780,T4c,T4 Neuron,input,left
6206,720575940625009131,T4a,T4 Neuron,input,right
6207,720575940625013948,T5b,T5 Neuron,input,right
6208,720575940625013996,T4c,T4 Neuron,input,left
6209,720575940625017358,T4c,T4 Neuron,input,left
6210,720575940625018382,T5c,T5 Neuron,input,left
6211,720575940625020820,T4d,T4 Neuron,input,right
6212,720575940625021427,T5a,T5 Neuron,input,left
6213,720575940625021960,T5d,T5 Neuron,input,left
6214,720575940625022734,T4d,T4 Neuron,input,left
6215,720575940625023536,T5d,T5 Neuron,input,right
6216,720575940625025353,T4c,T4 Neuron,input,left
6217,720575940625026637,T5a,T5 Neuron,input,left
6218,720575940625027260,T5a,T5 Neuron,input,left
6219,720575940625039335,T4c,T4 Neuron,input,left
6220,720575940625043021,T4a,T4 Neuron,input,left
6221,720575940625044068,T5d,T5 Neuron,input,right
6222,720575940625044715,T5b,T5 Neuron,input,left
6223,720575940625047559,T4d,T4 Neuron,input,left
6224,720575940625048653,T5d,T5 Neuron,input,right
6225,720575940625052233,T4b,T4 Neuron,input,right
6226,720575940625052659,T4c,T4 Neuron,input,right
6227,720575940625052956,T4b,T4 Neuron,input,left
6228,720575940625054460,T5b,T5 Neuron,input,left
6229,720575940625057829,T4a,T4 Neuron,input,left
6230,720575940625057940,T5c,T5 Neuron,input,left
6231,720575940625060339,T4a,T4 Neuron,input,left
6232,720575940625061611,T4a,T4 Neuron,input,left
6233,720575940625063923,T5d,T5 Neuron,input,left
6234,720575940625066483,T4d,T4 Neuron,input,right
6235,720575940625069058,T5c,T5 Neuron,input,left
6236,720575940625071292,T5a,T5 Neuron,input,left
6237,720575940625075749,T4d,T4 Neuron,input,right
6238,720575940625076880,T5a,T5 Neuron,input,right
6239,720575940625079484,T4a,T4 Neuron,input,left
6240,720575940625085671,T4b,T4 Neuron,input,right
6241,720575940625086478,T4c,T4 Neuron,input,left
6242,720575940625092878,T5b,T5 Neuron,input,left
6243,720575940625093157,T5b,T5 Neuron,input,left
6244,720575940625095205,T4d,T4 Neuron,input,left
6245,720575940625095403,T4b,T4 Neuron,input,left
6246,720575940625095828,T5d,T5 Neuron,input,left
6247,720575940625099597,T5a,T5 Neuron,input,left
6248,720575940625113580,T4d,T4 Neuron,input,left
6249,720575940625113597,T4a,T4 Neuron,input,right
6250,720575940625114109,T4a,T4 Neuron,input,right
6251,720575940625115721,T5b,T5 Neuron,input,left
6252,720575940625119053,T4c,T4 Neuron,input,right
6253,720575940625119723,T5a,T5 Neuron,input,left
6254,720575940625120444,T5a,T5 Neuron,input,left
6255,720575940625123877,T4a,T4 Neuron,input,left
6256,720575940625123879,T4d,T4 Neuron,input,right
6257,720575940625124360,T5a,T5 Neuron,input,right
6258,720575940625125117,T4b,T4 Neuron,input,left
6259,720575940625125373,T4c,T4 Neuron,input,left
6260,720575940625126635,T4c,T4 Neuron,input,right
6261,720575940625133287,T5a,T5 Neuron,input,left
6262,720575940625133543,T5d,T5 Neuron,input,left
6263,720575940625137934,T4d,T4 Neuron,input,right
6264,720575940625148199,T4d,T4 Neuron,input,left
6265,720575940625154864,T4b,T4 Neuron,input,left
6266,720575940625155080,T5a,T5 Neuron,input,left
6267,720575940625164583,T5d,T5 Neuron,input,left
6268,720575940625171431,T5d,T5 Neuron,input,left
6269,720575940625171533,T4b,T4 Neuron,input,right
6270,720575940625174605,T5c,T5 Neuron,input,right
6271,720575940625176764,T5d,T5 Neuron,input,left
6272,720575940625178919,T4d,T4 Neuron,input,left
6273,720575940625181031,T4a,T4 Neuron,input,left
6274,720575940625182666,T4c,T4 Neuron,input,left
6275,720575940625191100,T5a,T5 Neuron,input,right
6276,720575940625202190,T4a,T4 Neuron,input,left
6277,720575940625203699,T4c,T4 Neuron,input,left
6278,720575940625204226,T5b,T5 Neuron,input,right
6279,720575940625210130,T5b,T5 Neuron,input,right
6280,720575940625213628,T5a,T5 Neuron,input,left
6281,720575940625217661,T5b,T5 Neuron,input,right
6282,720575940625223667,T5b,T5 Neuron,input,left
6283,720575940625227708,T5d,T5 Neuron,input,right
6284,720575940625231036,T4b,T4 Neuron,input,left
6285,720575940625232906,T5c,T5 Neuron,input,left
6286,720575940625233552,T4b,T4 Neuron,input,right
6287,720575940625235239,T5b,T5 Neuron,input,left
6288,720575940625235331,T4d,T4 Neuron,input,right
6289,720575940625236234,T5b,T5 Neuron,input,left
6290,720575940625238861,T4a,T4 Neuron,input,left
6291,720575940625253257,T5d,T5 Neuron,input,left
6292,720575940625253619,T5b,T5 Neuron,input,left
6293,720575940625253694,T5b,T5 Neuron,input,left
6294,720575940625257805,T5d,T5 Neuron,input,right
6295,720575940625260839,T5d,T5 Neuron,input,left
6296,720575940625261351,T4c,T4 Neuron,input,left
6297,720575940625263091,T4d,T4 Neuron,input,left
6298,720575940625263177,T4d,T4 Neuron,input,left
6299,720575940625264713,T5d,T5 Neuron,input,left
6300,720575940625267431,T4c,T4 Neuron,input,left
6301,720575940625270286,T4d,T4 Neuron,input,left
6302,720575940625270932,T4d,T4 Neuron,input,left
6303,720575940625272551,T5b,T5 Neuron,input,left
6304,720575940625272909,T5a,T5 Neuron,input,right
6305,720575940625276140,T5c,T5 Neuron,input,left
6306,720575940625276990,T4c,T4 Neuron,input,right
6307,720575940625277740,T4d,T4 Neuron,input,right
6308,720575940625279636,T4c,T4 Neuron,input,left
6309,720575940625279731,T5b,T5 Neuron,input,left
6310,720575940625282748,T4a,T4 Neuron,input,left
6311,720575940625284396,T4d,T4 Neuron,input,right
6312,720575940625285052,T4b,T4 Neuron,input,left
6313,720575940625293820,T5c,T5 Neuron,input,left
6314,720575940625297916,T5b,T5 Neuron,input,left
6315,720575940625306812,T4d,T4 Neuron,input,left
6316,720575940625310029,T4d,T4 Neuron,input,right
6317,720575940625315120,T4b,T4 Neuron,input,right
6318,720575940625319811,T4d,T4 Neuron,input,left
6319,720575940625324163,T5a,T5 Neuron,input,left
6320,720575940625324675,T4a,T4 Neuron,input,left
6321,720575940625326119,T4b,T4 Neuron,input,left
6322,720575940625331132,T4c,T4 Neuron,input,right
6323,720575940625337381,T4c,T4 Neuron,input,right
6324,720575940625343821,T5a,T5 Neuron,input,left
6325,720575940625344014,T5d,T5 Neuron,input,right
6326,720575940625347661,T4a,T4 Neuron,input,right
6327,720575940625347879,T4b,T4 Neuron,input,left
6328,720575940625356109,T4a,T4 Neuron,input,left
6329,720575940625357299,T5a,T5 Neuron,input,left
6330,720575940625359036,T5a,T5 Neuron,input,left
6331,720575940625363202,T4b,T4 Neuron,input,left
6332,720575940625364557,T4b,T4 Neuron,input,right
6333,720575940625366259,T4c,T4 Neuron,input,left
6334,720575940625366503,T5b,T5 Neuron,input,left
6335,720575940625371024,T5b,T5 Neuron,input,right
6336,720575940625371280,T4a,T4 Neuron,input,right
6337,720575940625372174,T5d,T5 Neuron,input,left
6338,720575940625374541,T4c,T4 Neuron,input,right
6339,720575940625386317,T5d,T5 Neuron,input,right
6340,720575940625389955,T4d,T4 Neuron,input,left
6341,720575940625390844,T5a,T5 Neuron,input,left
6342,720575940625393456,T5d,T5 Neuron,input,right
6343,720575940625396238,T4d,T4 Neuron,input,right
6344,720575940625400078,T4d,T4 Neuron,input,left
6345,720575940625407632,T4a,T4 Neuron,input,right
6346,720575940625407690,T4a,T4 Neuron,input,right
6347,720575940625412414,T4d,T4 Neuron,input,left
6348,720575940625414448,T4a,T4 Neuron,input,right
6349,720575940625417037,T5c,T5 Neuron,input,right
6350,720575940625419312,T4b,T4 Neuron,input,right
6351,720575940625423548,T5a,T5 Neuron,input,left
6352,720575940625423705,T4c,T4 Neuron,input,left
6353,720575940625426190,T5d,T5 Neuron,input,left
6354,720575940625426832,T5d,T5 Neuron,input,right
6355,720575940625429227,T4a,T4 Neuron,input,left
6356,720575940625439560,T4d,T4 Neuron,input,right
6357,720575940625442830,T5c,T5 Neuron,input,left
6358,720575940625444140,T5a,T5 Neuron,input,right
6359,720575940625449624,T4d,T4 Neuron,input,left
6360,720575940625453645,T4d,T4 Neuron,input,left
6361,720575940625460099,T4c,T4 Neuron,input,right
6362,720575940625465608,T5a,T5 Neuron,input,left
6363,720575940625467011,T4a,T4 Neuron,input,right
6364,720575940625468967,T5c,T5 Neuron,input,left
6365,720575940625471053,T4c,T4 Neuron,input,left
6366,720575940625472002,T4a,T4 Neuron,input,right
6367,720575940625472952,T4d,T4 Neuron,input,left
6368,720575940625474435,T5c,T5 Neuron,input,right
6369,720575940625476878,T4c,T4 Neuron,input,left
6370,720575940625483838,T5d,T5 Neuron,input,right
6371,720575940625485299,T4d,T4 Neuron,input,left
6372,720575940625489445,T5c,T5 Neuron,input,left
6373,720575940625490234,T5a,T5 Neuron,input,right
6374,720575940625492007,T5b,T5 Neuron,input,left
6375,720575940625501116,T4c,T4 Neuron,input,left
6376,720575940625504601,T5b,T5 Neuron,input,right
6377,720575940625506343,T4d,T4 Neuron,input,left
6378,720575940625507161,T5a,T5 Neuron,input,right
6379,720575940625512848,T5a,T5 Neuron,input,right
6380,720575940625522320,T4a,T4 Neuron,input,right
6381,720575940625522509,T5d,T5 Neuron,input,left
6382,720575940625523436,T4c,T4 Neuron,input,left
6383,720575940625523545,T4b,T4 Neuron,input,right
6384,720575940625524508,T5a,T5 Neuron,input,left
6385,720575940625526044,T5c,T5 Neuron,input,left
6386,720575940625526873,T5b,T5 Neuron,input,left
6387,720575940625529362,T4d,T4 Neuron,input,right
6388,720575940625540185,T4c,T4 Neuron,input,right
6389,720575940625547708,T5b,T5 Neuron,input,left
6390,720575940625549716,T5d,T5 Neuron,input,right
6391,720575940625558160,T5d,T5 Neuron,input,right
6392,720575940625565529,T4c,T4 Neuron,input,right
6393,720575940625567124,T4a,T4 Neuron,input,left
6394,720575940625567762,T5b,T5 Neuron,input,right
6395,720575940625571465,T5a,T5 Neuron,input,right
6396,720575940625571858,T5a,T5 Neuron,input,right
6397,720575940625571868,T5c,T5 Neuron,input,right
6398,720575940625575667,T4b,T4 Neuron,input,left
6399,720575940625576084,T5b,T5 Neuron,input,left
6400,720575940625576691,T4d,T4 Neuron,input,left
6401,720575940625581548,T5a,T5 Neuron,input,left
6402,720575940625584933,T4a,T4 Neuron,input,right
6403,720575940625612848,T4d,T4 Neuron,input,right
6404,720575940625619493,T5a,T5 Neuron,input,right
6405,720575940625625392,T4a,T4 Neuron,input,left
6406,720575940625626638,T5c,T5 Neuron,input,left
6407,720575940625627320,T4a,T4 Neuron,input,left
6408,720575940625628772,T4a,T4 Neuron,input,right
6409,720575940625629198,T5c,T5 Neuron,input,right
6410,720575940625634968,T5b,T5 Neuron,input,left
6411,720575940625641418,T5b,T5 Neuron,input,right
6412,720575940625645242,T5a,T5 Neuron,input,right
6413,720575940625649594,T5d,T5 Neuron,input,right
6414,720575940625653228,T4c,T4 Neuron,input,right
6415,720575940625653543,T4c,T4 Neuron,input,right
6416,720575940625654003,T5d,T5 Neuron,input,right
6417,720575940625654759,T5a,T5 Neuron,input,right
6418,720575940625655192,T5d,T5 Neuron,input,left
6419,720575940625655271,T5c,T5 Neuron,input,right
6420,720575940625655754,T5c,T5 Neuron,input,right
6421,720575940625659066,T5a,T5 Neuron,input,right
6422,720575940625663280,T5b,T5 Neuron,input,right
6423,720575940625666200,T5a,T5 Neuron,input,left
6424,720575940625668878,T4d,T4 Neuron,input,right
6425,720575940625672496,T4b,T4 Neuron,input,right
6426,720575940625674533,T5d,T5 Neuron,input,right
6427,720575940625675645,T4b,T4 Neuron,input,left
6428,720575940625675790,T5c,T5 Neuron,input,left
6429,720575940625678606,T4a,T4 Neuron,input,right
6430,720575940625678862,T4a,T4 Neuron,input,right
6431,720575940625686200,T5c,T5 Neuron,input,left
6432,720575940625686801,T5b,T5 Neuron,input,right
6433,720575940625693488,T5c,T5 Neuron,input,left
6434,720575940625696333,T5d,T5 Neuron,input,left
6435,720575940625700964,T4b,T4 Neuron,input,left
6436,720575940625703975,T4b,T4 Neuron,input,right
6437,720575940625718986,T4a,T4 Neuron,input,left
6438,720575940625725479,T4c,T4 Neuron,input,left
6439,720575940625728186,T4c,T4 Neuron,input,left
6440,720575940625731002,T4c,T4 Neuron,input,right
6441,720575940625737162,T5c,T5 Neuron,input,right
6442,720575940625746920,T4a,T4 Neuron,input,left
6443,720575940625748426,T5c,T5 Neuron,input,right
6444,720575940625751677,T5c,T5 Neuron,input,right
6445,720575940625754942,T5d,T5 Neuron,input,right
6446,720575940625757735,T4a,T4 Neuron,input,left
6447,720575940625759525,T4b,T4 Neuron,input,right
6448,720575940625761917,T4a,T4 Neuron,input,right
6449,720575940625766346,T5a,T5 Neuron,input,right
6450,720575940625770073,T5d,T5 Neuron,input,right
6451,720575940625773972,T5a,T5 Neuron,input,left
6452,720575940625774205,T4b,T4 Neuron,input,right
6453,720575940625774948,T5c,T5 Neuron,input,right
6454,720575940625779146,T5c,T5 Neuron,input,right
6455,720575940625779386,T5c,T5 Neuron,input,right
6456,720575940625779898,T5a,T5 Neuron,input,right
6457,720575940625782116,T5a,T5 Neuron,input,right
6458,720575940625790748,T4b,T4 Neuron,input,right
6459,720575940625796282,T5c,T5 Neuron,input,right
6460,720575940625798147,T5a,T5 Neuron,input,left
6461,720575940625799426,T5d,T5 Neuron,input,right
6462,720575940625799472,T4c,T4 Neuron,input,left
6463,720575940625808954,T4a,T4 Neuron,input,left
6464,720575940625809182,T4c,T4 Neuron,input,right
6465,720575940625810253,T5a,T5 Neuron,input,left
6466,720575940625811518,T5d,T5 Neuron,input,right
6467,720575940625814116,T4c,T4 Neuron,input,left
6468,720575940625815070,T4b,T4 Neuron,input,right
6469,720575940625816894,T4c,T4 Neuron,input,left
6470,720575940625821982,T4d,T4 Neuron,input,left
6471,720575940625823376,T5b,T5 Neuron,input,right
6472,720575940625824899,T4b,T4 Neuron,input,right
6473,720575940625825424,T5c,T5 Neuron,input,right
6474,720575940625831667,T5d,T5 Neuron,input,left
6475,720575940625832804,T5c,T5 Neuron,input,right
6476,720575940625836121,T5a,T5 Neuron,input,left
6477,720575940625837118,T5a,T5 Neuron,input,left
6478,720575940625837460,T5d,T5 Neuron,input,left
6479,720575940625844666,T5a,T5 Neuron,input,right
6480,720575940625844810,T5d,T5 Neuron,input,left
6481,720575940625847498,T4a,T4 Neuron,input,left
6482,720575940625851536,T5d,T5 Neuron,input,left
6483,720575940625856039,T4d,T4 Neuron,input,right
6484,720575940625859879,T4c,T4 Neuron,input,right
6485,720575940625859940,T5c,T5 Neuron,input,right
6486,720575940625865360,T4d,T4 Neuron,input,left
6487,720575940625867466,T5d,T5 Neuron,input,left
6488,720575940625876226,T5b,T5 Neuron,input,right
6489,720575940625877552,T4a,T4 Neuron,input,right
6490,720575940625883454,T4b,T4 Neuron,input,right
6491,720575940625886695,T4d,T4 Neuron,input,left
6492,720575940625888954,T4b,T4 Neuron,input,left
6493,720575940625890878,T4d,T4 Neuron,input,right
6494,720575940625903335,T5a,T5 Neuron,input,left
6495,720575940625905678,T4a,T4 Neuron,input,left
6496,720575940625909541,T5d,T5 Neuron,input,left
6497,720575940625910576,T4a,T4 Neuron,input,right
6498,720575940625914405,T4c,T4 Neuron,input,left
6499,720575940625915064,T5b,T5 Neuron,input,left
6500,720575940625916444,T4c,T4 Neuron,input,left
6501,720575940625917228,T4b,T4 Neuron,input,right
6502,720575940625919162,T4d,T4 Neuron,input,left
6503,720575940625920805,T4c,T4 Neuron,input,left
6504,720575940625923203,T4d,T4 Neuron,input,right
6505,720575940625923770,T4a,T4 Neuron,input,right
6506,720575940625924144,T4a,T4 Neuron,input,right
6507,720575940625926448,T4d,T4 Neuron,input,right
6508,720575940625928585,T5b,T5 Neuron,input,left
6509,720575940625929609,T4b,T4 Neuron,input,right
6510,720575940625929872,T4b,T4 Neuron,input,right
6511,720575940625932837,T5a,T5 Neuron,input,left
6512,720575940625934375,T4a,T4 Neuron,input,left
6513,720575940625936165,T5a,T5 Neuron,input,left
6514,720575940625936740,T5b,T5 Neuron,input,right
6515,720575940625939749,T5b,T5 Neuron,input,right
6516,720575940625941797,T4b,T4 Neuron,input,left
6517,720575940625942078,T5d,T5 Neuron,input,right
6518,720575940625943340,T4a,T4 Neuron,input,right
6519,720575940625944252,T5c,T5 Neuron,input,left
6520,720575940625947692,T4d,T4 Neuron,input,right
6521,720575940625952258,T4d,T4 Neuron,input,right
6522,720575940625952589,T4b,T4 Neuron,input,right
6523,720575940625953598,T5d,T5 Neuron,input,right
6524,720575940625954341,T5a,T5 Neuron,input,left
6525,720575940625956140,T4d,T4 Neuron,input,right
6526,720575940625956396,T5d,T5 Neuron,input,right
6527,720575940625956652,T4d,T4 Neuron,input,right
6528,720575940625958444,T4b,T4 Neuron,input,right
6529,720575940625959780,T5d,T5 Neuron,input,right
6530,720575940625961516,T5b,T5 Neuron,input,right
6531,720575940625967374,T5b,T5 Neuron,input,left
6532,720575940625968176,T4a,T4 Neuron,input,left
6533,720575940625968228,T5b,T5 Neuron,input,right
6534,720575940625970509,T5b,T5 Neuron,input,left
6535,720575940625971900,T4c,T4 Neuron,input,left
6536,720575940625974572,T4b,T4 Neuron,input,right
6537,720575940625975795,T5b,T5 Neuron,input,left
6538,720575940625976760,T4d,T4 Neuron,input,left
6539,720575940625977639,T5b,T5 Neuron,input,left
6540,720575940625978296,T5b,T5 Neuron,input,left
6541,720575940625983038,T5d,T5 Neuron,input,left
6542,720575940625986441,T4d,T4 Neuron,input,right
6543,720575940625989907,T4b,T4 Neuron,input,right
6544,720575940625991994,T4d,T4 Neuron,input,left
6545,720575940625993776,T5c,T5 Neuron,input,left
6546,720575940625994506,T4a,T4 Neuron,input,right
6547,720575940625995274,T4d,T4 Neuron,input,right
6548,720575940625996592,T5c,T5 Neuron,input,left
6549,720575940625997258,T4b,T4 Neuron,input,right
6550,720575940625997872,T4b,T4 Neuron,input,left
6551,720575940625998594,T5c,T5 Neuron,input,right
6552,720575940626003258,T5b,T5 Neuron,input,left
6553,720575940626004170,T5a,T5 Neuron,input,right
6554,720575940626011706,T4d,T4 Neuron,input,right
6555,720575940626011952,T4d,T4 Neuron,input,left
6556,720575940626012930,T5b,T5 Neuron,input,right
6557,720575940626019465,T4d,T4 Neuron,input,right
6558,720575940626025658,T4a,T4 Neuron,input,left
6559,720575940626028336,T4b,T4 Neuron,input,left
6560,720575940626034435,T5d,T5 Neuron,input,left
6561,720575940626037434,T4c,T4 Neuron,input,left
6562,720575940626039068,T5a,T5 Neuron,input,right
6563,720575940626043440,T4a,T4 Neuron,input,left
6564,720575940626043696,T4d,T4 Neuron,input,left
6565,720575940626044734,T5a,T5 Neuron,input,right
6566,720575940626046000,T5d,T5 Neuron,input,left
6567,720575940626046723,T5c,T5 Neuron,input,left
6568,720575940626047492,T4a,T4 Neuron,input,right
6569,720575940626049881,T5c,T5 Neuron,input,right
6570,720575940626050490,T4b,T4 Neuron,input,right
6571,720575940626053732,T5b,T5 Neuron,input,left
6572,720575940626053936,T4d,T4 Neuron,input,right
6573,720575940626056344,T5d,T5 Neuron,input,left
6574,720575940626057998,T4c,T4 Neuron,input,left
6575,720575940626061756,T5d,T5 Neuron,input,right
6576,720575940626062268,T5c,T5 Neuron,input,left
6577,720575940626063292,T5d,T5 Neuron,input,right
6578,720575940626065753,T5b,T5 Neuron,input,right
6579,720575940626067258,T4a,T4 Neuron,input,left
6580,720575940626070714,T4c,T4 Neuron,input,right
6581,720575940626071738,T5a,T5 Neuron,input,right
6582,720575940626072250,T5b,T5 Neuron,input,left
6583,720575940626080356,T4d,T4 Neuron,input,right
6584,720575940626083770,T4a,T4 Neuron,input,left
6585,720575940626086146,T4c,T4 Neuron,input,right
6586,720575940626091706,T4a,T4 Neuron,input,right
6587,720575940626091962,T4d,T4 Neuron,input,left
6588,720575940626092218,T4a,T4 Neuron,input,right
6589,720575940626092290,T5c,T5 Neuron,input,right
6590,720575940626093616,T4c,T4 Neuron,input,left
6591,720575940626094794,T4b,T4 Neuron,input,right
6592,720575940626097189,T4a,T4 Neuron,input,right
6593,720575940626098238,T4a,T4 Neuron,input,left
6594,720575940626099970,T5a,T5 Neuron,input,right
6595,720575940626101788,T5b,T5 Neuron,input,right
6596,720575940626104457,T4c,T4 Neuron,input,right
6597,720575940626113854,T4c,T4 Neuron,input,left
6598,720575940626115386,T4c,T4 Neuron,input,left
6599,720575940626119472,T5d,T5 Neuron,input,left
6600,720575940626119998,T5b,T5 Neuron,input,left
6601,720575940626120138,T5d,T5 Neuron,input,left
6602,720575940626121418,T4a,T4 Neuron,input,left
6603,720575940626122780,T5d,T5 Neuron,input,right
6604,720575940626123194,T5a,T5 Neuron,input,left
6605,720575940626125189,T4c,T4 Neuron,input,left
6606,720575940626134026,T5d,T5 Neuron,input,left
6607,720575940626143946,T4d,T4 Neuron,input,left
6608,720575940626150402,T5a,T5 Neuron,input,right
6609,720575940626151461,T5c,T5 Neuron,input,left
6610,720575940626152592,T5a,T5 Neuron,input,left
6611,720575940626155466,T4a,T4 Neuron,input,left
6612,720575940626156325,T5c,T5 Neuron,input,left
6613,720575940626157578,T4c,T4 Neuron,input,left
6614,720575940626158384,T5d,T5 Neuron,input,left
6615,720575940626160414,T4b,T4 Neuron,input,left
6616,720575940626161712,T5b,T5 Neuron,input,left
6617,720575940626161922,T5b,T5 Neuron,input,right
6618,720575940626174210,T4c,T4 Neuron,input,right
6619,720575940626177072,T5a,T5 Neuron,input,left
6620,720575940626177176,T4b,T4 Neuron,input,right
6621,720575940626177482,T4b,T4 Neuron,input,left
6622,720575940626179216,T5d,T5 Neuron,input,left
6623,720575940626179428,T4c,T4 Neuron,input,left
6624,720575940626191664,T4a,T4 Neuron,input,left
6625,720575940626193283,T5b,T5 Neuron,input,right
6626,720575940626193296,T4b,T4 Neuron,input,left
6627,720575940626196410,T4c,T4 Neuron,input,right
6628,720575940626206352,T4d,T4 Neuron,input,right
6629,720575940626208850,T5d,T5 Neuron,input,right
6630,720575940626210844,T5b,T5 Neuron,input,right
6631,720575940626210860,T4c,T4 Neuron,input,right
6632,720575940626211884,T4a,T4 Neuron,input,right
6633,720575940626215568,T5b,T5 Neuron,input,left
6634,720575940626216581,T5d,T5 Neuron,input,left
6635,720575940626217085,T4a,T4 Neuron,input,right
6636,720575940626217093,T5a,T5 Neuron,input,right
6637,720575940626217516,T4a,T4 Neuron,input,right
6638,720575940626217756,T5d,T5 Neuron,input,left
6639,720575940626218877,T4a,T4 Neuron,input,right
6640,720575940626219564,T4d,T4 Neuron,input,right
6641,720575940626219620,T5c,T5 Neuron,input,left
6642,720575940626220588,T4b,T4 Neuron,input,right
6643,720575940626221100,T5d,T5 Neuron,input,right
6644,720575940626223166,T5a,T5 Neuron,input,left
6645,720575940626227006,T5a,T5 Neuron,input,left
6646,720575940626235180,T4d,T4 Neuron,input,right
6647,720575940626236293,T5c,T5 Neuron,input,left
6648,720575940626237386,T4d,T4 Neuron,input,left
6649,720575940626239020,T4b,T4 Neuron,input,right
6650,720575940626240514,T5b,T5 Neuron,input,right
6651,720575940626241555,T5d,T5 Neuron,input,right
6652,720575940626241580,T4b,T4 Neuron,input,right
6653,720575940626242746,T5a,T5 Neuron,input,left
6654,720575940626245016,T4a,T4 Neuron,input,right
6655,720575940626245890,T5b,T5 Neuron,input,right
6656,720575940626249930,T5c,T5 Neuron,input,left
6657,720575940626251308,T4b,T4 Neuron,input,right
6658,720575940626251909,T5b,T5 Neuron,input,right
6659,720575940626253605,T4d,T4 Neuron,input,left
6660,720575940626254736,T4c,T4 Neuron,input,left
6661,720575940626256421,T4c,T4 Neuron,input,right
6662,720575940626256740,T5d,T5 Neuron,input,left
6663,720575940626260497,T4d,T4 Neuron,input,left
6664,720575940626260738,T4b,T4 Neuron,input,left
6665,720575940626260780,T5b,T5 Neuron,input,right
6666,720575940626263634,T5a,T5 Neuron,input,right
6667,720575940626265170,T4a,T4 Neuron,input,left
6668,720575940626269028,T5d,T5 Neuron,input,right
6669,720575940626272002,T4a,T4 Neuron,input,left
6670,720575940626277434,T4d,T4 Neuron,input,right
6671,720575940626282371,T5a,T5 Neuron,input,right
6672,720575940626283108,T5c,T5 Neuron,input,left
6673,720575940626290276,T4b,T4 Neuron,input,right
6674,720575940626293379,T4d,T4 Neuron,input,left
6675,720575940626293808,T5d,T5 Neuron,input,left
6676,720575940626294565,T4b,T4 Neuron,input,left
6677,720575940626296337,T4c,T4 Neuron,input,left
6678,720575940626298243,T4b,T4 Neuron,input,right
6679,720575940626301028,T4a,T4 Neuron,input,left
6680,720575940626302138,T4b,T4 Neuron,input,right
6681,720575940626303418,T5d,T5 Neuron,input,right
6682,720575940626305554,T4d,T4 Neuron,input,right
6683,720575940626305892,T5a,T5 Neuron,input,right
6684,720575940626307459,T4d,T4 Neuron,input,left
6685,720575940626308496,T5a,T5 Neuron,input,left
6686,720575940626309164,T5d,T5 Neuron,input,right
6687,720575940626311461,T4d,T4 Neuron,input,left
6688,720575940626312997,T4a,T4 Neuron,input,right
6689,720575940626315397,T4b,T4 Neuron,input,right
6690,720575940626322988,T5a,T5 Neuron,input,right
6691,720575940626333954,T5d,T5 Neuron,input,right
6692,720575940626337342,T5c,T5 Neuron,input,left
6693,720575940626338622,T4d,T4 Neuron,input,left
6694,720575940626338844,T5b,T5 Neuron,input,left
6695,720575940626340144,T5a,T5 Neuron,input,left
6696,720575940626340892,T5c,T5 Neuron,input,left
6697,720575940626344741,T5d,T5 Neuron,input,right
6698,720575940626345490,T5d,T5 Neuron,input,right
6699,720575940626347466,T5b,T5 Neuron,input,left
6700,720575940626349242,T4c,T4 Neuron,input,right
6701,720575940626350010,T5c,T5 Neuron,input,left
6702,720575940626358361,T4d,T4 Neuron,input,right
6703,720575940626358617,T4d,T4 Neuron,input,right
6704,720575940626359427,T5c,T5 Neuron,input,left
6705,720575940626360869,T5c,T5 Neuron,input,right
6706,720575940626362755,T5c,T5 Neuron,input,right
6707,720575940626364734,T5a,T5 Neuron,input,left
6708,720575940626365005,T5a,T5 Neuron,input,right
6709,720575940626370691,T4c,T4 Neuron,input,right
6710,720575940626370947,T4a,T4 Neuron,input,right
6711,720575940626373016,T5c,T5 Neuron,input,right
6712,720575940626373182,T5b,T5 Neuron,input,left
6713,720575940626376394,T4d,T4 Neuron,input,left
6714,720575940626381002,T5d,T5 Neuron,input,left
6715,720575940626381356,T4b,T4 Neuron,input,right
6716,720575940626383460,T5d,T5 Neuron,input,left
6717,720575940626393677,T5b,T5 Neuron,input,left
6718,720575940626397733,T4d,T4 Neuron,input,left
6719,720575940626397778,T4b,T4 Neuron,input,right
6720,720575940626400770,T5a,T5 Neuron,input,right
6721,720575940626401573,T5d,T5 Neuron,input,left
6722,720575940626402597,T5a,T5 Neuron,input,left
6723,720575940626402712,T4c,T4 Neuron,input,right
6724,720575940626403274,T4a,T4 Neuron,input,left
6725,720575940626403715,T5b,T5 Neuron,input,right
6726,720575940626407426,T4a,T4 Neuron,input,left
6727,720575940626408650,T5d,T5 Neuron,input,left
6728,720575940626419477,T4c,T4 Neuron,input,left
6729,720575940626419986,T5c,T5 Neuron,input,right
6730,720575940626420030,T5c,T5 Neuron,input,left
6731,720575940626422805,T4a,T4 Neuron,input,right
6732,720575940626423493,T5c,T5 Neuron,input,right
6733,720575940626424005,T5c,T5 Neuron,input,right
6734,720575940626425541,T5d,T5 Neuron,input,right
6735,720575940626427544,T5c,T5 Neuron,input,right
6736,720575940626427589,T4a,T4 Neuron,input,right
6737,720575940626429637,T4d,T4 Neuron,input,right
6738,720575940626430922,T5a,T5 Neuron,input,left
6739,720575940626435459,T5b,T5 Neuron,input,right
6740,720575940626439866,T4a,T4 Neuron,input,left
6741,720575940626440025,T5a,T5 Neuron,input,right
6742,720575940626441561,T5b,T5 Neuron,input,right
6743,720575940626444157,T4c,T4 Neuron,input,left
6744,720575940626444741,T4a,T4 Neuron,input,right
6745,720575940626446789,T4b,T4 Neuron,input,right
6746,720575940626446869,T4a,T4 Neuron,input,right
6747,720575940626447813,T5a,T5 Neuron,input,right
6748,720575940626449098,T4d,T4 Neuron,input,right
6749,720575940626452421,T4b,T4 Neuron,input,right
6750,720575940626452880,T4a,T4 Neuron,input,right
6751,720575940626457034,T4d,T4 Neuron,input,left
6752,720575940626457150,T5b,T5 Neuron,input,left
6753,720575940626457406,VS5,VS,processing,left
6754,720575940626457475,T4c,T4 Neuron,input,left
6755,720575940626458412,T4b,T4 Neuron,input,right
6756,720575940626460674,T4d,T4 Neuron,input,left
6757,720575940626461186,T4b,T4 Neuron,input,right
6758,720575940626462768,T4a,T4 Neuron,input,right
6759,720575940626463550,T5c,T5 Neuron,input,left
6760,720575940626465594,T5d,T5 Neuron,input,left
6761,720575940626465667,T5a,T5 Neuron,input,left
6762,720575940626474498,T5b,T5 Neuron,input,left
6763,720575940626475029,T4b,T4 Neuron,input,left
6764,720575940626477340,T4c,T4 Neuron,input,left
6765,720575940626477498,VS1,VS,processing,left
6766,720575940626477852,T4b,T4 Neuron,input,left
6767,720575940626481964,T4b,T4 Neuron,input,right
6768,720575940626482840,T4a,T4 Neuron,input,right
6769,720575940626483600,T4c,T4 Neuron,input,right
6770,720575940626484361,T5a,T5 Neuron,input,right
6771,720575940626486168,T5b,T5 Neuron,input,left
6772,720575940626487226,T5d,T5 Neuron,input,left
6773,720575940626489644,T4a,T4 Neuron,input,right
6774,720575940626497284,T5d,T5 Neuron,input,right
6775,720575940626501378,T5d,T5 Neuron,input,left
6776,720575940626501660,T4c,T4 Neuron,input,left
6777,720575940626501676,T5c,T5 Neuron,input,right
6778,720575940626502660,T5d,T5 Neuron,input,left
6779,720575940626502756,T5b,T5 Neuron,input,right
6780,720575940626502970,T5c,T5 Neuron,input,left
6781,720575940626505226,T4d,T4 Neuron,input,right
6782,720575940626506716,T5d,T5 Neuron,input,right
6783,720575940626507036,T4d,T4 Neuron,input,right
6784,720575940626510232,T4b,T4 Neuron,input,right
6785,720575940626510789,T4b,T4 Neuron,input,right
6786,720575940626510812,T5d,T5 Neuron,input,right
6787,720575940626510937,T4a,T4 Neuron,input,right
6788,720575940626511047,T4d,T4 Neuron,input,left
6789,720575940626511557,T4b,T4 Neuron,input,right
6790,720575940626512581,T4b,T4 Neuron,input,right
6791,720575940626512729,T4b,T4 Neuron,input,left
6792,720575940626512837,T4b,T4 Neuron,input,right
6793,720575940626514576,T4a,T4 Neuron,input,left
6794,720575940626515528,T4b,T4 Neuron,input,left
6795,720575940626516757,T5a,T5 Neuron,input,right
6796,720575940626520540,T5a,T5 Neuron,input,right
6797,720575940626521981,T4c,T4 Neuron,input,left
6798,720575940626528442,T4b,T4 Neuron,input,left
6799,720575940626530216,T4d,T4 Neuron,input,left
6800,720575940626534404,T4c,T4 Neuron,input,right
6801,720575940626534858,T4a,T4 Neuron,input,right
6802,720575940626534914,T4c,T4 Neuron,input,right
6803,720575940626539010,T5d,T5 Neuron,input,left
6804,720575940626543893,T4d,T4 Neuron,input,left
6805,720575940626548368,T4a,T4 Neuron,input,right
6806,720575940626551994,T4d,T4 Neuron,input,left
6807,720575940626553177,T5a,T5 Neuron,input,right
6808,720575940626554713,T4d,T4 Neuron,input,right
6809,720575940626555589,T4c,T4 Neuron,input,right
6810,720575940626557839,T5d,T5 Neuron,input,right
6811,720575940626560220,T5b,T5 Neuron,input,right
6812,720575940626561380,T4c,T4 Neuron,input,left
6813,720575940626561679,T5c,T5 Neuron,input,left
6814,720575940626563844,T4d,T4 Neuron,input,left
6815,720575940626565178,T4d,T4 Neuron,input,right
6816,720575940626565182,T5a,T5 Neuron,input,left
6817,720575940626565852,T5b,T5 Neuron,input,right
6818,720575940626569060,T4c,T4 Neuron,input,left
6819,720575940626571045,T4d,T4 Neuron,input,left
6820,720575940626571484,T5a,T5 Neuron,input,right
6821,720575940626571778,T4c,T4 Neuron,input,left
6822,720575940626577154,T4a,T4 Neuron,input,left
6823,720575940626578045,T5c,T5 Neuron,input,right
6824,720575940626579784,T4c,T4 Neuron,input,right
6825,720575940626580879,T4d,T4 Neuron,input,right
6826,720575940626581672,T4d,T4 Neuron,input,right
6827,720575940626586370,T5a,T5 Neuron,input,right
6828,720575940626586626,T5c,T5 Neuron,input,right
6829,720575940626587011,T5a,T5 Neuron,input,left
6830,720575940626589468,T5a,T5 Neuron,input,left
6831,720575940626589768,T5a,T5 Neuron,input,right
6832,720575940626592284,T5a,T5 Neuron,input,left
6833,720575940626592664,T4d,T4 Neuron,input,right
6834,720575940626597251,T4a,T4 Neuron,input,left
6835,720575940626597263,T4c,T4 Neuron,input,left
6836,720575940626603151,T5d,T5 Neuron,input,right
6837,720575940626609277,T5d,T5 Neuron,input,right
6838,720575940626615171,T5b,T5 Neuron,input,left
6839,720575940626615829,T4a,T4 Neuron,input,left
6840,720575940626617213,T5d,T5 Neuron,input,left
6841,720575940626623516,T4a,T4 Neuron,input,right
6842,720575940626624186,T5b,T5 Neuron,input,left
6843,720575940626627076,T5b,T5 Neuron,input,right
6844,720575940626627612,T4a,T4 Neuron,input,left
6845,720575940626632450,T5d,T5 Neuron,input,left
6846,720575940626632848,T4a,T4 Neuron,input,left
6847,720575940626633615,T4c,T4 Neuron,input,right
6848,720575940626633880,T5b,T5 Neuron,input,left
6849,720575940626637699,T5b,T5 Neuron,input,left
6850,720575940626637826,T5a,T5 Neuron,input,left
6851,720575940626638110,T5b,T5 Neuron,input,right
6852,720575940626638384,T5b,T5 Neuron,input,right
6853,720575940626640296,T4d,T4 Neuron,input,left
6854,720575940626642584,T5c,T5 Neuron,input,right
6855,720575940626642618,T4d,T4 Neuron,input,left
6856,720575940626642698,T5a,T5 Neuron,input,right
6857,720575940626647464,T4a,T4 Neuron,input,right
6858,720575940626649786,T5d,T5 Neuron,input,left
6859,720575940626654864,T4a,T4 Neuron,input,right
6860,720575940626662174,T5a,T5 Neuron,input,right
6861,720575940626662686,T4d,T4 Neuron,input,right
6862,720575940626665128,T4b,T4 Neuron,input,right
6863,720575940626665859,T5b,T5 Neuron,input,left
6864,720575940626666877,T4a,T4 Neuron,input,right
6865,720575940626667778,T5c,T5 Neuron,input,left
6866,720575940626667928,T5a,T5 Neuron,input,right
6867,720575940626676057,T4d,T4 Neuron,input,right
6868,720575940626680337,T5d,T5 Neuron,input,left
6869,720575940626680506,T4d,T4 Neuron,input,right
6870,720575940626680665,T4a,T4 Neuron,input,right
6871,720575940626683338,T5d,T5 Neuron,input,left
6872,720575940626684797,T5b,T5 Neuron,input,left
6873,720575940626684956,T4a,T4 Neuron,input,left
6874,720575940626689917,T5d,T5 Neuron,input,right
6875,720575940626690078,VST2,VS,processing,right
6876,720575940626690960,T4a,T4 Neuron,input,left
6877,720575940626692389,T4c,T4 Neuron,input,left
6878,720575940626693465,T5d,T5 Neuron,input,right
6879,720575940626693507,T4b,T4 Neuron,input,left
6880,720575940626693694,T5b,T5 Neuron,input,left
6881,720575940626694599,T4d,T4 Neuron,input,right
6882,720575940626694808,T5d,T5 Neuron,input,left
6883,720575940626695811,T5c,T5 Neuron,input,left
6884,720575940626696548,T5a,T5 Neuron,input,left
6885,720575940626697091,T4b,T4 Neuron,input,left
6886,720575940626697758,T5c,T5 Neuron,input,left
6887,720575940626702026,T4c,T4 Neuron,input,right
6888,720575940626706344,T4c,T4 Neuron,input,left
6889,720575940626707996,T4a,T4 Neuron,input,left
6890,720575940626711941,T5a,T5 Neuron,input,right
6891,720575940626714114,T5a,T5 Neuron,input,left
6892,720575940626716958,T5a,T5 Neuron,input,right
6893,720575940626719262,T5b,T5 Neuron,input,right
6894,720575940626721688,T4c,T4 Neuron,input,right
6895,720575940626723091,T5a,T5 Neuron,input,right
6896,720575940626723459,T5c,T5 Neuron,input,left
6897,720575940626723870,T4a,T4 Neuron,input,right
6898,720575940626724400,T5b,T5 Neuron,input,left
6899,720575940626724414,T4d,T4 Neuron,input,left
6900,720575940626727293,T4b,T4 Neuron,input,left
6901,720575940626727592,T5d,T5 Neuron,input,right
6902,720575940626727710,T4a,T4 Neuron,input,left
6903,720575940626727848,T4b,T4 Neuron,input,right
6904,720575940626727966,T5a,T5 Neuron,input,right
6905,720575940626736446,T4c,T4 Neuron,input,left
6906,720575940626736536,T5d,T5 Neuron,input,left
6907,720575940626736808,T4b,T4 Neuron,input,right
6908,720575940626737722,T5c,T5 Neuron,input,right
6909,720575940626740404,T5b,T5 Neuron,input,right
6910,720575940626755074,T5b,T5 Neuron,input,left
6911,720575940626755330,T4c,T4 Neuron,input,left
6912,720575940626757520,T4d,T4 Neuron,input,left
6913,720575940626758343,T4b,T4 Neuron,input,left
6914,720575940626760211,T4b,T4 Neuron,input,right
6915,720575940626767618,T4b,T4 Neuron,input,right
6916,720575940626769560,T5b,T5 Neuron,input,left
6917,720575940626771528,T4d,T4 Neuron,input,right
6918,720575940626777496,T4a,T4 Neuron,input,right
6919,720575940626778311,T5b,T5 Neuron,input,right
6920,720575940626781028,T5c,T5 Neuron,input,left
6921,720575940626782151,T4b,T4 Neuron,input,right
6922,720575940626783740,T5c,T5 Neuron,input,right
6923,720575940626783943,T5b,T5 Neuron,input,left
6924,720575940626785538,T5d,T5 Neuron,input,left
6925,720575940626786179,T4c,T4 Neuron,input,left
6926,720575940626787614,T4b,T4 Neuron,input,right
6927,720575940626791293,T4b,T4 Neuron,input,right
6928,720575940626791468,T4b,T4 Neuron,input,right
6929,720575940626794250,T4d,T4 Neuron,input,right
6930,720575940626796388,T5d,T5 Neuron,input,left
6931,720575940626797913,T5b,T5 Neuron,input,left
6932,720575940626798778,T5d,T5 Neuron,input,right
6933,720575940626799356,T4a,T4 Neuron,input,left
6934,720575940626800124,T4d,T4 Neuron,input,left
6935,720575940626800403,T4c,T4 Neuron,input,right
6936,720575940626801753,T5b,T5 Neuron,input,left
6937,720575940626803970,T4d,T4 Neuron,input,left
6938,720575940626804120,T5d,T5 Neuron,input,left
6939,720575940626804617,T5d,T5 Neuron,input,right
6940,720575940626805129,T5a,T5 Neuron,input,right
6941,720575940626806610,T4c,T4 Neuron,input,right
6942,720575940626812553,T4b,T4 Neuron,input,right
6943,720575940626813577,T5a,T5 Neuron,input,right
6944,720575940626815004,T4a,T4 Neuron,input,left
6945,720575940626818332,T5b,T5 Neuron,input,left
6946,720575940626819356,T4c,T4 Neuron,input,left
6947,720575940626820227,T5c,T5 Neuron,input,left
6948,720575940626820538,T5a,T5 Neuron,input,right
6949,720575940626820636,T5a,T5 Neuron,input,left
6950,720575940626822140,T4d,T4 Neuron,input,left
6951,720575940626831166,T4a,T4 Neuron,input,left
6952,720575940626834584,T5a,T5 Neuron,input,left
6953,720575940626835545,T5b,T5 Neuron,input,right
6954,720575940626835801,T5b,T5 Neuron,input,right
6955,720575940626838147,T4d,T4 Neuron,input,left
6956,720575940626840775,T4c,T4 Neuron,input,right
6957,720575940626843420,T4a,T4 Neuron,input,left
6958,720575940626852373,T4c,T4 Neuron,input,right
6959,720575940626852584,T4b,T4 Neuron,input,left
6960,720575940626857260,T4c,T4 Neuron,input,right
6961,720575940626857704,T5c,T5 Neuron,input,right
6962,720575940626858748,T5a,T5 Neuron,input,right
6963,720575940626859804,T4c,T4 Neuron,input,right
6964,720575940626865948,T4d,T4 Neuron,input,left
6965,720575940626869804,T4d,T4 Neuron,input,right
6966,720575940626871396,T4d,T4 Neuron,input,left
6967,720575940626872201,T5b,T5 Neuron,input,right
6968,720575940626873132,T4c,T4 Neuron,input,right
6969,720575940626873340,T4a,T4 Neuron,input,left
6970,720575940626876291,T4c,T4 Neuron,input,right
6971,720575940626881673,T4b,T4 Neuron,input,right
6972,720575940626887938,T5b,T5 Neuron,input,left
6973,720575940626899561,T4a,T4 Neuron,input,left
6974,720575940626903298,T5d,T5 Neuron,input,left
6975,720575940626906686,T5c,T5 Neuron,input,left
6976,720575940626908446,T5a,T5 Neuron,input,left
6977,720575940626911875,T4d,T4 Neuron,input,left
6978,720575940626912275,T5a,T5 Neuron,input,right
6979,720575940626913223,T5d,T5 Neuron,input,left
6980,720575940626914759,T4a,T4 Neuron,input,left
6981,720575940626915109,T4d,T4 Neuron,input,left
6982,720575940626918908,T5c,T5 Neuron,input,left
6983,720575940626921502,T5b,T5 Neuron,input,left
6984,720575940626922754,T5d,T5 Neuron,input,right
6985,720575940626923530,T5c,T5 Neuron,input,right
6986,720575940626924681,T5c,T5 Neuron,input,right
6987,720575940626926991,T4c,T4 Neuron,input,right
6988,720575940626928521,VS6,VS,processing,right
6989,720575940626942508,T5c,T5 Neuron,input,right
6990,720575940626943577,T5b,T5 Neuron,input,left
6991,720575940626944286,T5a,T5 Neuron,input,right
6992,720575940626944893,T4b,T4 Neuron,input,left
6993,720575940626946300,T4b,T4 Neuron,input,right
6994,720575940626947271,T4a,T4 Neuron,input,right
6995,720575940626947736,T5c,T5 Neuron,input,left
6996,720575940626949907,T4a,T4 Neuron,input,left
6997,720575940626951468,T5a,T5 Neuron,input,right
6998,720575940626951549,T4a,T4 Neuron,input,right
6999,720575940626951555,T5a,T5 Neuron,input,left
7000,720575940626951811,T4d,T4 Neuron,input,left
7001,720575940626951877,T4a,T4 Neuron,input,right
7002,720575940626953274,T5a,T5 Neuron,input,right
7003,720575940626953597,T5a,T5 Neuron,input,left
7004,720575940626954392,T4d,T4 Neuron,input,left
7005,720575940626955160,T4a,T4 Neuron,input,left
7006,720575940626955274,T4b,T4 Neuron,input,right
7007,720575940626962746,T4a,T4 Neuron,input,right
7008,720575940626965562,T4c,T4 Neuron,input,right
7009,720575940626965778,T5a,T5 Neuron,input,right
7010,720575940626967055,T4b,T4 Neuron,input,right
7011,720575940626967311,T4a,T4 Neuron,input,right
7012,720575940626967641,T4a,T4 Neuron,input,left
7013,720575940626968066,T5c,T5 Neuron,input,left
7014,720575940626972106,T4d,T4 Neuron,input,left
7015,720575940626976180,T4c,T4 Neuron,input,right
7016,720575940626978137,T5a,T5 Neuron,input,right
7017,720575940626979252,T5d,T5 Neuron,input,right
7018,720575940626979461,T5b,T5 Neuron,input,right
7019,720575940626981406,T4b,T4 Neuron,input,left
7020,720575940626982090,T4c,T4 Neuron,input,left
7021,720575940626982858,T5d,T5 Neuron,input,right
7022,720575940626984073,T5c,T5 Neuron,input,left
7023,720575940626987522,T5c,T5 Neuron,input,left
7024,720575940626993171,T5d,T5 Neuron,input,right
7025,720575940626993427,T5a,T5 Neuron,input,right
7026,720575940626993470,T5d,T5 Neuron,input,right
7027,720575940626995987,T5c,T5 Neuron,input,left
7028,720575940626995998,T5a,T5 Neuron,input,right
7029,720575940626999689,T5b,T5 Neuron,input,right
7030,720575940627002626,T4c,T4 Neuron,input,right
7031,720575940627004682,T5a,T5 Neuron,input,right
7032,720575940627005573,T4b,T4 Neuron,input,left
7033,720575940627005698,T4c,T4 Neuron,input,left
7034,720575940627006750,T4b,T4 Neuron,input,right
7035,720575940627009157,T4c,T4 Neuron,input,left
7036,720575940627010685,T4b,T4 Neuron,input,right
7037,720575940627014474,T5c,T5 Neuron,input,right
7038,720575940627021612,T4b,T4 Neuron,input,right
7039,720575940627023047,T4d,T4 Neuron,input,right
7040,720575940627023229,T4c,T4 Neuron,input,left
7041,720575940627024069,T4d,T4 Neuron,input,right
7042,720575940627024698,T5c,T5 Neuron,input,right
7043,720575940627025930,T4c,T4 Neuron,input,left
7044,720575940627027731,T4b,T4 Neuron,input,right
7045,720575940627027733,T4c,T4 Neuron,input,right
7046,720575940627032197,T5a,T5 Neuron,input,right
7047,720575940627032842,T5c,T5 Neuron,input,left
7048,720575940627033354,T4d,T4 Neuron,input,left
7049,720575940627034882,T4b,T4 Neuron,input,left
7050,720575940627036170,T5b,T5 Neuron,input,left
7051,720575940627036426,T5b,T5 Neuron,input,left
7052,720575940627038010,T5d,T5 Neuron,input,right
7053,720575940627039242,T5a,T5 Neuron,input,right
7054,720575940627040266,T4b,T4 Neuron,input,left
7055,720575940627042314,T4c,T4 Neuron,input,left
7056,720575940627043736,T5a,T5 Neuron,input,right
7057,720575940627043859,T5b,T5 Neuron,input,right
7058,720575940627049624,T5d,T5 Neuron,input,left
7059,720575940627056113,T5c,T5 Neuron,input,left
7060,720575940627056202,T4c,T4 Neuron,input,left
7061,720575940627058186,T5b,T5 Neuron,input,right
7062,720575940627061002,T4b,T4 Neuron,input,left
7063,720575940627062274,T5d,T5 Neuron,input,right
7064,720575940627062291,T5b,T5 Neuron,input,right
7065,720575940627063326,T5b,T5 Neuron,input,right
7066,720575940627066364,T4a,T4 Neuron,input,right
7067,720575940627068568,T5c,T5 Neuron,input,left
7068,720575940627070308,T5d,T5 Neuron,input,left
7069,720575940627072586,T5a,T5 Neuron,input,left
7070,720575940627074429,T5a,T5 Neuron,input,left
7071,720575940627075721,T5a,T5 Neuron,input,right
7072,720575940627078489,T5a,T5 Neuron,input,left
7073,720575940627078730,T5d,T5 Neuron,input,left
7074,720575940627079257,T4d,T4 Neuron,input,left
7075,720575940627082633,T4c,T4 Neuron,input,right
7076,720575940627086681,T5d,T5 Neuron,input,right
7077,720575940627087418,T5d,T5 Neuron,input,left
7078,720575940627087930,T5b,T5 Neuron,input,right
7079,720575940627090002,T5b,T5 Neuron,input,right
7080,720575940627090265,T4d,T4 Neuron,input,left
7081,720575940627091593,T5c,T5 Neuron,input,right
7082,720575940627093050,T5c,T5 Neuron,input,left
7083,720575940627094346,T4d,T4 Neuron,input,right
7084,720575940627097118,T5d,T5 Neuron,input,right
7085,720575940627098634,T5b,T5 Neuron,input,left
7086,720575940627100170,T5d,T5 Neuron,input,right
7087,720575940627100362,T4d,T4 Neuron,input,left
7088,720575940627100618,T4c,T4 Neuron,input,right
7089,720575940627102802,T4c,T4 Neuron,input,right
7090,720575940627103588,T4b,T4 Neuron,input,right
7091,720575940627107134,T5d,T5 Neuron,input,right
7092,720575940627108874,T5d,T5 Neuron,input,right
7093,720575940627110226,T4c,T4 Neuron,input,right
7094,720575940627110385,T4c,T4 Neuron,input,right
7095,720575940627110531,T5b,T5 Neuron,input,left
7096,720575940627111250,T4d,T4 Neuron,input,right
7097,720575940627113994,T4c,T4 Neuron,input,right
7098,720575940627114904,T4d,T4 Neuron,input,left
7099,720575940627115038,T4c,T4 Neuron,input,right
7100,720575940627115858,T5c,T5 Neuron,input,right
7101,720575940627116042,T4d,T4 Neuron,input,right
7102,720575940627116298,T4c,T4 Neuron,input,right
7103,720575940627119237,T5d,T5 Neuron,input,left
7104,720575940627119390,T4c,T4 Neuron,input,left
7105,720575940627122718,T5c,T5 Neuron,input,right
7106,720575940627124746,T5b,T5 Neuron,input,right
7107,720575940627127129,T4c,T4 Neuron,input,left
7108,720575940627130442,T4c,T4 Neuron,input,right
7109,720575940627131910,T4c,T4 Neuron,input,right
7110,720575940627133457,T5a,T5 Neuron,input,right
7111,720575940627134010,T5b,T5 Neuron,input,right
7112,720575940627135625,T5d,T5 Neuron,input,right
7113,720575940627138137,T5d,T5 Neuron,input,left
7114,720575940627139410,T5b,T5 Neuron,input,right
7115,720575940627141306,T5d,T5 Neuron,input,left
7116,720575940627141946,T5b,T5 Neuron,input,right
7117,720575940627145861,T5c,T5 Neuron,input,left
7118,720575940627147052,T4a,T4 Neuron,input,right
7119,720575940627147308,T4b,T4 Neuron,input,right
7120,720575940627149322,T5d,T5 Neuron,input,right
7121,720575940627149834,T4a,T4 Neuron,input,right
7122,720575940627150650,T5b,T5 Neuron,input,right
7123,720575940627150985,T4b,T4 Neuron,input,right
7124,720575940627152442,T5d,T5 Neuron,input,right
7125,720575940627153939,T5a,T5 Neuron,input,right
7126,720575940627154313,T4b,T4 Neuron,input,right
7127,720575940627155953,T4b,T4 Neuron,input,left
7128,720575940627157745,T4d,T4 Neuron,input,right
7129,720575940627158289,T5d,T5 Neuron,input,right
7130,720575940627159070,T5d,T5 Neuron,input,left
7131,720575940627159429,T5a,T5 Neuron,input,right
7132,720575940627159685,T5a,T5 Neuron,input,right
7133,720575940627160709,T4a,T4 Neuron,input,right
7134,720575940627161884,T5a,T5 Neuron,input,left
7135,720575940627164746,T5c,T5 Neuron,input,left
7136,720575940627166024,T4a,T4 Neuron,input,left
7137,720575940627166730,T5a,T5 Neuron,input,right
7138,720575940627170250,T5c,T5 Neuron,input,right
7139,720575940627170437,T4a,T4 Neuron,input,right
7140,720575940627173263,T5c,T5 Neuron,input,right
7141,720575940627175623,T4c,T4 Neuron,input,left
7142,720575940627175754,T4a,T4 Neuron,input,left
7143,720575940627177605,T5c,T5 Neuron,input,left
7144,720575940627179401,T4c,T4 Neuron,input,right
7145,720575940627179539,T4c,T4 Neuron,input,right
7146,720575940627179913,T5d,T5 Neuron,input,left
7147,720575940627184394,T5b,T5 Neuron,input,left
7148,720575940627186569,T5b,T5 Neuron,input,left
7149,720575940627187475,T5a,T5 Neuron,input,left
7150,720575940627188241,T4d,T4 Neuron,input,right
7151,720575940627191171,T5a,T5 Neuron,input,left
7152,720575940627191823,T5c,T5 Neuron,input,right
7153,720575940627192842,T5a,T5 Neuron,input,left
7154,720575940627193406,T4a,T4 Neuron,input,left
7155,720575940627193481,T4c,T4 Neuron,input,right
7156,720575940627200812,T4a,T4 Neuron,input,right
7157,720575940627201929,T4a,T4 Neuron,input,right
7158,720575940627203977,T5a,T5 Neuron,input,right
7159,720575940627208647,T5d,T5 Neuron,input,left
7160,720575940627211353,T4d,T4 Neuron,input,right
7161,720575940627211786,T5c,T5 Neuron,input,left
7162,720575940627212388,T4d,T4 Neuron,input,left
7163,720575940627212618,T5b,T5 Neuron,input,right
7164,720575940627214504,T4a,T4 Neuron,input,right
7165,720575940627214666,T4b,T4 Neuron,input,left
7166,720575940627215377,T5c,T5 Neuron,input,right
7167,720575940627215449,T5c,T5 Neuron,input,left
7168,720575940627216259,T4c,T4 Neuron,input,right
7169,720575940627217832,T4a,T4 Neuron,input,left
7170,720575940627218963,T4b,T4 Neuron,input,left
7171,720575940627223634,T4c,T4 Neuron,input,right
7172,720575940627228754,T4b,T4 Neuron,input,left
7173,720575940627229059,T4c,T4 Neuron,input,left
7174,720575940627230750,T4d,T4 Neuron,input,right
7175,720575940627231006,T5d,T5 Neuron,input,right
7176,720575940627231262,T5c,T5 Neuron,input,right
7177,720575940627231498,T5a,T5 Neuron,input,right
7178,720575940627231896,T4c,T4 Neuron,input,left
7179,720575940627232286,T4b,T4 Neuron,input,right
7180,720575940627238430,T5d,T5 Neuron,input,left
7181,720575940627245075,T5a,T5 Neuron,input,left
7182,720575940627245693,T4c,T4 Neuron,input,left
7183,720575940627247620,T4b,T4 Neuron,input,right
7184,720575940627248280,T5d,T5 Neuron,input,left
7185,720575940627250436,T5a,T5 Neuron,input,right
7186,720575940627251864,T5c,T5 Neuron,input,left
7187,720575940627254020,T5d,T5 Neuron,input,right
7188,720575940627254532,T5b,T5 Neuron,input,right
7189,720575940627254842,T5b,T5 Neuron,input,right
7190,720575940627254873,T5d,T5 Neuron,input,left
7191,720575940627255818,T5c,T5 Neuron,input,right
7192,720575940627256634,T5c,T5 Neuron,input,right
7193,720575940627259155,T4c,T4 Neuron,input,right
7194,720575940627259525,T4b,T4 Neuron,input,left
7195,720575940627259665,T5a,T5 Neuron,input,left
7196,720575940627262089,T5a,T5 Neuron,input,left
7197,720575940627262440,T5b,T5 Neuron,input,right
7198,720575940627262739,T5c,T5 Neuron,input,left
7199,720575940627263400,T4d,T4 Neuron,input,right
7200,720575940627263763,T5c,T5 Neuron,input,left
7201,720575940627264168,T5c,T5 Neuron,input,right
7202,720575940627266054,T4a,T4 Neuron,input,right
7203,720575940627266566,T5d,T5 Neuron,input,right
7204,720575940627266822,T4b,T4 Neuron,input,right
7205,720575940627268113,T5a,T5 Neuron,input,left
7206,720575940627274345,T5d,T5 Neuron,input,right
7207,720575940627277587,T5c,T5 Neuron,input,left
7208,720575940627277854,T4d,T4 Neuron,input,left
7209,720575940627285381,T5c,T5 Neuron,input,left
7210,720575940627286012,T5d,T5 Neuron,input,left
7211,720575940627286153,T4a,T4 Neuron,input,right
7212,720575940627288580,T4c,T4 Neuron,input,right
7213,720575940627288851,T4b,T4 Neuron,input,left
7214,720575940627289109,T5a,T5 Neuron,input,right
7215,720575940627291962,T5a,T5 Neuron,input,left
7216,720575940627295242,T5b,T5 Neuron,input,left
7217,720575940627295896,T5c,T5 Neuron,input,right
7218,720575940627296168,T4b,T4 Neuron,input,left
7219,720575940627297106,T5d,T5 Neuron,input,left
7220,720575940627301209,T4d,T4 Neuron,input,left
7221,720575940627302745,T4a,T4 Neuron,input,left
7222,720575940627304573,T4a,T4 Neuron,input,left
7223,720575940627304762,T4d,T4 Neuron,input,left
7224,720575940627306261,T4c,T4 Neuron,input,right
7225,720575940627309929,T4b,T4 Neuron,input,left
7226,720575940627310425,T4a,T4 Neuron,input,left
7227,720575940627312456,T5b,T5 Neuron,input,right
7228,720575940627312536,T4b,T4 Neuron,input,left
7229,720575940627312650,T4c,T4 Neuron,input,left
7230,720575940627314234,T5b,T5 Neuron,input,left
7231,720575940627314238,T5d,T5 Neuron,input,left
7232,720575940627316026,T5a,T5 Neuron,input,left
7233,720575940627317097,T4a,T4 Neuron,input,left
7234,720575940627319562,T4a,T4 Neuron,input,left
7235,720575940627322128,T5c,T5 Neuron,input,left
7236,720575940627323157,T5b,T5 Neuron,input,right
7237,720575940627326825,T4a,T4 Neuron,input,right
7238,720575940627327034,T4c,T4 Neuron,input,right
7239,720575940627328873,T5b,T5 Neuron,input,left
7240,720575940627329149,T4b,T4 Neuron,input,left
7241,720575940627329385,T4c,T4 Neuron,input,left
7242,720575940627330063,T5a,T5 Neuron,input,right
7243,720575940627330319,T5c,T5 Neuron,input,right
7244,720575940627331856,T5a,T5 Neuron,input,right
7245,720575940627331870,T4c,T4 Neuron,input,right
7246,720575940627332233,T5b,T5 Neuron,input,left
7247,720575940627332457,T4c,T4 Neuron,input,left
7248,720575940627333139,T4b,T4 Neuron,input,left
7249,720575940627333202,T4a,T4 Neuron,input,left
7250,720575940627334500,T4d,T4 Neuron,input,right
7251,720575940627335576,T5b,T5 Neuron,input,left
7252,720575940627339285,T4b,T4 Neuron,input,left
7253,720575940627343997,T4d,T4 Neuron,input,right
7254,720575940627344729,T5d,T5 Neuron,input,left
7255,720575940627346186,T4a,T4 Neuron,input,right
7256,720575940627348841,T5b,T5 Neuron,input,right
7257,720575940627348861,T4d,T4 Neuron,input,left
7258,720575940627350661,T4b,T4 Neuron,input,left
7259,720575940627351897,T5b,T5 Neuron,input,left
7260,720575940627354374,T4b,T4 Neuron,input,left
7261,720575940627354696,T5a,T5 Neuron,input,right
7262,720575940627357080,T5b,T5 Neuron,input,left
7263,720575940627364623,T5a,T5 Neuron,input,right
7264,720575940627369237,T5d,T5 Neuron,input,right
7265,720575940627370664,T5a,T5 Neuron,input,right
7266,720575940627372565,T5b,T5 Neuron,input,right
7267,720575940627375106,T4a,T4 Neuron,input,right
7268,720575940627378965,T5b,T5 Neuron,input,right
7269,720575940627379219,T4d,T4 Neuron,input,left
7270,720575940627384582,T4b,T4 Neuron,input,left
7271,720575940627385256,T5c,T5 Neuron,input,right
7272,720575940627385877,T4a,T4 Neuron,input,right
7273,720575940627386874,T5a,T5 Neuron,input,left
7274,720575940627387273,T5c,T5 Neuron,input,left
7275,720575940627390227,T4b,T4 Neuron,input,left
7276,720575940627393129,T5c,T5 Neuron,input,right
7277,720575940627395868,T4b,T4 Neuron,input,left
7278,720575940627396881,T4d,T4 Neuron,input,right
7279,720575940627397507,T5d,T5 Neuron,input,right
7280,720575940627397662,T4a,T4 Neuron,input,left
7281,720575940627398675,T4b,T4 Neuron,input,right
7282,720575940627399445,T4d,T4 Neuron,input,right
7283,720575940627404554,T4d,T4 Neuron,input,left
7284,720575940627404810,T5b,T5 Neuron,input,left
7285,720575940627405322,T5b,T5 Neuron,input,left
7286,720575940627407125,T5d,T5 Neuron,input,right
7287,720575940627407229,T4d,T4 Neuron,input,left
7288,720575940627407887,T4b,T4 Neuron,input,right
7289,720575940627408773,T4d,T4 Neuron,input,left
7290,720575940627409490,T5d,T5 Neuron,input,right
7291,720575940627409680,T5a,T5 Neuron,input,left
7292,720575940627410793,T4c,T4 Neuron,input,right
7293,720575940627411593,T5a,T5 Neuron,input,left
7294,720575940627414184,T4d,T4 Neuron,input,right
7295,720575940627415976,T5b,T5 Neuron,input,right
7296,720575940627418133,T5c,T5 Neuron,input,right
7297,720575940627418184,T5d,T5 Neuron,input,right
7298,720575940627420162,T4d,T4 Neuron,input,right
7299,720575940627420181,T5c,T5 Neuron,input,right
7300,720575940627420303,T5a,T5 Neuron,input,right
7301,720575940627423621,T5c,T5 Neuron,input,left
7302,720575940627423759,T4d,T4 Neuron,input,right
7303,720575940627424424,T5d,T5 Neuron,input,right
7304,720575940627424531,T5a,T5 Neuron,input,left
7305,720575940627426362,T5b,T5 Neuron,input,right
7306,720575940627427600,T4d,T4 Neuron,input,left
7307,720575940627428248,T4a,T4 Neuron,input,left
7308,720575940627431940,T5b,T5 Neuron,input,right
7309,720575940627435786,T4c,T4 Neuron,input,left
7310,720575940627435791,T4d,T4 Neuron,input,right
7311,720575940627437075,T4b,T4 Neuron,input,left
7312,720575940627437765,T5c,T5 Neuron,input,right
7313,720575940627438086,T5a,T5 Neuron,input,left
7314,720575940627438346,T4b,T4 Neuron,input,left
7315,720575940627442831,T4c,T4 Neuron,input,right
7316,720575940627443728,T4d,T4 Neuron,input,right
7317,720575940627446549,T4c,T4 Neuron,input,right
7318,720575940627448122,T4b,T4 Neuron,input,right
7319,720575940627448904,T5d,T5 Neuron,input,right
7320,720575940627449340,T5a,T5 Neuron,input,right
7321,720575940627453692,T5d,T5 Neuron,input,right
7322,720575940627453995,T4c,T4 Neuron,input,right
7323,720575940627454407,T4c,T4 Neuron,input,right
7324,720575940627455560,T5c,T5 Neuron,input,right
7325,720575940627456529,T5d,T5 Neuron,input,right
7326,720575940627456811,T4b,T4 Neuron,input,right
7327,720575940627461905,T5c,T5 Neuron,input,right
7328,720575940627464220,T5a,T5 Neuron,input,right
7329,720575940627466748,T5d,T5 Neuron,input,right
7330,720575940627467516,T5a,T5 Neuron,input,right
7331,720575940627469564,T4b,T4 Neuron,input,right
7332,720575940627470760,T4d,T4 Neuron,input,left
7333,720575940627470867,T5d,T5 Neuron,input,right
7334,720575940627471016,T5a,T5 Neuron,input,left
7335,720575940627471356,T5d,T5 Neuron,input,right
7336,720575940627471379,T5b,T5 Neuron,input,left
7337,720575940627471503,T5a,T5 Neuron,input,right
7338,720575940627471633,T4d,T4 Neuron,input,right
7339,720575940627473683,T4d,T4 Neuron,input,right
7340,720575940627476742,T4d,T4 Neuron,input,right
7341,720575940627478147,T4c,T4 Neuron,input,right
7342,720575940627478760,T5a,T5 Neuron,input,right
7343,720575940627479016,T4b,T4 Neuron,input,right
7344,720575940627479326,T4d,T4 Neuron,input,right
7345,720575940627479825,T5a,T5 Neuron,input,right
7346,720575940627480472,T4d,T4 Neuron,input,left
7347,720575940627480842,T5c,T5 Neuron,input,left
7348,720575940627483335,T5a,T5 Neuron,input,right
7349,720575940627484041,T5b,T5 Neuron,input,right
7350,720575940627485242,T4c,T4 Neuron,input,left
7351,720575940627486601,T5b,T5 Neuron,input,left
7352,720575940627486778,T5c,T5 Neuron,input,left
7353,720575940627488893,T4d,T4 Neuron,input,left
7354,720575940627490703,T4c,T4 Neuron,input,left
7355,720575940627504456,T5d,T5 Neuron,input,left
7356,720575940627504536,T4d,T4 Neuron,input,left
7357,720575940627504698,T5a,T5 Neuron,input,left
7358,720575940627505277,T4a,T4 Neuron,input,right
7359,720575940627510544,T4c,T4 Neuron,input,left
7360,720575940627510866,T4b,T4 Neuron,input,left
7361,720575940627511528,T4d,T4 Neuron,input,right
7362,720575940627511568,T5d,T5 Neuron,input,right
7363,720575940627513107,T5b,T5 Neuron,input,left
7364,720575940627518269,T5d,T5 Neuron,input,right
7365,720575940627518468,T4b,T4 Neuron,input,right
7366,720575940627521597,T5b,T5 Neuron,input,right
7367,720575940627521679,T5d,T5 Neuron,input,right
7368,720575940627523527,T5b,T5 Neuron,input,right
7369,720575940627525181,T5a,T5 Neuron,input,right
7370,720575940627528689,T4d,T4 Neuron,input,left
7371,720575940627530045,T5b,T5 Neuron,input,right
7372,720575940627530756,T5d,T5 Neuron,input,left
7373,720575940627530834,T4a,T4 Neuron,input,left
7374,720575940627531651,T5b,T5 Neuron,input,left
7375,720575940627534211,T5c,T5 Neuron,input,left
7376,720575940627534613,T4a,T4 Neuron,input,right
7377,720575940627535047,T5a,T5 Neuron,input,right
7378,720575940627537064,T5d,T5 Neuron,input,right
7379,720575940627538600,T5c,T5 Neuron,input,right
7380,720575940627539204,T5a,T5 Neuron,input,left
7381,720575940627541400,T4d,T4 Neuron,input,right
7382,720575940627541480,T4a,T4 Neuron,input,right
7383,720575940627541736,T4b,T4 Neuron,input,right
7384,720575940627547667,T4d,T4 Neuron,input,left
7385,720575940627550120,T5b,T5 Neuron,input,right
7386,720575940627551621,T4a,T4 Neuron,input,left
7387,720575940627554953,T5c,T5 Neuron,input,left
7388,720575940627556651,T5b,T5 Neuron,input,left
7389,720575940627558537,T4d,T4 Neuron,input,left
7390,720575940627561290,T4a,T4 Neuron,input,right
7391,720575940627561605,T5d,T5 Neuron,input,left
7392,720575940627562250,T4c,T4 Neuron,input,right
7393,720575940627562920,T5a,T5 Neuron,input,right
7394,720575940627563087,T5d,T5 Neuron,input,left
7395,720575940627566930,T5a,T5 Neuron,input,left
7396,720575940627568259,T5c,T5 Neuron,input,left
7397,720575940627571773,T5d,T5 Neuron,input,right
7398,720575940627572815,T4a,T4 Neuron,input,left
7399,720575940627573035,T5a,T5 Neuron,input,right
7400,720575940627576125,T5a,T5 Neuron,input,right
7401,720575940627576381,T5c,T5 Neuron,input,right
7402,720575940627578938,T4b,T4 Neuron,input,left
7403,720575940627579934,T5d,T5 Neuron,input,right
7404,720575940627580691,T5d,T5 Neuron,input,left
7405,720575940627582525,T4d,T4 Neuron,input,right
7406,720575940627584787,T5b,T5 Neuron,input,right
7407,720575940627588178,T4c,T4 Neuron,input,left
7408,720575940627589288,T5c,T5 Neuron,input,right
7409,720575940627592088,T4b,T4 Neuron,input,left
7410,720575940627595012,T4d,T4 Neuron,input,right
7411,720575940627598852,T4a,T4 Neuron,input,right
7412,720575940627607829,T5c,T5 Neuron,input,left
7413,720575940627611208,T5a,T5 Neuron,input,left
7414,720575940627612824,T4b,T4 Neuron,input,left
7415,720575940627614341,T5b,T5 Neuron,input,left
7416,720575940627616277,T4b,T4 Neuron,input,left
7417,720575940627621395,T5a,T5 Neuron,input,left
7418,720575940627621909,T5a,T5 Neuron,input,right
7419,720575940627622673,T5b,T5 Neuron,input,left
7420,720575940627624977,T4d,T4 Neuron,input,left
7421,720575940627627657,T4d,T4 Neuron,input,left
7422,720575940627629585,T5c,T5 Neuron,input,left
7423,720575940627632138,T5a,T5 Neuron,input,left
7424,720575940627633736,T4d,T4 Neuron,input,left
7425,720575940627633992,T5c,T5 Neuron,input,left
7426,720575940627635972,T5b,T5 Neuron,input,right
7427,720575940627636296,T5d,T5 Neuron,input,left
7428,720575940627638917,T4d,T4 Neuron,input,left
7429,720575940627641416,T5d,T5 Neuron,input,left
7430,720575940627642645,T4b,T4 Neuron,input,right
7431,720575940627642757,T4d,T4 Neuron,input,left
7432,720575940627644693,T5d,T5 Neuron,input,left
7433,720575940627645461,T4b,T4 Neuron,input,left
7434,720575940627645973,T4a,T4 Neuron,input,right
7435,720575940627648847,T5a,T5 Neuron,input,right
7436,720575940627651093,T5c,T5 Neuron,input,left
7437,720575940627652629,T4c,T4 Neuron,input,left
7438,720575940627657749,T4c,T4 Neuron,input,right
7439,720575940627657853,T4d,T4 Neuron,input,left
7440,720575940627657969,T4c,T4 Neuron,input,left
7441,720575940627658795,T5a,T5 Neuron,input,left
7442,720575940627661640,T5b,T5 Neuron,input,right
7443,720575940627664719,T5c,T5 Neuron,input,left
7444,720575940627664773,T4c,T4 Neuron,input,left
7445,720575940627665304,T5c,T5 Neuron,input,left
7446,720575940627666709,T5a,T5 Neuron,input,left
7447,720575940627668245,T5a,T5 Neuron,input,left
7448,720575940627671061,T4d,T4 Neuron,input,right
7449,720575940627671122,T4b,T4 Neuron,input,left
7450,720575940627672074,T4b,T4 Neuron,input,left
7451,720575940627674255,T5a,T5 Neuron,input,left
7452,720575940627676934,T5a,T5 Neuron,input,right
7453,720575940627676945,T4a,T4 Neuron,input,left
7454,720575940627681103,T5c,T5 Neuron,input,right
7455,720575940627682069,T4b,T4 Neuron,input,left
7456,720575940627682556,T5c,T5 Neuron,input,right
7457,720575940627682577,T5d,T5 Neuron,input,right
7458,720575940627683727,T5d,T5 Neuron,input,left
7459,720575940627685419,T5c,T5 Neuron,input,right
7460,720575940627693114,T4d,T4 Neuron,input,left
7461,720575940627694595,T4b,T4 Neuron,input,left
7462,720575940627696978,T5d,T5 Neuron,input,left
7463,720575940627698947,T4d,T4 Neuron,input,right
7464,720575940627700818,T5c,T5 Neuron,input,left
7465,720575940627702012,T4d,T4 Neuron,input,right
7466,720575940627702534,T4c,T4 Neuron,input,right
7467,720575940627704197,T4c,T4 Neuron,input,left
7468,720575940627704719,T5a,T5 Neuron,input,left
7469,720575940627705426,T5a,T5 Neuron,input,left
7470,720575940627705603,T5a,T5 Neuron,input,right
7471,720575940627705621,T5c,T5 Neuron,input,right
7472,720575940627705875,T5b,T5 Neuron,input,left
7473,720575940627706122,T5c,T5 Neuron,input,left
7474,720575940627708744,T4a,T4 Neuron,input,left
7475,720575940627709672,T4d,T4 Neuron,input,right
7476,720575940627712584,T4d,T4 Neuron,input,left
7477,720575940627714570,T5b,T5 Neuron,input,left
7478,720575940627715717,T5a,T5 Neuron,input,left
7479,720575940627715973,T5c,T5 Neuron,input,left
7480,720575940627717288,T4d,T4 Neuron,input,right
7481,720575940627718984,T5a,T5 Neuron,input,left
7482,720575940627719496,T5d,T5 Neuron,input,left
7483,720575940627719752,T5c,T5 Neuron,input,left
7484,720575940627722568,T4c,T4 Neuron,input,left
7485,720575940627723645,T5b,T5 Neuron,input,left
7486,720575940627724456,T4c,T4 Neuron,input,right
7487,720575940627724968,T5a,T5 Neuron,input,left
7488,720575940627725224,T5a,T5 Neuron,input,left
7489,720575940627726312,T4b,T4 Neuron,input,left
7490,720575940627727016,T5b,T5 Neuron,input,right
7491,720575940627727134,T4a,T4 Neuron,input,right
7492,720575940627730793,T4a,T4 Neuron,input,right
7493,720575940627731112,T4b,T4 Neuron,input,right
7494,720575940627732904,T4c,T4 Neuron,input,right
7495,720575940627733125,T5d,T5 Neuron,input,left
7496,720575940627736326,T4b,T4 Neuron,input,right
7497,720575940627741754,T5b,T5 Neuron,input,left
7498,720575940627743144,T4b,T4 Neuron,input,left
7499,720575940627745385,T4c,T4 Neuron,input,left
7500,720575940627746069,T4c,T4 Neuron,input,right
7501,720575940627746323,T4c,T4 Neuron,input,left
7502,720575940627747144,T4d,T4 Neuron,input,right
7503,720575940627749116,T5d,T5 Neuron,input,left
7504,720575940627749531,T4d,T4 Neuron,input,left
7505,720575940627750472,T5a,T5 Neuron,input,left
7506,720575940627750555,T5c,T5 Neuron,input,left
7507,720575940627752616,T4c,T4 Neuron,input,left
7508,720575940627753128,T5a,T5 Neuron,input,left
7509,720575940627753810,T4c,T4 Neuron,input,right
7510,720575940627756968,T4d,T4 Neuron,input,right
7511,720575940627757800,T5b,T5 Neuron,input,right
7512,720575940627758340,T4d,T4 Neuron,input,left
7513,720575940627758858,T4a,T4 Neuron,input,left
7514,720575940627760015,T5d,T5 Neuron,input,left
7515,720575940627760394,T4d,T4 Neuron,input,left
7516,720575940627760906,T4a,T4 Neuron,input,left
7517,720575940627762179,T4b,T4 Neuron,input,right
7518,720575940627763855,T5d,T5 Neuron,input,right
7519,720575940627766268,T4d,T4 Neuron,input,right
7520,720575940627768775,T5a,T5 Neuron,input,right
7521,720575940627770344,T5d,T5 Neuron,input,right
7522,720575940627772037,T4a,T4 Neuron,input,right
7523,720575940627772815,T4c,T4 Neuron,input,right
7524,720575940627773071,T5b,T5 Neuron,input,left
7525,720575940627773416,T5b,T5 Neuron,input,right
7526,720575940627776143,T4d,T4 Neuron,input,right
7527,720575940627777129,T4c,T4 Neuron,input,left
7528,720575940627778300,T5c,T5 Neuron,input,right
7529,720575940627778703,T5d,T5 Neuron,input,left
7530,720575940627780629,T4a,T4 Neuron,input,left
7531,720575940627781690,T4d,T4 Neuron,input,left
7532,720575940627786517,T5b,T5 Neuron,input,left
7533,720575940627790076,T5b,T5 Neuron,input,right
7534,720575940627792327,T4c,T4 Neuron,input,left
7535,720575940627793064,T5a,T5 Neuron,input,left
7536,720575940627797992,T5c,T5 Neuron,input,right
7537,720575940627798037,T5c,T5 Neuron,input,right
7538,720575940627798184,T4a,T4 Neuron,input,left
7539,720575940627798570,T5a,T5 Neuron,input,left
7540,720575940627798805,T4b,T4 Neuron,input,left
7541,720575940627799317,T5a,T5 Neuron,input,left
7542,720575940627800007,T4d,T4 Neuron,input,left
7543,720575940627801928,T4b,T4 Neuron,input,left
7544,720575940627806480,T4a,T4 Neuron,input,right
7545,720575940627810386,T4c,T4 Neuron,input,left
7546,720575940627810759,T5c,T5 Neuron,input,right
7547,720575940627811132,T4a,T4 Neuron,input,right
7548,720575940627814163,T5b,T5 Neuron,input,right
7549,720575940627814410,T5b,T5 Neuron,input,right
7550,720575940627817948,T5c,T5 Neuron,input,right
7551,720575940627818121,T4a,T4 Neuron,input,left
7552,720575940627819931,T5d,T5 Neuron,input,right
7553,720575940627820304,T5c,T5 Neuron,input,left
7554,720575940627820443,T5c,T5 Neuron,input,right
7555,720575940627821060,T4b,T4 Neuron,input,left
7556,720575940627821255,T5c,T5 Neuron,input,right
7557,720575940627823753,T5c,T5 Neuron,input,right
7558,720575940627825051,T4c,T4 Neuron,input,right
7559,720575940627828241,T4d,T4 Neuron,input,right
7560,720575940627834088,T5a,T5 Neuron,input,right
7561,720575940627834311,T4c,T4 Neuron,input,right
7562,720575940627834511,T5d,T5 Neuron,input,right
7563,720575940627837256,T4a,T4 Neuron,input,left
7564,720575940627839656,T4a,T4 Neuron,input,right
7565,720575940627842792,T5b,T5 Neuron,input,right
7566,720575940627844117,T5a,T5 Neuron,input,left
7567,720575940627847428,T4b,T4 Neuron,input,right
7568,720575940627850855,T5b,T5 Neuron,input,left
7569,720575940627851336,T4a,T4 Neuron,input,left
7570,720575940627852360,T4a,T4 Neuron,input,left
7571,720575940627853882,T4d,T4 Neuron,input,left
7572,720575940627859655,T5b,T5 Neuron,input,right
7573,720575940627861521,T5a,T5 Neuron,input,right
7574,720575940627862415,T5d,T5 Neuron,input,right
7575,720575940627862545,T5a,T5 Neuron,input,right
7576,720575940627863399,T5c,T5 Neuron,input,left
7577,720575940627864337,T4b,T4 Neuron,input,right
7578,720575940627866129,T4c,T4 Neuron,input,right
7579,720575940627866643,T5d,T5 Neuron,input,left
7580,720575940627868840,T5a,T5 Neuron,input,left
7581,720575940627870151,T4a,T4 Neuron,input,right
7582,720575940627871079,T4b,T4 Neuron,input,left
7583,720575940627873448,T4a,T4 Neuron,input,right
7584,720575940627878824,T4b,T4 Neuron,input,left
7585,720575940627887356,T4b,T4 Neuron,input,right
7586,720575940627887888,T5b,T5 Neuron,input,right
7587,720575940627889095,T5a,T5 Neuron,input,right
7588,720575940627896326,T5a,T5 Neuron,input,right
7589,720575940627901258,T5c,T5 Neuron,input,right
7590,720575940627902632,T5b,T5 Neuron,input,left
7591,720575940627903144,T5d,T5 Neuron,input,left
7592,720575940627903262,T5c,T5 Neuron,input,left
7593,720575940627906429,T5d,T5 Neuron,input,left
7594,720575940627907197,T5a,T5 Neuron,input,left
7595,720575940627907736,T4b,T4 Neuron,input,left
7596,720575940627908455,T5d,T5 Neuron,input,left
7597,720575940627909361,T5d,T5 Neuron,input,right
7598,720575940627909519,T4c,T4 Neuron,input,left
7599,720575940627913220,T5a,T5 Neuron,input,left
7600,720575940627916487,T5d,T5 Neuron,input,right
7601,720575940627916616,T5c,T5 Neuron,input,left
7602,720575940627917834,T4c,T4 Neuron,input,left
7603,720575940627922180,T4a,T4 Neuron,input,right
7604,720575940627923185,T4b,T4 Neuron,input,right
7605,720575940627930011,T4d,T4 Neuron,input,right
7606,720575940627932232,T4d,T4 Neuron,input,right
7607,720575940627933639,T5d,T5 Neuron,input,right
7608,720575940627943172,T5a,T5 Neuron,input,left
7609,720575940627945724,T5d,T5 Neuron,input,right
7610,720575940627946250,T5a,T5 Neuron,input,right
7611,720575940627948051,T5c,T5 Neuron,input,left
7612,720575940627951815,T5a,T5 Neuron,input,right
7613,720575940627953158,T5c,T5 Neuron,input,right
7614,720575940627953295,T5a,T5 Neuron,input,left
7615,720575940627958471,T4b,T4 Neuron,input,right
7616,720575940627958534,T5a,T5 Neuron,input,left
7617,720575940627958546,T4b,T4 Neuron,input,right
7618,720575940627960060,T5a,T5 Neuron,input,right
7619,720575940627963525,T4c,T4 Neuron,input,right
7620,720575940627965031,T5c,T5 Neuron,input,left
7621,720575940627971068,T4b,T4 Neuron,input,left
7622,720575940627974421,T4b,T4 Neuron,input,left
7623,720575940627976018,T5c,T5 Neuron,input,right
7624,720575940627977415,T5c,T5 Neuron,input,right
7625,720575940627978183,T4c,T4 Neuron,input,right
7626,720575940627979496,T4b,T4 Neuron,input,left
7627,720575940627980905,T5d,T5 Neuron,input,right
7628,720575940627985905,T5d,T5 Neuron,input,right
7629,720575940627985978,T5b,T5 Neuron,input,left
7630,720575940627987026,T4b,T4 Neuron,input,left
7631,720575940627987733,T5c,T5 Neuron,input,left
7632,720575940627988123,T4d,T4 Neuron,input,right
7633,720575940627992519,T5c,T5 Neuron,input,right
7634,720575940627994865,T5d,T5 Neuron,input,right
7635,720575940627996924,T5d,T5 Neuron,input,left
7636,720575940627997425,T5d,T5 Neuron,input,right
7637,720575940627998632,T5a,T5 Neuron,input,left
7638,720575940627999640,T4a,T4 Neuron,input,left
7639,720575940628000399,T4d,T4 Neuron,input,left
7640,720575940628004113,T4d,T4 Neuron,input,left
7641,720575940628006897,T5d,T5 Neuron,input,right
7642,720575940628007015,T5a,T5 Neuron,input,right
7643,720575940628008041,T5a,T5 Neuron,input,right
7644,720575940628011066,T5c,T5 Neuron,input,left
7645,720575940628011645,T5d,T5 Neuron,input,left
7646,720575940628013809,T5c,T5 Neuron,input,right
7647,720575940628016970,T5a,T5 Neuron,input,right
7648,720575940628017482,T4d,T4 Neuron,input,right
7649,720575940628019985,T4b,T4 Neuron,input,right
7650,720575940628026641,T4a,T4 Neuron,input,right
7651,720575940628027665,T4a,T4 Neuron,input,right
7652,720575940628027800,T4c,T4 Neuron,input,left
7653,720575940628028474,T4c,T4 Neuron,input,left
7654,720575940628028797,T4c,T4 Neuron,input,left
7655,720575940628029202,T5c,T5 Neuron,input,right
7656,720575940628029306,T5b,T5 Neuron,input,right
7657,720575940628030738,T4b,T4 Neuron,input,right
7658,720575940628030863,T5c,T5 Neuron,input,left
7659,720575940628031249,HSN,HS,processing,left
7660,720575940628031816,T4a,T4 Neuron,input,left
7661,720575940628033042,T4a,T4 Neuron,input,right
7662,720575940628033788,T4d,T4 Neuron,input,right
7663,720575940628035402,T5c,T5 Neuron,input,right
7664,720575940628035605,T4d,T4 Neuron,input,left
7665,720575940628037397,T5a,T5 Neuron,input,left
7666,720575940628043014,T4d,T4 Neuron,input,left
7667,720575940628046086,T5c,T5 Neuron,input,right
7668,720575940628046824,T4c,T4 Neuron,input,right
7669,720575940628047592,T5d,T5 Neuron,input,right
7670,720575940628052282,T4b,T4 Neuron,input,left
7671,720575940628056392,T4d,T4 Neuron,input,left
7672,720575940628057064,T4a,T4 Neuron,input,left
7673,720575940628060136,T4d,T4 Neuron,input,left
7674,720575940628061321,T5a,T5 Neuron,input,right
7675,720575940628063019,T5c,T5 Neuron,input,right
7676,720575940628071592,T5b,T5 Neuron,input,left
7677,720575940628074056,T5c,T5 Neuron,input,left
7678,720575940628076288,T5a,T5 Neuron,input,right
7679,720575940628077511,T4b,T4 Neuron,input,right
7680,720575940628078152,T4c,T4 Neuron,input,left
7681,720575940628080970,T4c,T4 Neuron,input,left
7682,720575940628081226,T4a,T4 Neuron,input,right
7683,720575940628081482,T5b,T5 Neuron,input,right
7684,720575940628081660,T5d,T5 Neuron,input,left
7685,720575940628081797,T5c,T5 Neuron,input,left
7686,720575940628082025,T4d,T4 Neuron,input,right
7687,720575940628083530,T5b,T5 Neuron,input,right
7688,720575940628088582,T4b,T4 Neuron,input,right
7689,720575940628090353,T5b,T5 Neuron,input,right
7690,720575940628095484,T5a,T5 Neuron,input,right
7691,720575940628097768,T4c,T4 Neuron,input,right
7692,720575940628099130,T4c,T4 Neuron,input,right
7693,720575940628099836,T5a,T5 Neuron,input,left
7694,720575940628102908,T4d,T4 Neuron,input,left
7695,720575940628104710,T5c,T5 Neuron,input,right
7696,720575940628105488,T4c,T4 Neuron,input,right
7697,720575940628105544,T5a,T5 Neuron,input,left
7698,720575940628105800,T4b,T4 Neuron,input,left
7699,720575940628107536,T5a,T5 Neuron,input,right
7700,720575940628110332,T4d,T4 Neuron,input,right
7701,720575940628110854,T4a,T4 Neuron,input,right
7702,720575940628112456,T4c,T4 Neuron,input,right
7703,720575940628118524,T5d,T5 Neuron,input,left
7704,720575940628121874,T4d,T4 Neuron,input,right
7705,720575940628122186,T4c,T4 Neuron,input,right
7706,720575940628126024,T4b,T4 Neuron,input,left
7707,720575940628126449,T4d,T4 Neuron,input,right
7708,720575940628128842,T4c,T4 Neuron,input,right
7709,720575940628133379,T4b,T4 Neuron,input,left
7710,720575940628135698,T4d,T4 Neuron,input,right
7711,720575940628137489,T4d,T4 Neuron,input,left
7712,720575940628142086,T4d,T4 Neuron,input,right
7713,720575940628144714,T5c,T5 Neuron,input,left
7714,720575940628152648,T4a,T4 Neuron,input,left
7715,720575940628153477,T4b,T4 Neuron,input,left
7716,720575940628165575,T4c,T4 Neuron,input,left
7717,720575940628169115,T4b,T4 Neuron,input,right
7718,720575940628169371,T4a,T4 Neuron,input,right
7719,720575940628169896,T4c,T4 Neuron,input,left
7720,720575940628170408,T5d,T5 Neuron,input,left
7721,720575940628175381,T4b,T4 Neuron,input,left
7722,720575940628177736,T4b,T4 Neuron,input,left
7723,720575940628178417,T4d,T4 Neuron,input,left
7724,720575940628180617,T4c,T4 Neuron,input,right
7725,720575940628180935,T5d,T5 Neuron,input,right
7726,720575940628182276,T4d,T4 Neuron,input,left
7727,720575940628182661,T4a,T4 Neuron,input,left
7728,720575940628187978,T5b,T5 Neuron,input,right
7729,720575940628189833,T4a,T4 Neuron,input,right
7730,720575940628191375,T5b,T5 Neuron,input,left
7731,720575940628195527,T4c,T4 Neuron,input,right
7732,720575940628198673,T4d,T4 Neuron,input,left
7733,720575940628198855,T4b,T4 Neuron,input,left
7734,720575940628200721,T4c,T4 Neuron,input,right
7735,720575940628202001,T4c,T4 Neuron,input,left
7736,720575940628205705,T5d,T5 Neuron,input,left
7737,720575940628210451,T4a,T4 Neuron,input,left
7738,720575940628211219,T4c,T4 Neuron,input,left
7739,720575940628213160,T4b,T4 Neuron,input,left
7740,720575940628213224,T4d,T4 Neuron,input,left
7741,720575940628216263,T4b,T4 Neuron,input,left
7742,720575940628216775,T4a,T4 Neuron,input,left
7743,720575940628220041,T4c,T4 Neuron,input,left
7744,720575940628223431,T5d,T5 Neuron,input,left
7745,720575940628223570,T4c,T4 Neuron,input,right
7746,720575940628227465,T4a,T4 Neuron,input,left
7747,720575940628233744,T4c,T4 Neuron,input,right
7748,720575940628234312,T5d,T5 Neuron,input,left
7749,720575940628235761,T5d,T5 Neuron,input,left
7750,720575940628236999,T4d,T4 Neuron,input,right
7751,720575940628237041,T5b,T5 Neuron,input,right
7752,720575940628241226,T5c,T5 Neuron,input,right
7753,720575940628241295,T4d,T4 Neuron,input,left
7754,720575940628241619,T5a,T5 Neuron,input,left
7755,720575940628243368,T4a,T4 Neuron,input,left
7756,720575940628253287,T5d,T5 Neuron,input,left
7757,720575940628258289,T4b,T4 Neuron,input,right
7758,720575940628259594,T4a,T4 Neuron,input,right
7759,720575940628259689,T5c,T5 Neuron,input,right
7760,720575940628260096,T4d,T4 Neuron,input,left
7761,720575940628261519,T4c,T4 Neuron,input,left
7762,720575940628262120,T4a,T4 Neuron,input,left
7763,720575940628263686,T5b,T5 Neuron,input,left
7764,720575940628265288,T4d,T4 Neuron,input,left
7765,720575940628265732,T5b,T5 Neuron,input,left
7766,720575940628266225,T4a,T4 Neuron,input,left
7767,720575940628266373,T5d,T5 Neuron,input,right
7768,720575940628268821,T5c,T5 Neuron,input,left
7769,720575940628270083,T5b,T5 Neuron,input,right
7770,720575940628275817,T5c,T5 Neuron,input,right
7771,720575940628277353,T5d,T5 Neuron,input,left
7772,720575940628278012,T5b,T5 Neuron,input,left
7773,720575940628282170,T5a,T5 Neuron,input,right
7774,720575940628291349,T4c,T4 Neuron,input,left
7775,720575940628294931,T4b,T4 Neuron,input,left
7776,720575940628295119,T5b,T5 Neuron,input,left
7777,720575940628296454,T4c,T4 Neuron,input,left
7778,720575940628299563,T5a,T5 Neuron,input,right
7779,720575940628299581,T5d,T5 Neuron,input,right
7780,720575940628301161,T5a,T5 Neuron,input,left
7781,720575940628303089,T5c,T5 Neuron,input,left
7782,720575940628303857,T4c,T4 Neuron,input,right
7783,720575940628304124,T5a,T5 Neuron,input,left
7784,720575940628304643,T5b,T5 Neuron,input,right
7785,720575940628310546,T4d,T4 Neuron,input,right
7786,720575940628312658,T4a,T4 Neuron,input,left
7787,720575940628315197,T5a,T5 Neuron,input,right
7788,720575940628316989,T5d,T5 Neuron,input,right
7789,720575940628319484,T5c,T5 Neuron,input,left
7790,720575940628320762,T4a,T4 Neuron,input,left
7791,720575940628323710,T4a,T4 Neuron,input,left
7792,720575940628323945,T4c,T4 Neuron,input,left
7793,720575940628324346,T5c,T5 Neuron,input,right
7794,720575940628327367,T5c,T5 Neuron,input,left
7795,720575940628330250,T4c,T4 Neuron,input,left
7796,720575940628334922,T5a,T5 Neuron,input,left
7797,720575940628337137,T5a,T5 Neuron,input,left
7798,720575940628339912,T5d,T5 Neuron,input,left
7799,720575940628340757,T5c,T5 Neuron,input,left
7800,720575940628347774,T4c,T4 Neuron,input,right
7801,720575940628349778,T4b,T4 Neuron,input,left
7802,720575940628351226,T5d,T5 Neuron,input,left
7803,720575940628351546,T5c,T5 Neuron,input,right
7804,720575940628351631,T5a,T5 Neuron,input,left
7805,720575940628354801,T4b,T4 Neuron,input,left
7806,720575940628357575,T5a,T5 Neuron,input,left
7807,720575940628358068,T4b,T4 Neuron,input,right
7808,720575940628361034,T5a,T5 Neuron,input,left
7809,720575940628362813,T5b,T5 Neuron,input,right
7810,720575940628363090,T5d,T5 Neuron,input,left
7811,720575940628364550,T4c,T4 Neuron,input,left
7812,720575940628364806,T4c,T4 Neuron,input,right
7813,720575940628365052,T4c,T4 Neuron,input,left
7814,720575940628369418,T4c,T4 Neuron,input,right
7815,720575940628376085,T5a,T5 Neuron,input,right
7816,720575940628376679,T5b,T5 Neuron,input,right
7817,720575940628377618,T4d,T4 Neuron,input,right
7818,720575940628381640,T5a,T5 Neuron,input,left
7819,720575940628382961,T5d,T5 Neuron,input,left
7820,720575940628385542,T4d,T4 Neuron,input,left
7821,720575940628398588,T4d,T4 Neuron,input,left
7822,720575940628402682,T4b,T4 Neuron,input,right
7823,720575940628403194,T5a,T5 Neuron,input,right
7824,720575940628403274,T5a,T5 Neuron,input,left
7825,720575940628405064,T4c,T4 Neuron,input,right
7826,720575940628406983,T5a,T5 Neuron,input,left
7827,720575940628407368,T4d,T4 Neuron,input,left
7828,720575940628409674,T4b,T4 Neuron,input,right
7829,720575940628415050,T5c,T5 Neuron,input,right
7830,720575940628418639,T4c,T4 Neuron,input,right
7831,720575940628420551,T4a,T4 Neuron,input,right
7832,720575940628420552,T5a,T5 Neuron,input,left
7833,720575940628421105,T5b,T5 Neuron,input,right
7834,720575940628426183,T4d,T4 Neuron,input,left
7835,720575940628426366,T4a,T4 Neuron,input,right
7836,720575940628430598,T4a,T4 Neuron,input,left
7837,720575940628431632,T5b,T5 Neuron,input,right
7838,720575940628433278,T4c,T4 Neuron,input,left
7839,720575940628434950,T5c,T5 Neuron,input,left
7840,720575940628439414,T4a,T4 Neuron,input,left
7841,720575940628443654,T4a,T4 Neuron,input,left
7842,720575940628445327,T5a,T5 Neuron,input,right
7843,720575940628449615,T4c,T4 Neuron,input,right
7844,720575940628452986,T4c,T4 Neuron,input,left
7845,720575940628453455,T4c,T4 Neuron,input,left
7846,720575940628453787,T4b,T4 Neuron,input,right
7847,720575940628455038,T4b,T4 Neuron,input,right
7848,720575940628456091,T4b,T4 Neuron,input,right
7849,720575940628456976,T4c,T4 Neuron,input,right
7850,720575940628459526,T4a,T4 Neuron,input,right
7851,720575940628459536,T5b,T5 Neuron,input,right
7852,720575940628463100,T4c,T4 Neuron,input,left
7853,720575940628463977,T4c,T4 Neuron,input,right
7854,720575940628467243,T5d,T5 Neuron,input,right
7855,720575940628467708,T4c,T4 Neuron,input,left
7856,720575940628468552,T4b,T4 Neuron,input,right
7857,720575940628477801,T4c,T4 Neuron,input,left
7858,720575940628482447,T5b,T5 Neuron,input,right
7859,720575940628483332,T4b,T4 Neuron,input,left
7860,720575940628484907,T5a,T5 Neuron,input,left
7861,720575940628488811,T4c,T4 Neuron,input,right
7862,720575940628489468,T4d,T4 Neuron,input,left
7863,720575940628489990,T5c,T5 Neuron,input,left
7864,720575940628490244,T4d,T4 Neuron,input,left
7865,720575940628491268,T5d,T5 Neuron,input,left
7866,720575940628494588,T5b,T5 Neuron,input,right
7867,720575940628499394,T4a,T4 Neuron,input,left
7868,720575940628502858,T5b,T5 Neuron,input,left
7869,720575940628505084,T4d,T4 Neuron,input,left
7870,720575940628505132,T5a,T5 Neuron,input,left
7871,720575940628513479,T4b,T4 Neuron,input,left
7872,720575940628513796,T5a,T5 Neuron,input,right
7873,720575940628514289,T4b,T4 Neuron,input,left
7874,720575940628514545,T5b,T5 Neuron,input,left
7875,720575940628515332,T5d,T5 Neuron,input,right
7876,720575940628516081,T4d,T4 Neuron,input,left
7877,720575940628516355,T4c,T4 Neuron,input,left
7878,720575940628516867,T5c,T5 Neuron,input,left
7879,720575940628519592,T4c,T4 Neuron,input,left
7880,720575940628523207,T4d,T4 Neuron,input,right
7881,720575940628525073,T4d,T4 Neuron,input,right
7882,720575940628525673,T4d,T4 Neuron,input,left
7883,720575940628532267,T5b,T5 Neuron,input,right
7884,720575940628533703,T5d,T5 Neuron,input,left
7885,720575940628538118,T4d,T4 Neuron,input,left
7886,720575940628539907,T5d,T5 Neuron,input,right
7887,720575940628541456,T5a,T5 Neuron,input,right
7888,720575940628545067,T4d,T4 Neuron,input,left
7889,720575940628546682,T4c,T4 Neuron,input,right
7890,720575940628548943,T5c,T5 Neuron,input,right
7891,720575940628549653,T5b,T5 Neuron,input,right
7892,720575940628549754,T4d,T4 Neuron,input,right
7893,720575940628550087,T4d,T4 Neuron,input,left
7894,720575940628552556,T4a,T4 Neuron,input,right
7895,720575940628555270,T4d,T4 Neuron,input,left
7896,720575940628558671,T5c,T5 Neuron,input,right
7897,720575940628559403,T4d,T4 Neuron,input,right
7898,720575940628561090,T4a,T4 Neuron,input,left
7899,720575940628561608,T5a,T5 Neuron,input,left
7900,720575940628563305,T5b,T5 Neuron,input,left
7901,720575940628564739,T5c,T5 Neuron,input,right
7902,720575940628568514,T5b,T5 Neuron,input,left
7903,720575940628569538,T5a,T5 Neuron,input,right
7904,720575940628573545,T5c,T5 Neuron,input,right
7905,720575940628574658,T4c,T4 Neuron,input,right
7906,720575940628576450,T5b,T5 Neuron,input,right
7907,720575940628576768,T4a,T4 Neuron,input,left
7908,720575940628577167,T5d,T5 Neuron,input,left
7909,720575940628584386,T4a,T4 Neuron,input,right
7910,720575940628585728,T4c,T4 Neuron,input,left
7911,720575940628585980,T4c,T4 Neuron,input,left
7912,720575940628585987,T4b,T4 Neuron,input,right
7913,720575940628588135,T5b,T5 Neuron,input,right
7914,720575940628591619,T4c,T4 Neuron,input,right
7915,720575940628593664,T5c,T5 Neuron,input,right
7916,720575940628594683,T4d,T4 Neuron,input,left
7917,720575940628599237,T5d,T5 Neuron,input,right
7918,720575940628604688,T5d,T5 Neuron,input,right
7919,720575940628605702,T4a,T4 Neuron,input,left
7920,720575940628608003,T5a,T5 Neuron,input,right
7921,720575940628609788,T4d,T4 Neuron,input,left
7922,720575940628610289,T4d,T4 Neuron,input,left
7923,720575940628613775,T4c,T4 Neuron,input,right
7924,720575940628614144,T4a,T4 Neuron,input,left
7925,720575940628617103,T4a,T4 Neuron,input,left
7926,720575940628618106,T5b,T5 Neuron,input,right
7927,720575940628620535,T4d,T4 Neuron,input,right
7928,720575940628620547,T4c,T4 Neuron,input,right
7929,720575940628621047,T4d,T4 Neuron,input,right
7930,720575940628623721,T5d,T5 Neuron,input,left
7931,720575940628624683,T5d,T5 Neuron,input,right
7932,720575940628630889,T4d,T4 Neuron,input,right
7933,720575940628632080,T4a,T4 Neuron,input,right
7934,720575940628637519,T4a,T4 Neuron,input,right
7935,720575940628638204,T4c,T4 Neuron,input,left
7936,720575940628640774,T4b,T4 Neuron,input,right
7937,720575940628643575,T5a,T5 Neuron,input,left
7938,720575940628646031,T5c,T5 Neuron,input,left
7939,720575940628649468,T4b,T4 Neuron,input,left
7940,720575940628649922,T5b,T5 Neuron,input,left
7941,720575940628651014,T4b,T4 Neuron,input,right
7942,720575940628651516,T5d,T5 Neuron,input,left
7943,720575940628653415,T5a,T5 Neuron,input,right
7944,720575940628656405,VST2,VS,processing,left
7945,720575940628656683,T5d,T5 Neuron,input,right
7946,720575940628657451,T5b,T5 Neuron,input,right
7947,720575940628657914,T4c,T4 Neuron,input,right
7948,720575940628659912,T5d,T5 Neuron,input,left
7949,720575940628663296,T5d,T5 Neuron,input,left
7950,720575940628668559,T4d,T4 Neuron,input,right
7951,720575940628675846,T4a,T4 Neuron,input,right
7952,720575940628676651,T4d,T4 Neuron,input,right
7953,720575940628679912,T4d,T4 Neuron,input,left
7954,720575940628681232,T4c,T4 Neuron,input,left
7955,720575940628681259,T5d,T5 Neuron,input,right
7956,720575940628685062,T5b,T5 Neuron,input,left
7957,720575940628686342,T4c,T4 Neuron,input,left
7958,720575940628688745,T4b,T4 Neuron,input,right
7959,720575940628692329,T4b,T4 Neuron,input,right
7960,720575940628694121,T4c,T4 Neuron,input,right
7961,720575940628710928,T5b,T5 Neuron,input,left
7962,720575940628711415,T5c,T5 Neuron,input,right
7963,720575940628712448,T4b,T4 Neuron,input,right
7964,720575940628716791,T5d,T5 Neuron,input,left
7965,720575940628717062,T5d,T5 Neuron,input,left
7966,720575940628721863,T4b,T4 Neuron,input,left
7967,720575940628722167,T4c,T4 Neuron,input,left
7968,720575940628725760,T4c,T4 Neuron,input,left
7969,720575940628735217,T4d,T4 Neuron,input,left
7970,720575940628737323,T5a,T5 Neuron,input,right
7971,720575940628737735,T4a,T4 Neuron,input,left
7972,720575940628742148,T5d,T5 Neuron,input,right
7973,720575940628743496,HSS,HS,processing,right
7974,720575940628750342,T5a,T5 Neuron,input,left
7975,720575940628757576,T4b,T4 Neuron,input,left
7976,720575940628761423,T5c,T5 Neuron,input,right
7977,720575940628764203,T4b,T4 Neuron,input,right
7978,720575940628767175,T4a,T4 Neuron,input,left
7979,720575940628771605,T5b,T5 Neuron,input,left
7980,720575940628774782,T4a,T4 Neuron,input,right
7981,720575940628775952,T5d,T5 Neuron,input,right
7982,720575940628777463,T4a,T4 Neuron,input,right
7983,720575940628781211,T5d,T5 Neuron,input,left
7984,720575940628781315,T5c,T5 Neuron,input,right
7985,720575940628783355,T4b,T4 Neuron,input,right
7986,720575940628787867,T5c,T5 Neuron,input,right
7987,720575940628787944,T4a,T4 Neuron,input,left
7988,720575940628788585,T4d,T4 Neuron,input,left
7989,720575940628789548,T4a,T4 Neuron,input,left
7990,720575940628789832,T4c,T4 Neuron,input,left
7991,720575940628791114,T4a,T4 Neuron,input,left
7992,720575940628793243,T4b,T4 Neuron,input,right
7993,720575940628794615,T4a,T4 Neuron,input,right
7994,720575940628795925,T4c,T4 Neuron,input,left
7995,720575940628796521,T5a,T5 Neuron,input,left
7996,720575940628797190,T4c,T4 Neuron,input,right
7997,720575940628800006,T5b,T5 Neuron,input,right
7998,720575940628800784,T5c,T5 Neuron,input,left
7999,720575940628802320,T4d,T4 Neuron,input,right
8000,720575940628803687,T5d,T5 Neuron,input,left
8001,720575940628805019,T5b,T5 Neuron,input,right
8002,720575940628806782,T4c,T4 Neuron,input,right
8003,720575940628807683,T5d,T5 Neuron,input,left
8004,720575940628810570,T5d,T5 Neuron,input,left
8005,720575940628811523,T4a,T4 Neuron,input,right
8006,720575940628812670,T5c,T5 Neuron,input,left
8007,720575940628816683,T4d,T4 Neuron,input,right
8008,720575940628819399,T4d,T4 Neuron,input,left
8009,720575940628823239,T4c,T4 Neuron,input,left
8010,720575940628823312,T4c,T4 Neuron,input,left
8011,720575940628823811,T5a,T5 Neuron,input,left
8012,720575940628824363,T5d,T5 Neuron,input,left
8013,720575940628825091,T4a,T4 Neuron,input,left
8014,720575940628827179,T5c,T5 Neuron,input,right
8015,720575940628831531,T5c,T5 Neuron,input,left
8016,720575940628834921,T4d,T4 Neuron,input,left
8017,720575940628835015,T4d,T4 Neuron,input,right
8018,720575940628842651,T5d,T5 Neuron,input,right
8019,720575940628842951,T5b,T5 Neuron,input,right
8020,720575940628846635,T4a,T4 Neuron,input,left
8021,720575940628852891,T5a,T5 Neuron,input,right
8022,720575940628856572,T5b,T5 Neuron,input,left
8023,720575940628856836,T5b,T5 Neuron,input,right
8024,720575940628861244,T4c,T4 Neuron,input,right
8025,720575940628861435,T4b,T4 Neuron,input,right
8026,720575940628863276,T5b,T5 Neuron,input,right
8027,720575940628864247,T4d,T4 Neuron,input,right
8028,720575940628865283,T4c,T4 Neuron,input,left
8029,720575940628866860,T4a,T4 Neuron,input,left
8030,720575940628867627,T5a,T5 Neuron,input,left
8031,720575940628869431,T5d,T5 Neuron,input,right
8032,720575940628873219,T4c,T4 Neuron,input,left
8033,720575940628873987,T4b,T4 Neuron,input,left
8034,720575940628874039,T5b,T5 Neuron,input,left
8035,720575940628876076,T4b,T4 Neuron,input,right
8036,720575940628876647,T4c,T4 Neuron,input,right
8037,720575940628879632,T4b,T4 Neuron,input,left
8038,720575940628880131,T5c,T5 Neuron,input,left
8039,720575940628880912,T4c,T4 Neuron,input,left
8040,720575940628881660,T5d,T5 Neuron,input,right
8041,720575940628885763,T5c,T5 Neuron,input,left
8042,720575940628887375,T5d,T5 Neuron,input,right
8043,720575940628887930,T4d,T4 Neuron,input,left
8044,720575940628889935,T5c,T5 Neuron,input,right
8045,720575940628894402,T4b,T4 Neuron,input,right
8046,720575940628895217,T4d,T4 Neuron,input,left
8047,720575940628898860,T5a,T5 Neuron,input,right
8048,720575940628899739,T5c,T5 Neuron,input,left
8049,720575940628905732,T4c,T4 Neuron,input,left
8050,720575940628906747,T4b,T4 Neuron,input,right
8051,720575940628908292,T4b,T4 Neuron,input,left
8052,720575940628910441,T4d,T4 Neuron,input,left
8053,720575940628911108,T5c,T5 Neuron,input,left
8054,720575940628913769,T5b,T5 Neuron,input,left
8055,720575940628917147,T4c,T4 Neuron,input,right
8056,720575940628918827,T4b,T4 Neuron,input,left
8057,720575940628920219,T5b,T5 Neuron,input,right
8058,720575940628921162,T4b,T4 Neuron,input,right
8059,720575940628924648,T4b,T4 Neuron,input,left
8060,720575940628924944,T4b,T4 Neuron,input,left
8061,720575940628926467,T4a,T4 Neuron,input,right
8062,720575940628927491,T4a,T4 Neuron,input,left
8063,720575940628927492,T5c,T5 Neuron,input,left
8064,720575940628929079,T4d,T4 Neuron,input,right
8065,720575940628930364,T4a,T4 Neuron,input,left
8066,720575940628933675,T5c,T5 Neuron,input,left
8067,720575940628933873,T5b,T5 Neuron,input,right
8068,720575940628937222,T5d,T5 Neuron,input,left
8069,720575940628942183,T4d,T4 Neuron,input,right
8070,720575940628943810,T4d,T4 Neuron,input,right
8071,720575940628947459,T4a,T4 Neuron,input,right
8072,720575940628950588,T5c,T5 Neuron,input,right
8073,720575940628951811,T4a,T4 Neuron,input,left
8074,720575940628951814,T4c,T4 Neuron,input,right
8075,720575940628954088,T5c,T5 Neuron,input,left
8076,720575940628954883,T4a,T4 Neuron,input,right
8077,720575940628957543,T5c,T5 Neuron,input,left
8078,720575940628967527,T4a,T4 Neuron,input,left
8079,720575940628977018,T5a,T5 Neuron,input,right
8080,720575940628979023,T4b,T4 Neuron,input,left
8081,720575940628979892,T4a,T4 Neuron,input,right
8082,720575940628981047,T4b,T4 Neuron,input,left
8083,720575940628988007,T5c,T5 Neuron,input,left
8084,720575940628992330,T5d,T5 Neuron,input,right
8085,720575940628994203,T4c,T4 Neuron,input,right
8086,720575940628996201,T4c,T4 Neuron,input,left
8087,720575940628997531,T4d,T4 Neuron,input,right
8088,720575940628997812,T5c,T5 Neuron,input,right
8089,720575940629002601,T4d,T4 Neuron,input,left
8090,720575940629004294,T4d,T4 Neuron,input,left
8091,720575940629004806,T4c,T4 Neuron,input,left
8092,720575940629008207,T5a,T5 Neuron,input,left
8093,720575940629010432,T4b,T4 Neuron,input,right
8094,720575940629011279,T5b,T5 Neuron,input,left
8095,720575940629011535,T5b,T5 Neuron,input,left
8096,720575940629012839,T5c,T5 Neuron,input,right
8097,720575940629014001,T5d,T5 Neuron,input,left
8098,720575940629023494,T4c,T4 Neuron,input,right
8099,720575940629028687,T4d,T4 Neuron,input,left
8100,720575940629029199,T4d,T4 Neuron,input,left
8101,720575940629033295,T5b,T5 Neuron,input,left
8102,720575940629038908,T4b,T4 Neuron,input,left
8103,720575940629039003,T5c,T5 Neuron,input,left
8104,720575940629042182,T5a,T5 Neuron,input,left
8105,720575940629047814,T5b,T5 Neuron,input,left
8106,720575940629047882,T5c,T5 Neuron,input,right
8107,720575940629048394,T5d,T5 Neuron,input,right
8108,720575940629049862,T4a,T4 Neuron,input,left
8109,720575940629050630,T5d,T5 Neuron,input,left
8110,720575940629055055,T5b,T5 Neuron,input,left
8111,720575940629060170,T5a,T5 Neuron,input,right
8112,720575940629063106,T4c,T4 Neuron,input,right
8113,720575940629072134,T5c,T5 Neuron,input,left
8114,720575940629075279,T4b,T4 Neuron,input,right
8115,720575940629075655,T4a,T4 Neuron,input,left
8116,720575940629076679,T4a,T4 Neuron,input,left
8117,720575940629078215,T4a,T4 Neuron,input,left
8118,720575940629082684,T5b,T5 Neuron,input,right
8119,720575940629088508,T4a,T4 Neuron,input,right
8120,720575940629090320,T4b,T4 Neuron,input,left
8121,720575940629099343,T5a,T5 Neuron,input,left
8122,720575940629099779,T5d,T5 Neuron,input,left
8123,720575940629105879,T4c,T4 Neuron,input,left
8124,720575940629107984,T5a,T5 Neuron,input,right
8125,720575940629111555,T4a,T4 Neuron,input,left
8126,720575940629116401,T5a,T5 Neuron,input,right
8127,720575940629118149,T4d,T4 Neuron,input,left
8128,720575940629119787,T5b,T5 Neuron,input,left
8129,720575940629119985,T5d,T5 Neuron,input,left
8130,720575940629120732,T4a,T4 Neuron,input,right
8131,720575940629123175,T4a,T4 Neuron,input,right
8132,720575940629124355,T5d,T5 Neuron,input,left
8133,720575940629126503,T5c,T5 Neuron,input,right
8134,720575940629127759,T4a,T4 Neuron,input,left
8135,720575940629128444,T4a,T4 Neuron,input,left
8136,720575940629130343,T5c,T5 Neuron,input,left
8137,720575940629130539,T4b,T4 Neuron,input,left
8138,720575940629134844,T5a,T5 Neuron,input,right
8139,720575940629137001,T4d,T4 Neuron,input,left
8140,720575940629138025,T5c,T5 Neuron,input,left
8141,720575940629138587,T4d,T4 Neuron,input,left
8142,720575940629148007,HSE,HS,processing,right
8143,720575940629148944,T4d,T4 Neuron,input,left
8144,720575940629151488,T5c,T5 Neuron,input,right
8145,720575940629152505,T4c,T4 Neuron,input,left
8146,720575940629152617,T5a,T5 Neuron,input,left
8147,720575940629153020,HSE,HS,processing,left
8148,720575940629153641,T5d,T5 Neuron,input,left
8149,720575940629154780,T4b,T4 Neuron,input,left
8150,720575940629156938,T5b,T5 Neuron,input,right
8151,720575940629157275,T4a,T4 Neuron,input,left
8152,720575940629159785,T5c,T5 Neuron,input,left
8153,720575940629163536,T4d,T4 Neuron,input,right
8154,720575940629166635,T4a,T4 Neuron,input,left
8155,720575940629169257,T4c,T4 Neuron,input,left
8156,720575940629169680,T4c,T4 Neuron,input,left
8157,720575940629170519,T4a,T4 Neuron,input,right
8158,720575940629176023,T5b,T5 Neuron,input,right
8159,720575940629176279,T5d,T5 Neuron,input,left
8160,720575940629176775,T4a,T4 Neuron,input,left
8161,720575940629178923,T4a,T4 Neuron,input,right
8162,720575940629180725,T4c,T4 Neuron,input,left
8163,720575940629181712,T5a,T5 Neuron,input,left
8164,720575940629181739,T4a,T4 Neuron,input,left
8165,720575940629186921,T5d,T5 Neuron,input,left
8166,720575940629197723,T5b,T5 Neuron,input,left
8167,720575940629198439,T5b,T5 Neuron,input,left
8168,720575940629198833,T4a,T4 Neuron,input,left
8169,720575940629204523,T4b,T4 Neuron,input,left
8170,720575940629205035,T4c,T4 Neuron,input,left
8171,720575940629205264,T5d,T5 Neuron,input,left
8172,720575940629205291,T5b,T5 Neuron,input,left
8173,720575940629205698,T5c,T5 Neuron,input,right
8174,720575940629206910,T5a,T5 Neuron,input,left
8175,720575940629207056,T4b,T4 Neuron,input,left
8176,720575940629208058,T5b,T5 Neuron,input,right
8177,720575940629209287,T4b,T4 Neuron,input,right
8178,720575940629210292,T4a,T4 Neuron,input,right
8179,720575940629211756,T4a,T4 Neuron,input,right
8180,720575940629214825,T5a,T5 Neuron,input,right
8181,720575940629215452,T5d,T5 Neuron,input,left
8182,720575940629222915,T4b,T4 Neuron,input,right
8183,720575940629223038,T5c,T5 Neuron,input,right
8184,720575940629223111,T5c,T5 Neuron,input,left
8185,720575940629228816,T4a,T4 Neuron,input,right
8186,720575940629228905,T5b,T5 Neuron,input,left
8187,720575940629229059,T4a,T4 Neuron,input,left
8188,720575940629231363,T4b,T4 Neuron,input,left
8189,720575940629231888,T5c,T5 Neuron,input,left
8190,720575940629239772,T4a,T4 Neuron,input,right
8191,720575940629243191,T5d,T5 Neuron,input,right
8192,720575940629245292,T4b,T4 Neuron,input,left
8193,720575940629246456,T5a,T5 Neuron,input,left
8194,720575940629247224,T5d,T5 Neuron,input,left
8195,720575940629247480,T5b,T5 Neuron,input,left
8196,720575940629247736,T5d,T5 Neuron,input,left
8197,720575940629247992,T5a,T5 Neuron,input,left
8198,720575940629248248,T5a,T5 Neuron,input,left
8199,720575940629254594,T4d,T4 Neuron,input,right
8200,720575940629260035,T5b,T5 Neuron,input,right
8201,720575940629260803,T5d,T5 Neuron,input,right
8202,720575940629263098,T4c,T4 Neuron,input,right
8203,720575940629263610,T5b,T5 Neuron,input,right
8204,720575940629266179,T4b,T4 Neuron,input,right
8205,720575940629267564,T5b,T5 Neuron,input,left
8206,720575940629269607,T4c,T4 Neuron,input,left
8207,720575940629271046,T4b,T4 Neuron,input,left
8208,720575940629280586,T5c,T5 Neuron,input,right
8209,720575940629286659,T4c,T4 Neuron,input,left
8210,720575940629286991,T5b,T5 Neuron,input,left
8211,720575940629289466,T4c,T4 Neuron,input,left
8212,720575940629298279,T5a,T5 Neuron,input,left
8213,720575940629299355,T5a,T5 Neuron,input,right
8214,720575940629304139,T5b,T5 Neuron,input,left
8215,720575940629305347,T4a,T4 Neuron,input,right
8216,720575940629312330,T5d,T5 Neuron,input,left
8217,720575940629315995,T4d,T4 Neuron,input,right
8218,720575940629318351,T5b,T5 Neuron,input,right
8219,720575940629318659,T5b,T5 Neuron,input,left
8220,720575940629322395,T4c,T4 Neuron,input,right
8221,720575940629324026,T5d,T5 Neuron,input,right
8222,720575940629329516,T5b,T5 Neuron,input,left
8223,720575940629330558,T5d,T5 Neuron,input,right
8224,720575940629331984,T4c,T4 Neuron,input,left
8225,720575940629334427,T4d,T4 Neuron,input,right
8226,720575940629337243,T5c,T5 Neuron,input,left
8227,720575940629338011,T4a,T4 Neuron,input,right
8228,720575940629339751,T5d,T5 Neuron,input,left
8229,720575940629340012,T5c,T5 Neuron,input,right
8230,720575940629345383,T5a,T5 Neuron,input,left
8231,720575940629363559,T5c,T5 Neuron,input,left
8232,720575940629365612,T5a,T5 Neuron,input,right
8233,720575940629365776,T4b,T4 Neuron,input,right
8234,720575940629366631,T4a,T4 Neuron,input,right
8235,720575940629367043,T5c,T5 Neuron,input,right
8236,720575940629369191,T5b,T5 Neuron,input,left
8237,720575940629369722,T5a,T5 Neuron,input,right
8238,720575940629372775,T5a,T5 Neuron,input,right
8239,720575940629375567,T5b,T5 Neuron,input,right
8240,720575940629375747,T4d,T4 Neuron,input,left
8241,720575940629379194,T5b,T5 Neuron,input,right
8242,720575940629380222,T4d,T4 Neuron,input,right
8243,720575940629383184,T5b,T5 Neuron,input,left
8244,720575940629385342,T5c,T5 Neuron,input,left
8245,720575940629385594,T4a,T4 Neuron,input,right
8246,720575940629388785,T5b,T5 Neuron,input,right
8247,720575940629391363,T4b,T4 Neuron,input,left
8248,720575940629397915,T5c,T5 Neuron,input,left
8249,720575940629400619,T4a,T4 Neuron,input,left
8250,720575940629413194,T4a,T4 Neuron,input,right
8251,720575940629414479,T5b,T5 Neuron,input,left
8252,720575940629414928,T4a,T4 Neuron,input,left
8253,720575940629418690,T5c,T5 Neuron,input,left
8254,720575940629419386,T5c,T5 Neuron,input,right
8255,720575940629421182,T5c,T5 Neuron,input,right
8256,720575940629421304,T5c,T5 Neuron,input,left
8257,720575940629424758,T5a,T5 Neuron,input,right
8258,720575940629425602,T5a,T5 Neuron,input,right
8259,720575940629426046,T5c,T5 Neuron,input,right
8260,720575940629428350,T4c,T4 Neuron,input,right
8261,720575940629433705,T5c,T5 Neuron,input,left
8262,720575940629434630,T5b,T5 Neuron,input,right
8263,720575940629435130,T4c,T4 Neuron,input,right
8264,720575940629435497,T4d,T4 Neuron,input,right
8265,720575940629436030,T5a,T5 Neuron,input,right
8266,720575940629442678,T4b,T4 Neuron,input,left
8267,720575940629445498,T4b,T4 Neuron,input,right
8268,720575940629452443,T5d,T5 Neuron,input,left
8269,720575940629453467,T5a,T5 Neuron,input,left
8270,720575940629457786,T4d,T4 Neuron,input,right
8271,720575940629458694,T5b,T5 Neuron,input,left
8272,720575940629461097,T5b,T5 Neuron,input,right
8273,720575940629462646,T5c,T5 Neuron,input,left
8274,720575940629466679,T5d,T5 Neuron,input,right
8275,720575940629467262,T5a,T5 Neuron,input,right
8276,720575940629470107,T4d,T4 Neuron,input,left
8277,720575940629472382,T5c,T5 Neuron,input,right
8278,720575940629472638,T5b,T5 Neuron,input,right
8279,720575940629473324,T5b,T5 Neuron,input,right
8280,720575940629474686,T5d,T5 Neuron,input,right
8281,720575940629476857,T4d,T4 Neuron,input,left
8282,720575940629476986,T4a,T4 Neuron,input,left
8283,720575940629477627,T5d,T5 Neuron,input,left
8284,720575940629477883,T5d,T5 Neuron,input,left
8285,720575940629480433,T4a,T4 Neuron,input,right
8286,720575940629481371,T5a,T5 Neuron,input,left
8287,720575940629481467,T4c,T4 Neuron,input,left
8288,720575940629481515,T5c,T5 Neuron,input,left
8289,720575940629485765,T5c,T5 Neuron,input,left
8290,720575940629486891,T4c,T4 Neuron,input,right
8291,720575940629486927,T4c,T4 Neuron,input,left
8292,720575940629489602,T4a,T4 Neuron,input,right
8293,720575940629491355,T5b,T5 Neuron,input,left
8294,720575940629491611,T5b,T5 Neuron,input,left
8295,720575940629493251,T4d,T4 Neuron,input,left
8296,720575940629493626,T5b,T5 Neuron,input,right
8297,720575940629493863,T5c,T5 Neuron,input,left
8298,720575940629494210,T4b,T4 Neuron,input,left
8299,720575940629495887,T4c,T4 Neuron,input,left
8300,720575940629503319,T4b,T4 Neuron,input,right
8301,720575940629508347,T4d,T4 Neuron,input,right
8302,720575940629515646,T5c,T5 Neuron,input,right
8303,720575940629519486,T5a,T5 Neuron,input,right
8304,720575940629524730,T4a,T4 Neuron,input,right
8305,720575940629525548,T5d,T5 Neuron,input,right
8306,720575940629525804,T5c,T5 Neuron,input,right
8307,720575940629526777,T4b,T4 Neuron,input,left
8308,720575940629528080,T4c,T4 Neuron,input,right
8309,720575940629529295,T4c,T4 Neuron,input,left
8310,720575940629530818,T5a,T5 Neuron,input,left
8311,720575940629532657,T4a,T4 Neuron,input,right
8312,720575940629534012,T5a,T5 Neuron,input,right
8313,720575940629538307,T5a,T5 Neuron,input,left
8314,720575940629542930,T5a,T5 Neuron,input,right
8315,720575940629542955,T4b,T4 Neuron,input,left
8316,720575940629546959,T5c,T5 Neuron,input,right
8317,720575940629553487,T5b,T5 Neuron,input,left
8318,720575940629557803,T4c,T4 Neuron,input,right
8319,720575940629558906,T4c,T4 Neuron,input,right
8320,720575940629559802,T4a,T4 Neuron,input,left
8321,720575940629564432,T4b,T4 Neuron,input,left
8322,720575940629564666,T4a,T4 Neuron,input,left
8323,720575940629565690,T5b,T5 Neuron,input,left
8324,720575940629566334,T5d,T5 Neuron,input,left
8325,720575940629567358,T5a,T5 Neuron,input,right
8326,720575940629567729,T4a,T4 Neuron,input,left
8327,720575940629569218,T5a,T5 Neuron,input,right
8328,720575940629570819,T4b,T4 Neuron,input,left
8329,720575940629575921,T4b,T4 Neuron,input,right
8330,720575940629578481,T4b,T4 Neuron,input,left
8331,720575940629580158,T4b,T4 Neuron,input,left
8332,720575940629580414,T4c,T4 Neuron,input,right
8333,720575940629581946,T4c,T4 Neuron,input,left
8334,720575940629585116,T5b,T5 Neuron,input,left
8335,720575940629585146,T5d,T5 Neuron,input,right
8336,720575940629591299,T4d,T4 Neuron,input,left
8337,720575940629598658,T5a,T5 Neuron,input,right
8338,720575940629598846,T4d,T4 Neuron,input,right
8339,720575940629599350,T5a,T5 Neuron,input,left
8340,720575940629599899,T4c,T4 Neuron,input,left
8341,720575940629600359,T4b,T4 Neuron,input,right
8342,720575940629600506,T5b,T5 Neuron,input,left
8343,720575940629600812,T4d,T4 Neuron,input,right
8344,720575940629601786,T5c,T5 Neuron,input,left
8345,720575940629602298,T4b,T4 Neuron,input,left
8346,720575940629606394,T5b,T5 Neuron,input,left
8347,720575940629609283,T5a,T5 Neuron,input,left
8348,720575940629609883,T5c,T5 Neuron,input,left
8349,720575940629612226,T5d,T5 Neuron,input,left
8350,720575940629614065,T5c,T5 Neuron,input,left
8351,720575940629614577,T5d,T5 Neuron,input,left
8352,720575940629618170,T5a,T5 Neuron,input,left
8353,720575940629622910,T5d,T5 Neuron,input,right
8354,720575940629623004,T5c,T5 Neuron,input,right
8355,720575940629624058,T4b,T4 Neuron,input,right
8356,720575940629624407,T4d,T4 Neuron,input,right
8357,720575940629627547,T5c,T5 Neuron,input,left
8358,720575940629631735,T5a,T5 Neuron,input,right
8359,720575940629633015,T5d,T5 Neuron,input,right
8360,720575940629636478,T5b,T5 Neuron,input,left
8361,720575940629639223,T5c,T5 Neuron,input,right
8362,720575940629640695,T5c,T5 Neuron,input,left
8363,720575940629647554,T4b,T4 Neuron,input,left
8364,720575940629648999,T4b,T4 Neuron,input,left
8365,720575940629652602,T4b,T4 Neuron,input,left
8366,720575940629657210,T5a,T5 Neuron,input,right
8367,720575940629660239,T4a,T4 Neuron,input,right
8368,720575940629660919,T4b,T4 Neuron,input,right
8369,720575940629663938,T4a,T4 Neuron,input,right
8370,720575940629665918,T4a,T4 Neuron,input,left
8371,720575940629666938,T4a,T4 Neuron,input,left
8372,720575940629671294,T4d,T4 Neuron,input,right
8373,720575940629672318,T4d,T4 Neuron,input,right
8374,720575940629676599,T5a,T5 Neuron,input,left
8375,720575940629676666,T5b,T5 Neuron,input,left
8376,720575940629682895,T4b,T4 Neuron,input,left
8377,720575940629687143,T4c,T4 Neuron,input,left
8378,720575940629690883,T4b,T4 Neuron,input,left
8379,720575940629693050,T5a,T5 Neuron,input,left
8380,720575940629696727,T4b,T4 Neuron,input,right
8381,720575940629699063,T5b,T5 Neuron,input,right
8382,720575940629699415,T5b,T5 Neuron,input,left
8383,720575940629701246,T5a,T5 Neuron,input,left
8384,720575940629703503,T4d,T4 Neuron,input,left
8385,720575940629704058,T5c,T5 Neuron,input,right
8386,720575940629707484,T5d,T5 Neuron,input,left
8387,720575940629707628,T4d,T4 Neuron,input,right
8388,720575940629707740,T5b,T5 Neuron,input,left
8389,720575940629713719,T5c,T5 Neuron,input,right
8390,720575940629713769,T5b,T5 Neuron,input,left
8391,720575940629720311,T5d,T5 Neuron,input,right
8392,720575940629723639,T4a,T4 Neuron,input,right
8393,720575940629730268,T5d,T5 Neuron,input,right
8394,720575940629730754,T5b,T5 Neuron,input,left
8395,720575940629734147,T5b,T5 Neuron,input,left
8396,720575940629734487,T5b,T5 Neuron,input,left
8397,720575940629735294,T5a,T5 Neuron,input,left
8398,720575940629743927,T5d,T5 Neuron,input,left
8399,720575940629753856,T4b,T4 Neuron,input,left
8400,720575940629754234,T4c,T4 Neuron,input,left
8401,720575940629755947,T5b,T5 Neuron,input,right
8402,720575940629758330,T5d,T5 Neuron,input,right
8403,720575940629759788,T5a,T5 Neuron,input,right
8404,720575940629760871,T4d,T4 Neuron,input,left
8405,720575940629761146,T4a,T4 Neuron,input,right
8406,720575940629762426,T4b,T4 Neuron,input,right
8407,720575940629766247,T4c,T4 Neuron,input,right
8408,720575940629766759,T4d,T4 Neuron,input,right
8409,720575940629767015,T4c,T4 Neuron,input,right
8410,720575940629771308,T5c,T5 Neuron,input,right
8411,720575940629771583,T5c,T5 Neuron,input,left
8412,720575940629774071,T4c,T4 Neuron,input,left
8413,720575940629775311,T4d,T4 Neuron,input,right
8414,720575940629781698,T5d,T5 Neuron,input,left
8415,720575940629782469,T4b,T4 Neuron,input,right
8416,720575940629784108,T4a,T4 Neuron,input,right
8417,720575940629785982,T4b,T4 Neuron,input,left
8418,720575940629786490,T4a,T4 Neuron,input,left
8419,720575940629788098,T4c,T4 Neuron,input,left
8420,720575940629788542,T5b,T5 Neuron,input,right
8421,720575940629789543,T5b,T5 Neuron,input,left
8422,720575940629791232,T5d,T5 Neuron,input,right
8423,720575940629791311,T4d,T4 Neuron,input,left
8424,720575940629794295,T4a,T4 Neuron,input,right
8425,720575940629797180,T5c,T5 Neuron,input,right
8426,720575940629801413,T4c,T4 Neuron,input,left
8427,720575940629804087,T5c,T5 Neuron,input,right
8428,720575940629807354,T5c,T5 Neuron,input,right
8429,720575940629808940,T4c,T4 Neuron,input,right
8430,720575940629814071,T4c,T4 Neuron,input,right
8431,720575940629815490,T5c,T5 Neuron,input,right
8432,720575940629819586,T4d,T4 Neuron,input,left
8433,720575940629820790,T5c,T5 Neuron,input,right
8434,720575940629820972,T5c,T5 Neuron,input,right
8435,720575940629821483,T5d,T5 Neuron,input,right
8436,720575940629821696,T5c,T5 Neuron,input,right
8437,720575940629824965,T5a,T5 Neuron,input,left
8438,720575940629826007,T4d,T4 Neuron,input,right
8439,720575940629828990,T5a,T5 Neuron,input,left
8440,720575940629829687,T5a,T5 Neuron,input,right
8441,720575940629833472,T5a,T5 Neuron,input,right
8442,720575940629835255,T5b,T5 Neuron,input,left
8443,720575940629835390,T4d,T4 Neuron,input,left
8444,720575940629836396,T5d,T5 Neuron,input,right
8445,720575940629837100,T4b,T4 Neuron,input,left
8446,720575940629837868,T4a,T4 Neuron,input,right
8447,720575940629838080,T5a,T5 Neuron,input,right
8448,720575940629842719,T5a,T5 Neuron,input,left
8449,720575940629845352,T5c,T5 Neuron,input,left
8450,720575940629847808,T5b,T5 Neuron,input,right
8451,720575940629851436,T4d,T4 Neuron,input,left
8452,720575940629856194,T4a,T4 Neuron,input,left
8453,720575940629856556,T4b,T4 Neuron,input,right
8454,720575940629859663,T5a,T5 Neuron,input,right
8455,720575940629860608,T5a,T5 Neuron,input,right
8456,720575940629860858,T5a,T5 Neuron,input,left
8457,720575940629860967,T4d,T4 Neuron,input,left
8458,720575940629863680,T5d,T5 Neuron,input,right
8459,720575940629869253,T4c,T4 Neuron,input,left
8460,720575940629871207,T5c,T5 Neuron,input,left
8461,720575940629871226,T4a,T4 Neuron,input,left
8462,720575940629872172,T4b,T4 Neuron,input,right
8463,720575940629873402,T4a,T4 Neuron,input,left
8464,720575940629874492,T4d,T4 Neuron,input,left
8465,720575940629875415,T5c,T5 Neuron,input,left
8466,720575940629875906,T4a,T4 Neuron,input,right
8467,720575940629877248,T5a,T5 Neuron,input,left
8468,720575940629880108,T4b,T4 Neuron,input,right
8469,720575940629880832,T5d,T5 Neuron,input,left
8470,720575940629885696,T4d,T4 Neuron,input,right
8471,720575940629886268,T4c,T4 Neuron,input,left
8472,720575940629886524,T5a,T5 Neuron,input,right
8473,720575940629886992,T4b,T4 Neuron,input,left
8474,720575940629887173,T4c,T4 Neuron,input,right
8475,720575940629890364,T4a,T4 Neuron,input,right
8476,720575940629904399,T4d,T4 Neuron,input,left
8477,720575940629905255,T4b,T4 Neuron,input,right
8478,720575940629908418,T4b,T4 Neuron,input,right
8479,720575940629909607,T5d,T5 Neuron,input,left
8480,720575940629913655,T4b,T4 Neuron,input,right
8481,720575940629915919,T4c,T4 Neuron,input,left
8482,720575940629918661,T4c,T4 Neuron,input,left
8483,720575940629919788,T4d,T4 Neuron,input,left
8484,720575940629921730,T4d,T4 Neuron,input,left
8485,720575940629924919,T5a,T5 Neuron,input,left
8486,720575940629924924,T5a,T5 Neuron,input,right
8487,720575940629926615,T5a,T5 Neuron,input,left
8488,720575940629929925,T4a,T4 Neuron,input,right
8489,720575940629930284,T5a,T5 Neuron,input,left
8490,720575940629930539,T4c,T4 Neuron,input,left
8491,720575940629933047,T5b,T5 Neuron,input,left
8492,720575940629933561,T4d,T4 Neuron,input,right
8493,720575940629933586,T4b,T4 Neuron,input,left
8494,720575940629933762,T4b,T4 Neuron,input,right
8495,720575940629934095,T4b,T4 Neuron,input,left
8496,720575940629936375,T4a,T4 Neuron,input,left
8497,720575940629939447,T4b,T4 Neuron,input,left
8498,720575940629939791,T4d,T4 Neuron,input,left
8499,720575940629940791,T5a,T5 Neuron,input,right
8500,720575940629941975,T4c,T4 Neuron,input,left
8501,720575940629942827,T4c,T4 Neuron,input,right
8502,720575940629944594,T4b,T4 Neuron,input,left
8503,720575940629947383,T5c,T5 Neuron,input,right
8504,720575940629950482,T5a,T5 Neuron,input,right
8505,720575940629954064,T4b,T4 Neuron,input,left
8506,720575940629955778,T5c,T5 Neuron,input,right
8507,720575940629955884,T4d,T4 Neuron,input,left
8508,720575940629961175,T5b,T5 Neuron,input,right
8509,720575940629962300,T5a,T5 Neuron,input,right
8510,720575940629969936,T4c,T4 Neuron,input,right
8511,720575940629970647,T4b,T4 Neuron,input,right
8512,720575940629971834,T4a,T4 Neuron,input,left
8513,720575940629973292,T4b,T4 Neuron,input,left
8514,720575940629977303,T4d,T4 Neuron,input,left
8515,720575940629977959,T5c,T5 Neuron,input,right
8516,720575940629984220,T5d,T5 Neuron,input,right
8517,720575940629987575,T5d,T5 Neuron,input,right
8518,720575940629991162,T5d,T5 Neuron,input,left
8519,720575940629999575,T4b,T4 Neuron,input,left
8520,720575940629999831,T4a,T4 Neuron,input,left
8521,720575940630002507,T4a,T4 Neuron,input,left
8522,720575940630003983,T5b,T5 Neuron,input,right
8523,720575940630006910,T4d,T4 Neuron,input,left
8524,720575940630007115,T5c,T5 Neuron,input,left
8525,720575940630009047,T5a,T5 Neuron,input,right
8526,720575940630010955,T5c,T5 Neuron,input,left
8527,720575940630011434,T5a,T5 Neuron,input,left
8528,720575940630015098,T4a,T4 Neuron,input,left
8529,720575940630017295,T5b,T5 Neuron,input,left
8530,720575940630020171,T4d,T4 Neuron,input,right
8531,720575940630021963,T4b,T4 Neuron,input,left
8532,720575940630024779,T5b,T5 Neuron,input,right
8533,720575940630024826,T5c,T5 Neuron,input,left
8534,720575940630026039,T5c,T5 Neuron,input,right
8535,720575940630026770,T4d,T4 Neuron,input,right
8536,720575940630028154,T5c,T5 Neuron,input,left
8537,720575940630029131,T4d,T4 Neuron,input,right
8538,720575940630029612,T5b,T5 Neuron,input,right
8539,720575940630033483,T4c,T4 Neuron,input,left
8540,720575940630039180,T5d,T5 Neuron,input,left
8541,720575940630042076,T4c,T4 Neuron,input,left
8542,720575940630043727,T4c,T4 Neuron,input,right
8543,720575940630044775,T4a,T4 Neuron,input,left
8544,720575940630046976,T4a,T4 Neuron,input,left
8545,720575940630049836,T5c,T5 Neuron,input,left
8546,720575940630050686,T5d,T5 Neuron,input,left
8547,720575940630052396,T5a,T5 Neuron,input,left
8548,720575940630053314,T5c,T5 Neuron,input,left
8549,720575940630054219,T4b,T4 Neuron,input,right
8550,720575940630055806,T4d,T4 Neuron,input,left
8551,720575940630058571,T4d,T4 Neuron,input,left
8552,720575940630066218,T4d,T4 Neuron,input,left
8553,720575940630066908,T4c,T4 Neuron,input,right
8554,720575940630067164,T4c,T4 Neuron,input,right
8555,720575940630067676,T5b,T5 Neuron,input,right
8556,720575940630070007,T4d,T4 Neuron,input,right
8557,720575940630081280,T5c,T5 Neuron,input,left
8558,720575940630083706,T5a,T5 Neuron,input,right
8559,720575940630084060,T4a,T4 Neuron,input,right
8560,720575940630084316,T5a,T5 Neuron,input,right
8561,720575940630086138,T4a,T4 Neuron,input,right
8562,720575940630086394,T4c,T4 Neuron,input,right
8563,720575940630086455,T5d,T5 Neuron,input,left
8564,720575940630086876,T4c,T4 Neuron,input,right
8565,720575940630086906,T4d,T4 Neuron,input,right
8566,720575940630087294,T5d,T5 Neuron,input,left
8567,720575940630089271,T4a,T4 Neuron,input,left
8568,720575940630092288,T5c,T5 Neuron,input,right
8569,720575940630096375,T5b,T5 Neuron,input,left
8570,720575940630100471,T4a,T4 Neuron,input,right
8571,720575940630105106,T4b,T4 Neuron,input,right
8572,720575940630108204,T4d,T4 Neuron,input,right
8573,720575940630109660,T5c,T5 Neuron,input,left
8574,720575940630113218,T5d,T5 Neuron,input,left
8575,720575940630114938,T5d,T5 Neuron,input,right
8576,720575940630117570,T5d,T5 Neuron,input,left
8577,720575940630118338,T5a,T5 Neuron,input,right
8578,720575940630118871,T5b,T5 Neuron,input,right
8579,720575940630126391,T4c,T4 Neuron,input,right
8580,720575940630127742,T5b,T5 Neuron,input,left
8581,720575940630140491,T5d,T5 Neuron,input,right
8582,720575940630141050,T5c,T5 Neuron,input,right
8583,720575940630142521,T5c,T5 Neuron,input,right
8584,720575940630145500,T5a,T5 Neuron,input,right
8585,720575940630145536,T5a,T5 Neuron,input,left
8586,720575940630147781,T4a,T4 Neuron,input,right
8587,720575940630149207,T4d,T4 Neuron,input,right
8588,720575940630151996,T4b,T4 Neuron,input,right
8589,720575940630153324,T4b,T4 Neuron,input,right
8590,720575940630155202,T4b,T4 Neuron,input,left
8591,720575940630163260,T4b,T4 Neuron,input,left
8592,720575940630173655,T4d,T4 Neuron,input,left
8593,720575940630175488,T4a,T4 Neuron,input,right
8594,720575940630176567,T5d,T5 Neuron,input,left
8595,720575940630180222,T4b,T4 Neuron,input,left
8596,720575940630182364,T4c,T4 Neuron,input,right
8597,720575940630184826,T4d,T4 Neuron,input,left
8598,720575940630185342,T4d,T4 Neuron,input,right
8599,720575940630186556,T4c,T4 Neuron,input,right
8600,720575940630192439,T4a,T4 Neuron,input,left
8601,720575940630192640,T4b,T4 Neuron,input,right
8602,720575940630195326,T5c,T5 Neuron,input,left
8603,720575940630201593,T4a,T4 Neuron,input,left
8604,720575940630204202,T4d,T4 Neuron,input,left
8605,720575940630204476,T5c,T5 Neuron,input,left
8606,720575940630204636,T5b,T5 Neuron,input,right
8607,720575940630205996,T5c,T5 Neuron,input,left
8608,720575940630206508,T5d,T5 Neuron,input,left
8609,720575940630210103,T5d,T5 Neuron,input,right
8610,720575940630210602,T4a,T4 Neuron,input,left
8611,720575940630211628,T4d,T4 Neuron,input,left
8612,720575940630219479,T4c,T4 Neuron,input,right
8613,720575940630219580,T4c,T4 Neuron,input,left
8614,720575940630221980,T5b,T5 Neuron,input,right
8615,720575940630222391,T4b,T4 Neuron,input,left
8616,720575940630229719,T4c,T4 Neuron,input,left
8617,720575940630230376,T4a,T4 Neuron,input,right
8618,720575940630231607,T4c,T4 Neuron,input,left
8619,720575940630237687,T5d,T5 Neuron,input,left
8620,720575940630238007,T4c,T4 Neuron,input,left
8621,720575940630243739,T4b,T4 Neuron,input,left
8622,720575940630245431,T4c,T4 Neuron,input,left
8623,720575940630246555,T5b,T5 Neuron,input,right
8624,720575940630249846,T5c,T5 Neuron,input,right
8625,720575940630250092,T5a,T5 Neuron,input,right
8626,720575940630250490,T5b,T5 Neuron,input,left
8627,720575940630251884,T4c,T4 Neuron,input,right
8628,720575940630252604,T4a,T4 Neuron,input,left
8629,720575940630254583,T4d,T4 Neuron,input,left
8630,720575940630258135,T4b,T4 Neuron,input,right
8631,720575940630258903,T5d,T5 Neuron,input,right
8632,720575940630260188,T4b,T4 Neuron,input,right
8633,720575940630262735,T5a,T5 Neuron,input,right
8634,720575940630264320,T5a,T5 Neuron,input,left
8635,720575940630264919,T5b,T5 Neuron,input,right
8636,720575940630265339,T4d,T4 Neuron,input,right
8637,720575940630266746,T4b,T4 Neuron,input,left
8638,720575940630267447,T5a,T5 Neuron,input,left
8639,720575940630268780,T4c,T4 Neuron,input,right
8640,720575940630269500,T4d,T4 Neuron,input,right
8641,720575940630272411,T4a,T4 Neuron,input,left
8642,720575940630273150,T5a,T5 Neuron,input,left
8643,720575940630280508,T4a,T4 Neuron,input,right
8644,720575940630285527,T5b,T5 Neuron,input,left
8645,720575940630298615,T4d,T4 Neuron,input,right
8646,720575940630299127,T5b,T5 Neuron,input,right
8647,720575940630299434,T5a,T5 Neuron,input,left
8648,720575940630304894,T4c,T4 Neuron,input,right
8649,720575940630305271,T5c,T5 Neuron,input,right
8650,720575940630305756,T5a,T5 Neuron,input,right
8651,720575940630306007,T5b,T5 Neuron,input,right
8652,720575940630306174,T5c,T5 Neuron,input,left
8653,720575940630306767,T5a,T5 Neuron,input,right
8654,720575940630308060,T4b,T4 Neuron,input,left
8655,720575940630310191,T4b,T4 Neuron,input,left
8656,720575940630315052,T4c,T4 Neuron,input,right
8657,720575940630320087,T5c,T5 Neuron,input,right
8658,720575940630321401,T5b,T5 Neuron,input,right
8659,720575940630322688,T5a,T5 Neuron,input,right
8660,720575940630324035,T5c,T5 Neuron,input,right
8661,720575940630325591,T4a,T4 Neuron,input,right
8662,720575940630329591,T4d,T4 Neuron,input,left
8663,720575940630331095,T4d,T4 Neuron,input,right
8664,720575940630334459,T4b,T4 Neuron,input,right
8665,720575940630334787,T5a,T5 Neuron,input,left
8666,720575940630334940,T5c,T5 Neuron,input,left
8667,720575940630335737,T5a,T5 Neuron,input,left
8668,720575940630337019,T5b,T5 Neuron,input,right
8669,720575940630341371,T5b,T5 Neuron,input,right
8670,720575940630342615,T5c,T5 Neuron,input,left
8671,720575940630342907,T5c,T5 Neuron,input,right
8672,720575940630343030,T4d,T4 Neuron,input,right
8673,720575940630351068,T5d,T5 Neuron,input,right
8674,720575940630356844,T5d,T5 Neuron,input,right
8675,720575940630357243,T5b,T5 Neuron,input,left
8676,720575940630359296,T4c,T4 Neuron,input,left
8677,720575940630359545,T5d,T5 Neuron,input,right
8678,720575940630359875,T5d,T5 Neuron,input,left
8679,720575940630360119,T5a,T5 Neuron,input,left
8680,720575940630363387,T5a,T5 Neuron,input,right
8681,720575940630364012,T5c,T5 Neuron,input,right
8682,720575940630364160,T5b,T5 Neuron,input,right
8683,720575940630364983,T5b,T5 Neuron,input,right
8684,720575940630365689,T4b,T4 Neuron,input,right
8685,720575940630368343,T4d,T4 Neuron,input,right
8686,720575940630368732,T4a,T4 Neuron,input,right
8687,720575940630372603,T4d,T4 Neuron,input,left
8688,720575940630375419,T5c,T5 Neuron,input,left
8689,720575940630375542,T5b,T5 Neuron,input,right
8690,720575940630376443,T4c,T4 Neuron,input,left
8691,720575940630377975,T5d,T5 Neuron,input,left
8692,720575940630377984,T5c,T5 Neuron,input,left
8693,720575940630378455,T4b,T4 Neuron,input,left
8694,720575940630378583,T4b,T4 Neuron,input,right
8695,720575940630381007,T4c,T4 Neuron,input,right
8696,720575940630382966,T5b,T5 Neuron,input,right
8697,720575940630383159,T5b,T5 Neuron,input,left
8698,720575940630383836,T4c,T4 Neuron,input,left
8699,720575940630385014,T5d,T5 Neuron,input,right
8700,720575940630387318,T5a,T5 Neuron,input,right
8701,720575940630388086,T5d,T5 Neuron,input,right
8702,720575940630389445,T5b,T5 Neuron,input,right
8703,720575940630390142,T5d,T5 Neuron,input,right
8704,720575940630390236,T4c,T4 Neuron,input,left
8705,720575940630391596,T4d,T4 Neuron,input,left
8706,720575940630400374,T4b,T4 Neuron,input,right
8707,720575940630401910,T5d,T5 Neuron,input,right
8708,720575940630405676,T4c,T4 Neuron,input,left
8709,720575940630405930,T5d,T5 Neuron,input,left
8710,720575940630414647,T4a,T4 Neuron,input,left
8711,720575940630418263,T4b,T4 Neuron,input,right
8712,720575940630420284,T4b,T4 Neuron,input,left
8713,720575940630420444,T4b,T4 Neuron,input,right
8714,720575940630420730,T4b,T4 Neuron,input,right
8715,720575940630423596,T5b,T5 Neuron,input,left
8716,720575940630426947,T4c,T4 Neuron,input,right
8717,720575940630427496,T4b,T4 Neuron,input,left
8718,720575940630427510,T4d,T4 Neuron,input,right
8719,720575940630428892,T4c,T4 Neuron,input,right
8720,720575940630429945,T4c,T4 Neuron,input,right
8721,720575940630434297,T5c,T5 Neuron,input,right
8722,720575940630437228,T4b,T4 Neuron,input,right
8723,720575940630441082,T5d,T5 Neuron,input,left
8724,720575940630444396,T4d,T4 Neuron,input,right
8725,720575940630444652,T4d,T4 Neuron,input,right
8726,720575940630449628,T5a,T5 Neuron,input,right
8727,720575940630451004,T4d,T4 Neuron,input,left
8728,720575940630451415,T4a,T4 Neuron,input,left
8729,720575940630451543,T5a,T5 Neuron,input,right
8730,720575940630452183,T5a,T5 Neuron,input,left
8731,720575940630452731,T5b,T5 Neuron,input,left
8732,720575940630453239,T4c,T4 Neuron,input,left
8733,720575940630454263,T4d,T4 Neuron,input,right
8734,720575940630456151,T5c,T5 Neuron,input,right
8735,720575940630457335,T4a,T4 Neuron,input,right
8736,720575940630462524,T4c,T4 Neuron,input,left
8737,720575940630463232,T4a,T4 Neuron,input,left
8738,720575940630463804,T4b,T4 Neuron,input,left
8739,720575940630465910,T4d,T4 Neuron,input,right
8740,720575940630467269,T5a,T5 Neuron,input,right
8741,720575940630469699,T4d,T4 Neuron,input,right
8742,720575940630469881,T4d,T4 Neuron,input,right
8743,720575940630469944,T4c,T4 Neuron,input,left
8744,720575940630470999,T5d,T5 Neuron,input,right
8745,720575940630472156,T5d,T5 Neuron,input,left
8746,720575940630475996,T4a,T4 Neuron,input,left
8747,720575940630484141,T4d,T4 Neuron,input,left
8748,720575940630484311,T4a,T4 Neuron,input,right
8749,720575940630491756,T5b,T5 Neuron,input,left
8750,720575940630495804,T4c,T4 Neuron,input,left
8751,720575940630498268,T5a,T5 Neuron,input,left
8752,720575940630507095,T5d,T5 Neuron,input,left
8753,720575940630507116,T4b,T4 Neuron,input,right
8754,720575940630507740,T5d,T5 Neuron,input,left
8755,720575940630509116,T5d,T5 Neuron,input,left
8756,720575940630511557,T4d,T4 Neuron,input,right
8757,720575940630512758,T5a,T5 Neuron,input,left
8758,720575940630516854,T4b,T4 Neuron,input,left
8759,720575940630518071,T5c,T5 Neuron,input,right
8760,720575940630520407,T4a,T4 Neuron,input,right
8761,720575940630520919,T4a,T4 Neuron,input,left
8762,720575940630521923,T4b,T4 Neuron,input,right
8763,720575940630524631,T4a,T4 Neuron,input,right
8764,720575940630526009,T4d,T4 Neuron,input,right
8765,720575940630526039,T4b,T4 Neuron,input,left
8766,720575940630532183,T4b,T4 Neuron,input,right
8767,720575940630533176,T5c,T5 Neuron,input,right
8768,720575940630541519,T5d,T5 Neuron,input,right
8769,720575940630543055,T5d,T5 Neuron,input,right
8770,720575940630545239,T4b,T4 Neuron,input,left
8771,720575940630545871,T4c,T4 Neuron,input,left
8772,720575940630546231,T4d,T4 Neuron,input,left
8773,720575940630548055,T4a,T4 Neuron,input,right
8774,720575940630549575,T4c,T4 Neuron,input,left
8775,720575940630549831,T4c,T4 Neuron,input,left
8776,720575940630555436,T4c,T4 Neuron,input,left
8777,720575940630559991,T5c,T5 Neuron,input,right
8778,720575940630560763,T5b,T5 Neuron,input,right
8779,720575940630564716,T4b,T4 Neuron,input,left
8780,720575940630566113,T4d,T4 Neuron,input,right
8781,720575940630568310,T5b,T5 Neuron,input,left
8782,720575940630570812,T4d,T4 Neuron,input,left
8783,720575940630572092,T5d,T5 Neuron,input,left
8784,720575940630574966,T5b,T5 Neuron,input,left
8785,720575940630575148,T4a,T4 Neuron,input,left
8786,720575940630578294,T5a,T5 Neuron,input,right
8787,720575940630582523,T5c,T5 Neuron,input,right
8788,720575940630582779,T5d,T5 Neuron,input,right
8789,720575940630587855,T4c,T4 Neuron,input,right
8790,720575940630588111,T4d,T4 Neuron,input,right
8791,720575940630588367,T5b,T5 Neuron,input,right
8792,720575940630589177,T5b,T5 Neuron,input,left
8793,720575940630590590,T5d,T5 Neuron,input,right
8794,720575940630591358,T5c,T5 Neuron,input,right
8795,720575940630591606,T4a,T4 Neuron,input,left
8796,720575940630594135,T5c,T5 Neuron,input,right
8797,720575940630596345,T4d,T4 Neuron,input,left
8798,720575940630597719,T5b,T5 Neuron,input,left
8799,720575940630599468,T4b,T4 Neuron,input,left
8800,720575940630604047,T5b,T5 Neuron,input,right
8801,720575940630605932,T4b,T4 Neuron,input,right
8802,720575940630606137,T5a,T5 Neuron,input,left
8803,720575940630610046,T4c,T4 Neuron,input,right
8804,720575940630614981,T5b,T5 Neuron,input,right
8805,720575940630617285,T5c,T5 Neuron,input,right
8806,720575940630617337,T5c,T5 Neuron,input,left
8807,720575940630619510,T4b,T4 Neuron,input,right
8808,720575940630619599,T5b,T5 Neuron,input,right
8809,720575940630620154,T5c,T5 Neuron,input,right
8810,720575940630620985,T5c,T5 Neuron,input,left
8811,720575940630623819,T5c,T5 Neuron,input,left
8812,720575940630625654,T4c,T4 Neuron,input,right
8813,720575940630627897,T5c,T5 Neuron,input,left
8814,720575940630628726,T4b,T4 Neuron,input,left
8815,720575940630634636,T4a,T4 Neuron,input,left
8816,720575940630638841,T4c,T4 Neuron,input,left
8817,720575940630640604,T4b,T4 Neuron,input,left
8818,720575940630643164,T4d,T4 Neuron,input,left
8819,720575940630645356,T4d,T4 Neuron,input,right
8820,720575940630645729,T5c,T5 Neuron,input,right
8821,720575940630649196,T5c,T5 Neuron,input,left
8822,720575940630650220,T5d,T5 Neuron,input,left
8823,720575940630651991,T5a,T5 Neuron,input,right
8824,720575940630652665,T5d,T5 Neuron,input,left
8825,720575940630653515,T5a,T5 Neuron,input,right
8826,720575940630654459,T5b,T5 Neuron,input,left
8827,720575940630654927,T5d,T5 Neuron,input,right
8828,720575940630658041,T4b,T4 Neuron,input,right
8829,720575940630667576,T4c,T4 Neuron,input,right
8830,720575940630668492,T4a,T4 Neuron,input,left
8831,720575940630669672,T5c,T5 Neuron,input,right
8832,720575940630673623,T4b,T4 Neuron,input,left
8833,720575940630674647,T4a,T4 Neuron,input,left
8834,720575940630675415,T4c,T4 Neuron,input,right
8835,720575940630675705,T5a,T5 Neuron,input,left
8836,720575940630675756,T4c,T4 Neuron,input,right
8837,720575940630676217,T5b,T5 Neuron,input,left
8838,720575940630677100,T4d,T4 Neuron,input,left
8839,720575940630682220,T5c,T5 Neuron,input,left
8840,720575940630683692,T5d,T5 Neuron,input,right
8841,720575940630687350,T4b,T4 Neuron,input,left
8842,720575940630688207,T5a,T5 Neuron,input,right
8843,720575940630697334,T5b,T5 Neuron,input,left
8844,720575940630698496,T4d,T4 Neuron,input,left
8845,720575940630700348,VST1,VS,processing,right
8846,720575940630700684,T4b,T4 Neuron,input,right
8847,720575940630701430,T5d,T5 Neuron,input,left
8848,720575940630703865,T4b,T4 Neuron,input,left
8849,720575940630705995,T4a,T4 Neuron,input,right
8850,720575940630706169,T4c,T4 Neuron,input,right
8851,720575940630706302,T5a,T5 Neuron,input,right
8852,720575940630706476,T5a,T5 Neuron,input,left
8853,720575940630706683,T4b,T4 Neuron,input,right
8854,720575940630707193,T5a,T5 Neuron,input,left
8855,720575940630710521,T4b,T4 Neuron,input,left
8856,720575940630711127,T5c,T5 Neuron,input,left
8857,720575940630713081,T4d,T4 Neuron,input,right
8858,720575940630715129,T5b,T5 Neuron,input,left
8859,720575940630719340,T4a,T4 Neuron,input,right
8860,720575940630723671,T4c,T4 Neuron,input,right
8861,720575940630723685,T5a,T5 Neuron,input,right
8862,720575940630723948,T4b,T4 Neuron,input,left
8863,720575940630725162,T5d,T5 Neuron,input,left
8864,720575940630725340,T4b,T4 Neuron,input,left
8865,720575940630726442,T5c,T5 Neuron,input,left
8866,720575940630727276,T4a,T4 Neuron,input,left
8867,720575940630729180,T4d,T4 Neuron,input,left
8868,720575940630729320,T5b,T5 Neuron,input,right
8869,720575940630729580,T5d,T5 Neuron,input,left
8870,720575940630735447,T4a,T4 Neuron,input,right
8871,720575940630738775,T4d,T4 Neuron,input,right
8872,720575940630739705,T4c,T4 Neuron,input,right
8873,720575940630740421,T5c,T5 Neuron,input,left
8874,720575940630740439,T4d,T4 Neuron,input,left
8875,720575940630745196,T5a,T5 Neuron,input,left
8876,720575940630747356,T4d,T4 Neuron,input,left
8877,720575940630749647,T5b,T5 Neuron,input,left
8878,720575940630754635,T4b,T4 Neuron,input,right
8879,720575940630754942,T4d,T4 Neuron,input,left
8880,720575940630755269,T5d,T5 Neuron,input,right
8881,720575940630756712,T5a,T5 Neuron,input,right
8882,720575940630756734,T4d,T4 Neuron,input,left
8883,720575940630757371,T5a,T5 Neuron,input,right
8884,720575940630759223,T5b,T5 Neuron,input,left
8885,720575940630764793,T4b,T4 Neuron,input,right
8886,720575940630766610,T4b,T4 Neuron,input,right
8887,720575940630766647,T4b,T4 Neuron,input,right
8888,720575940630768146,T4d,T4 Neuron,input,right
8889,720575940630769399,T4c,T4 Neuron,input,left
8890,720575940630771707,T5a,T5 Neuron,input,left
8891,720575940630774376,T4d,T4 Neuron,input,right
8892,720575940630775545,T4a,T4 Neuron,input,left
8893,720575940630778981,T4d,T4 Neuron,input,right
8894,720575940630784599,T5a,T5 Neuron,input,right
8895,720575940630791798,T4a,T4 Neuron,input,left
8896,720575940630793943,T4c,T4 Neuron,input,right
8897,720575940630798039,T4c,T4 Neuron,input,left
8898,720575940630800747,T4b,T4 Neuron,input,right
8899,720575940630800762,T4a,T4 Neuron,input,right
8900,720575940630801605,T4c,T4 Neuron,input,right
8901,720575940630802373,T5d,T5 Neuron,input,right
8902,720575940630805096,T5a,T5 Neuron,input,right
8903,720575940630809400,T4d,T4 Neuron,input,right
8904,720575940630809448,T4c,T4 Neuron,input,right
8905,720575940630810050,T4c,T4 Neuron,input,left
8906,720575940630812022,T5d,T5 Neuron,input,right
8907,720575940630812111,T5d,T5 Neuron,input,left
8908,720575940630812231,T4a,T4 Neuron,input,right
8909,720575940630813433,T5b,T5 Neuron,input,left
8910,720575940630817068,T4c,T4 Neuron,input,left
8911,720575940630818135,T4b,T4 Neuron,input,right
8912,720575940630820396,T5b,T5 Neuron,input,left
8913,720575940630822522,T4c,T4 Neuron,input,left
8914,720575940630825338,T4a,T4 Neuron,input,right
8915,720575940630829419,T4c,T4 Neuron,input,right
8916,720575940630834042,T4c,T4 Neuron,input,left
8917,720575940630834191,T5d,T5 Neuron,input,right
8918,720575940630834316,T4a,T4 Neuron,input,right
8919,720575940630834647,T4d,T4 Neuron,input,left
8920,720575940630845435,T4c,T4 Neuron,input,left
8921,720575940630851900,T4b,T4 Neuron,input,left
8922,720575940630852623,T4c,T4 Neuron,input,right
8923,720575940630852663,T4d,T4 Neuron,input,left
8924,720575940630856668,T4c,T4 Neuron,input,left
8925,720575940630866316,T4b,T4 Neuron,input,left
8926,720575940630868165,T4c,T4 Neuron,input,right
8927,720575940630868933,T5a,T5 Neuron,input,right
8928,720575940630870120,T5c,T5 Neuron,input,right
8929,720575940630876111,T5c,T5 Neuron,input,right
8930,720575940630878316,T4c,T4 Neuron,input,left
8931,720575940630884203,T5b,T5 Neuron,input,right
8932,720575940630886487,T5c,T5 Neuron,input,left
8933,720575940630887442,T5b,T5 Neuron,input,left
8934,720575940630889490,T4d,T4 Neuron,input,left
8935,720575940630891883,T4b,T4 Neuron,input,right
8936,720575940630894799,T5c,T5 Neuron,input,right
8937,720575940630895119,T4a,T4 Neuron,input,left
8938,720575940630896758,T5c,T5 Neuron,input,left
8939,720575940630897260,T4c,T4 Neuron,input,left
8940,720575940630902828,T5a,T5 Neuron,input,left
8941,720575940630903948,T5d,T5 Neuron,input,right
8942,720575940630904057,T5b,T5 Neuron,input,left
8943,720575940630905039,T5d,T5 Neuron,input,left
8944,720575940630905228,T5d,T5 Neuron,input,right
8945,720575940630905415,T5d,T5 Neuron,input,right
8946,720575940630905807,T4b,T4 Neuron,input,right
8947,720575940630906130,T5c,T5 Neuron,input,right
8948,720575940630911596,T4d,T4 Neuron,input,right
8949,720575940630923857,T4b,T4 Neuron,input,left
8950,720575940630924625,T4b,T4 Neuron,input,left
8951,720575940630925775,T4a,T4 Neuron,input,left
8952,720575940630925942,T4c,T4 Neuron,input,right
8953,720575940630926423,T5b,T5 Neuron,input,left
8954,720575940630926807,T4a,T4 Neuron,input,left
8955,720575940630929194,T5c,T5 Neuron,input,right
8956,720575940630931671,T5a,T5 Neuron,input,left
8957,720575940630936284,T4d,T4 Neuron,input,right
8958,720575940630936527,T4b,T4 Neuron,input,left
8959,720575940630939439,T4c,T4 Neuron,input,left
8960,720575940630940463,T4b,T4 Neuron,input,left
8961,720575940630941714,T5b,T5 Neuron,input,right
8962,720575940630942671,T4c,T4 Neuron,input,left
8963,720575940630943668,T5d,T5 Neuron,input,right
8964,720575940630945551,T4c,T4 Neuron,input,right
8965,720575940630946647,T5c,T5 Neuron,input,left
8966,720575940630947799,T4c,T4 Neuron,input,left
8967,720575940630949071,T5c,T5 Neuron,input,left
8968,720575940630949647,T4b,T4 Neuron,input,right
8969,720575940630955068,T5c,T5 Neuron,input,left
8970,720575940630955700,T5b,T5 Neuron,input,right
8971,720575940630957007,T5c,T5 Neuron,input,right
8972,720575940630957775,T5b,T5 Neuron,input,left
8973,720575940630962396,T4a,T4 Neuron,input,left
8974,720575940630963451,T4c,T4 Neuron,input,left
8975,720575940630964561,T5b,T5 Neuron,input,right
8976,720575940630965366,T4c,T4 Neuron,input,left
8977,720575940630968773,T4d,T4 Neuron,input,right
8978,720575940630970053,T4c,T4 Neuron,input,left
8979,720575940630971136,T5d,T5 Neuron,input,right
8980,720575940630971589,T4d,T4 Neuron,input,left
8981,720575940630971599,T5d,T5 Neuron,input,right
8982,720575940630972178,T5b,T5 Neuron,input,right
8983,720575940630974423,T4d,T4 Neuron,input,left
8984,720575940630975279,T5b,T5 Neuron,input,left
8985,720575940630978391,T4c,T4 Neuron,input,right
8986,720575940630981484,T5b,T5 Neuron,input,left
8987,720575940630982796,T4c,T4 Neuron,input,left
8988,720575940630983183,T5a,T5 Neuron,input,left
8989,720575940630987727,T4c,T4 Neuron,input,left
8990,720575940630988113,T4b,T4 Neuron,input,right
8991,720575940630988375,T5c,T5 Neuron,input,left
8992,720575940630988625,T4c,T4 Neuron,input,right
8993,720575940630989519,T5b,T5 Neuron,input,left
8994,720575940630989899,T4c,T4 Neuron,input,right
8995,720575940630990155,T4a,T4 Neuron,input,left
8996,720575940630990287,T4a,T4 Neuron,input,left
8997,720575940630992384,T4a,T4 Neuron,input,left
8998,720575940630992896,T4a,T4 Neuron,input,left
8999,720575940630993423,T5c,T5 Neuron,input,right
9000,720575940630993768,T5c,T5 Neuron,input,left
9001,720575940630995983,T5c,T5 Neuron,input,right
9002,720575940630996754,T4b,T4 Neuron,input,right
9003,720575940630996951,T5d,T5 Neuron,input,left
9004,720575940630996956,T5c,T5 Neuron,input,left
9005,720575940631000940,T5c,T5 Neuron,input,left
9006,720575940631001903,T4a,T4 Neuron,input,left
9007,720575940631002199,T4a,T4 Neuron,input,left
9008,720575940631003192,T5d,T5 Neuron,input,right
9009,720575940631003643,T4b,T4 Neuron,input,left
9010,720575940631004278,T4a,T4 Neuron,input,left
9011,720575940631006012,T5b,T5 Neuron,input,right
9012,720575940631007051,T5d,T5 Neuron,input,right
9013,720575940631009810,T4c,T4 Neuron,input,right
9014,720575940631010095,T4c,T4 Neuron,input,left
9015,720575940631010578,T4d,T4 Neuron,input,right
9016,720575940631012370,T4d,T4 Neuron,input,right
9017,720575940631015891,T5b,T5 Neuron,input,left
9018,720575940631018071,T4c,T4 Neuron,input,left
9019,720575940631020027,T5c,T5 Neuron,input,left
9020,720575940631023435,T4c,T4 Neuron,input,left
9021,720575940631024209,T5b,T5 Neuron,input,right
9022,720575940631024687,T5d,T5 Neuron,input,left
9023,720575940631024837,T5b,T5 Neuron,input,left
9024,720575940631025995,T5c,T5 Neuron,input,right
9025,720575940631027275,T4a,T4 Neuron,input,right
9026,720575940631027397,T4d,T4 Neuron,input,right
9027,720575940631028219,T5d,T5 Neuron,input,left
9028,720575940631029199,T5b,T5 Neuron,input,left
9029,720575940631030603,T4c,T4 Neuron,input,right
9030,720575940631031855,T4d,T4 Neuron,input,right
9031,720575940631034443,T4a,T4 Neuron,input,left
9032,720575940631034455,T5c,T5 Neuron,input,right
9033,720575940631037015,T5c,T5 Neuron,input,left
9034,720575940631039183,T5a,T5 Neuron,input,left
9035,720575940631046999,T4b,T4 Neuron,input,right
9036,720575940631048279,T5c,T5 Neuron,input,right
9037,720575940631051771,T4d,T4 Neuron,input,left
9038,720575940631054649,T4c,T4 Neuron,input,right
9039,720575940631058895,T5b,T5 Neuron,input,left
9040,720575940631058937,T4b,T4 Neuron,input,left
9041,720575940631060987,T4b,T4 Neuron,input,left
9042,720575940631063363,T4b,T4 Neuron,input,left
9043,720575940631066107,T4a,T4 Neuron,input,left
9044,720575940631068227,T5c,T5 Neuron,input,right
9045,720575940631072527,T4b,T4 Neuron,input,right
9046,720575940631074255,T4a,T4 Neuron,input,left
9047,720575940631077750,T4b,T4 Neuron,input,left
9048,720575940631083727,T5c,T5 Neuron,input,left
9049,720575940631086135,T5b,T5 Neuron,input,left
9050,720575940631088591,T4b,T4 Neuron,input,right
9051,720575940631090743,T4a,T4 Neuron,input,left
9052,720575940631091397,T4a,T4 Neuron,input,left
9053,720575940631091730,T5a,T5 Neuron,input,right
9054,720575940631092291,T5c,T5 Neuron,input,right
9055,720575940631093560,T5d,T5 Neuron,input,right
9056,720575940631101215,T5a,T5 Neuron,input,right
9057,720575940631101999,T4b,T4 Neuron,input,right
9058,720575940631102223,T4b,T4 Neuron,input,left
9059,720575940631103094,T5d,T5 Neuron,input,left
9060,720575940631105105,T4b,T4 Neuron,input,left
9061,720575940631106364,T4c,T4 Neuron,input,left
9062,720575940631107359,T4d,T4 Neuron,input,right
9063,720575940631108805,T5d,T5 Neuron,input,right
9064,720575940631110252,T5d,T5 Neuron,input,left
9065,720575940631110475,T4b,T4 Neuron,input,right
9066,720575940631110853,T5b,T5 Neuron,input,left
9067,720575940631111936,T5d,T5 Neuron,input,right
9068,720575940631112668,T4b,T4 Neuron,input,right
9069,720575940631113068,T4d,T4 Neuron,input,left
9070,720575940631115771,T4a,T4 Neuron,input,left
9071,720575940631116847,T5c,T5 Neuron,input,right
9072,720575940631117174,T4c,T4 Neuron,input,left
9073,720575940631122489,T4c,T4 Neuron,input,right
9074,720575940631125156,T4c,T4 Neuron,input,left
9075,720575940631125455,T5a,T5 Neuron,input,left
9076,720575940631128364,T4b,T4 Neuron,input,left
9077,720575940631130399,T5a,T5 Neuron,input,left
9078,720575940631130655,T5a,T5 Neuron,input,right
9079,720575940631138322,T4b,T4 Neuron,input,right
9080,720575940631139072,T5a,T5 Neuron,input,right
9081,720575940631144310,T4c,T4 Neuron,input,left
9082,720575940631144479,T4b,T4 Neuron,input,left
9083,720575940631144868,T5a,T5 Neuron,input,left
9084,720575940631145803,T4b,T4 Neuron,input,left
9085,720575940631163904,T5a,T5 Neuron,input,right
9086,720575940631164316,T4b,T4 Neuron,input,right
9087,720575940631166208,T5d,T5 Neuron,input,right
9088,720575940631167140,T4c,T4 Neuron,input,left
9089,720575940631167535,T4b,T4 Neuron,input,right
9090,720575940631169017,T4c,T4 Neuron,input,left
9091,720575940631170041,T4c,T4 Neuron,input,left
9092,720575940631171143,T4c,T4 Neuron,input,left
9093,720575940631172665,T5c,T5 Neuron,input,right
9094,720575940631173906,T5b,T5 Neuron,input,left
9095,720575940631175030,T4b,T4 Neuron,input,left
9096,720575940631182892,T5a,T5 Neuron,input,left
9097,720575940631183012,T5d,T5 Neuron,input,right
9098,720575940631184633,T5d,T5 Neuron,input,left
9099,720575940631185452,T5d,T5 Neuron,input,left
9100,720575940631186596,T5b,T5 Neuron,input,right
9101,720575940631188524,T5b,T5 Neuron,input,right
9102,720575940631189622,T5a,T5 Neuron,input,left
9103,720575940631192620,T5b,T5 Neuron,input,right
9104,720575940631195154,T4c,T4 Neuron,input,left
9105,720575940631198457,T5c,T5 Neuron,input,left
9106,720575940631200786,T4b,T4 Neuron,input,left
9107,720575940631204623,T4b,T4 Neuron,input,left
9108,720575940631206564,T4d,T4 Neuron,input,left
9109,720575940631210808,T4c,T4 Neuron,input,left
9110,720575940631215353,T4d,T4 Neuron,input,right
9111,720575940631215609,T4b,T4 Neuron,input,right
9112,720575940631217751,T4d,T4 Neuron,input,left
9113,720575940631217915,T4b,T4 Neuron,input,left
9114,720575940631219318,T5c,T5 Neuron,input,left
9115,720575940631219364,T5c,T5 Neuron,input,right
9116,720575940631219500,T4d,T4 Neuron,input,right
9117,720575940631222031,T4c,T4 Neuron,input,right
9118,720575940631227434,T5a,T5 Neuron,input,right
9119,720575940631227641,T5d,T5 Neuron,input,left
9120,720575940631235343,T5b,T5 Neuron,input,right
9121,720575940631236772,T4a,T4 Neuron,input,right
9122,720575940631237135,T4d,T4 Neuron,input,left
9123,720575940631241002,T4b,T4 Neuron,input,right
9124,720575940631244306,T4d,T4 Neuron,input,right
9125,720575940631246380,T4a,T4 Neuron,input,left
9126,720575940631248079,T4a,T4 Neuron,input,right
9127,720575940631251543,T4d,T4 Neuron,input,right
9128,720575940631251743,T5d,T5 Neuron,input,right
9129,720575940631251919,T4a,T4 Neuron,input,right
9130,720575940631254347,T5c,T5 Neuron,input,left
9131,720575940631256338,T5b,T5 Neuron,input,right
9132,720575940631259154,T5c,T5 Neuron,input,left
9133,720575940631259679,T5b,T5 Neuron,input,left
9134,720575940631260175,T5c,T5 Neuron,input,right
9135,720575940631264042,T4d,T4 Neuron,input,left
9136,720575940631264587,T4b,T4 Neuron,input,left
9137,720575940631268252,T4b,T4 Neuron,input,right
9138,720575940631270556,T4c,T4 Neuron,input,right
9139,720575940631275863,T5a,T5 Neuron,input,right
9140,720575940631277866,T5c,T5 Neuron,input,right
9141,720575940631280292,T5d,T5 Neuron,input,left
9142,720575940631281706,T5b,T5 Neuron,input,right
9143,720575940631284439,T4b,T4 Neuron,input,right
9144,720575940631285110,T4c,T4 Neuron,input,left
9145,720575940631286343,T4c,T4 Neuron,input,right
9146,720575940631290410,T5d,T5 Neuron,input,right
9147,720575940631295483,T5b,T5 Neuron,input,right
9148,720575940631297999,T5c,T5 Neuron,input,left
9149,720575940631299013,T5c,T5 Neuron,input,left
9150,720575940631306255,T5d,T5 Neuron,input,left
9151,720575940631306538,T5b,T5 Neuron,input,right
9152,720575940631306552,T5a,T5 Neuron,input,right
9153,720575940631307212,T4c,T4 Neuron,input,right
9154,720575940631308027,T5c,T5 Neuron,input,left
9155,720575940631310351,T5b,T5 Neuron,input,right
9156,720575940631310799,T5c,T5 Neuron,input,left
9157,720575940631312891,T4b,T4 Neuron,input,left
9158,720575940631313423,T4b,T4 Neuron,input,left
9159,720575940631317967,T5b,T5 Neuron,input,left
9160,720575940631317985,T4d,T4 Neuron,input,left
9161,720575940631318735,T4c,T4 Neuron,input,left
9162,720575940631321797,T4b,T4 Neuron,input,right
9163,720575940631323663,T5b,T5 Neuron,input,right
9164,720575940631330263,T5b,T5 Neuron,input,right
9165,720575940631330484,T5c,T5 Neuron,input,right
9166,720575940631335978,T5c,T5 Neuron,input,right
9167,720575940631336187,T4d,T4 Neuron,input,left
9168,720575940631339700,T4c,T4 Neuron,input,right
9169,720575940631341519,T5a,T5 Neuron,input,left
9170,720575940631345450,T4c,T4 Neuron,input,right
9171,720575940631346892,T5c,T5 Neuron,input,right
9172,720575940631347218,T5d,T5 Neuron,input,right
9173,720575940631348299,T4b,T4 Neuron,input,left
9174,720575940631350287,T5c,T5 Neuron,input,left
9175,720575940631355919,T4b,T4 Neuron,input,left
9176,720575940631357967,T4b,T4 Neuron,input,left
9177,720575940631358735,T5d,T5 Neuron,input,left
9178,720575940631361477,T4c,T4 Neuron,input,left
9179,720575940631368259,T5b,T5 Neuron,input,right
9180,720575940631369925,T4c,T4 Neuron,input,right
9181,720575940631370932,T4b,T4 Neuron,input,right
9182,720575940631372406,T4d,T4 Neuron,input,left
9183,720575940631376658,T4a,T4 Neuron,input,left
9184,720575940631378755,T4a,T4 Neuron,input,right
9185,720575940631378986,T4b,T4 Neuron,input,right
9186,720575940631380751,T5a,T5 Neuron,input,left
9187,720575940631382851,T4a,T4 Neuron,input,right
9188,720575940631383594,T5b,T5 Neuron,input,left
9189,720575940631386937,T4b,T4 Neuron,input,left
9190,720575940631394129,T4a,T4 Neuron,input,left
9191,720575940631394245,T4c,T4 Neuron,input,left
9192,720575940631394883,T5c,T5 Neuron,input,left
9193,720575940631399631,T5d,T5 Neuron,input,left
9194,720575940631401064,T5d,T5 Neuron,input,right
9195,720575940631406587,T4c,T4 Neuron,input,right
9196,720575940631408203,T5b,T5 Neuron,input,right
9197,720575940631410060,T4a,T4 Neuron,input,right
9198,720575940631412280,T4b,T4 Neuron,input,left
9199,720575940631413711,T4d,T4 Neuron,input,left
9200,720575940631414120,T5c,T5 Neuron,input,right
9201,720575940631423274,T5a,T5 Neuron,input,left
9202,720575940631427788,T5c,T5 Neuron,input,left
9203,720575940631429955,T4c,T4 Neuron,input,left
9204,720575940631438696,T4c,T4 Neuron,input,right
9205,720575940631440235,T5d,T5 Neuron,input,right
9206,720575940631444299,T4d,T4 Neuron,input,right
9207,720575940631446570,T5d,T5 Neuron,input,right
9208,720575940631448716,T4c,T4 Neuron,input,right
9209,720575940631454250,T5c,T5 Neuron,input,left
9210,720575940631459114,T4a,T4 Neuron,input,left
9211,720575940631459370,T5a,T5 Neuron,input,left
9212,720575940631464811,T5c,T5 Neuron,input,right
9213,720575940631469931,T5a,T5 Neuron,input,right
9214,720575940631480919,T4d,T4 Neuron,input,left
9215,720575940631481012,T4d,T4 Neuron,input,right
9216,720575940631481593,T5a,T5 Neuron,input,right
9217,720575940631481849,T5a,T5 Neuron,input,left
9218,720575940631484411,T4d,T4 Neuron,input,left
9219,720575940631485814,T4d,T4 Neuron,input,left
9220,720575940631492153,T5b,T5 Neuron,input,left
9221,720575940631493739,T5c,T5 Neuron,input,right
9222,720575940631495348,T5a,T5 Neuron,input,right
9223,720575940631498307,T5a,T5 Neuron,input,right
9224,720575940631501123,T5b,T5 Neuron,input,right
9225,720575940631505219,T5c,T5 Neuron,input,right
9226,720575940631507287,T4a,T4 Neuron,input,right
9227,720575940631507531,T4b,T4 Neuron,input,left
9228,720575940631508175,T5a,T5 Neuron,input,left
9229,720575940631508793,T5a,T5 Neuron,input,left
9230,720575940631508803,T4a,T4 Neuron,input,right
9231,720575940631512517,T5d,T5 Neuron,input,left
9232,720575940631514179,T4c,T4 Neuron,input,right
9233,720575940631514699,T5d,T5 Neuron,input,left
9234,720575940631516852,T4b,T4 Neuron,input,right
9235,720575940631519018,T4b,T4 Neuron,input,left
9236,720575940631520056,T5a,T5 Neuron,input,right
9237,720575940631521484,T4c,T4 Neuron,input,right
9238,720575940631525839,T5b,T5 Neuron,input,right
9239,720575940631527480,T5b,T5 Neuron,input,right
9240,720575940631527588,T4b,T4 Neuron,input,left
9241,720575940631529514,T5b,T5 Neuron,input,left
9242,720575940631536455,T5d,T5 Neuron,input,right
9243,720575940631538499,T4d,T4 Neuron,input,left
9244,720575940631539019,T5d,T5 Neuron,input,left
9245,720575940631545931,T5c,T5 Neuron,input,left
9246,720575940631547211,T5a,T5 Neuron,input,left
9247,720575940631548714,T5b,T5 Neuron,input,right
9248,720575940631550250,T5a,T5 Neuron,input,right
9249,720575940631550520,T5d,T5 Neuron,input,right
9250,720575940631550715,T4c,T4 Neuron,input,left
9251,720575940631550735,T4d,T4 Neuron,input,left
9252,720575940631555535,T5c,T5 Neuron,input,left
9253,720575940631557699,T4c,T4 Neuron,input,right
9254,720575940631557839,T4a,T4 Neuron,input,left
9255,720575940631558995,T5c,T5 Neuron,input,right
9256,720575940631560504,T5b,T5 Neuron,input,right
9257,720575940631561272,T5a,T5 Neuron,input,right
9258,720575940631561784,T4d,T4 Neuron,input,right
9259,720575940631563091,T5c,T5 Neuron,input,right
9260,720575940631563205,T5d,T5 Neuron,input,right
9261,720575940631567687,T4b,T4 Neuron,input,right
9262,720575940631569256,T5a,T5 Neuron,input,right
9263,720575940631570733,T5c,T5 Neuron,input,right
9264,720575940631575096,T5c,T5 Neuron,input,right
9265,720575940631575503,T5a,T5 Neuron,input,left
9266,720575940631598863,T4c,T4 Neuron,input,right
9267,720575940631601227,T4b,T4 Neuron,input,right
9268,720575940631610472,T4c,T4 Neuron,input,right
9269,720575940631615545,VSm,VS,processing,right
9270,720575940631615993,T4c,T4 Neuron,input,right
9271,720575940631619667,T4a,T4 Neuron,input,left
9272,720575940631620089,T4a,T4 Neuron,input,right
9273,720575940631622712,T4b,T4 Neuron,input,right
9274,720575940631623466,T4c,T4 Neuron,input,left
9275,720575940631624248,T4a,T4 Neuron,input,right
9276,720575940631624504,T5a,T5 Neuron,input,left
9277,720575940631624760,T5d,T5 Neuron,input,right
9278,720575940631626514,T4b,T4 Neuron,input,left
9279,720575940631626552,T4a,T4 Neuron,input,left
9280,720575940631628345,T5b,T5 Neuron,input,right
9281,720575940631629625,T5d,T5 Neuron,input,right
9282,720575940631629899,T4c,T4 Neuron,input,left
9283,720575940631632440,T5a,T5 Neuron,input,right
9284,720575940631633208,T4b,T4 Neuron,input,right
9285,720575940631633489,T5c,T5 Neuron,input,right
9286,720575940631637048,T4b,T4 Neuron,input,right
9287,720575940631637304,T5a,T5 Neuron,input,left
9288,720575940631649554,T5d,T5 Neuron,input,right
9289,720575940631649807,T4d,T4 Neuron,input,left
9290,720575940631650335,T4d,T4 Neuron,input,left
9291,720575940631650664,T5a,T5 Neuron,input,right
9292,720575940631651641,T5a,T5 Neuron,input,right
9293,720575940631652114,T5d,T5 Neuron,input,left
9294,720575940631652427,T4a,T4 Neuron,input,left
9295,720575940631653463,T4c,T4 Neuron,input,left
9296,720575940631656877,T4d,T4 Neuron,input,right
9297,720575940631661586,T5b,T5 Neuron,input,left
9298,720575940631668072,T4b,T4 Neuron,input,right
9299,720575940631671400,T5a,T5 Neuron,input,right
9300,720575940631671889,T4c,T4 Neuron,input,right
9301,720575940631679080,T4d,T4 Neuron,input,left
9302,720575940631680312,T4d,T4 Neuron,input,right
9303,720575940631680843,T5c,T5 Neuron,input,left
9304,720575940631685480,T4b,T4 Neuron,input,right
9305,720575940631687471,T4d,T4 Neuron,input,right
9306,720575940631691587,T5b,T5 Neuron,input,left
9307,720575940631694127,T5c,T5 Neuron,input,right
9308,720575940631696441,T5c,T5 Neuron,input,right
9309,720575940631696697,T4c,T4 Neuron,input,left
9310,720575940631697000,T5c,T5 Neuron,input,right
9311,720575940631701608,T5d,T5 Neuron,input,right
9312,720575940631703341,T5b,T5 Neuron,input,right
9313,720575940631705807,T5a,T5 Neuron,input,right
9314,720575940631708238,T4c,T4 Neuron,input,left
9315,720575940631711951,T4c,T4 Neuron,input,left
9316,720575940631716781,T5c,T5 Neuron,input,right
9317,720575940631721413,T5d,T5 Neuron,input,left
9318,720575940631723050,T4d,T4 Neuron,input,left
9319,720575940631724611,T4a,T4 Neuron,input,left
9320,720575940631725452,T4b,T4 Neuron,input,right
9321,720575940631725880,T4c,T4 Neuron,input,right
9322,720575940631729548,T4b,T4 Neuron,input,right
9323,720575940631729967,T5a,T5 Neuron,input,right
9324,720575940631731523,T5d,T5 Neuron,input,left
9325,720575940631732536,T4d,T4 Neuron,input,right
9326,720575940631733263,T5a,T5 Neuron,input,left
9327,720575940631735826,T5a,T5 Neuron,input,left
9328,720575940631736680,T4c,T4 Neuron,input,right
9329,720575940631738415,T5c,T5 Neuron,input,right
9330,720575940631739309,T4c,T4 Neuron,input,left
9331,720575940631739641,T5d,T5 Neuron,input,left
9332,720575940631740970,T5c,T5 Neuron,input,right
9333,720575940631742604,T5d,T5 Neuron,input,right
9334,720575940631748152,T5d,T5 Neuron,input,right
9335,720575940631748653,T4a,T4 Neuron,input,left
9336,720575940631750671,T5a,T5 Neuron,input,right
9337,720575940631752249,T4c,T4 Neuron,input,left
9338,720575940631752515,T5c,T5 Neuron,input,left
9339,720575940631752877,T4b,T4 Neuron,input,right
9340,720575940631754819,T4b,T4 Neuron,input,left
9341,720575940631755075,T5a,T5 Neuron,input,left
9342,720575940631755746,T4b,T4 Neuron,input,right
9343,720575940631758411,T5b,T5 Neuron,input,left
9344,720575940631758562,T4b,T4 Neuron,input,right
9345,720575940631762233,T4b,T4 Neuron,input,right
9346,720575940631763596,T5a,T5 Neuron,input,left
9347,720575940631764108,T4a,T4 Neuron,input,left
9348,720575940631767436,T4a,T4 Neuron,input,right
9349,720575940631773226,T5c,T5 Neuron,input,left
9350,720575940631775815,T5d,T5 Neuron,input,right
9351,720575940631778090,T4d,T4 Neuron,input,left
9352,720575940631779395,T5c,T5 Neuron,input,right
9353,720575940631780419,T5b,T5 Neuron,input,left
9354,720575940631781443,T4b,T4 Neuron,input,left
9355,720575940631781736,T5a,T5 Neuron,input,right
9356,720575940631783365,T4d,T4 Neuron,input,left
9357,720575940631784808,T4c,T4 Neuron,input,right
9358,720575940631789583,T5b,T5 Neuron,input,left
9359,720575940631789880,T4b,T4 Neuron,input,left
9360,720575940631794730,T5b,T5 Neuron,input,left
9361,720575940631802565,T4c,T4 Neuron,input,left
9362,720575940631802937,T5c,T5 Neuron,input,right
9363,720575940631804333,T5c,T5 Neuron,input,left
9364,720575940631804845,T4c,T4 Neuron,input,right
9365,720575940631809091,T5a,T5 Neuron,input,right
9366,720575940631813391,T5b,T5 Neuron,input,right
9367,720575940631814248,T5a,T5 Neuron,input,right
9368,720575940631816143,T5b,T5 Neuron,input,right
9369,720575940631817868,T4d,T4 Neuron,input,left
9370,720575940631821672,T4c,T4 Neuron,input,left
9371,720575940631824938,T5b,T5 Neuron,input,left
9372,720575940631827523,T5d,T5 Neuron,input,left
9373,720575940631829644,T5b,T5 Neuron,input,right
9374,720575940631830083,T4d,T4 Neuron,input,right
9375,720575940631832121,T5c,T5 Neuron,input,right
9376,720575940631844939,T5a,T5 Neuron,input,left
9377,720575940631846324,T4d,T4 Neuron,input,right
9378,720575940631855687,T4a,T4 Neuron,input,right
9379,720575940631856451,T5b,T5 Neuron,input,right
9380,720575940631857208,T4a,T4 Neuron,input,left
9381,720575940631861048,T4b,T4 Neuron,input,right
9382,720575940631863864,T5d,T5 Neuron,input,left
9383,720575940631867715,T4d,T4 Neuron,input,left
9384,720575940631872569,T4b,T4 Neuron,input,right
9385,720575940631876153,T5a,T5 Neuron,input,left
9386,720575940631879225,T4a,T4 Neuron,input,right
9387,720575940631879480,T4d,T4 Neuron,input,right
9388,720575940631881784,T4a,T4 Neuron,input,left
9389,720575940631883320,T5a,T5 Neuron,input,right
9390,720575940631883883,T4c,T4 Neuron,input,right
9391,720575940631884369,T5c,T5 Neuron,input,right
9392,720575940631885964,T4c,T4 Neuron,input,right
9393,720575940631886378,T4c,T4 Neuron,input,left
9394,720575940631887464,T4d,T4 Neuron,input,right
9395,720575940631888524,T4b,T4 Neuron,input,right
9396,720575940631894238,T4b,T4 Neuron,input,right
9397,720575940631895144,T5d,T5 Neuron,input,left
9398,720575940631895352,T4c,T4 Neuron,input,left
9399,720575940631897362,T4d,T4 Neuron,input,right
9400,720575940631900044,T5a,T5 Neuron,input,right
9401,720575940631900728,T5c,T5 Neuron,input,left
9402,720575940631901267,T5a,T5 Neuron,input,right
9403,720575940631906360,T4c,T4 Neuron,input,left
9404,720575940631909037,T4a,T4 Neuron,input,right
9405,720575940631911235,T5a,T5 Neuron,input,right
9406,720575940631912495,T5c,T5 Neuron,input,right
9407,720575940631913041,T5b,T5 Neuron,input,right
9408,720575940631913234,T4c,T4 Neuron,input,left
9409,720575940631915083,T4c,T4 Neuron,input,left
9410,720575940631920983,T5c,T5 Neuron,input,left
9411,720575940631925305,T4b,T4 Neuron,input,left
9412,720575940631927855,T5c,T5 Neuron,input,right
9413,720575940631927865,T5c,T5 Neuron,input,left
9414,720575940631928376,T5a,T5 Neuron,input,right
9415,720575940631929431,T4a,T4 Neuron,input,right
9416,720575940631929647,T5a,T5 Neuron,input,right
9417,720575940631935116,T4c,T4 Neuron,input,right
9418,720575940631937460,T4d,T4 Neuron,input,right
9419,720575940631938575,T4c,T4 Neuron,input,left
9420,720575940631944775,T4c,T4 Neuron,input,right
9421,720575940631945002,T5b,T5 Neuron,input,left
9422,720575940631946287,T5b,T5 Neuron,input,left
9423,720575940631947079,T5a,T5 Neuron,input,right
9424,720575940631951756,T4a,T4 Neuron,input,right
9425,720575940631953479,T5b,T5 Neuron,input,left
9426,720575940631957049,T4a,T4 Neuron,input,left
9427,720575940631958073,T4b,T4 Neuron,input,left
9428,720575940631958097,T5b,T5 Neuron,input,right
9429,720575940631961144,T5a,T5 Neuron,input,left
9430,720575940631961657,T4c,T4 Neuron,input,right
9431,720575940631964985,T5a,T5 Neuron,input,left
9432,720575940631966009,T4b,T4 Neuron,input,right
9433,720575940631971346,T4c,T4 Neuron,input,right
9434,720575940631972559,T4a,T4 Neuron,input,left
9435,720575940631973903,T4d,T4 Neuron,input,left
9436,720575940631974504,T4a,T4 Neuron,input,left
9437,720575940631974712,T5c,T5 Neuron,input,left
9438,720575940631975505,T4a,T4 Neuron,input,right
9439,720575940631980136,T5b,T5 Neuron,input,left
9440,720575940631980172,T5c,T5 Neuron,input,left
9441,720575940631981624,T5d,T5 Neuron,input,left
9442,720575940631984170,T4c,T4 Neuron,input,left
9443,720575940631991476,T5c,T5 Neuron,input,right
9444,720575940631991749,T4c,T4 Neuron,input,left
9445,720575940631992623,T5a,T5 Neuron,input,left
9446,720575940631994193,T5c,T5 Neuron,input,right
9447,720575940631994680,T5d,T5 Neuron,input,left
9448,720575940631999951,T4a,T4 Neuron,input,right
9449,720575940632003907,T4b,T4 Neuron,input,left
9450,720575940632007224,T5c,T5 Neuron,input,left
9451,720575940632007860,T4c,T4 Neuron,input,right
9452,720575940632008007,T4a,T4 Neuron,input,right
9453,720575940632008978,T4a,T4 Neuron,input,left
9454,720575940632009007,T4d,T4 Neuron,input,right
9455,720575940632009908,T4d,T4 Neuron,input,right
9456,720575940632015427,T4c,T4 Neuron,input,left
9457,720575940632025036,T4c,T4 Neuron,input,right
9458,720575940632027729,T5b,T5 Neuron,input,left
9459,720575940632032360,T4c,T4 Neuron,input,right
9460,720575940632033298,T5a,T5 Neuron,input,right
9461,720575940632033996,T5c,T5 Neuron,input,right
9462,720575940632042031,T4a,T4 Neuron,input,left
9463,720575940632043215,T5d,T5 Neuron,input,left
9464,720575940632046393,T5d,T5 Neuron,input,left
9465,720575940632048780,T4a,T4 Neuron,input,left
9466,720575940632049804,T4d,T4 Neuron,input,right
9467,720575940632057425,T4d,T4 Neuron,input,right
9468,720575940632062372,T5d,T5 Neuron,input,right
9469,720575940632063043,T5c,T5 Neuron,input,right
9470,720575940632066408,T5b,T5 Neuron,input,left
9471,720575940632066664,T5a,T5 Neuron,input,left
9472,720575940632067665,T4a,T4 Neuron,input,right
9473,720575940632068623,T5b,T5 Neuron,input,right
9474,720575940632070284,T4a,T4 Neuron,input,right
9475,720575940632070820,T5d,T5 Neuron,input,right
9476,720575940632072722,T4d,T4 Neuron,input,right
9477,720575940632074669,T4c,T4 Neuron,input,right
9478,720575940632078220,T4a,T4 Neuron,input,left
9479,720575940632079431,T4c,T4 Neuron,input,left
9480,720575940632079540,T4b,T4 Neuron,input,right
9481,720575940632081316,T5b,T5 Neuron,input,right
9482,720575940632085048,T5d,T5 Neuron,input,left
9483,720575940632086343,T4d,T4 Neuron,input,left
9484,720575940632087948,T4a,T4 Neuron,input,left
9485,720575940632091203,T4d,T4 Neuron,input,left
9486,720575940632091812,T5d,T5 Neuron,input,right
9487,720575940632093068,T5b,T5 Neuron,input,left
9488,720575940632095313,T5d,T5 Neuron,input,right
9489,720575940632096042,T5c,T5 Neuron,input,left
9490,720575940632103711,T5a,T5 Neuron,input,left
9491,720575940632104519,T4c,T4 Neuron,input,left
9492,720575940632109855,T5a,T5 Neuron,input,right
9493,720575940632110543,T4a,T4 Neuron,input,left
9494,720575940632111311,T5d,T5 Neuron,input,right
9495,720575940632112211,T5d,T5 Neuron,input,right
9496,720575940632114191,T4d,T4 Neuron,input,right
9497,720575940632116388,T4b,T4 Neuron,input,right
9498,720575940632116807,T5a,T5 Neuron,input,left
9499,720575940632120632,T4b,T4 Neuron,input,left
9500,720575940632123020,T4a,T4 Neuron,input,left
9501,720575940632124975,T5a,T5 Neuron,input,right
9502,720575940632125521,T4a,T4 Neuron,input,left
9503,720575940632133992,T4d,T4 Neuron,input,left
9504,720575940632148051,T5c,T5 Neuron,input,right
9505,720575940632150412,T5b,T5 Neuron,input,left
9506,720575940632153415,T5c,T5 Neuron,input,right
9507,720575940632158767,T4c,T4 Neuron,input,left
9508,720575940632161361,T5c,T5 Neuron,input,left
9509,720575940632161863,T4c,T4 Neuron,input,left
9510,720575940632163655,T5a,T5 Neuron,input,left
9511,720575940632168356,T4c,T4 Neuron,input,left
9512,720575940632168612,T4c,T4 Neuron,input,right
9513,720575940632169356,T4c,T4 Neuron,input,right
9514,720575940632178503,T5c,T5 Neuron,input,left
9515,720575940632179983,T5b,T5 Neuron,input,right
9516,720575940632183948,T5d,T5 Neuron,input,left
9517,720575940632190092,T4c,T4 Neuron,input,right
9518,720575940632191652,T5c,T5 Neuron,input,right
9519,720575940632197407,T5a,T5 Neuron,input,right
9520,720575940632200076,T5c,T5 Neuron,input,left
9521,720575940632201007,T4a,T4 Neuron,input,left
9522,720575940632201543,T4b,T4 Neuron,input,left
9523,720575940632206244,T5c,T5 Neuron,input,right
9524,720575940632206500,T5d,T5 Neuron,input,right
9525,720575940632207890,T4a,T4 Neuron,input,left
9526,720575940632208927,T4a,T4 Neuron,input,right
9527,720575940632209199,T5a,T5 Neuron,input,left
9528,720575940632211667,T5c,T5 Neuron,input,right
9529,720575940632211986,T4c,T4 Neuron,input,left
9530,720575940632212024,T5b,T5 Neuron,input,left
9531,720575940632213063,T4a,T4 Neuron,input,left
9532,720575940632213924,T5b,T5 Neuron,input,right
9533,720575940632216290,T5b,T5 Neuron,input,right
9534,720575940632218193,T4a,T4 Neuron,input,left
9535,720575940632218947,T4c,T4 Neuron,input,left
9536,720575940632219690,T4c,T4 Neuron,input,left
9537,720575940632220719,T4d,T4 Neuron,input,right
9538,720575940632222381,T4d,T4 Neuron,input,right
9539,720575940632224583,T5b,T5 Neuron,input,left
9540,720575940632226700,T5c,T5 Neuron,input,left
9541,720575940632229540,T5a,T5 Neuron,input,right
9542,720575940632233287,T5c,T5 Neuron,input,right
9543,720575940632235823,T4c,T4 Neuron,input,left
9544,720575940632237127,T5d,T5 Neuron,input,left
9545,720575940632237534,T5d,T5 Neuron,input,right
9546,720575940632240465,T5c,T5 Neuron,input,right
9547,720575940632244281,T5d,T5 Neuron,input,left
9548,720575940632245575,T5d,T5 Neuron,input,left
9549,720575940632251729,T5a,T5 Neuron,input,right
9550,720575940632258607,T4a,T4 Neuron,input,left
9551,720575940632259665,T5d,T5 Neuron,input,right
9552,720575940632264775,T5d,T5 Neuron,input,right
9553,720575940632269267,T4c,T4 Neuron,input,right
9554,720575940632272782,T5c,T5 Neuron,input,right
9555,720575940632275854,T5d,T5 Neuron,input,right
9556,720575940632276049,T5c,T5 Neuron,input,left
9557,720575940632280680,T4c,T4 Neuron,input,right
9558,720575940632280903,T4b,T4 Neuron,input,right
9559,720575940632284207,T5a,T5 Neuron,input,left
9560,720575940632289327,T5c,T5 Neuron,input,left
9561,720575940632293580,T5a,T5 Neuron,input,right
9562,720575940632293823,T5a,T5 Neuron,input,left
9563,720575940632297901,T4a,T4 Neuron,input,right
9564,720575940632299212,T4d,T4 Neuron,input,right
9565,720575940632299335,T4a,T4 Neuron,input,right
9566,720575940632300345,T4b,T4 Neuron,input,right
9567,720575940632300600,T4c,T4 Neuron,input,left
9568,720575940632301523,T4c,T4 Neuron,input,right
9569,720575940632301538,T4d,T4 Neuron,input,left
9570,720575940632304780,T4b,T4 Neuron,input,left
9571,720575940632305977,T4a,T4 Neuron,input,left
9572,720575940632309156,T5d,T5 Neuron,input,right
9573,720575940632309560,T5a,T5 Neuron,input,left
9574,720575940632310328,T4c,T4 Neuron,input,right
9575,720575940632312907,VSm,VS,processing,right
9576,720575940632313764,T4d,T4 Neuron,input,right
9577,720575940632321355,T5d,T5 Neuron,input,left
9578,720575940632328403,T4b,T4 Neuron,input,right
9579,720575940632332333,T4c,T4 Neuron,input,right
9580,720575940632335500,T4d,T4 Neuron,input,left
9581,720575940632336941,T4a,T4 Neuron,input,right
9582,720575940632347459,T5d,T5 Neuron,input,left
9583,720575940632349458,T4c,T4 Neuron,input,left
9584,720575940632351007,T5b,T5 Neuron,input,left
9585,720575940632352298,T5b,T5 Neuron,input,left
9586,720575940632353453,T4d,T4 Neuron,input,right
9587,720575940632356370,T5b,T5 Neuron,input,left
9588,720575940632358674,T5d,T5 Neuron,input,right
9589,720575940632358930,T4a,T4 Neuron,input,left
9590,720575940632359566,T4b,T4 Neuron,input,right
9591,720575940632361490,T5d,T5 Neuron,input,left
9592,720575940632361953,T5c,T5 Neuron,input,right
9593,720575940632364359,T4d,T4 Neuron,input,left
9594,720575940632368696,T4c,T4 Neuron,input,left
9595,720575940632374867,T4b,T4 Neuron,input,right
9596,720575940632375379,T5a,T5 Neuron,input,right
9597,720575940632378828,T4c,T4 Neuron,input,right
9598,720575940632384810,T5c,T5 Neuron,input,right
9599,720575940632388675,T4d,T4 Neuron,input,left
9600,720575940632389201,T4c,T4 Neuron,input,right
9601,720575940632393529,T4d,T4 Neuron,input,right
9602,720575940632394916,T4d,T4 Neuron,input,right
9603,720575940632395859,T5a,T5 Neuron,input,right
9604,720575940632397393,T5b,T5 Neuron,input,left
9605,720575940632397454,T5c,T5 Neuron,input,right
9606,720575940632397599,T5b,T5 Neuron,input,right
9607,720575940632402892,T4d,T4 Neuron,input,right
9608,720575940632403108,T5c,T5 Neuron,input,left
9609,720575940632403779,T5d,T5 Neuron,input,left
9610,720575940632405668,T5b,T5 Neuron,input,left
9611,720575940632407144,T5a,T5 Neuron,input,left
9612,720575940632407265,T5c,T5 Neuron,input,left
9613,720575940632410451,T5a,T5 Neuron,input,left
9614,720575940632413544,T4d,T4 Neuron,input,right
9615,720575940632416398,T5b,T5 Neuron,input,right
9616,720575940632417363,T4a,T4 Neuron,input,right
9617,720575940632418956,T5c,T5 Neuron,input,left
9618,720575940632426660,T5d,T5 Neuron,input,left
9619,720575940632429369,T4d,T4 Neuron,input,left
9620,720575940632429416,T4d,T4 Neuron,input,right
9621,720575940632429794,T5a,T5 Neuron,input,right
9622,720575940632430623,T5b,T5 Neuron,input,left
9623,720575940632432195,T4d,T4 Neuron,input,left
9624,720575940632433000,T4b,T4 Neuron,input,right
9625,720575940632435999,T5d,T5 Neuron,input,right
9626,720575940632439400,T4c,T4 Neuron,input,right
9627,720575940632441427,T4c,T4 Neuron,input,right
9628,720575940632442707,T5c,T5 Neuron,input,right
9629,720575940632442828,T4d,T4 Neuron,input,right
9630,720575940632444431,T4a,T4 Neuron,input,right
9631,720575940632452909,T5b,T5 Neuron,input,right
9632,720575940632453162,T4b,T4 Neuron,input,left
9633,720575940632453459,T5d,T5 Neuron,input,right
9634,720575940632454957,T5b,T5 Neuron,input,right
9635,720575940632458577,T4b,T4 Neuron,input,left
9636,720575940632462244,T5a,T5 Neuron,input,right
9637,720575940632475192,T4d,T4 Neuron,input,left
9638,720575940632478048,T5d,T5 Neuron,input,left
9639,720575940632478816,T5a,T5 Neuron,input,left
9640,720575940632479289,T5b,T5 Neuron,input,left
9641,720575940632482273,T4c,T4 Neuron,input,left
9642,720575940632483532,T4b,T4 Neuron,input,right
9643,720575940632484177,T4d,T4 Neuron,input,left
9644,720575940632485945,T5d,T5 Neuron,input,left
9645,720575940632490527,T4a,T4 Neuron,input,right
9646,720575940632502543,T4d,T4 Neuron,input,left
9647,720575940632503180,T4c,T4 Neuron,input,left
9648,720575940632504740,T5b,T5 Neuron,input,left
9649,720575940632504996,T5a,T5 Neuron,input,left
9650,720575940632509552,T4b,T4 Neuron,input,right
9651,720575940632511201,T5b,T5 Neuron,input,left
9652,720575940632514616,T4d,T4 Neuron,input,left
9653,720575940632520495,T5c,T5 Neuron,input,left
9654,720575940632521273,T5d,T5 Neuron,input,left
9655,720575940632531148,T5b,T5 Neuron,input,left
9656,720575940632532792,T4b,T4 Neuron,input,left
9657,720575940632534355,T5c,T5 Neuron,input,left
9658,720575940632534988,T5b,T5 Neuron,input,right
9659,720575940632536289,T5d,T5 Neuron,input,left
9660,720575940632536718,T5d,T5 Neuron,input,right
9661,720575940632537252,T4c,T4 Neuron,input,left
9662,720575940632537508,T4b,T4 Neuron,input,left
9663,720575940632537764,T4b,T4 Neuron,input,left
9664,720575940632540620,T5c,T5 Neuron,input,right
9665,720575940632540753,T5d,T5 Neuron,input,left
9666,720575940632541838,T5c,T5 Neuron,input,right
9667,720575940632542289,T5d,T5 Neuron,input,left
9668,720575940632542433,T5c,T5 Neuron,input,left
9669,720575940632544799,T5d,T5 Neuron,input,left
9670,720575940632554029,T4c,T4 Neuron,input,left
9671,720575940632554382,T5c,T5 Neuron,input,right
9672,720575940632554700,T4c,T4 Neuron,input,left
9673,720575940632559919,T5b,T5 Neuron,input,left
9674,720575940632560865,T5d,T5 Neuron,input,left
9675,720575940632564781,T5c,T5 Neuron,input,right
9676,720575940632567204,T4b,T4 Neuron,input,left
9677,720575940632568863,T4a,T4 Neuron,input,left
9678,720575940632572447,T5d,T5 Neuron,input,left
9679,720575940632574433,T5c,T5 Neuron,input,left
9680,720575940632576654,T4d,T4 Neuron,input,right
9681,720575940632576910,T4c,T4 Neuron,input,right
9682,720575940632577934,T5b,T5 Neuron,input,right
9683,720575940632587724,T4d,T4 Neuron,input,left
9684,720575940632588113,T4d,T4 Neuron,input,left
9685,720575940632588236,T5c,T5 Neuron,input,left
9686,720575940632588430,T4c,T4 Neuron,input,right
9687,720575940632588439,T5b,T5 Neuron,input,left
9688,720575940632588831,T4b,T4 Neuron,input,left
9689,720575940632591268,T5b,T5 Neuron,input,left
9690,720575940632591683,T4d,T4 Neuron,input,right
9691,720575940632591897,T4c,T4 Neuron,input,right
9692,720575940632593735,T5c,T5 Neuron,input,right
9693,720575940632593868,T5d,T5 Neuron,input,left
9694,720575940632600680,T5a,T5 Neuron,input,right
9695,720575940632600740,T4d,T4 Neuron,input,left
9696,720575940632602439,T4c,T4 Neuron,input,left
9697,720575940632605092,T4c,T4 Neuron,input,left
9698,720575940632605357,T5c,T5 Neuron,input,left
9699,720575940632606767,T4b,T4 Neuron,input,left
9700,720575940632607569,T4b,T4 Neuron,input,left
9701,720575940632609956,T4d,T4 Neuron,input,left
9702,720575940632610444,T5b,T5 Neuron,input,left
9703,720575940632611409,T5d,T5 Neuron,input,left
9704,720575940632611615,T4a,T4 Neuron,input,right
9705,720575940632613262,T4d,T4 Neuron,input,right
9706,720575940632613688,T5c,T5 Neuron,input,left
9707,720575940632619033,T4d,T4 Neuron,input,left
9708,720575940632619172,T5a,T5 Neuron,input,left
9709,720575940632623943,T4d,T4 Neuron,input,right
9710,720575940632626479,T4c,T4 Neuron,input,left
9711,720575940632628684,T5a,T5 Neuron,input,right
9712,720575940632629551,T4c,T4 Neuron,input,right
9713,720575940632630611,T5b,T5 Neuron,input,right
9714,720575940632632365,T5b,T5 Neuron,input,right
9715,720575940632634707,T4c,T4 Neuron,input,left
9716,720575940632638253,T5b,T5 Neuron,input,right
9717,720575940632642847,T4d,T4 Neuron,input,left
9718,720575940632643245,T4a,T4 Neuron,input,right
9719,720575940632643501,T5b,T5 Neuron,input,right
9720,720575940632651940,T5a,T5 Neuron,input,left
9721,720575940632653112,T5d,T5 Neuron,input,left
9722,720575940632655955,T5d,T5 Neuron,input,left
9723,720575940632661412,T4b,T4 Neuron,input,right
9724,720575940632661452,T5a,T5 Neuron,input,right
9725,720575940632661587,T4a,T4 Neuron,input,left
9726,720575940632665252,T4b,T4 Neuron,input,right
9727,720575940632665548,T4a,T4 Neuron,input,left
9728,720575940632668753,T4a,T4 Neuron,input,left
9729,720575940632669922,T5d,T5 Neuron,input,left
9730,720575940632672851,T4b,T4 Neuron,input,right
9731,720575940632674605,T4d,T4 Neuron,input,right
9732,720575940632675117,T4b,T4 Neuron,input,right
9733,720575940632676895,T4b,T4 Neuron,input,left
9734,720575940632678687,T4c,T4 Neuron,input,left
9735,720575940632680855,T5c,T5 Neuron,input,left
9736,720575940632682067,T5b,T5 Neuron,input,right
9737,720575940632685004,T4c,T4 Neuron,input,right
9738,720575940632696012,T4a,T4 Neuron,input,left
9739,720575940632700487,T5b,T5 Neuron,input,left
9740,720575940632709068,T5d,T5 Neuron,input,right
9741,720575940632711332,T4b,T4 Neuron,input,left
9742,720575940632712275,T4c,T4 Neuron,input,right
9743,720575940632718623,T4a,T4 Neuron,input,right
9744,720575940632720485,T4a,T4 Neuron,input,right
9745,720575940632734637,T5b,T5 Neuron,input,right
9746,720575940632735140,T4a,T4 Neuron,input,left
9747,720575940632736101,T4b,T4 Neuron,input,right
9748,720575940632740269,T4c,T4 Neuron,input,right
9749,720575940632740399,T4d,T4 Neuron,input,left
9750,720575940632743751,T5c,T5 Neuron,input,left
9751,720575940632744621,T4a,T4 Neuron,input,right
9752,720575940632755225,T4b,T4 Neuron,input,left
9753,720575940632757039,T4c,T4 Neuron,input,left
9754,720575940632757404,T4c,T4 Neuron,input,left
9755,720575940632760933,T4c,T4 Neuron,input,right
9756,720575940632767336,T5a,T5 Neuron,input,left
9757,720575940632768799,T5b,T5 Neuron,input,left
9758,720575940632779603,T5c,T5 Neuron,input,left
9759,720575940632781139,T5b,T5 Neuron,input,left
9760,720575940632787364,T4d,T4 Neuron,input,left
9761,720575940632788900,T5c,T5 Neuron,input,left
9762,720575940632799059,T4a,T4 Neuron,input,right
9763,720575940632803411,T4a,T4 Neuron,input,right
9764,720575940632803921,T4a,T4 Neuron,input,right
9765,720575940632804377,T5c,T5 Neuron,input,left
9766,720575940632804383,T4d,T4 Neuron,input,left
9767,720575940632807085,T5c,T5 Neuron,input,right
9768,720575940632807341,T5c,T5 Neuron,input,left
9769,720575940632808479,T4b,T4 Neuron,input,left
9770,720575940632810285,T4d,T4 Neuron,input,right
9771,720575940632813357,T4c,T4 Neuron,input,right
9772,720575940632816813,T4d,T4 Neuron,input,right
9773,720575940632817069,T4c,T4 Neuron,input,right
9774,720575940632818605,T4c,T4 Neuron,input,right
9775,720575940632818910,T4d,T4 Neuron,input,right
9776,720575940632823912,T5b,T5 Neuron,input,right
9777,720575940632825261,T4c,T4 Neuron,input,right
9778,720575940632826797,T4b,T4 Neuron,input,right
9779,720575940632827731,T4a,T4 Neuron,input,left
9780,720575940632836435,T4d,T4 Neuron,input,left
9781,720575940632838995,T5c,T5 Neuron,input,left
9782,720575940632841773,T4b,T4 Neuron,input,right
9783,720575940632842148,T4c,T4 Neuron,input,right
9784,720575940632845139,T4b,T4 Neuron,input,left
9785,720575940632850340,T4d,T4 Neuron,input,left
9786,720575940632850643,T5d,T5 Neuron,input,right
9787,720575940632858707,T4b,T4 Neuron,input,right
9788,720575940632860499,T4b,T4 Neuron,input,right
9789,720575940632861267,T4d,T4 Neuron,input,right
9790,720575940632861779,T4c,T4 Neuron,input,right
9791,720575940632871469,T4a,T4 Neuron,input,left
9792,720575940632872670,T5d,T5 Neuron,input,right
9793,720575940632874029,T4a,T4 Neuron,input,left
9794,720575940632878649,T5d,T5 Neuron,input,left
9795,720575940632879673,T4b,T4 Neuron,input,left
9796,720575940632879699,T4a,T4 Neuron,input,left
9797,720575940632879841,T4a,T4 Neuron,input,right
9798,720575940632880185,T4c,T4 Neuron,input,left
9799,720575940632881235,T4c,T4 Neuron,input,left
9800,720575940632887085,T5a,T5 Neuron,input,left
9801,720575940632889645,T4b,T4 Neuron,input,right
9802,720575940632894174,T4a,T4 Neuron,input,right
9803,720575940632894803,T5d,T5 Neuron,input,left
9804,720575940632898444,T5a,T5 Neuron,input,left
9805,720575940632899501,T5a,T5 Neuron,input,right
9806,720575940632903085,T4b,T4 Neuron,input,right
9807,720575940632911456,T4a,T4 Neuron,input,left
9808,720575940632913965,T5b,T5 Neuron,input,left
9809,720575940632918867,T5a,T5 Neuron,input,left
9810,720575940632920030,T4d,T4 Neuron,input,right
9811,720575940632922067,T4d,T4 Neuron,input,right
9812,720575940632922835,T4d,T4 Neuron,input,right
9813,720575940632931294,T4c,T4 Neuron,input,right
9814,720575940632931764,T5d,T5 Neuron,input,right
9815,720575940632932397,T4b,T4 Neuron,input,left
9816,720575940632940077,T5a,T5 Neuron,input,left
9817,720575940632943780,T5d,T5 Neuron,input,left
9818,720575940632946340,T4a,T4 Neuron,input,right
9819,720575940632950684,T4c,T4 Neuron,input,right
9820,720575940632950948,T4d,T4 Neuron,input,left
9821,720575940632953912,T4a,T4 Neuron,input,left
9822,720575940632959132,T4d,T4 Neuron,input,left
9823,720575940632959396,T4a,T4 Neuron,input,left
9824,720575940632967588,T4b,T4 Neuron,input,left
9825,720575940632973357,T4b,T4 Neuron,input,right
9826,720575940632979100,T4a,T4 Neuron,input,right
9827,720575940632979364,T5b,T5 Neuron,input,left
9828,720575940632980132,T5a,T5 Neuron,input,left
9829,720575940633004700,T4b,T4 Neuron,input,left
9830,720575940633005212,T4a,T4 Neuron,input,right
9831,720575940633016019,T5b,T5 Neuron,input,right
9832,720575940633017625,T4a,T4 Neuron,input,left
9833,720575940633024869,T5c,T5 Neuron,input,right
9834,720575940633035693,T5d,T5 Neuron,input,right
9835,720575940633038748,T5a,T5 Neuron,input,right
9836,720575940633050705,T5c,T5 Neuron,input,left
9837,720575940633051821,T4c,T4 Neuron,input,left
9838,720575940633054637,T4c,T4 Neuron,input,left
9839,720575940633058733,T4b,T4 Neuron,input,right
9840,720575940633067219,T5c,T5 Neuron,input,left
9841,720575940633070673,T4a,T4 Neuron,input,left
9842,720575940633071827,T4d,T4 Neuron,input,right
9843,720575940633078829,T5b,T5 Neuron,input,right
9844,720575940633078867,T5d,T5 Neuron,input,left
9845,720575940633092819,T4b,T4 Neuron,input,left
9846,720575940633096659,T4a,T4 Neuron,input,right
9847,720575940633099932,T4c,T4 Neuron,input,left
9848,720575940633103772,T4c,T4 Neuron,input,right
9849,720575940633108141,T4c,T4 Neuron,input,left
9850,720575940633121692,T4c,T4 Neuron,input,left
9851,720575940633127597,T5d,T5 Neuron,input,left
9852,720575940633128991,T4d,T4 Neuron,input,left
9853,720575940633142497,T5b,T5 Neuron,input,right
9854,720575940633147556,T4d,T4 Neuron,input,left
9855,720575940633159650,T5d,T5 Neuron,input,right
9856,720575940633160674,T5a,T5 Neuron,input,right
9857,720575940633163172,T4c,T4 Neuron,input,left
9858,720575940633168083,T5c,T5 Neuron,input,left
9859,720575940633168548,T5b,T5 Neuron,input,right
9860,720575940633169060,T5d,T5 Neuron,input,left
9861,720575940633170076,T4a,T4 Neuron,input,right
9862,720575940633170207,T4d,T4 Neuron,input,right
9863,720575940633177517,T4a,T4 Neuron,input,right
9864,720575940633179949,T4c,T4 Neuron,input,right
9865,720575940633181410,T4c,T4 Neuron,input,right
9866,720575940633185363,T5d,T5 Neuron,input,right
9867,720575940633192109,T5b,T5 Neuron,input,left
9868,720575940633192930,T5a,T5 Neuron,input,left
9869,720575940633196591,T4d,T4 Neuron,input,right
9870,720575940633202914,T5d,T5 Neuron,input,left
9871,720575940633203620,T5c,T5 Neuron,input,left
9872,720575940633207085,T5a,T5 Neuron,input,left
9873,720575940633217607,T5c,T5 Neuron,input,left
9874,720575940633223348,T5a,T5 Neuron,input,left
9875,720575940633225427,T5a,T5 Neuron,input,left
9876,720575940633234658,T5b,T5 Neuron,input,right
9877,720575940633235225,T5b,T5 Neuron,input,right
9878,720575940633236132,T4b,T4 Neuron,input,left
9879,720575940633241647,T4d,T4 Neuron,input,left
9880,720575940633241952,T5b,T5 Neuron,input,left
9881,720575940633242649,T5c,T5 Neuron,input,right
9882,720575940633245907,T4b,T4 Neuron,input,right
9883,720575940633267501,T4b,T4 Neuron,input,left
9884,720575940633268525,T4a,T4 Neuron,input,right
9885,720575940633275874,T4a,T4 Neuron,input,left
9886,720575940633293599,T4d,T4 Neuron,input,right
9887,720575940633295571,T4c,T4 Neuron,input,right
9888,720575940633297107,T5b,T5 Neuron,input,right
9889,720575940633297377,T4c,T4 Neuron,input,right
9890,720575940633299808,T5a,T5 Neuron,input,right
9891,720575940633316633,T5a,T5 Neuron,input,right
9892,720575940633320343,T4c,T4 Neuron,input,right
9893,720575940633321954,T4a,T4 Neuron,input,left
9894,720575940633322956,T5c,T5 Neuron,input,left
9895,720575940633327697,T5a,T5 Neuron,input,left
9896,720575940633328209,T4a,T4 Neuron,input,left
9897,720575940633329886,T5a,T5 Neuron,input,right
9898,720575940633332505,T5c,T5 Neuron,input,right
9899,720575940633334112,T4a,T4 Neuron,input,right
9900,720575940633338263,T4c,T4 Neuron,input,left
9901,720575940633345561,T5d,T5 Neuron,input,right
9902,720575940633346515,T4c,T4 Neuron,input,left
9903,720575940633352127,T5d,T5 Neuron,input,right
9904,720575940633354321,T5a,T5 Neuron,input,right
9905,720575940633355987,T5b,T5 Neuron,input,right
9906,720575940633364388,T4c,T4 Neuron,input,right
9907,720575940633365730,T4b,T4 Neuron,input,left
9908,720575940633372129,T4b,T4 Neuron,input,right
9909,720575940633372627,T4c,T4 Neuron,input,right
9910,720575940633374116,T5d,T5 Neuron,input,left
9911,720575940633375827,T5d,T5 Neuron,input,left
9912,720575940633376173,T5c,T5 Neuron,input,left
9913,720575940633378274,T4a,T4 Neuron,input,right
9914,720575940633379991,T4c,T4 Neuron,input,left
9915,720575940633380192,T4c,T4 Neuron,input,right
9916,720575940633387233,T4c,T4 Neuron,input,right
9917,720575940633392083,T4c,T4 Neuron,input,right
9918,720575940633395999,T5b,T5 Neuron,input,right
9919,720575940633400986,T5c,T5 Neuron,input,right
9920,720575940633401313,T4a,T4 Neuron,input,right
9921,720575940633408869,T4b,T4 Neuron,input,right
9922,720575940633410199,T5a,T5 Neuron,input,right
9923,720575940633415137,T5a,T5 Neuron,input,right
9924,720575940633423586,T4b,T4 Neuron,input,right
9925,720575940633424479,T4c,T4 Neuron,input,left
9926,720575940633427155,T5c,T5 Neuron,input,left
9927,720575940633429470,T4b,T4 Neuron,input,right
9928,720575940633429726,T4b,T4 Neuron,input,right
9929,720575940633432621,T5b,T5 Neuron,input,left
9930,720575940633432798,T4b,T4 Neuron,input,right
9931,720575940633445663,T5a,T5 Neuron,input,left
9932,720575940633446175,T5c,T5 Neuron,input,left
9933,720575940633454305,T4b,T4 Neuron,input,right
9934,720575940633464033,T5d,T5 Neuron,input,right
9935,720575940633482777,T5a,T5 Neuron,input,right
9936,720575940633483746,T5c,T5 Neuron,input,right
9937,720575940633486765,T5b,T5 Neuron,input,right
9938,720575940633487059,T5a,T5 Neuron,input,left
9939,720575940633489875,T5b,T5 Neuron,input,left
9940,720575940633493971,T5d,T5 Neuron,input,left
9941,720575940633496237,T4b,T4 Neuron,input,left
9942,720575940633496545,T4a,T4 Neuron,input,right
9943,720575940633497570,T4a,T4 Neuron,input,right
9944,720575940633497826,T4b,T4 Neuron,input,right
9945,720575940633499929,T5b,T5 Neuron,input,right
9946,720575940633500311,T5c,T5 Neuron,input,left
9947,720575940633520927,T4a,T4 Neuron,input,right
9948,720575940633529555,T4b,T4 Neuron,input,right
9949,720575940633537235,T5b,T5 Neuron,input,left
9950,720575940633548499,T5b,T5 Neuron,input,right
9951,720575940633548510,T5b,T5 Neuron,input,right
9952,720575940633549599,T5a,T5 Neuron,input,left
9953,720575940633553886,T5c,T5 Neuron,input,right
9954,720575940633558047,T5c,T5 Neuron,input,right
9955,720575940633562078,T5d,T5 Neuron,input,right
9956,720575940633567679,T5c,T5 Neuron,input,left
9957,720575940633575134,T5a,T5 Neuron,input,right
9958,720575940633576161,T5c,T5 Neuron,input,left
9959,720575940633583187,T4c,T4 Neuron,input,right
9960,720575940633588761,T5d,T5 Neuron,input,right
9961,720575940633590117,T4d,T4 Neuron,input,right
9962,720575940633590445,T4d,T4 Neuron,input,left
9963,720575940633591397,T4b,T4 Neuron,input,right
9964,720575940633597285,T4c,T4 Neuron,input,right
9965,720575940633605345,T4a,T4 Neuron,input,right
9966,720575940633611987,T4c,T4 Neuron,input,left
9967,720575940633615807,T5a,T5 Neuron,input,right
9968,720575940633616851,T4a,T4 Neuron,input,left
9969,720575940633618272,T4a,T4 Neuron,input,right
9970,720575940633620388,T4b,T4 Neuron,input,left
9971,720575940633622553,T5a,T5 Neuron,input,left
9972,720575940633628256,T5b,T5 Neuron,input,left
9973,720575940633637805,T5c,T5 Neuron,input,right
9974,720575940633640929,T5c,T5 Neuron,input,left
9975,720575940633641186,T5c,T5 Neuron,input,right
9976,720575940633641442,T4c,T4 Neuron,input,right
9977,720575940633641919,T4b,T4 Neuron,input,right
9978,720575940633643490,T4d,T4 Neuron,input,right
9979,720575940633644174,T4d,T4 Neuron,input,right
9980,720575940633645011,T5b,T5 Neuron,input,left
9981,720575940633648153,T4b,T4 Neuron,input,right
9982,720575940633648526,T5b,T5 Neuron,input,right
9983,720575940633648782,T5a,T5 Neuron,input,right
9984,720575940633651737,T5c,T5 Neuron,input,right
9985,720575940633655194,T5d,T5 Neuron,input,right
9986,720575940633655694,T5a,T5 Neuron,input,right
9987,720575940633656345,T5a,T5 Neuron,input,right
9988,720575940633664281,T4b,T4 Neuron,input,right
9989,720575940633665049,T4d,T4 Neuron,input,right
9990,720575940633668322,T5d,T5 Neuron,input,left
9991,720575940633670882,T5c,T5 Neuron,input,right
9992,720575940633672078,T4a,T4 Neuron,input,right
9993,720575940633672162,T5c,T5 Neuron,input,right
9994,720575940633675693,T5d,T5 Neuron,input,left
9995,720575940633678478,T4c,T4 Neuron,input,right
9996,720575940633678734,T4c,T4 Neuron,input,right
9997,720575940633683086,T4d,T4 Neuron,input,right
9998,720575940633683757,T5b,T5 Neuron,input,right
9999,720575940633684446,T5c,T5 Neuron,input,right
10000,720575940633685146,T5a,T5 Neuron,input,right
10001,720575940633685982,T5c,T5 Neuron,input,right
10002,720575940633687972,T4a,T4 Neuron,input,right
10003,720575940633695201,T4c,T4 Neuron,input,right
10004,720575940633695898,T4b,T4 Neuron,input,left
10005,720575940633696666,T4d,T4 Neuron,input,right
10006,720575940633696723,T4c,T4 Neuron,input,left
10007,720575940633697727,T4b,T4 Neuron,input,left
10008,720575940633697983,T5b,T5 Neuron,input,right
10009,720575940633698515,T4b,T4 Neuron,input,left
10010,720575940633700065,T5d,T5 Neuron,input,left
10011,720575940633702370,T5c,T5 Neuron,input,left
10012,720575940633704217,T5d,T5 Neuron,input,right
10013,720575940633705370,T5c,T5 Neuron,input,left
10014,720575940633710306,T5b,T5 Neuron,input,left
10015,720575940633717855,T5a,T5 Neuron,input,right
10016,720575940633724767,T4b,T4 Neuron,input,right
10017,720575940633726303,T5b,T5 Neuron,input,left
10018,720575940633731423,T5a,T5 Neuron,input,left
10019,720575940633734734,T5c,T5 Neuron,input,left
10020,720575940633746713,T5c,T5 Neuron,input,right
10021,720575940633748706,T5b,T5 Neuron,input,right
10022,720575940633752159,T4c,T4 Neuron,input,left
10023,720575940633760993,T5a,T5 Neuron,input,left
10024,720575940633762785,T4a,T4 Neuron,input,left
10025,720575940633764959,T5b,T5 Neuron,input,right
10026,720575940633770091,T4a,T4 Neuron,input,right
10027,720575940633772001,T5a,T5 Neuron,input,left
10028,720575940633773025,T5c,T5 Neuron,input,left
10029,720575940633773919,T5b,T5 Neuron,input,right
10030,720575940633774562,T4a,T4 Neuron,input,left
10031,720575940633774818,T4d,T4 Neuron,input,left
10032,720575940633777247,T5d,T5 Neuron,input,right
10033,720575940633782170,T4a,T4 Neuron,input,left
10034,720575940633784986,T5d,T5 Neuron,input,right
10035,720575940633786975,T4a,T4 Neuron,input,right
10036,720575940633787327,T5d,T5 Neuron,input,right
10037,720575940633790745,T4c,T4 Neuron,input,right
10038,720575940633791513,T5c,T5 Neuron,input,right
10039,720575940633795795,T4b,T4 Neuron,input,left
10040,720575940633798335,T5d,T5 Neuron,input,left
10041,720575940633801573,T5a,T5 Neuron,input,right
10042,720575940633803877,T5d,T5 Neuron,input,right
10043,720575940633804389,T5d,T5 Neuron,input,right
10044,720575940633805267,T4d,T4 Neuron,input,right
10045,720575940633815522,T5c,T5 Neuron,input,left
10046,720575940633822690,T5b,T5 Neuron,input,left
10047,720575940633836954,T5d,T5 Neuron,input,left
10048,720575940633841325,T4a,T4 Neuron,input,left
10049,720575940633859482,T5c,T5 Neuron,input,right
10050,720575940633860703,T4b,T4 Neuron,input,right
10051,720575940633875808,T4d,T4 Neuron,input,right
10052,720575940633877087,T4a,T4 Neuron,input,right
10053,720575940633879853,T4a,T4 Neuron,input,right
10054,720575940633894507,T5c,T5 Neuron,input,right
10055,720575940633915031,T4c,T4 Neuron,input,left
10056,720575940633915982,T4b,T4 Neuron,input,left
10057,720575940633918489,T5d,T5 Neuron,input,left
10058,720575940633923298,VS8,VS,processing,left
10059,720575940633925472,T4a,T4 Neuron,input,left
10060,720575940633925739,T4b,T4 Neuron,input,right
10061,720575940633925966,T4b,T4 Neuron,input,left
10062,720575940633943708,T4c,T4 Neuron,input,right
10063,720575940633946731,T4b,T4 Neuron,input,right
10064,720575940633947161,T5b,T5 Neuron,input,left
10065,720575940633952869,T5a,T5 Neuron,input,right
10066,720575940633957710,T4a,T4 Neuron,input,left
10067,720575940633962853,T5b,T5 Neuron,input,right
10068,720575940633963181,T4a,T4 Neuron,input,right
10069,720575940633963949,T4a,T4 Neuron,input,right
10070,720575940633973529,T4d,T4 Neuron,input,right
10071,720575940633978649,T4c,T4 Neuron,input,right
10072,720575940633980697,T5c,T5 Neuron,input,left
10073,720575940633981921,T4a,T4 Neuron,input,right
10074,720575940633985436,T5d,T5 Neuron,input,left
10075,720575940633987179,T4c,T4 Neuron,input,left
10076,720575940633987228,T5d,T5 Neuron,input,left
10077,720575940633988889,T5c,T5 Neuron,input,left
10078,720575940633992729,T5a,T5 Neuron,input,left
10079,720575940634003790,T5d,T5 Neuron,input,left
10080,720575940634004124,T5c,T5 Neuron,input,right
10081,720575940634020833,T5a,T5 Neuron,input,left
10082,720575940634027932,T4b,T4 Neuron,input,right
10083,720575940634033308,T5a,T5 Neuron,input,right
10084,720575940634034457,T5b,T5 Neuron,input,right
10085,720575940634056555,T4c,T4 Neuron,input,left
10086,720575940634061419,T5a,T5 Neuron,input,right
10087,720575940634065433,T5d,T5 Neuron,input,right
10088,720575940634067612,T4c,T4 Neuron,input,right
10089,720575940634086295,T4b,T4 Neuron,input,right
10090,720575940634087393,T4d,T4 Neuron,input,left
10091,720575940634089116,T4c,T4 Neuron,input,right
10092,720575940634090080,T5d,T5 Neuron,input,right
10093,720575940634092442,T4c,T4 Neuron,input,left
10094,720575940634093675,T4d,T4 Neuron,input,right
10095,720575940634096353,T4c,T4 Neuron,input,left
10096,720575940634103777,T5a,T5 Neuron,input,right
10097,720575940634105754,T4b,T4 Neuron,input,left
10098,720575940634106975,T5a,T5 Neuron,input,left
10099,720575940634111167,T4b,T4 Neuron,input,right
10100,720575940634115952,T5a,T5 Neuron,input,right
10101,720575940634123219,T5c,T5 Neuron,input,right
10102,720575940634124057,T4a,T4 Neuron,input,right
10103,720575940634155033,T5a,T5 Neuron,input,left
10104,720575940634164702,T5b,T5 Neuron,input,right
10105,720575940634182355,T4d,T4 Neuron,input,right
10106,720575940634182937,T4c,T4 Neuron,input,right
10107,720575940634184800,T5c,T5 Neuron,input,right
10108,720575940634185568,T5c,T5 Neuron,input,right
10109,720575940634188770,T5c,T5 Neuron,input,left
10110,720575940634189790,T5c,T5 Neuron,input,right
10111,720575940634193008,T4c,T4 Neuron,input,right
10112,720575940634195819,T4d,T4 Neuron,input,right
10113,720575940634195934,T5c,T5 Neuron,input,right
10114,720575940634198112,T5a,T5 Neuron,input,left
10115,720575940634198483,T4c,T4 Neuron,input,left
10116,720575940634198684,T4d,T4 Neuron,input,left
10117,720575940634200160,T4c,T4 Neuron,input,right
10118,720575940634202480,T5b,T5 Neuron,input,right
10119,720575940634206576,T5b,T5 Neuron,input,right
10120,720575940634207644,T4b,T4 Neuron,input,right
10121,720575940634207900,T5b,T5 Neuron,input,left
10122,720575940634215836,T5b,T5 Neuron,input,right
10123,720575940634219616,T5d,T5 Neuron,input,right
10124,720575940634222687,T5b,T5 Neuron,input,left
10125,720575940634223968,T5b,T5 Neuron,input,left
10126,720575940634234524,T5b,T5 Neuron,input,left
10127,720575940634235488,T5b,T5 Neuron,input,left
10128,720575940634237375,T5a,T5 Neuron,input,left
10129,720575940634237791,T4d,T4 Neuron,input,right
10130,720575940634242782,T5d,T5 Neuron,input,right
10131,720575940634245857,T5b,T5 Neuron,input,left
10132,720575940634246611,T4a,T4 Neuron,input,left
10133,720575940634246881,T4b,T4 Neuron,input,right
10134,720575940634254748,T4a,T4 Neuron,input,right
10135,720575940634256279,T4a,T4 Neuron,input,right
10136,720575940634256540,T5c,T5 Neuron,input,right
10137,720575940634257634,T5b,T5 Neuron,input,left
10138,720575940634264601,T5a,T5 Neuron,input,left
10139,720575940634272864,T4b,T4 Neuron,input,left
10140,720575940634279160,T4d,T4 Neuron,input,right
10141,720575940634280092,T5a,T5 Neuron,input,left
10142,720575940634284444,T4c,T4 Neuron,input,left
10143,720575940634284954,T4c,T4 Neuron,input,right
10144,720575940634285980,T4d,T4 Neuron,input,left
10145,720575940634293172,T5b,T5 Neuron,input,left
10146,720575940634300642,T5b,T5 Neuron,input,left
10147,720575940634302419,T4a,T4 Neuron,input,right
10148,720575940634302560,T4c,T4 Neuron,input,right
10149,720575940634304692,T4c,T4 Neuron,input,left
10150,720575940634305016,T4b,T4 Neuron,input,left
10151,720575940634305632,T4d,T4 Neuron,input,left
10152,720575940634316439,T5c,T5 Neuron,input,right
10153,720575940634321308,T4b,T4 Neuron,input,left
10154,720575940634322424,T4b,T4 Neuron,input,left
10155,720575940634333852,T4c,T4 Neuron,input,right
10156,720575940634345626,T5a,T5 Neuron,input,right
10157,720575940634346135,T4c,T4 Neuron,input,right
10158,720575940634346391,T4a,T4 Neuron,input,right
10159,720575940634346592,T5b,T5 Neuron,input,right
10160,720575940634349304,T4c,T4 Neuron,input,left
10161,720575940634350584,T4d,T4 Neuron,input,left
10162,720575940634355993,T4a,T4 Neuron,input,right
10163,720575940634357343,T4d,T4 Neuron,input,right
10164,720575940634358196,T4d,T4 Neuron,input,right
10165,720575940634365852,T4d,T4 Neuron,input,left
10166,720575940634369643,T5d,T5 Neuron,input,left
10167,720575940634372600,T5d,T5 Neuron,input,left
10168,720575940634382328,T5d,T5 Neuron,input,right
10169,720575940634385945,T4c,T4 Neuron,input,right
10170,720575940634388064,T4d,T4 Neuron,input,right
10171,720575940634400959,T5b,T5 Neuron,input,right
10172,720575940634404322,T5a,T5 Neuron,input,right
10173,720575940634411871,T4d,T4 Neuron,input,left
10174,720575940634413920,T5c,T5 Neuron,input,left
10175,720575940634414783,T5c,T5 Neuron,input,right
10176,720575940634414999,T5c,T5 Neuron,input,right
10177,720575940634415385,T5d,T5 Neuron,input,left
10178,720575940634416564,T5c,T5 Neuron,input,left
10179,720575940634421099,T5b,T5 Neuron,input,right
10180,720575940634427799,T5c,T5 Neuron,input,left
10181,720575940634428255,T4b,T4 Neuron,input,right
10182,720575940634429119,T5a,T5 Neuron,input,right
10183,720575940634429280,T4b,T4 Neuron,input,left
10184,720575940634430048,T4b,T4 Neuron,input,right
10185,720575940634437089,T5c,T5 Neuron,input,right
10186,720575940634440473,T4b,T4 Neuron,input,left
10187,720575940634452080,T5c,T5 Neuron,input,right
10188,720575940634467064,T5b,T5 Neuron,input,right
10189,720575940634480023,T4d,T4 Neuron,input,right
10190,720575940634482272,T5a,T5 Neuron,input,right
10191,720575940634487904,T5d,T5 Neuron,input,left
10192,720575940634499832,T4a,T4 Neuron,input,right
10193,720575940634510231,T5a,T5 Neuron,input,left
10194,720575940634515170,T4b,T4 Neuron,input,left
10195,720575940634520683,T4a,T4 Neuron,input,right
10196,720575940634522208,T4a,T4 Neuron,input,left
10197,720575940634530786,T4b,T4 Neuron,input,left
10198,720575940634531042,T4a,T4 Neuron,input,left
10199,720575940634538135,T4d,T4 Neuron,input,right
10200,720575940634542191,T4d,T4 Neuron,input,right
10201,720575940634566625,T4c,T4 Neuron,input,left
10202,720575940634573408,T4d,T4 Neuron,input,right
10203,720575940634580331,T4a,T4 Neuron,input,right
10204,720575940634591851,T4b,T4 Neuron,input,right
10205,720575940634598039,T5a,T5 Neuron,input,left
10206,720575940634600287,T5b,T5 Neuron,input,right
10207,720575940634600599,T4c,T4 Neuron,input,left
10208,720575940634603711,T5d,T5 Neuron,input,right
10209,720575940634607712,T4b,T4 Neuron,input,left
10210,720575940634610844,T4d,T4 Neuron,input,left
10211,720575940634619929,T4b,T4 Neuron,input,left
10212,720575940634622059,T5a,T5 Neuron,input,right
10213,720575940634622359,T4a,T4 Neuron,input,right
10214,720575940634630752,T4b,T4 Neuron,input,left
10215,720575940634636001,T5c,T5 Neuron,input,left
10216,720575940634645088,T4c,T4 Neuron,input,left
10217,720575940634658841,T5c,T5 Neuron,input,left
10218,720575940634664162,T4b,T4 Neuron,input,left
10219,720575940634664895,T5c,T5 Neuron,input,right
10220,720575940634667871,T4a,T4 Neuron,input,left
10221,720575940634672736,T5b,T5 Neuron,input,left
10222,720575940634676122,T5d,T5 Neuron,input,right
10223,720575940634688156,T5c,T5 Neuron,input,left
10224,720575940634690411,T5a,T5 Neuron,input,right
10225,720575940634696161,T4a,T4 Neuron,input,right
10226,720575940634716058,T5d,T5 Neuron,input,right
10227,720575940634716570,T4d,T4 Neuron,input,right
10228,720575940634721983,T4d,T4 Neuron,input,left
10229,720575940634722239,T5b,T5 Neuron,input,right
10230,720575940634725567,T4a,T4 Neuron,input,left
10231,720575940634727359,T5b,T5 Neuron,input,left
10232,720575940634727834,T5d,T5 Neuron,input,right
10233,720575940634732439,T4b,T4 Neuron,input,left
10234,720575940634733722,T5a,T5 Neuron,input,right
10235,720575940634735255,T5d,T5 Neuron,input,left
10236,720575940634736535,T5a,T5 Neuron,input,right
10237,720575940634743403,T5d,T5 Neuron,input,right
10238,720575940634753983,T4b,T4 Neuron,input,right
10239,720575940634759066,T5a,T5 Neuron,input,right
10240,720575940634767711,T4c,T4 Neuron,input,right
10241,720575940634768063,T4a,T4 Neuron,input,left
10242,720575940634781082,T5d,T5 Neuron,input,right
10243,720575940634784410,T5a,T5 Neuron,input,right
10244,720575940634785431,T4b,T4 Neuron,input,left
10245,720575940634786972,T5d,T5 Neuron,input,left
10246,720575940634787996,T4c,T4 Neuron,input,left
10247,720575940634788448,T4d,T4 Neuron,input,left
10248,720575940634788703,T4d,T4 Neuron,input,right
10249,720575940634793407,T5b,T5 Neuron,input,left
10250,720575940634794894,T5a,T5 Neuron,input,left
10251,720575940634812351,T4c,T4 Neuron,input,left
10252,720575940634825567,T4d,T4 Neuron,input,right
10253,720575940634830699,T4c,T4 Neuron,input,right
10254,720575940634834330,T5b,T5 Neuron,input,right
10255,720575940634835551,T5a,T5 Neuron,input,right
10256,720575940634835610,T5a,T5 Neuron,input,right
10257,720575940634836216,T5c,T5 Neuron,input,right
10258,720575940634840683,T4a,T4 Neuron,input,right
10259,720575940634846815,T5a,T5 Neuron,input,right
10260,720575940634862490,T4d,T4 Neuron,input,right
10261,720575940634863967,T5c,T5 Neuron,input,left
10262,720575940634866799,T5b,T5 Neuron,input,right
10263,720575940634874815,T5d,T5 Neuron,input,right
10264,720575940634874975,T4c,T4 Neuron,input,right
10265,720575940634877547,T5c,T5 Neuron,input,right
10266,720575940634880412,T5c,T5 Neuron,input,left
10267,720575940634881175,T4a,T4 Neuron,input,left
10268,720575940634881817,T4d,T4 Neuron,input,left
10269,720575940634885015,T4b,T4 Neuron,input,left
10270,720575940634890095,T5b,T5 Neuron,input,right
10271,720575940634893534,T4b,T4 Neuron,input,right
10272,720575940634895002,T5b,T5 Neuron,input,right
10273,720575940634896535,T5a,T5 Neuron,input,left
10274,720575940634902624,T4d,T4 Neuron,input,left
10275,720575940634914411,T4c,T4 Neuron,input,right
10276,720575940634917999,T4c,T4 Neuron,input,left
10277,720575940634920043,T5b,T5 Neuron,input,left
10278,720575940634922647,T4b,T4 Neuron,input,right
10279,720575940634922859,T5c,T5 Neuron,input,left
10280,720575940634922906,T4b,T4 Neuron,input,right
10281,720575940634935403,T4b,T4 Neuron,input,right
10282,720575940634935833,T4a,T4 Neuron,input,left
10283,720575940634942143,T5b,T5 Neuron,input,right
10284,720575940634945692,T4c,T4 Neuron,input,left
10285,720575940634946199,T4d,T4 Neuron,input,left
10286,720575940634947167,T4d,T4 Neuron,input,right
10287,720575940634949995,T5c,T5 Neuron,input,right
10288,720575940634951543,T4c,T4 Neuron,input,left
10289,720575940634954009,T5a,T5 Neuron,input,right
10290,720575940634954080,T4b,T4 Neuron,input,left
10291,720575940634954335,T4d,T4 Neuron,input,left
10292,720575940634956700,T4a,T4 Neuron,input,left
10293,720575940634957931,T4d,T4 Neuron,input,right
10294,720575940634959200,T5a,T5 Neuron,input,left
10295,720575940634970743,T5b,T5 Neuron,input,right
10296,720575940634974103,T5d,T5 Neuron,input,right
10297,720575940634979735,T4a,T4 Neuron,input,left
10298,720575940634996505,T4b,T4 Neuron,input,left
10299,720575940634999231,T4b,T4 Neuron,input,right
10300,720575940635000939,T4c,T4 Neuron,input,left
10301,720575940635001445,T4c,T4 Neuron,input,left
10302,720575940635003799,T5a,T5 Neuron,input,right
10303,720575940635010199,T4a,T4 Neuron,input,left
10304,720575940635013015,T5c,T5 Neuron,input,left
10305,720575940635016639,T4a,T4 Neuron,input,left
10306,720575940635018135,T5d,T5 Neuron,input,left
10307,720575940635018431,T4a,T4 Neuron,input,left
10308,720575940635021247,T4c,T4 Neuron,input,right
10309,720575940635021486,T5a,T5 Neuron,input,left
10310,720575940635021759,T5b,T5 Neuron,input,right
10311,720575940635031447,T4a,T4 Neuron,input,right
10312,720575940635031647,T4d,T4 Neuron,input,left
10313,720575940635037082,T4a,T4 Neuron,input,left
10314,720575940635046810,T4c,T4 Neuron,input,left
10315,720575940635047319,T4b,T4 Neuron,input,left
10316,720575940635065719,T5c,T5 Neuron,input,left
10317,720575940635070655,T4a,T4 Neuron,input,left
10318,720575940635075007,T4c,T4 Neuron,input,left
10319,720575940635075038,T4c,T4 Neuron,input,right
10320,720575940635075263,T4b,T4 Neuron,input,left
10321,720575940635083162,T4c,T4 Neuron,input,left
10322,720575940635088480,T4c,T4 Neuron,input,left
10323,720575940635089015,T4c,T4 Neuron,input,left
10324,720575940635091351,T4c,T4 Neuron,input,left
10325,720575940635093785,T5c,T5 Neuron,input,right
10326,720575940635100572,T4a,T4 Neuron,input,right
10327,720575940635105175,T5b,T5 Neuron,input,left
10328,720575940635109983,T5b,T5 Neuron,input,right
10329,720575940635110751,T5b,T5 Neuron,input,left
10330,720575940635113919,T4a,T4 Neuron,input,right
10331,720575940635121818,T5a,T5 Neuron,input,right
10332,720575940635125600,T5b,T5 Neuron,input,left
10333,720575940635135327,T5d,T5 Neuron,input,left
10334,720575940635136410,T5c,T5 Neuron,input,left
10335,720575940635144555,T5b,T5 Neuron,input,left
10336,720575940635146091,T5c,T5 Neuron,input,left
10337,720575940635149151,T4a,T4 Neuron,input,right
10338,720575940635163499,T5c,T5 Neuron,input,right
10339,720575940635164011,T5d,T5 Neuron,input,right
10340,720575940635171695,T5b,T5 Neuron,input,right
10341,720575940635172203,T5a,T5 Neuron,input,left
10342,720575940635172960,T4d,T4 Neuron,input,left
10343,720575940635172975,T5d,T5 Neuron,input,left
10344,720575940635177370,T4c,T4 Neuron,input,left
10345,720575940635178091,T5c,T5 Neuron,input,right
10346,720575940635180695,T4d,T4 Neuron,input,right
10347,720575940635183028,T5d,T5 Neuron,input,right
10348,720575940635186839,T4d,T4 Neuron,input,right
10349,720575940635187557,T5b,T5 Neuron,input,right
10350,720575940635192159,T5b,T5 Neuron,input,right
10351,720575940635192474,T4b,T4 Neuron,input,right
10352,720575940635193195,T4d,T4 Neuron,input,right
10353,720575940635196528,T5c,T5 Neuron,input,right
10354,720575940635198815,T4d,T4 Neuron,input,left
10355,720575940635204031,T5d,T5 Neuron,input,left
10356,720575940635207580,T4d,T4 Neuron,input,left
10357,720575940635209367,T5c,T5 Neuron,input,left
10358,720575940635213157,T4a,T4 Neuron,input,right
10359,720575940635214181,T4d,T4 Neuron,input,right
10360,720575940635214437,T5b,T5 Neuron,input,left
10361,720575940635218327,T5a,T5 Neuron,input,right
10362,720575940635219903,T4c,T4 Neuron,input,right
10363,720575940635220148,T4b,T4 Neuron,input,right
10364,720575940635223397,T4b,T4 Neuron,input,right
10365,720575940635232180,T4a,T4 Neuron,input,right
10366,720575940635234189,T4b,T4 Neuron,input,right
10367,720575940635234484,T5a,T5 Neuron,input,right
10368,720575940635237044,T5b,T5 Neuron,input,right
10369,720575940635240333,T4b,T4 Neuron,input,right
10370,720575940635242853,T5d,T5 Neuron,input,left
10371,720575940635244133,T5c,T5 Neuron,input,right
10372,720575940635245492,T4a,T4 Neuron,input,right
10373,720575940635252109,T4d,T4 Neuron,input,right
10374,720575940635252877,T4d,T4 Neuron,input,right
10375,720575940635254520,T5d,T5 Neuron,input,right
10376,720575940635271019,T4c,T4 Neuron,input,left
10377,720575940635277468,T4a,T4 Neuron,input,left
10378,720575940635282332,T4a,T4 Neuron,input,right
10379,720575940635282868,T5a,T5 Neuron,input,right
10380,720575940635286196,T5b,T5 Neuron,input,right
10381,720575940635287476,T5b,T5 Neuron,input,right
10382,720575940635292351,T5b,T5 Neuron,input,left
10383,720575940635302580,T5a,T5 Neuron,input,right
10384,720575940635313562,T4c,T4 Neuron,input,right
10385,720575940635330484,T4c,T4 Neuron,input,right
10386,720575940635344052,T5d,T5 Neuron,input,right
10387,720575940635350520,T4c,T4 Neuron,input,right
10388,720575940635351452,T4a,T4 Neuron,input,left
10389,720575940635353268,T5d,T5 Neuron,input,left
10390,720575940635371405,T4c,T4 Neuron,input,right
10391,720575940635373560,T5a,T5 Neuron,input,right
10392,720575940635373919,T4d,T4 Neuron,input,right
10393,720575940635379612,T4b,T4 Neuron,input,left
10394,720575940635381934,T4c,T4 Neuron,input,left
10395,720575940635386010,T5d,T5 Neuron,input,left
10396,720575940635389303,T4a,T4 Neuron,input,left
10397,720575940635389791,T4b,T4 Neuron,input,left
10398,720575940635400622,T4d,T4 Neuron,input,left
10399,720575940635411307,T4c,T4 Neuron,input,left
10400,720575940635411551,T5b,T5 Neuron,input,left
10401,720575940635414708,T5d,T5 Neuron,input,right
10402,720575940635430904,T4b,T4 Neuron,input,right
10403,720575940635433407,T5b,T5 Neuron,input,left
10404,720575940635446264,T4c,T4 Neuron,input,right
10405,720575940635448312,T4b,T4 Neuron,input,right
10406,720575940635448683,T4d,T4 Neuron,input,left
10407,720575940635450104,T5a,T5 Neuron,input,left
10408,720575940635454315,T4c,T4 Neuron,input,left
10409,720575940635454827,T4c,T4 Neuron,input,right
10410,720575940635458734,T4d,T4 Neuron,input,left
10411,720575940635460971,T4c,T4 Neuron,input,left
10412,720575940635465407,T5a,T5 Neuron,input,right
10413,720575940635487924,T5c,T5 Neuron,input,left
10414,720575940635491982,T4b,T4 Neuron,input,right
10415,720575940635503758,T4b,T4 Neuron,input,right
10416,720575940635510623,T5c,T5 Neuron,input,left
10417,720575940635516314,T4c,T4 Neuron,input,left
10418,720575940635518093,T4a,T4 Neuron,input,right
10419,720575940635522484,T5a,T5 Neuron,input,left
10420,720575940635522740,T4b,T4 Neuron,input,left
10421,720575940635523007,T4a,T4 Neuron,input,left
10422,720575940635526904,T4d,T4 Neuron,input,left
10423,720575940635528440,T5a,T5 Neuron,input,right
10424,720575940635534271,T5b,T5 Neuron,input,left
10425,720575940635536814,T4b,T4 Neuron,input,left
10426,720575940635537037,T4d,T4 Neuron,input,right
10427,720575940635542452,T4a,T4 Neuron,input,right
10428,720575940635544056,T4b,T4 Neuron,input,left
10429,720575940635544973,T4b,T4 Neuron,input,right
10430,720575940635551840,T5d,T5 Neuron,input,left
10431,720575940635552436,T5b,T5 Neuron,input,left
10432,720575940635554740,T5c,T5 Neuron,input,left
10433,720575940635555246,T5a,T5 Neuron,input,left
10434,720575940635556344,T5c,T5 Neuron,input,left
10435,720575940635560895,T4d,T4 Neuron,input,right
10436,720575940635561663,T5a,T5 Neuron,input,right
10437,720575940635562347,T4d,T4 Neuron,input,right
10438,720575940635565978,T5d,T5 Neuron,input,left
10439,720575940635571808,T5a,T5 Neuron,input,left
10440,720575940635589044,T4b,T4 Neuron,input,right
10441,720575940635592372,T5b,T5 Neuron,input,left
10442,720575940635593208,T5c,T5 Neuron,input,left
10443,720575940635608756,T5a,T5 Neuron,input,left
10444,720575940635616154,T4d,T4 Neuron,input,left
10445,720575940635622377,T5a,T5 Neuron,input,left
10446,720575940635630584,T5a,T5 Neuron,input,left
10447,720575940635630989,T4b,T4 Neuron,input,right
10448,720575940635633271,T4c,T4 Neuron,input,left
10449,720575940635633588,T4c,T4 Neuron,input,right
10450,720575940635636404,T5d,T5 Neuron,input,left
10451,720575940635637428,T4a,T4 Neuron,input,right
10452,720575940635649690,T4c,T4 Neuron,input,left
10453,720575940635653880,T4a,T4 Neuron,input,left
10454,720575940635663295,T4d,T4 Neuron,input,left
10455,720575940635666031,T5d,T5 Neuron,input,right
10456,720575940635669428,T4a,T4 Neuron,input,left
10457,720575940635675767,T5c,T5 Neuron,input,right
10458,720575940635682159,T4a,T4 Neuron,input,right
10459,720575940635683695,T4c,T4 Neuron,input,right
10460,720575940635686763,T4b,T4 Neuron,input,left
10461,720575940635690351,T5c,T5 Neuron,input,right
10462,720575940635691000,T5a,T5 Neuron,input,left
10463,720575940635693919,T5b,T5 Neuron,input,left
10464,720575940635694328,T4a,T4 Neuron,input,right
10465,720575940635698936,T5a,T5 Neuron,input,left
10466,720575940635700335,T4c,T4 Neuron,input,right
10467,720575940635701103,T5c,T5 Neuron,input,right
10468,720575940635701496,T4d,T4 Neuron,input,left
10469,720575940635702520,T4d,T4 Neuron,input,left
10470,720575940635716020,T5d,T5 Neuron,input,left
10471,720575940635718751,T4a,T4 Neuron,input,right
10472,720575940635736687,T5d,T5 Neuron,input,right
10473,720575940635736943,T5a,T5 Neuron,input,right
10474,720575940635743156,T5d,T5 Neuron,input,left
10475,720575940635745648,T4c,T4 Neuron,input,right
10476,720575940635747064,T5b,T5 Neuron,input,left
10477,720575940635751103,T5a,T5 Neuron,input,right
10478,720575940635755956,T5c,T5 Neuron,input,left
10479,720575940635763610,T4c,T4 Neuron,input,left
10480,720575940635764728,T4d,T4 Neuron,input,left
10481,720575940635772527,T5b,T5 Neuron,input,left
10482,720575940635773023,T4a,T4 Neuron,input,left
10483,720575940635781684,T4a,T4 Neuron,input,right
10484,720575940635789620,T4d,T4 Neuron,input,right
10485,720575940635790644,T4d,T4 Neuron,input,right
10486,720575940635795567,T5c,T5 Neuron,input,left
10487,720575940635797134,T5a,T5 Neuron,input,right
10488,720575940635806772,T4a,T4 Neuron,input,right
10489,720575940635824751,T4d,T4 Neuron,input,right
10490,720575940635826356,T5d,T5 Neuron,input,left
10491,720575940635839668,T5b,T5 Neuron,input,left
10492,720575940635849908,T4d,T4 Neuron,input,left
10493,720575940635868596,T5c,T5 Neuron,input,left
10494,720575940635870576,T5d,T5 Neuron,input,right
10495,720575940635870772,T4b,T4 Neuron,input,right
10496,720575940635882687,T5b,T5 Neuron,input,left
10497,720575940635885163,T4c,T4 Neuron,input,left
10498,720575940635888180,T4d,T4 Neuron,input,right
10499,720575940635889844,T4d,T4 Neuron,input,left
10500,720575940635896218,T4a,T4 Neuron,input,left
10501,720575940635913071,T4d,T4 Neuron,input,right
10502,720575940635913840,T4b,T4 Neuron,input,right
10503,720575940635920820,T5c,T5 Neuron,input,right
10504,720575940635926008,T5b,T5 Neuron,input,right
10505,720575940635927151,T4c,T4 Neuron,input,right
10506,720575940635928176,T4a,T4 Neuron,input,right
10507,720575940635928939,T5a,T5 Neuron,input,left
10508,720575940635930987,T4a,T4 Neuron,input,right
10509,720575940635931243,T4d,T4 Neuron,input,right
10510,720575940635931755,T4a,T4 Neuron,input,right
10511,720575940635934456,T5d,T5 Neuron,input,left
10512,720575940635947700,T5c,T5 Neuron,input,left
10513,720575940635948143,T5a,T5 Neuron,input,left
10514,720575940635951471,T4b,T4 Neuron,input,right
10515,720575940635951727,T4c,T4 Neuron,input,right
10516,720575940635954100,T4b,T4 Neuron,input,left
10517,720575940635969471,T4d,T4 Neuron,input,left
10518,720575940635980139,T4a,T4 Neuron,input,right
10519,720575940635981167,T5b,T5 Neuron,input,right
10520,720575940635988984,T5d,T5 Neuron,input,left
10521,720575940635993592,T5d,T5 Neuron,input,left
10522,720575940635996015,T4c,T4 Neuron,input,left
10523,720575940635997594,T4a,T4 Neuron,input,right
10524,720575940635997850,T4a,T4 Neuron,input,right
10525,720575940635998362,T4a,T4 Neuron,input,right
10526,720575940636003576,T5b,T5 Neuron,input,left
10527,720575940636011127,T5b,T5 Neuron,input,right
10528,720575940636017527,T4b,T4 Neuron,input,right
10529,720575940636018936,T5b,T5 Neuron,input,left
10530,720575940636022903,T4d,T4 Neuron,input,right
10531,720575940636024183,T5b,T5 Neuron,input,right
10532,720575940636034296,T5c,T5 Neuron,input,left
10533,720575940636042607,T4d,T4 Neuron,input,right
10534,720575940636059503,T4c,T4 Neuron,input,right
10535,720575940636061432,T5c,T5 Neuron,input,left
10536,720575940636067191,T5d,T5 Neuron,input,right
10537,720575940636073567,T4b,T4 Neuron,input,left
10538,720575940636074853,T5c,T5 Neuron,input,right
10539,720575940636078199,T5d,T5 Neuron,input,right
10540,720575940636087732,T5a,T5 Neuron,input,right
10541,720575940636088462,T4b,T4 Neuron,input,right
10542,720575940636090548,T5a,T5 Neuron,input,right
10543,720575940636091822,T4d,T4 Neuron,input,right
10544,720575940636092272,T5c,T5 Neuron,input,left
10545,720575940636096879,T5c,T5 Neuron,input,left
10546,720575940636104811,T4c,T4 Neuron,input,left
10547,720575940636105327,T5d,T5 Neuron,input,left
10548,720575940636109675,T4c,T4 Neuron,input,left
10549,720575940636118895,T5b,T5 Neuron,input,right
10550,720575940636121012,T4d,T4 Neuron,input,left
10551,720575940636141943,T4d,T4 Neuron,input,right
10552,720575940636153486,T4d,T4 Neuron,input,right
10553,720575940636154480,T5d,T5 Neuron,input,left
10554,720575940636156005,T4c,T4 Neuron,input,right
10555,720575940636156046,T5a,T5 Neuron,input,right
10556,720575940636158831,T4b,T4 Neuron,input,left
10557,720575940636161381,T5a,T5 Neuron,input,right
10558,720575940636167604,T5a,T5 Neuron,input,left
10559,720575940636172399,T4a,T4 Neuron,input,left
10560,720575940636174959,T5a,T5 Neuron,input,left
10561,720575940636178868,T4b,T4 Neuron,input,left
10562,720575940636188261,T5b,T5 Neuron,input,right
10563,720575940636189541,T5b,T5 Neuron,input,left
10564,720575940636190309,T5c,T5 Neuron,input,left
10565,720575940636191845,T5a,T5 Neuron,input,right
10566,720575940636214903,T5b,T5 Neuron,input,right
10567,720575940636221296,T4c,T4 Neuron,input,left
10568,720575940636223343,T4d,T4 Neuron,input,left
10569,720575940636223992,T4c,T4 Neuron,input,left
10570,720575940636224107,T5a,T5 Neuron,input,right
10571,720575940636224363,T4a,T4 Neuron,input,right
10572,720575940636228782,T4c,T4 Neuron,input,right
10573,720575940636236686,T5c,T5 Neuron,input,left
10574,720575940636237198,T5d,T5 Neuron,input,right
10575,720575940636240997,T5c,T5 Neuron,input,right
10576,720575940636247141,T5c,T5 Neuron,input,left
10577,720575940636248056,T5a,T5 Neuron,input,left
10578,720575940636249524,T5d,T5 Neuron,input,left
10579,720575940636270181,T5b,T5 Neuron,input,right
10580,720575940636270703,T5a,T5 Neuron,input,left
10581,720575940636271758,T5b,T5 Neuron,input,right
10582,720575940636273294,T4c,T4 Neuron,input,right
10583,720575940636280183,T5b,T5 Neuron,input,left
10584,720575940636288357,T4b,T4 Neuron,input,right
10585,720575940636302191,T5c,T5 Neuron,input,left
10586,720575940636302990,T5b,T5 Neuron,input,right
10587,720575940636307823,T4d,T4 Neuron,input,right
10588,720575940636315022,T4a,T4 Neuron,input,right
10589,720575940636324971,T4b,T4 Neuron,input,left
10590,720575940636327543,T4b,T4 Neuron,input,left
10591,720575940636338789,T4c,T4 Neuron,input,right
10592,720575940636345998,T4a,T4 Neuron,input,left
10593,720575940636349108,T4b,T4 Neuron,input,right
10594,720575940636349303,T4d,T4 Neuron,input,left
10595,720575940636372087,T4a,T4 Neuron,input,left
10596,720575940636372599,T5c,T5 Neuron,input,right
10597,720575940636375182,T5a,T5 Neuron,input,right
10598,720575940636377207,T4b,T4 Neuron,input,right
10599,720575940636378999,T5b,T5 Neuron,input,right
10600,720575940636382174,T4c,T4 Neuron,input,left
10601,720575940636384398,T5b,T5 Neuron,input,right
10602,720575940636384869,T4b,T4 Neuron,input,left
10603,720575940636384887,T4c,T4 Neuron,input,left
10604,720575940636387502,T4a,T4 Neuron,input,right
10605,720575940636388983,T4a,T4 Neuron,input,left
10606,720575940636392055,T4d,T4 Neuron,input,left
10607,720575940636405349,T5a,T5 Neuron,input,right
10608,720575940636416119,T5d,T5 Neuron,input,left
10609,720575940636419502,T5b,T5 Neuron,input,right
10610,720575940636434424,T4a,T4 Neuron,input,right
10611,720575940636439927,T4a,T4 Neuron,input,left
10612,720575940636449678,T4c,T4 Neuron,input,right
10613,720575940636450935,T5c,T5 Neuron,input,right
10614,720575940636459877,T4c,T4 Neuron,input,right
10615,720575940636459887,T4d,T4 Neuron,input,left
10616,720575940636462584,T4c,T4 Neuron,input,right
10617,720575940636466032,T4a,T4 Neuron,input,right
10618,720575940636477108,T5a,T5 Neuron,input,left
10619,720575940636478063,T5a,T5 Neuron,input,right
10620,720575940636484453,T5c,T5 Neuron,input,left
10621,720575940636485733,T4d,T4 Neuron,input,left
10622,720575940636497118,T4a,T4 Neuron,input,left
10623,720575940636499118,T5c,T5 Neuron,input,left
10624,720575940636510053,T4b,T4 Neuron,input,right
10625,720575940636515429,T4a,T4 Neuron,input,right
10626,720575940636516526,T5a,T5 Neuron,input,right
10627,720575940636529765,T5b,T5 Neuron,input,right
10628,720575940636536238,T5c,T5 Neuron,input,right
10629,720575940636538286,T4c,T4 Neuron,input,right
10630,720575940636555877,T4a,T4 Neuron,input,right
10631,720575940636562574,T5c,T5 Neuron,input,left
10632,720575940636563823,T4b,T4 Neuron,input,left
10633,720575940636574174,T4b,T4 Neuron,input,right
10634,720575940636584372,T4d,T4 Neuron,input,left
10635,720575940636594021,T5c,T5 Neuron,input,right
10636,720575940636599032,T5c,T5 Neuron,input,left
10637,720575940636601572,T5b,T5 Neuron,input,right
10638,720575940636603640,T4d,T4 Neuron,input,right
10639,720575940636610296,T5a,T5 Neuron,input,left
10640,720575940636612324,T4c,T4 Neuron,input,right
10641,720575940636616164,T5c,T5 Neuron,input,left
10642,720575940636619365,T5d,T5 Neuron,input,left
10643,720575940636622734,T5d,T5 Neuron,input,right
10644,720575940636622820,T5c,T5 Neuron,input,left
10645,720575940636622959,T5d,T5 Neuron,input,left
10646,720575940636623608,T5d,T5 Neuron,input,left
10647,720575940636625253,T5c,T5 Neuron,input,left
10648,720575940636636783,T5c,T5 Neuron,input,left
10649,720575940636648590,T4b,T4 Neuron,input,right
10650,720575940636650382,T4d,T4 Neuron,input,right
10651,720575940636678884,T4b,T4 Neuron,input,right
10652,720575940636685157,T4c,T4 Neuron,input,left
10653,720575940636686990,T4a,T4 Neuron,input,right
10654,720575940636687790,T5d,T5 Neuron,input,left
10655,720575940636692855,T4c,T4 Neuron,input,left
10656,720575940636706958,T5a,T5 Neuron,input,left
10657,720575940636718704,T5d,T5 Neuron,input,right
10658,720575940636728036,T5a,T5 Neuron,input,left
10659,720575940636733552,T4a,T4 Neuron,input,left
10660,720575940636733582,T5d,T5 Neuron,input,right
10661,720575940636736869,T5a,T5 Neuron,input,left
10662,720575940636764078,T5b,T5 Neuron,input,right
10663,720575940636767662,T4c,T4 Neuron,input,left
10664,720575940636768090,T4d,T4 Neuron,input,right
10665,720575940636770661,T5d,T5 Neuron,input,left
10666,720575940636775086,T5d,T5 Neuron,input,left
10667,720575940636782704,T5a,T5 Neuron,input,right
10668,720575940636784105,T4a,T4 Neuron,input,right
10669,720575940636786318,T5c,T5 Neuron,input,left
10670,720575940636795760,T5b,T5 Neuron,input,left
10671,720575940636797296,T5d,T5 Neuron,input,left
10672,720575940636803418,T5c,T5 Neuron,input,right
10673,720575940636803952,T5b,T5 Neuron,input,left
10674,720575940636812430,T4c,T4 Neuron,input,left
10675,720575940636812901,T4d,T4 Neuron,input,left
10676,720575940636817806,T4d,T4 Neuron,input,right
10677,720575940636823950,T5d,T5 Neuron,input,left
10678,720575940636824750,T5d,T5 Neuron,input,right
10679,720575940636827310,T5d,T5 Neuron,input,left
10680,720575940636835703,T4c,T4 Neuron,input,left
10681,720575940636842670,T4d,T4 Neuron,input,left
10682,720575940636843120,T4b,T4 Neuron,input,right
10683,720575940636844901,T5a,T5 Neuron,input,left
10684,720575940636849509,T5d,T5 Neuron,input,left
10685,720575940636865904,T5d,T5 Neuron,input,right
10686,720575940636867191,T4c,T4 Neuron,input,left
10687,720575940636880240,T5d,T5 Neuron,input,right
10688,720575940636882032,T5c,T5 Neuron,input,right
10689,720575940636884031,T4b,T4 Neuron,input,left
10690,720575940636885823,T5a,T5 Neuron,input,right
10691,720575940636886702,T5a,T5 Neuron,input,left
10692,720575940636888127,T5b,T5 Neuron,input,left
10693,720575940636896319,T4b,T4 Neuron,input,left
10694,720575940636896909,T5c,T5 Neuron,input,right
10695,720575940636902263,T5a,T5 Neuron,input,left
10696,720575940636903024,T4c,T4 Neuron,input,right
10697,720575940636904538,T5d,T5 Neuron,input,left
10698,720575940636906893,T4c,T4 Neuron,input,right
10699,720575940636907877,T5b,T5 Neuron,input,left
10700,720575940636918639,T5d,T5 Neuron,input,right
10701,720575940636920297,T5a,T5 Neuron,input,left
10702,720575940636930190,T4c,T4 Neuron,input,left
10703,720575940636931173,T4c,T4 Neuron,input,left
10704,720575940636932494,T5b,T5 Neuron,input,left
10705,720575940636935390,T5a,T5 Neuron,input,right
10706,720575940636936282,T4d,T4 Neuron,input,right
10707,720575940636938586,T5a,T5 Neuron,input,right
10708,720575940636943081,T5d,T5 Neuron,input,left
10709,720575940636945264,T4d,T4 Neuron,input,right
10710,720575940636955199,T4a,T4 Neuron,input,right
10711,720575940636964709,T5b,T5 Neuron,input,left
10712,720575940636965221,T4d,T4 Neuron,input,left
10713,720575940636972400,VS8,VS,processing,right
10714,720575940636972430,T4d,T4 Neuron,input,left
10715,720575940636973936,T4b,T4 Neuron,input,left
10716,720575940636975216,T5c,T5 Neuron,input,right
10717,720575940636990126,T4a,T4 Neuron,input,left
10718,720575940637000590,T5d,T5 Neuron,input,right
10719,720575940637003365,T5c,T5 Neuron,input,right
10720,720575940637005801,T5c,T5 Neuron,input,right
10721,720575940637015653,T4d,T4 Neuron,input,left
10722,720575940637031280,T5c,T5 Neuron,input,left
10723,720575940637060238,T4d,T4 Neuron,input,right
10724,720575940637062878,T5c,T5 Neuron,input,right
10725,720575940637082736,T5b,T5 Neuron,input,left
10726,720575940637084991,T4c,T4 Neuron,input,right
10727,720575940637090416,T4a,T4 Neuron,input,right
10728,720575940637094256,T5d,T5 Neuron,input,right
10729,720575940637095598,T4d,T4 Neuron,input,left
10730,720575940637098871,T5a,T5 Neuron,input,left
10731,720575940637099236,T4a,T4 Neuron,input,right
10732,720575940637104997,T4b,T4 Neuron,input,left
10733,720575940637129840,T4c,T4 Neuron,input,left
10734,720575940637143741,T5a,T5 Neuron,input,left
10735,720575940637145968,T5c,T5 Neuron,input,left
10736,720575940637147504,T4c,T4 Neuron,input,left
10737,720575940637148846,T4c,T4 Neuron,input,left
10738,720575940637161818,T5b,T5 Neuron,input,left
10739,720575940637163438,T4d,T4 Neuron,input,left
10740,720575940637167205,T4a,T4 Neuron,input,left
10741,720575940637182309,T5a,T5 Neuron,input,right
10742,720575940637197936,T4b,T4 Neuron,input,left
10743,720575940637204877,T4b,T4 Neuron,input,right
10744,720575940637205481,T5d,T5 Neuron,input,left
10745,720575940637214349,T5c,T5 Neuron,input,right
10746,720575940637227998,T5b,T5 Neuron,input,right
10747,720575940637229198,T4a,T4 Neuron,input,left
10748,720575940637235261,T4b,T4 Neuron,input,left
10749,720575940637242286,T4b,T4 Neuron,input,right
10750,720575940637247322,T4c,T4 Neuron,input,right
10751,720575940637247845,T4d,T4 Neuron,input,right
10752,720575940637257869,T4d,T4 Neuron,input,right
10753,720575940637262046,T4b,T4 Neuron,input,left
10754,720575940637266288,T4c,T4 Neuron,input,left
10755,720575940637269476,T4c,T4 Neuron,input,left
10756,720575940637274213,T4c,T4 Neuron,input,left
10757,720575940637284493,T4a,T4 Neuron,input,right
10758,720575940637289956,T4b,T4 Neuron,input,right
10759,720575940637290341,T5a,T5 Neuron,input,right
10760,720575940637290659,T5d,T5 Neuron,input,left
10761,720575940637296862,T5c,T5 Neuron,input,right
10762,720575940637297892,T4b,T4 Neuron,input,left
10763,720575940637302446,T5d,T5 Neuron,input,left
10764,720575940637303408,T5b,T5 Neuron,input,left
10765,720575940637321950,T4b,T4 Neuron,input,left
10766,720575940637327326,T5b,T5 Neuron,input,left
10767,720575940637333737,T4c,T4 Neuron,input,right
10768,720575940637344910,T5d,T5 Neuron,input,left
10769,720575940637348208,T4b,T4 Neuron,input,left
10770,720575940637352845,T4a,T4 Neuron,input,right
10771,720575940637355096,T5a,T5 Neuron,input,left
10772,720575940637359717,T5c,T5 Neuron,input,left
10773,720575940637360350,T5d,T5 Neuron,input,left
10774,720575940637364038,T4a,T4 Neuron,input,left
10775,720575940637370798,T5a,T5 Neuron,input,left
10776,720575940637373918,T4d,T4 Neuron,input,right
10777,720575940637379550,T4a,T4 Neuron,input,right
10778,720575940637380062,T4d,T4 Neuron,input,right
10779,720575940637386670,T5d,T5 Neuron,input,left
10780,720575940637395782,T4b,T4 Neuron,input,left
10781,720575940637401968,T5d,T5 Neuron,input,left
10782,720575940637404132,T5c,T5 Neuron,input,right
10783,720575940637405150,T4d,T4 Neuron,input,right
10784,720575940637406180,T5b,T5 Neuron,input,right
10785,720575940637407814,T5b,T5 Neuron,input,left
10786,720575940637409198,T4c,T4 Neuron,input,left
10787,720575940637414975,T5c,T5 Neuron,input,left
10788,720575940637429605,T4b,T4 Neuron,input,right
10789,720575940637437808,T5c,T5 Neuron,input,left
10790,720575940637439600,T5d,T5 Neuron,input,left
10791,720575940637439856,T5a,T5 Neuron,input,left
10792,720575940637439972,T5b,T5 Neuron,input,right
10793,720575940637441758,T4b,T4 Neuron,input,right
10794,720575940637442630,T4d,T4 Neuron,input,right
10795,720575940637450864,T4d,T4 Neuron,input,left
10796,720575940637463262,T5d,T5 Neuron,input,right
10797,720575940637466846,T4d,T4 Neuron,input,right
10798,720575940637467102,T4a,T4 Neuron,input,right
10799,720575940637472880,T4a,T4 Neuron,input,left
10800,720575940637494670,T4b,T4 Neuron,input,left
10801,720575940637514974,T4a,T4 Neuron,input,right
10802,720575940637519757,T4a,T4 Neuron,input,right
10803,720575940637521037,T5d,T5 Neuron,input,right
10804,720575940637527693,T5c,T5 Neuron,input,right
10805,720575940637529229,T5a,T5 Neuron,input,right
10806,720575940637531277,T5a,T5 Neuron,input,right
10807,720575940637532813,T5d,T5 Neuron,input,right
10808,720575940637533581,T5a,T5 Neuron,input,right
10809,720575940637536397,T5d,T5 Neuron,input,right
10810,720575940637536653,T5b,T5 Neuron,input,right
10811,720575940637540062,T4b,T4 Neuron,input,left
10812,720575940637541773,T5d,T5 Neuron,input,right
10813,720575940637542285,T4a,T4 Neuron,input,right
10814,720575940637542797,T4b,T4 Neuron,input,right
10815,720575940637555853,T4c,T4 Neuron,input,right
10816,720575940637557481,T5b,T5 Neuron,input,right
10817,720575940637557645,T4b,T4 Neuron,input,right
10818,720575940637592127,T4a,T4 Neuron,input,right
10819,720575940637610352,T4d,T4 Neuron,input,left
10820,720575940637610468,T4c,T4 Neuron,input,right
10821,720575940637610597,T4c,T4 Neuron,input,right
10822,720575940637612144,T5d,T5 Neuron,input,left
10823,720575940637612260,T4b,T4 Neuron,input,right
10824,720575940637614704,T5d,T5 Neuron,input,left
10825,720575940637616730,T5b,T5 Neuron,input,left
10826,720575940637625434,T4d,T4 Neuron,input,right
10827,720575940637626480,T4d,T4 Neuron,input,left
10828,720575940637627749,T4c,T4 Neuron,input,right
10829,720575940637632858,T4c,T4 Neuron,input,left
10830,720575940637643150,T5c,T5 Neuron,input,left
10831,720575940637644122,T5c,T5 Neuron,input,right
10832,720575940637645790,T4c,T4 Neuron,input,right
10833,720575940637649380,T5c,T5 Neuron,input,left
10834,720575940637657486,T4d,T4 Neuron,input,right
10835,720575940637662298,T5b,T5 Neuron,input,left
10836,720575940637668574,T4a,T4 Neuron,input,right
10837,720575940637671487,T5a,T5 Neuron,input,right
10838,720575940637676777,T5d,T5 Neuron,input,right
10839,720575940637677680,T4b,T4 Neuron,input,left
10840,720575940637679758,T4d,T4 Neuron,input,left
10841,720575940637680782,T4c,T4 Neuron,input,left
10842,720575940637688639,T4a,T4 Neuron,input,right
10843,720575940637689434,T4a,T4 Neuron,input,right
10844,720575940637694692,T5d,T5 Neuron,input,left
10845,720575940637701005,T4c,T4 Neuron,input,right
10846,720575940637701598,T5c,T5 Neuron,input,left
10847,720575940637706125,T4a,T4 Neuron,input,right
10848,720575940637707098,T4a,T4 Neuron,input,right
10849,720575940637711326,T4b,T4 Neuron,input,left
10850,720575940637713326,T5c,T5 Neuron,input,right
10851,720575940637714239,T5c,T5 Neuron,input,right
10852,720575940637721919,T5a,T5 Neuron,input,right
10853,720575940637724638,T5c,T5 Neuron,input,left
10854,720575940637727066,T5b,T5 Neuron,input,right
10855,720575940637728858,T5d,T5 Neuron,input,right
10856,720575940637741402,T5b,T5 Neuron,input,right
10857,720575940637741801,T4c,T4 Neuron,input,right
10858,720575940637743534,T4d,T4 Neuron,input,left
10859,720575940637744752,T4c,T4 Neuron,input,left
10860,720575940637745264,T4d,T4 Neuron,input,left
10861,720575940637751949,T5c,T5 Neuron,input,right
10862,720575940637752205,T4c,T4 Neuron,input,right
10863,720575940637759295,T5a,T5 Neuron,input,right
10864,720575940637760309,T5d,T5 Neuron,input,right
10865,720575940637761392,T5c,T5 Neuron,input,left
10866,720575940637765951,T5d,T5 Neuron,input,right
10867,720575940637772772,T5d,T5 Neuron,input,right
10868,720575940637773631,T5c,T5 Neuron,input,right
10869,720575940637781082,T5d,T5 Neuron,input,right
10870,720575940637784127,T4a,T4 Neuron,input,right
10871,720575940637784383,T5c,T5 Neuron,input,right
10872,720575940637788590,T4b,T4 Neuron,input,left
10873,720575940637790298,T4d,T4 Neuron,input,right
10874,720575940637797609,T4c,T4 Neuron,input,right
10875,720575940637799231,T5c,T5 Neuron,input,right
10876,720575940637809124,T4c,T4 Neuron,input,right
10877,720575940637809374,T5b,T5 Neuron,input,left
10878,720575940637810997,T5c,T5 Neuron,input,right
10879,720575940637813823,T5b,T5 Neuron,input,left
10880,720575940637816432,T4a,T4 Neuron,input,left
10881,720575940637818857,T4d,T4 Neuron,input,right
10882,720575940637822436,T4c,T4 Neuron,input,right
10883,720575940637823834,T4c,T4 Neuron,input,right
10884,720575940637830633,T4c,T4 Neuron,input,right
10885,720575940637834637,T4a,T4 Neuron,input,right
10886,720575940637835610,T5c,T5 Neuron,input,right
10887,720575940637836634,T4d,T4 Neuron,input,right
10888,720575940637837658,T4d,T4 Neuron,input,right
10889,720575940637841805,T4b,T4 Neuron,input,right
10890,720575940637841897,T4d,T4 Neuron,input,right
10891,720575940637848030,T5d,T5 Neuron,input,left
10892,720575940637850970,T5c,T5 Neuron,input,right
10893,720575940637863401,T4b,T4 Neuron,input,right
10894,720575940637863657,T4a,T4 Neuron,input,right
10895,720575940637873129,T4a,T4 Neuron,input,left
10896,720575940637873471,T5d,T5 Neuron,input,right
10897,720575940637873636,T5b,T5 Neuron,input,right
10898,720575940637878238,T4c,T4 Neuron,input,left
10899,720575940637881919,T5d,T5 Neuron,input,right
10900,720575940637885237,T4d,T4 Neuron,input,left
10901,720575940637893598,T4a,T4 Neuron,input,left
10902,720575940637893609,T4b,T4 Neuron,input,right
10903,720575940637897700,T4b,T4 Neuron,input,left
10904,720575940637903076,T4b,T4 Neuron,input,right
10905,720575940637918042,T5a,T5 Neuron,input,left
10906,720575940637918298,T5d,T5 Neuron,input,left
10907,720575940637931354,T4b,T4 Neuron,input,right
10908,720575940637934682,T4d,T4 Neuron,input,right
10909,720575940637938660,T5a,T5 Neuron,input,left
10910,720575940637954357,T5b,T5 Neuron,input,left
10911,720575940637958207,T4c,T4 Neuron,input,right
10912,720575940637959770,T4a,T4 Neuron,input,right
10913,720575940637960158,T5c,T5 Neuron,input,left
10914,720575940637962047,T5c,T5 Neuron,input,right
10915,720575940637973476,T5c,T5 Neuron,input,left
10916,720575940637976922,T5a,T5 Neuron,input,right
10917,720575940637980762,T4a,T4 Neuron,input,right
10918,720575940637988329,T5a,T5 Neuron,input,right
10919,720575940637988954,T4a,T4 Neuron,input,left
10920,720575940637989978,T4b,T4 Neuron,input,right
10921,720575940637991401,T4b,T4 Neuron,input,right
10922,720575940637995632,T4a,T4 Neuron,input,right
10923,720575940638000061,T5a,T5 Neuron,input,right
10924,720575940638005838,T4c,T4 Neuron,input,left
10925,720575940638006244,T4d,T4 Neuron,input,right
10926,720575940638009919,T4b,T4 Neuron,input,right
10927,720575940638015322,T5c,T5 Neuron,input,left
10928,720575940638016831,T5c,T5 Neuron,input,right
10929,720575940638019162,T5c,T5 Neuron,input,right
10930,720575940638019418,T5b,T5 Neuron,input,left
10931,720575940638025550,T4d,T4 Neuron,input,right
10932,720575940638029796,T5a,T5 Neuron,input,left
10933,720575940638036452,T5b,T5 Neuron,input,right
10934,720575940638036806,T5a,T5 Neuron,input,right
10935,720575940638037318,T5b,T5 Neuron,input,right
10936,720575940638039268,T4d,T4 Neuron,input,right
10937,720575940638040142,T5b,T5 Neuron,input,right
10938,720575940638040292,T5b,T5 Neuron,input,left
10939,720575940638050020,T5c,T5 Neuron,input,right
10940,720575940638050788,T5c,T5 Neuron,input,right
10941,720575940638053283,T4a,T4 Neuron,input,left
10942,720575940638054746,T5d,T5 Neuron,input,left
10943,720575940638057961,T4a,T4 Neuron,input,right
10944,720575940638064061,T4d,T4 Neuron,input,right
10945,720575940638064692,T5d,T5 Neuron,input,right
10946,720575940638086461,T4b,T4 Neuron,input,right
10947,720575940638088026,T5a,T5 Neuron,input,right
10948,720575940638091354,T5c,T5 Neuron,input,left
10949,720575940638097892,T5c,T5 Neuron,input,left
10950,720575940638102640,T5a,T5 Neuron,input,right
10951,720575940638107956,T4d,T4 Neuron,input,right
10952,720575940638119613,T4d,T4 Neuron,input,right
10953,720575940638123241,T5d,T5 Neuron,input,left
10954,720575940638124110,T5c,T5 Neuron,input,left
10955,720575940638125646,T4d,T4 Neuron,input,right
10956,720575940638137065,T5a,T5 Neuron,input,left
10957,720575940638137140,T5b,T5 Neuron,input,right
10958,720575940638138714,T4c,T4 Neuron,input,left
10959,720575940638144602,T4c,T4 Neuron,input,left
10960,720575940638160617,T5c,T5 Neuron,input,right
10961,720575940638172250,T5c,T5 Neuron,input,left
10962,720575940638174953,T4c,T4 Neuron,input,right
10963,720575940638177087,T4c,T4 Neuron,input,right
10964,720575940638179561,T4d,T4 Neuron,input,right
10965,720575940638180186,T5c,T5 Neuron,input,left
10966,720575940638182889,T5b,T5 Neuron,input,left
10967,720575940638184937,T5c,T5 Neuron,input,right
10968,720575940638185961,T5a,T5 Neuron,input,left
10969,720575940638195177,T4d,T4 Neuron,input,left
10970,720575940638196157,T4a,T4 Neuron,input,right
10971,720575940638222662,T5d,T5 Neuron,input,right
10972,720575940638223686,T5d,T5 Neuron,input,right
10973,720575940638239558,T5c,T5 Neuron,input,left
10974,720575940638250054,T4c,T4 Neuron,input,right
10975,720575940638251590,T5d,T5 Neuron,input,right
10976,720575940638252358,T4d,T4 Neuron,input,right
10977,720575940638257498,T4b,T4 Neuron,input,left
10978,720575940638280006,T5a,T5 Neuron,input,right
10979,720575940638282566,T4a,T4 Neuron,input,right
10980,720575940638282980,T5d,T5 Neuron,input,left
10981,720575940638284622,T4c,T4 Neuron,input,right
10982,720575940638288436,T5a,T5 Neuron,input,right
10983,720575940638291827,T5c,T5 Neuron,input,left
10984,720575940638296902,T5a,T5 Neuron,input,left
10985,720575940638300724,T4a,T4 Neuron,input,right
10986,720575940638302067,T4c,T4 Neuron,input,right
10987,720575940638302948,T5b,T5 Neuron,input,left
10988,720575940638310259,T5c,T5 Neuron,input,right
10989,720575940638331718,T5a,T5 Neuron,input,right
10990,720575940638331974,T4c,T4 Neuron,input,right
10991,720575940638331994,T5d,T5 Neuron,input,left
10992,720575940638335302,T4b,T4 Neuron,input,right
10993,720575940638345023,T4d,T4 Neuron,input,left
10994,720575940638348403,T4d,T4 Neuron,input,left
10995,720575940638350406,T4c,T4 Neuron,input,right
10996,720575940638352755,T4d,T4 Neuron,input,right
10997,720575940638363206,T5a,T5 Neuron,input,right
10998,720575940638367834,T4d,T4 Neuron,input,left
10999,720575940638369252,T4a,T4 Neuron,input,right
11000,720575940638372324,T4b,T4 Neuron,input,left
11001,720575940638375494,T5b,T5 Neuron,input,right
11002,720575940638379136,T4c,T4 Neuron,input,right
11003,720575940638379846,T5b,T5 Neuron,input,right
11004,720575940638388314,T5c,T5 Neuron,input,right
11005,720575940638391642,T5a,T5 Neuron,input,left
11006,720575940638392390,T4c,T4 Neuron,input,right
11007,720575940638396724,T4c,T4 Neuron,input,right
11008,720575940638400163,T5c,T5 Neuron,input,left
11009,720575940638400582,T5b,T5 Neuron,input,right
11010,720575940638401094,T4c,T4 Neuron,input,left
11011,720575940638403561,T4a,T4 Neuron,input,left
11012,720575940638403817,T5a,T5 Neuron,input,left
11013,720575940638408425,T5c,T5 Neuron,input,left
11014,720575940638418246,T5b,T5 Neuron,input,right
11015,720575940638428479,T5b,T5 Neuron,input,left
11016,720575940638428998,T5c,T5 Neuron,input,right
11017,720575940638430783,T4b,T4 Neuron,input,left
11018,720575940638433513,T4d,T4 Neuron,input,left
11019,720575940638442328,T5a,T5 Neuron,input,right
11020,720575940638458340,T5c,T5 Neuron,input,left
11021,720575940638467672,T4a,T4 Neuron,input,right
11022,720575940638471768,T5b,T5 Neuron,input,right
11023,720575940638472064,T4c,T4 Neuron,input,left
11024,720575940638473050,T5c,T5 Neuron,input,left
11025,720575940638474584,T4a,T4 Neuron,input,right
11026,720575940638477284,T4a,T4 Neuron,input,left
11027,720575940638478308,T5a,T5 Neuron,input,left
11028,720575940638479844,T4b,T4 Neuron,input,left
11029,720575940638480755,T4d,T4 Neuron,input,right
11030,720575940638487155,T4a,T4 Neuron,input,right
11031,720575940638487871,T5c,T5 Neuron,input,left
11032,720575940638493156,T4c,T4 Neuron,input,left
11033,720575940638495651,T5c,T5 Neuron,input,left
11034,720575940638496189,T5c,T5 Neuron,input,right
11035,720575940638498877,T4d,T4 Neuron,input,right
11036,720575940638508102,T4c,T4 Neuron,input,left
11037,720575940638514665,T4d,T4 Neuron,input,left
11038,720575940638517481,T4a,T4 Neuron,input,left
11039,720575940638518325,T5c,T5 Neuron,input,right
11040,720575940638524905,T5b,T5 Neuron,input,left
11041,720575940638525501,T5a,T5 Neuron,input,left
11042,720575940638526948,T4d,T4 Neuron,input,right
11043,720575940638533208,T4c,T4 Neuron,input,right
11044,720575940638535502,T5d,T5 Neuron,input,left
11045,720575940638537950,VST2,VS,processing,left
11046,720575940638547508,T4b,T4 Neuron,input,right
11047,720575940638548029,T4c,T4 Neuron,input,left
11048,720575940638549476,T4d,T4 Neuron,input,left
11049,720575940638553828,T5c,T5 Neuron,input,left
11050,720575940638559295,T4d,T4 Neuron,input,right
11051,720575940638562356,T5d,T5 Neuron,input,right
11052,720575940638566744,T4b,T4 Neuron,input,right
11053,720575940638567396,T4c,T4 Neuron,input,left
11054,720575940638570328,T4a,T4 Neuron,input,left
11055,720575940638575192,T5b,T5 Neuron,input,right
11056,720575940638575549,T4d,T4 Neuron,input,right
11057,720575940638580824,T5d,T5 Neuron,input,left
11058,720575940638581080,T5d,T5 Neuron,input,right
11059,720575940638581993,T5d,T5 Neuron,input,left
11060,720575940638586787,T4a,T4 Neuron,input,right
11061,720575940638598709,T4a,T4 Neuron,input,right
11062,720575940638601030,T4b,T4 Neuron,input,right
11063,720575940638602054,T5b,T5 Neuron,input,left
11064,720575940638604888,T4b,T4 Neuron,input,left
11065,720575940638608606,T5b,T5 Neuron,input,right
11066,720575940638608966,T5b,T5 Neuron,input,left
11067,720575940638618950,T5b,T5 Neuron,input,left
11068,720575940638625408,T4a,T4 Neuron,input,left
11069,720575940638628934,T5a,T5 Neuron,input,left
11070,720575940638630982,T5b,T5 Neuron,input,left
11071,720575940638632538,T4d,T4 Neuron,input,right
11072,720575940638634310,T5c,T5 Neuron,input,right
11073,720575940638638820,T5c,T5 Neuron,input,right
11074,720575940638639924,T5d,T5 Neuron,input,right
11075,720575940638641990,T4b,T4 Neuron,input,right
11076,720575940638646874,T4a,T4 Neuron,input,right
11077,720575940638647785,T5c,T5 Neuron,input,right
11078,720575940638648553,T5d,T5 Neuron,input,right
11079,720575940638660678,T4d,T4 Neuron,input,right
11080,720575940638662708,T4a,T4 Neuron,input,right
11081,720575940638675034,T4c,T4 Neuron,input,right
11082,720575940638678854,T4d,T4 Neuron,input,left
11083,720575940638681934,T4c,T4 Neuron,input,right
11084,720575940638684742,T4d,T4 Neuron,input,left
11085,720575940638690118,T4c,T4 Neuron,input,left
11086,720575940638695220,T4d,T4 Neuron,input,right
11087,720575940638697286,T4c,T4 Neuron,input,left
11088,720575940638709300,T4b,T4 Neuron,input,right
11089,720575940638711878,T5c,T5 Neuron,input,left
11090,720575940638713690,T5a,T5 Neuron,input,right
11091,720575940638725773,T4b,T4 Neuron,input,right
11092,720575940638726259,T5b,T5 Neuron,input,left
11093,720575940638727908,T4c,T4 Neuron,input,left
11094,720575940638729048,T4c,T4 Neuron,input,right
11095,720575940638730805,T4c,T4 Neuron,input,right
11096,720575940638738291,T5c,T5 Neuron,input,left
11097,720575940638744410,T4d,T4 Neuron,input,left
11098,720575940638745229,T5c,T5 Neuron,input,right
11099,720575940638747251,T4c,T4 Neuron,input,right
11100,720575940638762054,T4b,T4 Neuron,input,left
11101,720575940638763846,T5b,T5 Neuron,input,left
11102,720575940638774618,T4d,T4 Neuron,input,left
11103,720575940638777151,T4d,T4 Neuron,input,left
11104,720575940638806591,T5b,T5 Neuron,input,right
11105,720575940638814286,T4a,T4 Neuron,input,right
11106,720575940638818749,T4c,T4 Neuron,input,left
11107,720575940638834035,T5d,T5 Neuron,input,left
11108,720575940638856757,T5c,T5 Neuron,input,right
11109,720575940638861365,T5d,T5 Neuron,input,right
11110,720575940638862406,T5a,T5 Neuron,input,left
11111,720575940638863194,T4d,T4 Neuron,input,left
11112,720575940638864256,T4b,T4 Neuron,input,right
11113,720575940638865990,T4a,T4 Neuron,input,left
11114,720575940638872765,T4c,T4 Neuron,input,right
11115,720575940638878141,T4c,T4 Neuron,input,left
11116,720575940638886372,T5c,T5 Neuron,input,right
11117,720575940638886628,T5a,T5 Neuron,input,right
11118,720575940638888026,T5d,T5 Neuron,input,right
11119,720575940638894406,T4b,T4 Neuron,input,right
11120,720575940638906677,T4d,T4 Neuron,input,left
11121,720575940638907520,T5d,T5 Neuron,input,left
11122,720575940638923492,T5d,T5 Neuron,input,left
11123,720575940638926655,T4c,T4 Neuron,input,left
11124,720575940638935424,T5a,T5 Neuron,input,left
11125,720575940638941312,T5b,T5 Neuron,input,left
11126,720575940638947150,T5a,T5 Neuron,input,right
11127,720575940638950051,T4a,T4 Neuron,input,right
11128,720575940638952262,T4b,T4 Neuron,input,left
11129,720575940638958707,T4d,T4 Neuron,input,left
11130,720575940638967741,T4c,T4 Neuron,input,left
11131,720575940638971364,T5b,T5 Neuron,input,right
11132,720575940638973824,T4a,T4 Neuron,input,right
11133,720575940638987061,T4c,T4 Neuron,input,right
11134,720575940638988378,T4d,T4 Neuron,input,left
11135,720575940638991413,T5c,T5 Neuron,input,right
11136,720575940638994485,T5d,T5 Neuron,input,right
11137,720575940639003881,T5b,T5 Neuron,input,left
11138,720575940639020351,T4d,T4 Neuron,input,left
11139,720575940639023962,T5d,T5 Neuron,input,left
11140,720575940639027290,T4a,T4 Neuron,input,left
11141,720575940639032910,T4c,T4 Neuron,input,right
11142,720575940639034739,T5a,T5 Neuron,input,right
11143,720575940639036494,T4a,T4 Neuron,input,right
11144,720575940639037006,T5b,T5 Neuron,input,right
11145,720575940639038798,T4d,T4 Neuron,input,right
11146,720575940639040846,T5c,T5 Neuron,input,right
11147,720575940639055157,T5a,T5 Neuron,input,right
11148,720575940639061582,T5c,T5 Neuron,input,left
11149,720575940639062342,T4c,T4 Neuron,input,left
11150,720575940639062854,T5d,T5 Neuron,input,left
11151,720575940639065690,T5b,T5 Neuron,input,left
11152,720575940639067470,T4b,T4 Neuron,input,right
11153,720575940639075517,T5d,T5 Neuron,input,left
11154,720575940639079145,T5c,T5 Neuron,input,left
11155,720575940639095374,T5c,T5 Neuron,input,right
11156,720575940639109309,T5d,T5 Neuron,input,left
11157,720575940639110222,T4d,T4 Neuron,input,right
11158,720575940639113149,T5d,T5 Neuron,input,left
11159,720575940639115590,T4c,T4 Neuron,input,left
11160,720575940639122502,T5d,T5 Neuron,input,left
11161,720575940639124814,T5d,T5 Neuron,input,left
11162,720575940639140413,T5c,T5 Neuron,input,right
11163,720575940639144125,T4d,T4 Neuron,input,right
11164,720575940639146429,T4d,T4 Neuron,input,left
11165,720575940639148009,T4d,T4 Neuron,input,left
11166,720575940639151694,VS5,VS,processing,right
11167,720575940639159118,T5a,T5 Neuron,input,right
11168,720575940639159997,T4d,T4 Neuron,input,left
11169,720575940639165885,T5a,T5 Neuron,input,right
11170,720575940639170118,T4c,T4 Neuron,input,left
11171,720575940639172285,T4a,T4 Neuron,input,left
11172,720575940639175989,T5d,T5 Neuron,input,right
11173,720575940639176576,T4a,T4 Neuron,input,left
11174,720575940639190912,T4a,T4 Neuron,input,right
11175,720575940639197247,T4a,T4 Neuron,input,right
11176,720575940639203300,T5d,T5 Neuron,input,right
11177,720575940639203654,T4c,T4 Neuron,input,left
11178,720575940639204927,T4c,T4 Neuron,input,right
11179,720575940639206207,T4b,T4 Neuron,input,left
11180,720575940639207140,T4c,T4 Neuron,input,left
11181,720575940639210062,T4b,T4 Neuron,input,right
11182,720575940639210293,T5a,T5 Neuron,input,left
11183,720575940639213621,T5d,T5 Neuron,input,left
11184,720575940639215950,T5d,T5 Neuron,input,right
11185,720575940639221949,T4b,T4 Neuron,input,right
11186,720575940639224381,T4d,T4 Neuron,input,right
11187,720575940639229757,T5c,T5 Neuron,input,right
11188,720575940639230067,T4d,T4 Neuron,input,right
11189,720575940639230790,T4c,T4 Neuron,input,left
11190,720575940639237710,T5b,T5 Neuron,input,right
11191,720575940639246645,T5b,T5 Neuron,input,left
11192,720575940639273535,T4c,T4 Neuron,input,right
11193,720575940639281717,T5a,T5 Neuron,input,left
11194,720575940639283765,T5d,T5 Neuron,input,left
11195,720575940639286717,T4a,T4 Neuron,input,left
11196,720575940639293493,T4a,T4 Neuron,input,left
11197,720575940639294323,T5b,T5 Neuron,input,right
11198,720575940639295558,T5a,T5 Neuron,input,left
11199,720575940639297853,T5c,T5 Neuron,input,left
11200,720575940639304563,T4b,T4 Neuron,input,right
11201,720575940639305030,T5c,T5 Neuron,input,left
11202,720575940639309621,T4d,T4 Neuron,input,left
11203,720575940639312949,T5a,T5 Neuron,input,right
11204,720575940639322702,T5d,T5 Neuron,input,left
11205,720575940639337936,T4a,T4 Neuron,input,right
11206,720575940639345461,T4c,T4 Neuron,input,left
11207,720575940639347765,T4c,T4 Neuron,input,left
11208,720575940639355251,T4b,T4 Neuron,input,right
11209,720575940639363491,T4d,T4 Neuron,input,right
11210,720575940639371453,T4c,T4 Neuron,input,left
11211,720575940639371598,T4c,T4 Neuron,input,left
11212,720575940639383997,T4d,T4 Neuron,input,left
11213,720575940639385166,T5b,T5 Neuron,input,left
11214,720575940639387856,T4c,T4 Neuron,input,right
11215,720575940639391184,T4c,T4 Neuron,input,right
11216,720575940639396003,T5b,T5 Neuron,input,right
11217,720575940639402880,T4c,T4 Neuron,input,right
11218,720575940639404496,T5d,T5 Neuron,input,right
11219,720575940639405885,T5d,T5 Neuron,input,right
11220,720575940639408243,T4d,T4 Neuron,input,right
11221,720575940639409230,T5a,T5 Neuron,input,left
11222,720575940639410254,T5b,T5 Neuron,input,left
11223,720575940639425341,T5d,T5 Neuron,input,right
11224,720575940639432253,T5a,T5 Neuron,input,left
11225,720575940639433781,T5c,T5 Neuron,input,left
11226,720575940639434429,T5d,T5 Neuron,input,left
11227,720575940639443288,T5d,T5 Neuron,input,right
11228,720575940639446104,T5b,T5 Neuron,input,right
11229,720575940639447101,T5a,T5 Neuron,input,right
11230,720575940639448784,T5c,T5 Neuron,input,right
11231,720575940639452750,T5c,T5 Neuron,input,right
11232,720575940639455696,T5c,T5 Neuron,input,left
11233,720575940639464867,T5b,T5 Neuron,input,right
11234,720575940639469683,T4a,T4 Neuron,input,left
11235,720575940639471950,T5a,T5 Neuron,input,right
11236,720575940639476864,T5c,T5 Neuron,input,right
11237,720575940639477107,T4b,T4 Neuron,input,left
11238,720575940639481944,T5d,T5 Neuron,input,right
11239,720575940639494232,T4b,T4 Neuron,input,right
11240,720575940639496893,T5b,T5 Neuron,input,left
11241,720575940639500963,T4a,T4 Neuron,input,right
11242,720575940639501475,T4b,T4 Neuron,input,right
11243,720575940639501621,T4b,T4 Neuron,input,right
11244,720575940639501877,T4b,T4 Neuron,input,left
11245,720575940639503448,T4a,T4 Neuron,input,right
11246,720575940639505213,T5b,T5 Neuron,input,right
11247,720575940639505240,T4b,T4 Neuron,input,right
11248,720575940639506510,T5a,T5 Neuron,input,left
11249,720575940639508387,T4d,T4 Neuron,input,right
11250,720575940639509667,T5c,T5 Neuron,input,right
11251,720575940639511504,T4c,T4 Neuron,input,right
11252,720575940639513166,T5b,T5 Neuron,input,left
11253,720575940639522163,T4d,T4 Neuron,input,right
11254,720575940639523150,T5c,T5 Neuron,input,left
11255,720575940639523187,T4d,T4 Neuron,input,right
11256,720575940639524515,T4b,T4 Neuron,input,right
11257,720575940639528765,T5c,T5 Neuron,input,right
11258,720575940639535438,T4c,T4 Neuron,input,right
11259,720575940639536291,T5b,T5 Neuron,input,right
11260,720575940639544179,T5d,T5 Neuron,input,right
11261,720575940639544373,T4d,T4 Neuron,input,left
11262,720575940639550928,T5b,T5 Neuron,input,right
11263,720575940639551797,T5c,T5 Neuron,input,right
11264,720575940639560867,T5c,T5 Neuron,input,right
11265,720575940639564147,T4b,T4 Neuron,input,right
11266,720575940639564870,T4b,T4 Neuron,input,right
11267,720575940639565126,T4c,T4 Neuron,input,right
11268,720575940639568198,T4c,T4 Neuron,input,left
11269,720575940639569205,T4c,T4 Neuron,input,left
11270,720575940639574104,T4c,T4 Neuron,input,left
11271,720575940639578275,T5d,T5 Neuron,input,right
11272,720575940639583285,T4d,T4 Neuron,input,left
11273,720575940639584317,T4a,T4 Neuron,input,right
11274,720575940639592611,T5d,T5 Neuron,input,right
11275,720575940639595939,T5d,T5 Neuron,input,right
11276,720575940639604789,T5c,T5 Neuron,input,right
11277,720575940639605107,T5c,T5 Neuron,input,left
11278,720575940639606325,T4c,T4 Neuron,input,left
11279,720575940639617443,T5d,T5 Neuron,input,right
11280,720575940639618432,T5b,T5 Neuron,input,right
11281,720575940639624320,T5c,T5 Neuron,input,left
11282,720575940639627608,T4c,T4 Neuron,input,right
11283,720575940639634083,T5a,T5 Neuron,input,right
11284,720575940639642968,T4c,T4 Neuron,input,right
11285,720575940639644531,T4b,T4 Neuron,input,right
11286,720575940639646323,T5d,T5 Neuron,input,right
11287,720575940639650126,T5a,T5 Neuron,input,right
11288,720575940639650638,T4a,T4 Neuron,input,right
11289,720575940639659648,T4d,T4 Neuron,input,right
11290,720575940639665469,T4b,T4 Neuron,input,right
11291,720575940639665779,T4b,T4 Neuron,input,left
11292,720575940639670131,T5a,T5 Neuron,input,left
11293,720575940639680573,T4b,T4 Neuron,input,left
11294,720575940639681341,T4d,T4 Neuron,input,right
11295,720575940639681651,T5b,T5 Neuron,input,left
11296,720575940639683443,T4d,T4 Neuron,input,right
11297,720575940639684174,T4d,T4 Neuron,input,left
11298,720575940639689379,T5a,T5 Neuron,input,right
11299,720575940639692861,T4b,T4 Neuron,input,left
11300,720575940639697752,T4a,T4 Neuron,input,left
11301,720575940639699645,T4b,T4 Neuron,input,left
11302,720575940639699901,T4d,T4 Neuron,input,left
11303,720575940639708531,T4d,T4 Neuron,input,right
11304,720575940639710835,T5c,T5 Neuron,input,left
11305,720575940639720782,T5a,T5 Neuron,input,right
11306,720575940639735203,T4c,T4 Neuron,input,left
11307,720575940639737934,T5d,T5 Neuron,input,left
11308,720575940639743310,T4c,T4 Neuron,input,right
11309,720575940639749181,T4b,T4 Neuron,input,left
11310,720575940639750488,T5d,T5 Neuron,input,left
11311,720575940639754830,T4d,T4 Neuron,input,right
11312,720575940639761213,T4d,T4 Neuron,input,left
11313,720575940639765693,T5d,T5 Neuron,input,right
11314,720575940639768192,T5d,T5 Neuron,input,right
11315,720575940639768448,T4b,T4 Neuron,input,right
11316,720575940639771008,T5b,T5 Neuron,input,right
11317,720575940639772760,T4d,T4 Neuron,input,left
11318,720575940639772787,T5b,T5 Neuron,input,left
11319,720575940639773568,T4a,T4 Neuron,input,right
11320,720575940639776627,T4a,T4 Neuron,input,left
11321,720575940639784563,T5a,T5 Neuron,input,right
11322,720575940639791779,T4c,T4 Neuron,input,left
11323,720575940639796608,T5a,T5 Neuron,input,left
11324,720575940639798077,T5d,T5 Neuron,input,left
11325,720575940639802421,T5d,T5 Neuron,input,left
11326,720575940639814051,T4d,T4 Neuron,input,right
11327,720575940639817856,T5d,T5 Neuron,input,right
11328,720575940639824701,T5a,T5 Neuron,input,left
11329,720575940639826520,T4b,T4 Neuron,input,left
11330,720575940639827005,T5a,T5 Neuron,input,left
11331,720575940639834227,T4c,T4 Neuron,input,left
11332,720575940639844925,T4c,T4 Neuron,input,right
11333,720575940639846645,T4d,T4 Neuron,input,right
11334,720575940639859534,T4c,T4 Neuron,input,left
11335,720575940639873853,T4d,T4 Neuron,input,left
11336,720575940639882830,T4b,T4 Neuron,input,left
11337,720575940639886901,T4b,T4 Neuron,input,left
11338,720575940639892568,T5a,T5 Neuron,input,left
11339,720575940639907517,T5b,T5 Neuron,input,right
11340,720575940639916789,T5c,T5 Neuron,input,right
11341,720575940639917171,T4d,T4 Neuron,input,right
11342,720575940639923261,T4d,T4 Neuron,input,left
11343,720575940639931480,T5d,T5 Neuron,input,left
11344,720575940639948989,T4d,T4 Neuron,input,left
11345,720575940639949144,T5a,T5 Neuron,input,left
11346,720575940639949400,T4b,T4 Neuron,input,left
11347,720575940639951219,T5c,T5 Neuron,input,left
11348,720575940639952000,T4a,T4 Neuron,input,right
11349,720575940639960408,T4a,T4 Neuron,input,left
11350,720575940639962496,T5b,T5 Neuron,input,left
11351,720575940639963224,T4c,T4 Neuron,input,right
11352,720575940639965528,T4a,T4 Neuron,input,left
11353,720575940639966013,T4c,T4 Neuron,input,left
11354,720575940639972597,T5a,T5 Neuron,input,right
11355,720575940639972723,T4b,T4 Neuron,input,left
11356,720575940639975256,T4b,T4 Neuron,input,left
11357,720575940639987773,T4d,T4 Neuron,input,left
11358,720575940639988176,T4a,T4 Neuron,input,right
11359,720575940639991029,T5b,T5 Neuron,input,left
11360,720575940639996275,T4c,T4 Neuron,input,left
11361,720575940639998552,T4a,T4 Neuron,input,left
11362,720575940639999139,T5d,T5 Neuron,input,left
11363,720575940639999576,T4a,T4 Neuron,input,left
11364,720575940639999989,T4a,T4 Neuron,input,right
11365,720575940640002749,T5c,T5 Neuron,input,right
11366,720575940640009533,T4b,T4 Neuron,input,left
11367,720575940640010045,T5d,T5 Neuron,input,left
11368,720575940640012403,T5d,T5 Neuron,input,left
11369,720575940640014464,T5c,T5 Neuron,input,right
11370,720575940640022144,T5a,T5 Neuron,input,left
11371,720575940640032088,T4b,T4 Neuron,input,right
11372,720575940640037072,T4a,T4 Neuron,input,right
11373,720575940640044632,T5a,T5 Neuron,input,left
11374,720575940640056893,T5b,T5 Neuron,input,left
11375,720575940640060733,T5a,T5 Neuron,input,left
11376,720575940640062115,T5a,T5 Neuron,input,right
11377,720575940640064163,T4d,T4 Neuron,input,left
11378,720575940640065744,T5d,T5 Neuron,input,right
11379,720575940640066382,T4c,T4 Neuron,input,right
11380,720575940640074624,T5a,T5 Neuron,input,right
11381,720575940640078168,T4d,T4 Neuron,input,left
11382,720575940640083544,T4c,T4 Neuron,input,left
11383,720575940640087203,T5c,T5 Neuron,input,left
11384,720575940640090752,T4a,T4 Neuron,input,right
11385,720575940640093518,T4c,T4 Neuron,input,left
11386,720575940640096419,T5b,T5 Neuron,input,left
11387,720575940640102528,T5c,T5 Neuron,input,right
11388,720575940640106403,T4a,T4 Neuron,input,left
11389,720575940640112243,T4b,T4 Neuron,input,left
11390,720575940640113792,T4b,T4 Neuron,input,right
11391,720575940640115005,T4b,T4 Neuron,input,left
11392,720575940640116312,T5c,T5 Neuron,input,right
11393,720575940640117968,T4b,T4 Neuron,input,left
11394,720575940640122240,T4c,T4 Neuron,input,right
11395,720575940640136400,T5c,T5 Neuron,input,right
11396,720575940640148285,T4b,T4 Neuron,input,left
11397,720575940640149923,T5d,T5 Neuron,input,left
11398,720575940640150912,T4c,T4 Neuron,input,right
11399,720575940640155789,T4a,T4 Neuron,input,right
11400,720575940640169277,T4b,T4 Neuron,input,right
11401,720575940640170328,T5c,T5 Neuron,input,left
11402,720575940640179328,T5c,T5 Neuron,input,left
11403,720575940640179800,T5b,T5 Neuron,input,left
11404,720575940640183936,T4b,T4 Neuron,input,right
11405,720575940640194648,T5b,T5 Neuron,input,left
11406,720575940640209267,T5b,T5 Neuron,input,left
11407,720575940640217728,T5a,T5 Neuron,input,left
11408,720575940640224600,T5c,T5 Neuron,input,left
11409,720575940640225112,T4b,T4 Neuron,input,left
11410,720575940640228686,T5b,T5 Neuron,input,left
11411,720575940640231296,T4b,T4 Neuron,input,right
11412,720575940640238499,T4c,T4 Neuron,input,right
11413,720575940640240117,T4c,T4 Neuron,input,right
11414,720575940640240373,T4d,T4 Neuron,input,right
11415,720575940640245888,T5c,T5 Neuron,input,right
11416,720575940640254928,T5b,T5 Neuron,input,right
11417,720575940640275920,T4d,T4 Neuron,input,right
11418,720575940640280637,T5d,T5 Neuron,input,left
11419,720575940640283701,T4a,T4 Neuron,input,right
11420,720575940640286115,T4b,T4 Neuron,input,left
11421,720575940640303267,T5b,T5 Neuron,input,left
11422,720575940640310480,T5b,T5 Neuron,input,right
11423,720575940640313763,T4d,T4 Neuron,input,right
11424,720575940640338229,T4d,T4 Neuron,input,right
11425,720575940640350835,T5c,T5 Neuron,input,right
11426,720575940640354768,T5d,T5 Neuron,input,left
11427,720575940640355536,T5b,T5 Neuron,input,left
11428,720575940640356952,T4c,T4 Neuron,input,right
11429,720575940640359843,T5c,T5 Neuron,input,left
11430,720575940640376947,T5a,T5 Neuron,input,left
11431,720575940640413904,T5b,T5 Neuron,input,left
11432,720575940640414416,T5c,T5 Neuron,input,left
11433,720575940640418931,T5b,T5 Neuron,input,left
11434,720575940640427635,T4c,T4 Neuron,input,left
11435,720575940640430424,T4b,T4 Neuron,input,left
11436,720575940640447104,T4c,T4 Neuron,input,left
11437,720575940640457277,T4d,T4 Neuron,input,left
11438,720575940640463568,T5b,T5 Neuron,input,left
11439,720575940640475856,T4c,T4 Neuron,input,right
11440,720575940640486133,T5a,T5 Neuron,input,right
11441,720575940640500276,T5c,T5 Neuron,input,right
11442,720575940640501467,T4b,T4 Neuron,input,right
11443,720575940640505552,T5d,T5 Neuron,input,right
11444,720575940640506227,T4b,T4 Neuron,input,left
11445,720575940640511872,T5b,T5 Neuron,input,left
11446,720575940640512088,T5b,T5 Neuron,input,left
11447,720575940640514688,T4d,T4 Neuron,input,left
11448,720575940640525776,T5c,T5 Neuron,input,right
11449,720575940640526043,T5b,T5 Neuron,input,left
11450,720575940640528080,T5c,T5 Neuron,input,left
11451,720575940640533200,T5c,T5 Neuron,input,left
11452,720575940640536053,T5b,T5 Neuron,input,right
11453,720575940640540891,T5a,T5 Neuron,input,right
11454,720575940640545243,T5a,T5 Neuron,input,right
11455,720575940640550016,T5c,T5 Neuron,input,left
11456,720575940640553816,T5c,T5 Neuron,input,left
11457,720575940640554448,T4d,T4 Neuron,input,left
11458,720575940640566845,T4c,T4 Neuron,input,left
11459,720575940640567760,T5d,T5 Neuron,input,right
11460,720575940640571088,T4c,T4 Neuron,input,right
11461,720575940640586960,T5d,T5 Neuron,input,left
11462,720575940640587472,T5b,T5 Neuron,input,right
11463,720575940640591924,T5b,T5 Neuron,input,right
11464,720575940640595152,T4b,T4 Neuron,input,right
11465,720575940640595252,T5b,T5 Neuron,input,right
11466,720575940640595875,T5a,T5 Neuron,input,right
11467,720575940640617424,T4c,T4 Neuron,input,left
11468,720575940640625792,T5b,T5 Neuron,input,right
11469,720575940640632016,T5a,T5 Neuron,input,left
11470,720575940640632528,T4d,T4 Neuron,input,right
11471,720575940640633296,T4a,T4 Neuron,input,left
11472,720575940640646029,T5c,T5 Neuron,input,right
11473,720575940640667736,T4c,T4 Neuron,input,left
11474,720575940640668477,T4d,T4 Neuron,input,left
11475,720575940640668989,T4c,T4 Neuron,input,left
11476,720575940640676925,T4b,T4 Neuron,input,right
11477,720575940640691408,T5a,T5 Neuron,input,left
11478,720575940640698240,T5d,T5 Neuron,input,left
11479,720575940640699856,T5c,T5 Neuron,input,left
11480,720575940640703184,T5b,T5 Neuron,input,left
11481,720575940640707536,T5b,T5 Neuron,input,left
11482,720575940640715096,T4b,T4 Neuron,input,right
11483,720575940640721141,T4b,T4 Neuron,input,right
11484,720575940640722851,VS2,VS,processing,left
11485,720575940640729552,T5c,T5 Neuron,input,left
11486,720575940640738648,T4a,T4 Neuron,input,left
11487,720575940640746960,T4b,T4 Neuron,input,left
11488,720575940640748707,T4d,T4 Neuron,input,left
11489,720575940640749520,T5a,T5 Neuron,input,right
11490,720575940640749952,T4d,T4 Neuron,input,left
11491,720575940640752848,T4d,T4 Neuron,input,left
11492,720575940640753104,T5b,T5 Neuron,input,right
11493,720575940640757200,T4a,T4 Neuron,input,right
11494,720575940640758912,T4d,T4 Neuron,input,left
11495,720575940640759248,T4a,T4 Neuron,input,left
11496,720575940640761728,T4a,T4 Neuron,input,left
11497,720575940640766004,T5d,T5 Neuron,input,right
11498,720575940640778960,T4a,T4 Neuron,input,left
11499,720575940640779984,T4a,T4 Neuron,input,right
11500,720575940640785792,T5a,T5 Neuron,input,left
11501,720575940640806133,T5c,T5 Neuron,input,right
11502,720575940640815067,T4b,T4 Neuron,input,left
11503,720575940640815232,T5d,T5 Neuron,input,left
11504,720575940640843216,T4a,T4 Neuron,input,left
11505,720575940640846208,T5d,T5 Neuron,input,right
11506,720575940640851584,T5d,T5 Neuron,input,right
11507,720575940640852568,T4b,T4 Neuron,input,left
11508,720575940640864464,T5c,T5 Neuron,input,right
11509,720575940640878544,T4c,T4 Neuron,input,left
11510,720575940640881752,T4d,T4 Neuron,input,left
11511,720575940640894883,T4d,T4 Neuron,input,right
11512,720575940640900048,T5b,T5 Neuron,input,left
11513,720575940640905635,T4d,T4 Neuron,input,left
11514,720575940640906403,T4d,T4 Neuron,input,left
11515,720575940640909520,T5a,T5 Neuron,input,right
11516,720575940640922320,T4a,T4 Neuron,input,left
11517,720575940640940277,T5b,T5 Neuron,input,left
11518,720575940640953741,T4a,T4 Neuron,input,left
11519,720575940640961269,T4d,T4 Neuron,input,right
11520,720575940640964304,T5b,T5 Neuron,input,left
11521,720575940640967888,T4d,T4 Neuron,input,left
11522,720575940640970997,T5d,T5 Neuron,input,right
11523,720575940640974288,T4b,T4 Neuron,input,left
11524,720575940640991184,T5b,T5 Neuron,input,left
11525,720575940640993525,T5c,T5 Neuron,input,right
11526,720575940640995536,T5b,T5 Neuron,input,left
11527,720575940640995573,T4d,T4 Neuron,input,right
11528,720575940640999309,T5b,T5 Neuron,input,right
11529,720575940640999821,T4b,T4 Neuron,input,left
11530,720575940641000181,T4a,T4 Neuron,input,right
11531,720575940641037696,T4b,T4 Neuron,input,right
11532,720575940641040781,T5c,T5 Neuron,input,right
11533,720575940641053581,T4d,T4 Neuron,input,left
11534,720575940641054605,T5c,T5 Neuron,input,left
11535,720575940641056308,T5c,T5 Neuron,input,right
11536,720575940641057744,T4a,T4 Neuron,input,right
11537,720575940641061840,T5c,T5 Neuron,input,left
11538,720575940641074829,T4a,T4 Neuron,input,left
11539,720575940641080283,T5a,T5 Neuron,input,left
11540,720575940641100021,T5d,T5 Neuron,input,right
11541,720575940641108621,T4a,T4 Neuron,input,left
11542,720575940641120653,T4a,T4 Neuron,input,right
11543,720575940641133557,T5b,T5 Neuron,input,right
11544,720575940641138829,T4c,T4 Neuron,input,right
11545,720575940641139085,T4b,T4 Neuron,input,right
11546,720575940641161205,T4a,T4 Neuron,input,right
11547,720575940641171931,T5b,T5 Neuron,input,right
11548,720575940641178075,T5b,T5 Neuron,input,right
11549,720575940641180123,T5c,T5 Neuron,input,right
11550,720575940641183477,T5b,T5 Neuron,input,left
11551,720575940641216384,T5c,T5 Neuron,input,right
11552,720575940641231757,T4a,T4 Neuron,input,right
11553,720575940641234421,T5c,T5 Neuron,input,left
11554,720575940641259995,T4d,T4 Neuron,input,right
11555,720575940641271348,T5d,T5 Neuron,input,right
11556,720575940641272309,T4c,T4 Neuron,input,right
11557,720575940641276891,T5d,T5 Neuron,input,right
11558,720575940641278683,T4a,T4 Neuron,input,left
11559,720575940641289205,T4c,T4 Neuron,input,left
11560,720575940641297616,T5b,T5 Neuron,input,left
11561,720575940641325813,T4a,T4 Neuron,input,left
11562,720575940641328629,T5d,T5 Neuron,input,left
11563,720575940641341685,T5d,T5 Neuron,input,left
11564,720575940641343733,T4d,T4 Neuron,input,left
11565,720575940641345269,T4c,T4 Neuron,input,left
11566,720575940641346805,T5a,T5 Neuron,input,left
11567,720575940641364213,T5a,T5 Neuron,input,left
11568,720575940641366480,T5c,T5 Neuron,input,left
11569,720575940641367541,T5b,T5 Neuron,input,left
11570,720575940641368309,T5a,T5 Neuron,input,right
11571,720575940641372045,T4b,T4 Neuron,input,left
11572,720575940641373147,T5d,T5 Neuron,input,right
11573,720575940641377525,T4d,T4 Neuron,input,left
11574,720575940641387405,T5d,T5 Neuron,input,left
11575,720575940641399259,T4d,T4 Neuron,input,right
11576,720575940641400795,T4b,T4 Neuron,input,right
11577,720575940641410011,T4b,T4 Neuron,input,right
11578,720575940641411547,T4c,T4 Neuron,input,right
11579,720575940641414645,T4d,T4 Neuron,input,left
11580,720575940641415669,T5b,T5 Neuron,input,left
11581,720575940641420533,T4c,T4 Neuron,input,left
11582,720575940641423056,T4c,T4 Neuron,input,right
11583,720575940641424091,T5a,T5 Neuron,input,right
11584,720575940641435099,T4b,T4 Neuron,input,right
11585,720575940641440397,T4d,T4 Neuron,input,right
11586,720575940641485709,T5c,T5 Neuron,input,right
11587,720575940641490128,T4c,T4 Neuron,input,left
11588,720575940641537677,T4d,T4 Neuron,input,right
11589,720575940641548685,T4d,T4 Neuron,input,right
11590,720575940641553115,T4d,T4 Neuron,input,left
11591,720575940641558491,T5d,T5 Neuron,input,left
11592,720575940641563188,T5b,T5 Neuron,input,right
11593,720575940641563700,T5b,T5 Neuron,input,right
11594,720575940641575988,T5c,T5 Neuron,input,right
11595,720575940641577101,T4b,T4 Neuron,input,right
11596,720575940641579316,T5c,T5 Neuron,input,right
11597,720575940641586139,T4b,T4 Neuron,input,left
11598,720575940641591760,T4b,T4 Neuron,input,left
11599,720575940641593333,T4b,T4 Neuron,input,left
11600,720575940641593589,T5b,T5 Neuron,input,left
11601,720575940641596149,T4c,T4 Neuron,input,left
11602,720575940641610804,T4d,T4 Neuron,input,right
11603,720575940641615349,T4d,T4 Neuron,input,left
11604,720575940641621812,T4a,T4 Neuron,input,right
11605,720575940641634100,T4b,T4 Neuron,input,right
11606,720575940641634612,T5b,T5 Neuron,input,right
11607,720575940641636571,T5d,T5 Neuron,input,left
11608,720575940641639899,T5d,T5 Neuron,input,right
11609,720575940641644084,T5b,T5 Neuron,input,right
11610,720575940641647668,T4b,T4 Neuron,input,right
11611,720575940641648436,T4c,T4 Neuron,input,right
11612,720575940641655860,T4a,T4 Neuron,input,right
11613,720575940641656116,T4c,T4 Neuron,input,right
11614,720575940641657396,T4a,T4 Neuron,input,right
11615,720575940641658164,T4b,T4 Neuron,input,right
11616,720575940641672333,T4d,T4 Neuron,input,right
11617,720575940641679056,T4a,T4 Neuron,input,left
11618,720575940641682128,T4b,T4 Neuron,input,right
11619,720575940641709787,T5a,T5 Neuron,input,left
11620,720575940641744347,T4b,T4 Neuron,input,left
11621,720575940641752309,T5d,T5 Neuron,input,left
11622,720575940641799413,T4d,T4 Neuron,input,left
11623,720575940641812699,VS3,VS,processing,right
11624,720575940641829851,T4b,T4 Neuron,input,right
11625,720575940641851893,T4c,T4 Neuron,input,left
11626,720575940641903245,T5a,T5 Neuron,input,left
11627,720575940641922805,T5a,T5 Neuron,input,right
11628,720575940641951989,T4d,T4 Neuron,input,left
11629,720575940641959669,T5d,T5 Neuron,input,left
11630,720575940641960181,T4c,T4 Neuron,input,left
11631,720575940641960693,T5a,T5 Neuron,input,left
11632,720575940641982683,T5c,T5 Neuron,input,left
11633,720575940641994741,T4d,T4 Neuron,input,right
11634,720575940641996173,T4c,T4 Neuron,input,left
11635,720575940642003419,T4d,T4 Neuron,input,left
11636,720575940642007949,T5c,T5 Neuron,input,right
11637,720575940642008205,T5a,T5 Neuron,input,right
11638,720575940642017755,T5c,T5 Neuron,input,left
11639,720575940642021773,T5b,T5 Neuron,input,right
11640,720575940642025357,T5a,T5 Neuron,input,right
11641,720575940642029019,T4b,T4 Neuron,input,right
11642,720575940642045147,T4c,T4 Neuron,input,right
11643,720575940642052749,T4b,T4 Neuron,input,right
11644,720575940642057357,T5d,T5 Neuron,input,right
11645,720575940642090400,T4c,T4 Neuron,input,right
11646,720575940642103693,T4b,T4 Neuron,input,left
11647,720575940642126221,T4b,T4 Neuron,input,right
11648,720575940642145755,T5d,T5 Neuron,input,left
11649,720575940642161037,T5b,T5 Neuron,input,left
11650,720575940642196621,T4d,T4 Neuron,input,left
11651,720575940642209421,T5a,T5 Neuron,input,right
11652,720575940642224013,T4c,T4 Neuron,input,right
11653,720575940642267021,T5b,T5 Neuron,input,right
11654,720575940642268045,T5b,T5 Neuron,input,right
11655,720575940642343157,T5d,T5 Neuron,input,right
11656,720575940642355597,T4c,T4 Neuron,input,left
11657,720575940642372237,T5d,T5 Neuron,input,left
11658,720575940642372493,T4d,T4 Neuron,input,right
11659,720575940642395533,T5c,T5 Neuron,input,right
11660,720575940642395637,T4c,T4 Neuron,input,right
11661,720575940642459277,T4a,T4 Neuron,input,left
11662,720575940642459533,T5c,T5 Neuron,input,left
11663,720575940642465499,T5b,T5 Neuron,input,right
11664,720575940642465755,T4a,T4 Neuron,input,left
11665,720575940642467636,T5b,T5 Neuron,input,right
11666,720575940642471565,T5a,T5 Neuron,input,left
11667,720575940642491533,T4b,T4 Neuron,input,left
11668,720575940642505869,T5d,T5 Neuron,input,left
11669,720575940642508429,T4c,T4 Neuron,input,left
11670,720575940642512692,T5c,T5 Neuron,input,right
11671,720575940642568608,T5a,T5 Neuron,input,right
11672,720575940642577371,T4a,T4 Neuron,input,left
11673,720575940642613645,T4c,T4 Neuron,input,left
11674,720575940642616205,T4c,T4 Neuron,input,left
11675,720575940642618509,T4d,T4 Neuron,input,left
11676,720575940642621344,T4b,T4 Neuron,input,right
11677,720575940642638496,T4a,T4 Neuron,input,left
11678,720575940642641037,T5d,T5 Neuron,input,right
11679,720575940642643252,T5b,T5 Neuron,input,right
11680,720575940642644788,T5a,T5 Neuron,input,right
11681,720575940642648116,T5b,T5 Neuron,input,right
11682,720575940642651277,T5b,T5 Neuron,input,left
11683,720575940642665101,T5b,T5 Neuron,input,right
11684,720575940642688909,T4c,T4 Neuron,input,left
11685,720575940642694285,T5d,T5 Neuron,input,left
11686,720575940642699976,T4b,T4 Neuron,input,right
11687,720575940642712520,T5c,T5 Neuron,input,right
11688,720575940642728648,T5a,T5 Neuron,input,left
11689,720575940642763680,T4c,T4 Neuron,input,right
11690,720575940642802592,T5a,T5 Neuron,input,right
11691,720575940642820388,T4a,T4 Neuron,input,right
11692,720575940642845069,T4d,T4 Neuron,input,left
11693,720575940642858804,T4b,T4 Neuron,input,right
11694,720575940642885005,T5b,T5 Neuron,input,left
11695,720575940642885773,T4b,T4 Neuron,input,left
11696,720575940642903918,T5c,T5 Neuron,input,left
11697,720575940642932877,T4b,T4 Neuron,input,left
11698,720575940642937140,T5a,T5 Neuron,input,right
11699,720575940642939956,T5a,T5 Neuron,input,right
11700,720575940642940724,T5d,T5 Neuron,input,right
11701,720575940642945844,T4b,T4 Neuron,input,right
11702,720575940643136456,T4a,T4 Neuron,input,right
11703,720575940643146788,T4c,T4 Neuron,input,left
11704,720575940643147044,T4c,T4 Neuron,input,left
11705,720575940643166500,T5d,T5 Neuron,input,left
11706,720575940643168909,T5a,T5 Neuron,input,right
11707,720575940643169933,T5a,T5 Neuron,input,right
11708,720575940643192205,T5d,T5 Neuron,input,right
11709,720575940643217568,T4a,T4 Neuron,input,right
11710,720575940643322509,T4a,T4 Neuron,input,right
11711,720575940643399584,T5a,T5 Neuron,input,right
11712,720575940643400352,T5d,T5 Neuron,input,right
11713,720575940643402912,T5c,T5 Neuron,input,left
11714,720575940643411104,T5b,T5 Neuron,input,left
11715,720575940643411912,T4d,T4 Neuron,input,right
11716,720575940643414944,T4b,T4 Neuron,input,left
11717,720575940643436704,T5d,T5 Neuron,input,right
11718,720575940643436960,T5a,T5 Neuron,input,right
11719,720575940643449636,T5c,T5 Neuron,input,left
11720,720575940643450784,T4c,T4 Neuron,input,left
11721,720575940643466912,T5c,T5 Neuron,input,right
11722,720575940643482784,T5d,T5 Neuron,input,right
11723,720575940643483172,T5c,T5 Neuron,input,left
11724,720575940643507104,T5a,T5 Neuron,input,right
11725,720575940643508384,T5d,T5 Neuron,input,right
11726,720575940643515296,T4c,T4 Neuron,input,right
11727,720575940643519648,T5a,T5 Neuron,input,right
11728,720575940643520160,T5b,T5 Neuron,input,right
11729,720575940643532704,T5b,T5 Neuron,input,right
11730,720575940643533728,T4c,T4 Neuron,input,right
11731,720575940643561888,T5b,T5 Neuron,input,right
11732,720575940643614408,T5a,T5 Neuron,input,right
11733,720575940643616200,T5c,T5 Neuron,input,right
11734,720575940643618327,T5b,T5 Neuron,input,right
11735,720575940643671456,T5d,T5 Neuron,input,right
11736,720575940643674312,T5a,T5 Neuron,input,right
11737,720575940643679688,T5b,T5 Neuron,input,right
11738,720575940643686935,T5a,T5 Neuron,input,right
11739,720575940643696420,T4d,T4 Neuron,input,right
11740,720575940643696676,T4b,T4 Neuron,input,right
11741,720575940643701960,T5c,T5 Neuron,input,right
11742,720575940643705248,T4b,T4 Neuron,input,right
11743,720575940643709088,T5a,T5 Neuron,input,left
11744,720575940643722184,T4a,T4 Neuron,input,right
11745,720575940643722440,T5b,T5 Neuron,input,right
11746,720575940643735752,T5c,T5 Neuron,input,right
11747,720575940643737367,T4d,T4 Neuron,input,right
11748,720575940643751072,T5d,T5 Neuron,input,left
11749,720575940643752392,T5d,T5 Neuron,input,right
11750,720575940643754440,T5d,T5 Neuron,input,right
11751,720575940643754952,T5b,T5 Neuron,input,right
11752,720575940643758280,T4a,T4 Neuron,input,right
11753,720575940643758752,T5d,T5 Neuron,input,right
11754,720575940643773128,T5d,T5 Neuron,input,right
11755,720575940643774368,T4b,T4 Neuron,input,right
11756,720575940643786144,T5d,T5 Neuron,input,right
11757,720575940643790240,T4a,T4 Neuron,input,left
11758,720575940643797192,T5c,T5 Neuron,input,left
11759,720575940643801248,T5a,T5 Neuron,input,left
11760,720575940643806112,T5b,T5 Neuron,input,left
11761,720575940643806880,T5a,T5 Neuron,input,right
11762,720575940643808535,T5d,T5 Neuron,input,right
11763,720575940643808712,T5c,T5 Neuron,input,right
11764,720575940643809952,T4b,T4 Neuron,input,left
11765,720575940643819812,T5b,T5 Neuron,input,right
11766,720575940643829960,T4b,T4 Neuron,input,right
11767,720575940643830472,T4a,T4 Neuron,input,right
11768,720575940643866568,T4b,T4 Neuron,input,right
11769,720575940643905480,T5a,T5 Neuron,input,left
11770,720575940643907272,T5a,T5 Neuron,input,left
11771,720575940643963592,T4a,T4 Neuron,input,right
11772,720575940643997220,T4b,T4 Neuron,input,right
11773,720575940644015008,T4c,T4 Neuron,input,left
11774,720575940644025248,T4c,T4 Neuron,input,left
11775,720575940644025710,T4d,T4 Neuron,input,left
11776,720575940644030830,T5a,T5 Neuron,input,left
11777,720575940644042094,T4b,T4 Neuron,input,left
11778,720575940644054432,T4d,T4 Neuron,input,left
11779,720575940644054728,T4b,T4 Neuron,input,left
11780,720575940644074007,T5b,T5 Neuron,input,left
11781,720575940644075168,T5c,T5 Neuron,input,left
11782,720575940644077728,T4b,T4 Neuron,input,left
11783,720575940644083912,T5a,T5 Neuron,input,left
11784,720575940644101024,T4b,T4 Neuron,input,left
11785,720575940644131272,T5a,T5 Neuron,input,left
11786,720575940644133924,T4c,T4 Neuron,input,right
11787,720575940644143982,T5b,T5 Neuron,input,left
11788,720575940644146030,T4b,T4 Neuron,input,right
11789,720575940644164718,T4b,T4 Neuron,input,right
11790,720575940644174958,T4c,T4 Neuron,input,right
11791,720575940644204823,T4b,T4 Neuron,input,left
11792,720575940644277152,T5d,T5 Neuron,input,left
11793,720575940644303520,T5c,T5 Neuron,input,left
11794,720575940644311968,T4a,T4 Neuron,input,left
11795,720575940644315080,T5a,T5 Neuron,input,left
11796,720575940644315592,T4a,T4 Neuron,input,left
11797,720575940644320200,T5b,T5 Neuron,input,right
11798,720575940644320928,T4d,T4 Neuron,input,left
11799,720575940644327584,T5a,T5 Neuron,input,left
11800,720575940644331168,T5d,T5 Neuron,input,left
11801,720575940644347940,T4b,T4 Neuron,input,right
11802,720575940644357832,T5c,T5 Neuron,input,left
11803,720575940644363168,T5b,T5 Neuron,input,left
11804,720575940644383432,T4b,T4 Neuron,input,right
11805,720575940644394400,T5a,T5 Neuron,input,right
11806,720575940644397092,T4b,T4 Neuron,input,right
11807,720575940644400164,T5d,T5 Neuron,input,right
11808,720575940644403656,T4d,T4 Neuron,input,left
11809,720575940644405796,T4b,T4 Neuron,input,right
11810,720575940644426184,T4d,T4 Neuron,input,right
11811,720575940644428488,T5d,T5 Neuron,input,right
11812,720575940644449316,T5c,T5 Neuron,input,right
11813,720575940644506135,T4b,T4 Neuron,input,right
11814,720575940644519959,T5d,T5 Neuron,input,right
11815,720575940644526024,T5b,T5 Neuron,input,right
11816,720575940644589591,T5a,T5 Neuron,input,right
11817,720575940644596260,T4a,T4 Neuron,input,right
11818,720575940644597028,T4c,T4 Neuron,input,left
11819,720575940644600343,T4a,T4 Neuron,input,right
11820,720575940644608036,T4b,T4 Neuron,input,right
11821,720575940644622628,T4c,T4 Neuron,input,right
11822,720575940644663831,T4d,T4 Neuron,input,right
11823,720575940644664855,T4c,T4 Neuron,input,right
11824,720575940644666056,T5c,T5 Neuron,input,right
11825,720575940644671255,T5d,T5 Neuron,input,right
11826,720575940644684823,T5d,T5 Neuron,input,right
11827,720575940644694564,T5c,T5 Neuron,input,left
11828,720575940644700832,T4d,T4 Neuron,input,left
11829,720575940644711972,T5c,T5 Neuron,input,left
11830,720575940644736456,T5b,T5 Neuron,input,left
11831,720575940644741412,T4b,T4 Neuron,input,right
11832,720575940644744727,T5d,T5 Neuron,input,right
11833,720575940644763684,T4c,T4 Neuron,input,left
11834,720575940644768292,T4a,T4 Neuron,input,left
11835,720575940644787310,T5d,T5 Neuron,input,right
11836,720575940644787400,T4b,T4 Neuron,input,left
11837,720575940644787479,T4c,T4 Neuron,input,right
11838,720575940644801902,T5b,T5 Neuron,input,right
11839,720575940644837143,T5a,T5 Neuron,input,right
11840,720575940644877604,T4c,T4 Neuron,input,left
11841,720575940644889367,T5d,T5 Neuron,input,right
11842,720575940644891336,T5a,T5 Neuron,input,left
11843,720575940644905495,T4c,T4 Neuron,input,left
11844,720575940644916759,T5b,T5 Neuron,input,right
11845,720575940644921111,T4d,T4 Neuron,input,left
11846,720575940644929828,T5a,T5 Neuron,input,right
11847,720575940644933655,T5d,T5 Neuron,input,left
11848,720575940644935447,T4a,T4 Neuron,input,right
11849,720575940644937160,T5c,T5 Neuron,input,right
11850,720575940644937416,T5a,T5 Neuron,input,right
11851,720575940644937672,T5d,T5 Neuron,input,right
11852,720575940644946455,T4c,T4 Neuron,input,left
11853,720575940644946980,T5b,T5 Neuron,input,left
11854,720575940644951844,T4c,T4 Neuron,input,left
11855,720575940644956439,T5d,T5 Neuron,input,left
11856,720575940644957640,T5d,T5 Neuron,input,right
11857,720575940644957732,T5c,T5 Neuron,input,right
11858,720575940644958487,T4c,T4 Neuron,input,right
11859,720575940644967959,T4d,T4 Neuron,input,left
11860,720575940644976407,T5d,T5 Neuron,input,left
11861,720575940645020526,T5d,T5 Neuron,input,right
11862,720575940645023511,T5d,T5 Neuron,input,left
11863,720575940645028119,T4d,T4 Neuron,input,left
11864,720575940645029911,T5d,T5 Neuron,input,left
11865,720575940645039396,T4c,T4 Neuron,input,left
11866,720575940645054920,T5b,T5 Neuron,input,left
11867,720575940645056110,T4a,T4 Neuron,input,right
11868,720575940645079406,T5c,T5 Neuron,input,left
11869,720575940645089646,T4c,T4 Neuron,input,left
11870,720575940645098007,T5a,T5 Neuron,input,left
11871,720575940645102446,T5c,T5 Neuron,input,left
11872,720575940645114734,T5d,T5 Neuron,input,left
11873,720575940645123182,T5a,T5 Neuron,input,left
11874,720575940645136840,T4c,T4 Neuron,input,left
11875,720575940645145891,T4b,T4 Neuron,input,right
11876,720575940645165335,T4c,T4 Neuron,input,left
11877,720575940645179683,T4b,T4 Neuron,input,left
11878,720575940645193763,T4a,T4 Neuron,input,left
11879,720575940645193764,T4d,T4 Neuron,input,left
11880,720575940645255022,T4c,T4 Neuron,input,right
11881,720575940645277207,T5b,T5 Neuron,input,right
11882,720575940645280023,T4d,T4 Neuron,input,right
11883,720575940645292055,T4c,T4 Neuron,input,left
11884,720575940645309475,T5c,T5 Neuron,input,left
11885,720575940645312535,T4b,T4 Neuron,input,left
11886,720575940645312791,T5b,T5 Neuron,input,left
11887,720575940645317412,VST1,VS,processing,left
11888,720575940645333271,T4d,T4 Neuron,input,left
11889,720575940645362542,T4c,T4 Neuron,input,right
11890,720575940645370222,T5c,T5 Neuron,input,left
11891,720575940645393774,T4a,T4 Neuron,input,left
11892,720575940645406743,T5d,T5 Neuron,input,left
11893,720575940645422884,T5d,T5 Neuron,input,right
11894,720575940645426286,T4b,T4 Neuron,input,right
11895,720575940645429102,T4d,T4 Neuron,input,left
11896,720575940645431831,T4d,T4 Neuron,input,left
11897,720575940645434990,T4d,T4 Neuron,input,left
11898,720575940645437038,T4a,T4 Neuron,input,left
11899,720575940645448996,T5d,T5 Neuron,input,right
11900,720575940645457262,T5d,T5 Neuron,input,right
11901,720575940645459054,T5d,T5 Neuron,input,right
11902,720575940645459566,T4c,T4 Neuron,input,left
11903,720575940645482862,T5d,T5 Neuron,input,left
11904,720575940645483118,T5d,T5 Neuron,input,right
11905,720575940645484084,T5c,T5 Neuron,input,left
11906,720575940645492503,T5d,T5 Neuron,input,left
11907,720575940645493614,T4a,T4 Neuron,input,left
11908,720575940645497636,T4d,T4 Neuron,input,left
11909,720575940645497892,T5b,T5 Neuron,input,left
11910,720575940645498734,T4b,T4 Neuron,input,right
11911,720575940645519214,T5a,T5 Neuron,input,left
11912,720575940645524846,T5d,T5 Neuron,input,right
11913,720575940645532980,T4a,T4 Neuron,input,right
11914,720575940645538356,T5d,T5 Neuron,input,right
11915,720575940645546804,T4b,T4 Neuron,input,left
11916,720575940645554455,T5a,T5 Neuron,input,left
11917,720575940645557870,T5b,T5 Neuron,input,left
11918,720575940645570071,T5d,T5 Neuron,input,left
11919,720575940645570926,T4d,T4 Neuron,input,right
11920,720575940645571863,T4b,T4 Neuron,input,left
11921,720575940645573230,T4b,T4 Neuron,input,left
11922,720575940645573655,T4d,T4 Neuron,input,left
11923,720575940645576215,T4c,T4 Neuron,input,left
11924,720575940645583383,T5d,T5 Neuron,input,left
11925,720575940645597719,T4c,T4 Neuron,input,right
11926,720575940645617262,T4a,T4 Neuron,input,right
11927,720575940645621870,T5d,T5 Neuron,input,left
11928,720575940645622051,T4b,T4 Neuron,input,right
11929,720575940645627927,T4d,T4 Neuron,input,right
11930,720575940645628695,T5d,T5 Neuron,input,right
11931,720575940645635875,T5b,T5 Neuron,input,left
11932,720575940645636375,T4b,T4 Neuron,input,left
11933,720575940645649716,T5a,T5 Neuron,input,left
11934,720575940645651252,T5a,T5 Neuron,input,right
11935,720575940645665076,T5a,T5 Neuron,input,left
11936,720575940645679127,T4d,T4 Neuron,input,left
11937,720575940645691700,T5a,T5 Neuron,input,right
11938,720575940645735534,T5d,T5 Neuron,input,left
11939,720575940645786222,T5d,T5 Neuron,input,right
11940,720575940645824110,T4c,T4 Neuron,input,left
11941,720575940645877358,T5c,T5 Neuron,input,right
11942,720575940645920308,T4b,T4 Neuron,input,left
11943,720575940645949294,T4b,T4 Neuron,input,right
11944,720575940646004003,T4c,T4 Neuron,input,right
11945,720575940646039575,T4a,T4 Neuron,input,right
11946,720575940646051460,T5c,T5 Neuron,input,right
11947,720575940646090787,T5a,T5 Neuron,input,right
11948,720575940646106903,T5b,T5 Neuron,input,left
11949,720575940646143267,T4d,T4 Neuron,input,right
11950,720575940646146083,T4d,T4 Neuron,input,right
11951,720575940646150435,T4a,T4 Neuron,input,right
11952,720575940646172963,T5a,T5 Neuron,input,right
11953,720575940646176900,T4b,T4 Neuron,input,left
11954,720575940646180228,T4d,T4 Neuron,input,right
11955,720575940646184995,T4b,T4 Neuron,input,right
11956,720575940646191236,T4c,T4 Neuron,input,right
11957,720575940646191395,T5b,T5 Neuron,input,right
11958,720575940646245923,T5c,T5 Neuron,input,right
11959,720575940646252835,T4b,T4 Neuron,input,left
11960,720575940646265635,T5a,T5 Neuron,input,right
11961,720575940646291822,T5d,T5 Neuron,input,right
11962,720575940646437667,T5a,T5 Neuron,input,left
11963,720575940646440739,T5a,T5 Neuron,input,left
11964,720575940646458500,T4c,T4 Neuron,input,right
11965,720575940646459188,T4a,T4 Neuron,input,left
11966,720575940646462084,T5d,T5 Neuron,input,left
11967,720575940646468131,T5c,T5 Neuron,input,left
11968,720575940646492212,T5d,T5 Neuron,input,right
11969,720575940646496547,T4b,T4 Neuron,input,right
11970,720575940646506019,T4d,T4 Neuron,input,right
11971,720575940646527028,T5d,T5 Neuron,input,right
11972,720575940646528308,T5b,T5 Neuron,input,right
11973,720575940646555171,T4a,T4 Neuron,input,left
11974,720575940646580788,T4a,T4 Neuron,input,left
11975,720575940646585140,T4c,T4 Neuron,input,right
11976,720575940646586932,T4c,T4 Neuron,input,right
11977,720575940646588212,T5d,T5 Neuron,input,right
11978,720575940646592564,T4c,T4 Neuron,input,right
11979,720575940646594356,T4d,T4 Neuron,input,right
11980,720575940646594851,T4a,T4 Neuron,input,left
11981,720575940646648355,T5b,T5 Neuron,input,left
11982,720575940646648372,T5b,T5 Neuron,input,right
11983,720575940646659380,T5c,T5 Neuron,input,left
11984,720575940646690595,T5b,T5 Neuron,input,left
11985,720575940646694708,T5d,T5 Neuron,input,left
11986,720575940646707235,T4d,T4 Neuron,input,left
11987,720575940646707764,T4b,T4 Neuron,input,right
11988,720575940646718004,T4a,T4 Neuron,input,right
11989,720575940646748451,T4b,T4 Neuron,input,left
11990,720575940646753332,T4b,T4 Neuron,input,left
11991,720575940646760739,T4d,T4 Neuron,input,right
11992,720575940646769187,T4d,T4 Neuron,input,right
11993,720575940646778147,T5d,T5 Neuron,input,right
11994,720575940646778403,T4c,T4 Neuron,input,left
11995,720575940646783267,T5b,T5 Neuron,input,left
11996,720575940646791715,T4d,T4 Neuron,input,right
11997,720575940646791971,T4d,T4 Neuron,input,right
11998,720575940646792739,T5b,T5 Neuron,input,right
11999,720575940646795299,T4d,T4 Neuron,input,right
12000,720575940646796835,T5b,T5 Neuron,input,right
12001,720575940646797347,T5b,T5 Neuron,input,right
12002,720575940646798883,T5b,T5 Neuron,input,right
12003,720575940646808372,T5d,T5 Neuron,input,left
12004,720575940646818868,T4d,T4 Neuron,input,right
12005,720575940646821940,T5b,T5 Neuron,input,right
12006,720575940646845236,T4c,T4 Neuron,input,right
12007,720575940646851380,T5b,T5 Neuron,input,left
12008,720575940646859811,T4c,T4 Neuron,input,left
12009,720575940646864948,T4b,T4 Neuron,input,right
12010,720575940646866996,T4a,T4 Neuron,input,left
12011,720575940646877236,T5d,T5 Neuron,input,right
12012,720575940646883875,T4d,T4 Neuron,input,left
12013,720575940646927924,T5b,T5 Neuron,input,right
12014,720575940646929187,T4d,T4 Neuron,input,left
12015,720575940646938403,T5c,T5 Neuron,input,left
12016,720575940646939939,T4d,T4 Neuron,input,left
12017,720575940646942260,T4d,T4 Neuron,input,left
12018,720575940646961284,T5a,T5 Neuron,input,right
12019,720575940646966819,T4c,T4 Neuron,input,left
12020,720575940646973828,T5c,T5 Neuron,input,left
12021,720575940646992163,T4c,T4 Neuron,input,left
12022,720575940646995508,T5c,T5 Neuron,input,right
12023,720575940647015812,T5c,T5 Neuron,input,left
12024,720575940647031940,T5d,T5 Neuron,input,right
12025,720575940647036804,T5b,T5 Neuron,input,right
12026,720575940647050531,T5d,T5 Neuron,input,left
12027,720575940647066932,T4a,T4 Neuron,input,right
12028,720575940647085108,T5a,T5 Neuron,input,left
12029,720575940647111300,T5c,T5 Neuron,input,right
12030,720575940647111476,T4a,T4 Neuron,input,left
12031,720575940647120163,T4b,T4 Neuron,input,right
12032,720575940647120419,T4d,T4 Neuron,input,right
12033,720575940647125812,T5a,T5 Neuron,input,left
12034,720575940647158819,T5a,T5 Neuron,input,left
12035,720575940647171204,T5c,T5 Neuron,input,right
12036,720575940647192708,T4c,T4 Neuron,input,right
12037,720575940647270276,T5a,T5 Neuron,input,right
12038,720575940647285812,T4d,T4 Neuron,input,right
12039,720575940647286068,T4d,T4 Neuron,input,right
12040,720575940647288628,T4d,T4 Neuron,input,right
12041,720575940647289396,T5b,T5 Neuron,input,right
12042,720575940647310132,T4d,T4 Neuron,input,left
12043,720575940647311651,VS6,VS,processing,left
12044,720575940647323444,T5b,T5 Neuron,input,left
12045,720575940647324468,T4a,T4 Neuron,input,left
12046,720575940647362436,T4c,T4 Neuron,input,right
12047,720575940647384884,T4d,T4 Neuron,input,left
12048,720575940647389236,T4c,T4 Neuron,input,left
12049,720575940647405620,T4d,T4 Neuron,input,left
12050,720575940647416708,T5c,T5 Neuron,input,right
12051,720575940647441187,VSm,VS,processing,left
12052,720575940647444276,T5b,T5 Neuron,input,left
12053,720575940647465860,T5c,T5 Neuron,input,left
12054,720575940647488820,T4c,T4 Neuron,input,left
12055,720575940647503748,T5a,T5 Neuron,input,right
12056,720575940647514676,T5d,T5 Neuron,input,right
12057,720575940647527044,T4b,T4 Neuron,input,left
12058,720575940647533188,T4b,T4 Neuron,input,left
12059,720575940647545988,T5d,T5 Neuron,input,left
12060,720575940647584052,T4b,T4 Neuron,input,left
12061,720575940647596164,T5a,T5 Neuron,input,left
12062,720575940647610756,T5a,T5 Neuron,input,left
12063,720575940647690804,T5d,T5 Neuron,input,left
12064,720575940647755908,T5d,T5 Neuron,input,left
12065,720575940647756932,T5c,T5 Neuron,input,left
12066,720575940647770500,T5d,T5 Neuron,input,left
12067,720575940647793540,T5b,T5 Neuron,input,left
12068,720575940647797892,T4d,T4 Neuron,input,right
12069,720575940647817092,T5a,T5 Neuron,input,right
12070,720575940647818116,T4b,T4 Neuron,input,right
12071,720575940647822468,T5b,T5 Neuron,input,right
12072,720575940647824004,T4d,T4 Neuron,input,right
12073,720575940647825540,T4c,T4 Neuron,input,right
12074,720575940647826052,T4b,T4 Neuron,input,right
12075,720575940647828356,T5b,T5 Neuron,input,right
12076,720575940647828612,T5c,T5 Neuron,input,right
12077,720575940647830404,T4a,T4 Neuron,input,right
12078,720575940647837572,T4d,T4 Neuron,input,right
12079,720575940647838852,T4b,T4 Neuron,input,right
12080,720575940647839108,T4d,T4 Neuron,input,right
12081,720575940647872900,T4d,T4 Neuron,input,left
12082,720575940647917444,T5d,T5 Neuron,input,left
12083,720575940647922740,T4d,T4 Neuron,input,left
12084,720575940647937588,T4d,T4 Neuron,input,left
12085,720575940647942964,T4c,T4 Neuron,input,left
12086,720575940647943044,T4b,T4 Neuron,input,left
12087,720575940647959428,T4d,T4 Neuron,input,left
12088,720575940647971460,T5c,T5 Neuron,input,left
12089,720575940648109956,T4a,T4 Neuron,input,right
12090,720575940648340868,T4d,T4 Neuron,input,left
12091,720575940648408953,T5b,T5 Neuron,input,left
12092,720575940648418937,T4b,T4 Neuron,input,left
12093,720575940648454009,T4b,T4 Neuron,input,right
12094,720575940648471929,T4c,T4 Neuron,input,left
12095,720575940648482937,T5a,T5 Neuron,input,right
12096,720575940648507257,T5a,T5 Neuron,input,left
12097,720575940648530553,T5b,T5 Neuron,input,left
12098,720575940648536441,T4c,T4 Neuron,input,left
12099,720575940648621956,T4b,T4 Neuron,input,left
12100,720575940648649860,T4c,T4 Neuron,input,right
12101,720575940648698244,T5c,T5 Neuron,input,left
12102,720575940649314169,T5b,T5 Neuron,input,right
12103,720575940649316473,T5c,T5 Neuron,input,right
12104,720575940649335929,T5b,T5 Neuron,input,right
12105,720575940649349497,T5c,T5 Neuron,input,right
12106,720575940649361785,T5b,T5 Neuron,input,right
12107,720575940649378681,T4b,T4 Neuron,input,right
12108,720575940649420409,T5a,T5 Neuron,input,left
12109,720575940649446777,T5a,T5 Neuron,input,right
12110,720575940649531513,T4d,T4 Neuron,input,right
12111,720575940649571961,T5d,T5 Neuron,input,left
12112,720575940649627257,T4c,T4 Neuron,input,right
12113,720575940649629049,T5c,T5 Neuron,input,right
12114,720575940649653113,T4d,T4 Neuron,input,right
12115,720575940649760889,T5c,T5 Neuron,input,right
12116,720575940649765497,T4d,T4 Neuron,input,left
12117,720575940649784697,T5a,T5 Neuron,input,left
12118,720575940649800825,T5a,T5 Neuron,input,right
12119,720575940649801081,T5b,T5 Neuron,input,right
12120,720575940649824633,T5a,T5 Neuron,input,left
12121,720575940649847161,T5b,T5 Neuron,input,left
12122,720575940649851257,T4b,T4 Neuron,input,left
12123,720575940649861753,T5d,T5 Neuron,input,right
12124,720575940649873273,T4a,T4 Neuron,input,left
12125,720575940649873529,T4c,T4 Neuron,input,left
12126,720575940649880441,T4a,T4 Neuron,input,right
12127,720575940649880953,T5d,T5 Neuron,input,left
12128,720575940649882745,T4a,T4 Neuron,input,left
12129,720575940649889657,T4b,T4 Neuron,input,left
12130,720575940649890425,T4d,T4 Neuron,input,right
12131,720575940649970041,T4a,T4 Neuron,input,left
12132,720575940649980537,T4c,T4 Neuron,input,right
12133,720575940649994361,T4a,T4 Neuron,input,right
12134,720575940650129273,T4b,T4 Neuron,input,left
12135,720575940650135673,T4d,T4 Neuron,input,left
12136,720575940650290809,T4c,T4 Neuron,input,left
12137,720575940650292089,T4b,T4 Neuron,input,left
12138,720575940650369401,T4d,T4 Neuron,input,left
12139,720575940650438009,T4d,T4 Neuron,input,left
12140,720575940650489721,T5a,T5 Neuron,input,left
12141,720575940650521209,T4b,T4 Neuron,input,right
12142,720575940650597497,T5c,T5 Neuron,input,left
12143,720575940650674297,T4a,T4 Neuron,input,left
12144,720575940651160822,T4d,T4 Neuron,input,left
12145,720575940651801590,T5d,T5 Neuron,input,right
12146,720575940652010998,T5c,T5 Neuron,input,right
12147,720575940652131574,T5a,T5 Neuron,input,right
12148,720575940652151798,T4d,T4 Neuron,input,right
12149,720575940652191734,T5b,T5 Neuron,input,right
12150,720575940652193014,T4b,T4 Neuron,input,right
12151,720575940652196342,T5a,T5 Neuron,input,right
12152,720575940652343030,T4d,T4 Neuron,input,right
12153,720575940652355574,T4b,T4 Neuron,input,right
12154,720575940652466934,T5a,T5 Neuron,input,left
12155,720575940652482806,T5c,T5 Neuron,input,left
12156,720575940652487670,T4c,T4 Neuron,input,left
12157,720575940652522998,T5c,T5 Neuron,input,left
12158,720575940652538358,T4a,T4 Neuron,input,left
12159,720575940652542198,T5a,T5 Neuron,input,left
12160,720575940652560118,T4b,T4 Neuron,input,left
12161,720575940652560374,T4c,T4 Neuron,input,left
12162,720575940652594422,T4c,T4 Neuron,input,right
12163,720575940652662006,T5b,T5 Neuron,input,left
12164,720575940652673526,T4d,T4 Neuron,input,right
12165,720575940652675574,T5d,T5 Neuron,input,left
12166,720575940652792310,T4d,T4 Neuron,input,left
12167,720575940652866038,T5d,T5 Neuron,input,left
12168,720575940652891894,T5d,T5 Neuron,input,left
12169,720575940652922102,T5d,T5 Neuron,input,left
12170,720575940652927990,T4b,T4 Neuron,input,left
12171,720575940652940278,T5b,T5 Neuron,input,left
12172,720575940652955126,T4a,T4 Neuron,input,left
12173,720575940653051382,T4b,T4 Neuron,input,left
12174,720575940653057270,T5a,T5 Neuron,input,left
12175,720575940653142006,T4c,T4 Neuron,input,left
12176,720575940653241846,T5c,T5 Neuron,input,right
12177,720575940653493750,T4c,T4 Neuron,input,right
12178,720575940653554422,T4d,T4 Neuron,input,left
12179,720575940653561078,T4c,T4 Neuron,input,left
12180,720575940653561334,T4a,T4 Neuron,input,left
12181,720575940653566454,T5b,T5 Neuron,input,left
12182,720575940653567478,T5a,T5 Neuron,input,left
12183,720575940653593505,T4c,T4 Neuron,input,left
12184,720575940653597430,T4c,T4 Neuron,input,left
12185,720575940653602038,T5a,T5 Neuron,input,right
12186,720575940653609718,T4b,T4 Neuron,input,left
12187,720575940653609974,T4d,T4 Neuron,input,left
12188,720575940653623542,T5c,T5 Neuron,input,left
12189,720575940653631905,T4c,T4 Neuron,input,left
12190,720575940653632417,T5c,T5 Neuron,input,left
12191,720575940653645473,T4c,T4 Neuron,input,left
12192,720575940653680545,T5c,T5 Neuron,input,right
12193,720575940653694881,T4c,T4 Neuron,input,right
12194,720575940654165921,T5b,T5 Neuron,input,right
12195,720575940654245793,T5a,T5 Neuron,input,right
12196,720575940654389921,T5b,T5 Neuron,input,right
12197,720575940654390689,T5a,T5 Neuron,input,right
12198,720575940654435489,T4a,T4 Neuron,input,right
12199,720575940654504353,T4c,T4 Neuron,input,right
12200,720575940654512545,T5b,T5 Neuron,input,right
12201,720575940654525601,T4a,T4 Neuron,input,left
12202,720575940654576289,T5a,T5 Neuron,input,right
12203,720575940654577057,T5d,T5 Neuron,input,left
12204,720575940654589601,T4b,T4 Neuron,input,left
12205,720575940654590113,T5d,T5 Neuron,input,left
12206,720575940654668193,T5b,T5 Neuron,input,right
12207,720575940654677921,T4a,T4 Neuron,input,left
12208,720575940654695841,T5a,T5 Neuron,input,right
12209,720575940654702753,T4d,T4 Neuron,input,right
12210,720575940654721441,T5c,T5 Neuron,input,left
12211,720575940654782625,T5c,T5 Neuron,input,left
12212,720575940654864801,T5a,T5 Neuron,input,left
12213,720575940654876577,T4b,T4 Neuron,input,left
12214,720575940654883489,T4a,T4 Neuron,input,left
12215,720575940654893729,T5a,T5 Neuron,input,left
12216,720575940654908577,T5b,T5 Neuron,input,left
12217,720575940654910113,T5d,T5 Neuron,input,right
12218,720575940654915745,T4a,T4 Neuron,input,left
12219,720575940654921633,T4b,T4 Neuron,input,right
12220,720575940654955937,T4a,T4 Neuron,input,right
12221,720575940654958753,T5d,T5 Neuron,input,right
12222,720575940655087777,T4b,T4 Neuron,input,left
12223,720575940655100577,T5a,T5 Neuron,input,right
12224,720575940655109025,T4c,T4 Neuron,input,left
12225,720575940655109793,T4a,T4 Neuron,input,right
12226,720575940655168929,T5c,T5 Neuron,input,left
12227,720575940655307681,T5d,T5 Neuron,input,left
12228,720575940655389089,T5d,T5 Neuron,input,right
12229,720575940655633569,T4b,T4 Neuron,input,left
12230,720575940656049825,T4a,T4 Neuron,input,left
12231,720575940656127649,T4b,T4 Neuron,input,left
12232,720575940658428033,T4b,T4 Neuron,input,right
12233,720575940658822785,T4c,T4 Neuron,input,right
12234,720575940658854273,T4a,T4 Neuron,input,right
12235,720575940658882945,T4d,T4 Neuron,input,right
12236,720575940658932097,T4a,T4 Neuron,input,right
12237,720575940659001473,T4b,T4 Neuron,input,right
12238,720575940659518849,T4c,T4 Neuron,input,right
12239,720575940659799937,VS4,VS,processing,right
12240,720575940659801217,T5b,T5 Neuron,input,left
12241,720575940659807361,T5b,T5 Neuron,input,right
12242,720575940659821697,T5c,T5 Neuron,input,right
12243,720575940659856001,T5c,T5 Neuron,input,right
12244,720575940659862401,T4d,T4 Neuron,input,left
12245,720575940659863937,T4d,T4 Neuron,input,right
12246,720575940659876481,T5a,T5 Neuron,input,left
12247,720575940659893633,T5d,T5 Neuron,input,right
12248,720575940659896449,T5c,T5 Neuron,input,right
12249,720575940659976065,T4c,T4 Neuron,input,right
12250,720575940659978625,T4d,T4 Neuron,input,right
12251,720575940660034945,T5c,T5 Neuron,input,right
12252,720575940660038017,T4a,T4 Neuron,input,left
12253,720575940660085121,T5a,T5 Neuron,input,right
12254,720575940660102273,T4c,T4 Neuron,input,right
12255,720575940660165505,T5a,T5 Neuron,input,left
12256,720575940660196993,T4a,T4 Neuron,input,left
12257,720575940660286337,T4d,T4 Neuron,input,right
12258,720575940660296833,T5b,T5 Neuron,input,left
12259,720575940660312449,T4c,T4 Neuron,input,right
12260,720575940660318849,T5a,T5 Neuron,input,left
12261,720575940660329601,T5d,T5 Neuron,input,right
12262,720575940660346497,T4d,T4 Neuron,input,right
12263,720575940660450689,T4a,T4 Neuron,input,left
12264,720575940660454017,T4a,T4 Neuron,input,right
12265,720575940660468353,T5c,T5 Neuron,input,left
12266,720575940660506497,T5d,T5 Neuron,input,left
12267,720575940660514945,T4b,T4 Neuron,input,left
12268,720575940660515201,T4c,T4 Neuron,input,left
12269,720575940660519041,T4c,T4 Neuron,input,left
12270,720575940660549505,T5d,T5 Neuron,input,left
12271,720575940660619649,T4c,T4 Neuron,input,left
12272,720575940660626049,T4c,T4 Neuron,input,left
12273,720575940660639361,T4c,T4 Neuron,input,left
12274,720575940660736641,T4d,T4 Neuron,input,left
12275,720575940660737921,T5b,T5 Neuron,input,right
12276,720575940660772993,T4a,T4 Neuron,input,right
12277,720575940660817537,T5b,T5 Neuron,input,left
12278,720575940660868481,T4a,T4 Neuron,input,right
12279,720575940660958337,T4d,T4 Neuron,input,left
12280,720575940661041537,T5d,T5 Neuron,input,right
12281,720575940661224065,T4a,T4 Neuron,input,right
12282,720575940661252737,VST2,VS,processing,left
12283,720575940621519130,DNa_L,DN,output,
12284,720575940620380449,DNa_L,DN,output,
12285,720575940604737708,DNa_L,DN,output,
12286,720575940630868281,DNa_L,DN,output,
12287,720575940613017493,DNa_L,DN,output,
12288,720575940629327659,DNa02_R,DN,output,
12289,720575940651341558,DNa_R,DN,output,
12290,720575940632962786,DNa_R,DN,output,
12291,720575940627139530,DNa_R,DN,output,
12292,720575940629041879,DNb_L,DN,output,
12293,720575940627997050,DNb_L,DN,output,
12294,720575940611016910,DNb_L,DN,output,
12295,720575940632539788,DNb_L,DN,output,
12296,720575940632868051,DNb_R,DN,output,
12297,720575940620776880,DNb_R,DN,output,
12298,720575940634163682,DNb_R,DN,output,
12299,720575940637308605,DNb_R,DN,output,
12300,720575940610440402,DNg_L,DN,output,
12301,720575940615108714,DNg_L,DN,output,
12302,720575940622160560,DNg_L,DN,output,
12303,720575940626888250,DNg_L,DN,output,
12304,720575940617990228,DNg_L,DN,output,
12305,720575940641793440,DNg_L,DN,output,
12306,720575940617249254,DNg_L,DN,output,
12307,720575940617296699,DNg_L,DN,output,
12308,720575940619910080,DNg_L,DN,output,
12309,720575940622037926,DNg_L,DN,output,
12310,720575940612629210,DNg_L,DN,output,
12311,720575940634428058,DNg_L,DN,output,
12312,720575940638989894,DNg_L,DN,output,
12313,720575940613917359,DNg_L,DN,output,
12314,720575940624342569,DNg_L,DN,output,
12315,720575940607880578,DNg_L,DN,output,
12316,720575940628164612,DNg_L,DN,output,
12317,720575940631023099,DNg_L,DN,output,
12318,720575940624679463,DNg_R,DN,output,
12319,720575940625345584,DNg_R,DN,output,
12320,720575940624943084,DNg_R,DN,output,
12321,720575940622008560,DNg_R,DN,output,
12322,720575940622147873,DNg_R,DN,output,
12323,720575940623626986,DNg_R,DN,output,
12324,720575940625396252,DNg_R,DN,output,
12325,720575940638664355,DNg_R,DN,output,
12326,720575940646443316,DNg_R,DN,output,
12327,720575940623537485,DNg_R,DN,output,
12328,720575940613590579,DNg_R,DN,output,
12329,720575940614730914,DNg_R,DN,output,
12330,720575940620231590,DNg_R,DN,output,
12331,720575940621700789,DNg_R,DN,output,
12332,720575940640640061,DNg_R,DN,output,
12333,720575940632898105,DNg_R,DN,output,
12334,720575940632307025,DNg_R,DN,output,
12335,720575940638109668,DNg_R,DN,output,
12336,720575940629413962,DNp_L,DN,output,
12337,720575940636879534,DNp_L,DN,output,
12338,720575940624861072,DNp_L,DN,output,
12339,720575940627949589,DNp_L,DN,output,
12340,720575940610010521,DNp_L,DN,output,
12341,720575940613200706,DNp_L,DN,output,
12342,720575940613731270,DNp_L,DN,output,
12343,720575940627241321,DNp_L,DN,output,
12344,720575940621629578,DNp_L,DN,output,
12345,720575940609316050,DNp_L,DN,output,
12346,720575940623431351,DNp_L,DN,output,
12347,720575940621270410,DNp_L,DN,output,
12348,720575940633213132,DNp_L,DN,output,
12349,720575940626165489,DNp_L,DN,output,
12350,720575940623992300,DNp_L,DN,output,
12351,720575940617696728,DNp_L,DN,output,
12352,720575940633853559,DNp_L,DN,output,
12353,720575940625744784,DNp_L,DN,output,
12354,720575940628895787,DNp_L,DN,output,
12355,720575940641237632,DNp_L,DN,output,
12356,720575940631225996,DNp_L,DN,output,
12357,720575940611102437,DNp_L,DN,output,
12358,720575940644166048,DNp_L,DN,output,
12359,720575940629390123,DNp_R,DN,output,
12360,720575940640306061,DNp_R,DN,output,
12361,720575940615502604,DNp_R,DN,output,
12362,720575940623203004,DNp_R,DN,output,
12363,720575940622917351,DNp_R,DN,output,
12364,720575940619341744,DNp_R,DN,output,
12365,720575940625890812,DNp_R,DN,output,
12366,720575940618440000,DNp_R,DN,output,
12367,720575940642411917,DNp_R,DN,output,
12368,720575940615043368,DNp_R,DN,output,
12369,720575940630071583,DNp_R,DN,output,
12370,720575940630671734,DNp_R,DN,output,
12371,720575940617802187,DNp_R,DN,output,
12372,720575940607037635,DNp_R,DN,output,
12373,720575940616293855,DNp_R,DN,output,
12374,720575940628398202,DNp_R,DN,output,
12375,720575940627055303,DNp_R,DN,output,
