<frozen importlib._bootstrap>:491: RuntimeWarning: Your system is avx2 capable but pygame was not built with support for it. The performance of some of your blits could be adversely affected. Consider enabling compile time detection with environment variables like PYGAME_DETECT_AVX2=1 if you are compiling without cross compilation.
/home/masasa23/projects/personal/oink-oink/oink/network.py:72: UserWarning: Sparse invariant checks are implicitly disabled. Memory errors (e.g. SEGFAULT) will occur when operating on a sparse tensor which violates the invariants, but checks incur performance overhead. To silence this warning, explicitly opt in or out. See `torch.sparse.check_sparse_tensor_invariants.__doc__` for guidance.  (Triggered internally at /__w/pytorch/pytorch/aten/src/ATen/Context.cpp:848.)
  weight = torch.sparse_coo_tensor(self.indices, self.values, self.shape)
Using cpu device
---------------------------------
| rollout/           |          |
|    ep_len_mean     | 110      |
|    ep_rew_mean     | -4.05    |
| time/              |          |
|    fps             | 317      |
|    iterations      | 1        |
|    time_elapsed    | 1        |
|    total_timesteps | 512      |
---------------------------------
-------------------------------------------
| rollout/                |               |
|    ep_len_mean          | 151           |
|    ep_rew_mean          | -1.24         |
| time/                   |               |
|    fps                  | 10            |
|    iterations           | 2             |
|    time_elapsed         | 94            |
|    total_timesteps      | 1024          |
| train/                  |               |
|    approx_kl            | 0.00088055036 |
|    clip_fraction        | 0             |
|    clip_range           | 0.2           |
|    entropy_loss         | -1.1          |
|    explained_variance   | 8.68e-05      |
|    learning_rate        | 0.0003        |
|    loss                 | 1.21          |
|    n_updates            | 10            |
|    policy_gradient_loss | -0.00151      |
|    value_loss           | 3.4           |
-------------------------------------------
------------------------------------------
| rollout/                |              |
|    ep_len_mean          | 167          |
|    ep_rew_mean          | -0.239       |
| time/                   |              |
|    fps                  | 8            |
|    iterations           | 3            |
|    time_elapsed         | 186          |
|    total_timesteps      | 1536         |
| train/                  |              |
|    approx_kl            | 0.0021715825 |
|    clip_fraction        | 0.00313      |
|    clip_range           | 0.2          |
|    entropy_loss         | -1.1         |
|    explained_variance   | 0.0792       |
|    learning_rate        | 0.0003       |
|    loss                 | 1.3          |
|    n_updates            | 20           |
|    policy_gradient_loss | 0.000614     |
|    value_loss           | 5.59         |
------------------------------------------
------------------------------------------
| rollout/                |              |
|    ep_len_mean          | 152          |
|    ep_rew_mean          | -1.21        |
| time/                   |              |
|    fps                  | 7            |
|    iterations           | 4            |
|    time_elapsed         | 272          |
|    total_timesteps      | 2048         |
| train/                  |              |
|    approx_kl            | 0.0015470074 |
|    clip_fraction        | 0            |
|    clip_range           | 0.2          |
|    entropy_loss         | -1.09        |
|    explained_variance   | 0.213        |
|    learning_rate        | 0.0003       |
|    loss                 | 2.1          |
|    n_updates            | 30           |
|    policy_gradient_loss | -0.00116     |
|    value_loss           | 4.76         |
------------------------------------------
-----------------------------------------
| rollout/                |             |
|    ep_len_mean          | 145         |
|    ep_rew_mean          | -1.68       |
| time/                   |             |
|    fps                  | 7           |
|    iterations           | 5           |
|    time_elapsed         | 361         |
|    total_timesteps      | 2560        |
| train/                  |             |
|    approx_kl            | 0.004998452 |
|    clip_fraction        | 0.0203      |
|    clip_range           | 0.2         |
|    entropy_loss         | -1.08       |
|    explained_variance   | 0.317       |
|    learning_rate        | 0.0003      |
|    loss                 | 2.07        |
|    n_updates            | 40          |
|    policy_gradient_loss | -0.0046     |
|    value_loss           | 4.52        |
-----------------------------------------
-----------------------------------------
| rollout/                |             |
|    ep_len_mean          | 155         |
|    ep_rew_mean          | -0.455      |
| time/                   |             |
|    fps                  | 6           |
|    iterations           | 6           |
|    time_elapsed         | 450         |
|    total_timesteps      | 3072        |
| train/                  |             |
|    approx_kl            | 0.004659554 |
|    clip_fraction        | 0.00254     |
|    clip_range           | 0.2         |
|    entropy_loss         | -1.07       |
|    explained_variance   | 0.206       |
|    learning_rate        | 0.0003      |
|    loss                 | 2.41        |
|    n_updates            | 50          |
|    policy_gradient_loss | -0.00273    |
|    value_loss           | 4.96        |
-----------------------------------------
------------------------------------------
| rollout/                |              |
|    ep_len_mean          | 159          |
|    ep_rew_mean          | -0.305       |
| time/                   |              |
|    fps                  | 6            |
|    iterations           | 7            |
|    time_elapsed         | 540          |
|    total_timesteps      | 3584         |
| train/                  |              |
|    approx_kl            | 0.0019669975 |
|    clip_fraction        | 0.00195      |
|    clip_range           | 0.2          |
|    entropy_loss         | -1.07        |
|    explained_variance   | 0.115        |
|    learning_rate        | 0.0003       |
|    loss                 | 1.77         |
|    n_updates            | 60           |
|    policy_gradient_loss | 0.00256      |
|    value_loss           | 3.92         |
------------------------------------------
-----------------------------------------
| rollout/                |             |
|    ep_len_mean          | 159         |
|    ep_rew_mean          | -0.323      |
| time/                   |             |
|    fps                  | 6           |
|    iterations           | 8           |
|    time_elapsed         | 627         |
|    total_timesteps      | 4096        |
| train/                  |             |
|    approx_kl            | 0.004734206 |
|    clip_fraction        | 0.0139      |
|    clip_range           | 0.2         |
|    entropy_loss         | -1.07       |
|    explained_variance   | 0.153       |
|    learning_rate        | 0.0003      |
|    loss                 | 1.82        |
|    n_updates            | 70          |
|    policy_gradient_loss | -0.000543   |
|    value_loss           | 4.74        |
-----------------------------------------
-----------------------------------------
| rollout/                |             |
|    ep_len_mean          | 169         |
|    ep_rew_mean          | 0.669       |
| time/                   |             |
|    fps                  | 6           |
|    iterations           | 9           |
|    time_elapsed         | 717         |
|    total_timesteps      | 4608        |
| train/                  |             |
|    approx_kl            | 0.013607887 |
|    clip_fraction        | 0.118       |
|    clip_range           | 0.2         |
|    entropy_loss         | -1.07       |
|    explained_variance   | 0.179       |
|    learning_rate        | 0.0003      |
|    loss                 | 1.99        |
|    n_updates            | 80          |
|    policy_gradient_loss | 0.00479     |
|    value_loss           | 3.51        |
-----------------------------------------
-----------------------------------------
| rollout/                |             |
|    ep_len_mean          | 177         |
|    ep_rew_mean          | 1.11        |
| time/                   |             |
|    fps                  | 6           |
|    iterations           | 10          |
|    time_elapsed         | 806         |
|    total_timesteps      | 5120        |
| train/                  |             |
|    approx_kl            | 0.021168567 |
|    clip_fraction        | 0.228       |
|    clip_range           | 0.2         |
|    entropy_loss         | -1.07       |
|    explained_variance   | 0.0891      |
|    learning_rate        | 0.0003      |
|    loss                 | 0.521       |
|    n_updates            | 90          |
|    policy_gradient_loss | 0.021       |
|    value_loss           | 2.05        |
-----------------------------------------
-----------------------------------------
| rollout/                |             |
|    ep_len_mean          | 181         |
|    ep_rew_mean          | 1.27        |
| time/                   |             |
|    fps                  | 6           |
|    iterations           | 11          |
|    time_elapsed         | 897         |
|    total_timesteps      | 5632        |
| train/                  |             |
|    approx_kl            | 0.016404744 |
|    clip_fraction        | 0.165       |
|    clip_range           | 0.2         |
|    entropy_loss         | -1.07       |
|    explained_variance   | 0.218       |
|    learning_rate        | 0.0003      |
|    loss                 | 1.84        |
|    n_updates            | 100         |
|    policy_gradient_loss | 0.0144      |
|    value_loss           | 2.98        |
-----------------------------------------
----------------------------------------
| rollout/                |            |
|    ep_len_mean          | 179        |
|    ep_rew_mean          | 1.1        |
| time/                   |            |
|    fps                  | 6          |
|    iterations           | 12         |
|    time_elapsed         | 984        |
|    total_timesteps      | 6144       |
| train/                  |            |
|    approx_kl            | 0.01183102 |
|    clip_fraction        | 0.135      |
|    clip_range           | 0.2        |
|    entropy_loss         | -1.09      |
|    explained_variance   | 0.0026     |
|    learning_rate        | 0.0003     |
|    loss                 | 1.84       |
|    n_updates            | 110        |
|    policy_gradient_loss | -0.00245   |
|    value_loss           | 5.55       |
----------------------------------------
-----------------------------------------
| rollout/                |             |
|    ep_len_mean          | 177         |
|    ep_rew_mean          | 0.919       |
| time/                   |             |
|    fps                  | 6           |
|    iterations           | 13          |
|    time_elapsed         | 1073        |
|    total_timesteps      | 6656        |
| train/                  |             |
|    approx_kl            | 0.007304548 |
|    clip_fraction        | 0.0539      |
|    clip_range           | 0.2         |
|    entropy_loss         | -1.08       |
|    explained_variance   | 0.169       |
|    learning_rate        | 0.0003      |
|    loss                 | 0.801       |
|    n_updates            | 120         |
|    policy_gradient_loss | -0.0015     |
|    value_loss           | 4.38        |
-----------------------------------------
-----------------------------------------
| rollout/                |             |
|    ep_len_mean          | 174         |
|    ep_rew_mean          | 0.656       |
| time/                   |             |
|    fps                  | 6           |
|    iterations           | 14          |
|    time_elapsed         | 1161        |
|    total_timesteps      | 7168        |
| train/                  |             |
|    approx_kl            | 0.008427053 |
|    clip_fraction        | 0.0396      |
|    clip_range           | 0.2         |
|    entropy_loss         | -1.07       |
|    explained_variance   | 0.343       |
|    learning_rate        | 0.0003      |
|    loss                 | 1.9         |
|    n_updates            | 130         |
|    policy_gradient_loss | -0.0022     |
|    value_loss           | 3.74        |
-----------------------------------------
-----------------------------------------
| rollout/                |             |
|    ep_len_mean          | 176         |
|    ep_rew_mean          | 0.791       |
| time/                   |             |
|    fps                  | 6           |
|    iterations           | 15          |
|    time_elapsed         | 1244        |
|    total_timesteps      | 7680        |
| train/                  |             |
|    approx_kl            | 0.008660294 |
|    clip_fraction        | 0.0307      |
|    clip_range           | 0.2         |
|    entropy_loss         | -1.04       |
|    explained_variance   | 0.553       |
|    learning_rate        | 0.0003      |
|    loss                 | 0.793       |
|    n_updates            | 140         |
|    policy_gradient_loss | -0.00642    |
|    value_loss           | 3.15        |
-----------------------------------------
-----------------------------------------
| rollout/                |             |
|    ep_len_mean          | 175         |
|    ep_rew_mean          | 0.663       |
| time/                   |             |
|    fps                  | 6           |
|    iterations           | 16          |
|    time_elapsed         | 1329        |
|    total_timesteps      | 8192        |
| train/                  |             |
|    approx_kl            | 0.009126784 |
|    clip_fraction        | 0.0168      |
|    clip_range           | 0.2         |
|    entropy_loss         | -1.02       |
|    explained_variance   | 0.564       |
|    learning_rate        | 0.0003      |
|    loss                 | 0.408       |
|    n_updates            | 150         |
|    policy_gradient_loss | -0.00587    |
|    value_loss           | 1.69        |
-----------------------------------------
-----------------------------------------
| rollout/                |             |
|    ep_len_mean          | 173         |
|    ep_rew_mean          | 0.565       |
| time/                   |             |
|    fps                  | 6           |
|    iterations           | 17          |
|    time_elapsed         | 1417        |
|    total_timesteps      | 8704        |
| train/                  |             |
|    approx_kl            | 0.006305097 |
|    clip_fraction        | 0.0297      |
|    clip_range           | 0.2         |
|    entropy_loss         | -0.992      |
|    explained_variance   | 0.898       |
|    learning_rate        | 0.0003      |
|    loss                 | 0.448       |
|    n_updates            | 160         |
|    policy_gradient_loss | -0.00255    |
|    value_loss           | 0.962       |
-----------------------------------------
-----------------------------------------
| rollout/                |             |
|    ep_len_mean          | 171         |
|    ep_rew_mean          | 0.344       |
| time/                   |             |
|    fps                  | 6           |
|    iterations           | 18          |
|    time_elapsed         | 1502        |
|    total_timesteps      | 9216        |
| train/                  |             |
|    approx_kl            | 0.005157718 |
|    clip_fraction        | 0.00508     |
|    clip_range           | 0.2         |
|    entropy_loss         | -0.981      |
|    explained_variance   | 0.949       |
|    learning_rate        | 0.0003      |
|    loss                 | 0.145       |
|    n_updates            | 170         |
|    policy_gradient_loss | -0.00202    |
|    value_loss           | 0.514       |
-----------------------------------------
------------------------------------------
| rollout/                |              |
|    ep_len_mean          | 171          |
|    ep_rew_mean          | 0.318        |
| time/                   |              |
|    fps                  | 6            |
|    iterations           | 19           |
|    time_elapsed         | 1587         |
|    total_timesteps      | 9728         |
| train/                  |              |
|    approx_kl            | 0.0053733364 |
|    clip_fraction        | 0.0229       |
|    clip_range           | 0.2          |
|    entropy_loss         | -0.956       |
|    explained_variance   | 0.947        |
|    learning_rate        | 0.0003       |
|    loss                 | 0.0384       |
|    n_updates            | 180          |
|    policy_gradient_loss | -0.00198     |
|    value_loss           | 0.209        |
------------------------------------------
-----------------------------------------
| rollout/                |             |
|    ep_len_mean          | 169         |
|    ep_rew_mean          | 0.183       |
| time/                   |             |
|    fps                  | 3           |
|    iterations           | 20          |
|    time_elapsed         | 3110        |
|    total_timesteps      | 10240       |
| train/                  |             |
|    approx_kl            | 0.005584752 |
|    clip_fraction        | 0.0463      |
|    clip_range           | 0.2         |
|    entropy_loss         | -1.01       |
|    explained_variance   | 0.599       |
|    learning_rate        | 0.0003      |
|    loss                 | 2.25        |
|    n_updates            | 190         |
|    policy_gradient_loss | -0.00464    |
|    value_loss           | 2.26        |
-----------------------------------------
------------------------------------------
| rollout/                |              |
|    ep_len_mean          | 168          |
|    ep_rew_mean          | 0.0833       |
| time/                   |              |
|    fps                  | 3            |
|    iterations           | 21           |
|    time_elapsed         | 3194         |
|    total_timesteps      | 10752        |
| train/                  |              |
|    approx_kl            | 0.0075927833 |
|    clip_fraction        | 0.0219       |
|    clip_range           | 0.2          |
|    entropy_loss         | -0.946       |
|    explained_variance   | 0.912        |
|    learning_rate        | 0.0003       |
|    loss                 | 0.00575      |
|    n_updates            | 200          |
|    policy_gradient_loss | -0.00696     |
|    value_loss           | 0.325        |
------------------------------------------
------------------------------------------
| rollout/                |              |
|    ep_len_mean          | 168          |
|    ep_rew_mean          | 0.0955       |
| time/                   |              |
|    fps                  | 3            |
|    iterations           | 22           |
|    time_elapsed         | 3279         |
|    total_timesteps      | 11264        |
| train/                  |              |
|    approx_kl            | 0.0097405445 |
|    clip_fraction        | 0.101        |
|    clip_range           | 0.2          |
|    entropy_loss         | -0.951       |
|    explained_variance   | 0.851        |
|    learning_rate        | 0.0003       |
|    loss                 | 0.313        |
|    n_updates            | 210          |
|    policy_gradient_loss | -0.0168      |
|    value_loss           | 1.14         |
------------------------------------------
------------------------------------------
| rollout/                |              |
|    ep_len_mean          | 167          |
|    ep_rew_mean          | 0.0319       |
| time/                   |              |
|    fps                  | 3            |
|    iterations           | 23           |
|    time_elapsed         | 3366         |
|    total_timesteps      | 11776        |
| train/                  |              |
|    approx_kl            | 0.0061200755 |
|    clip_fraction        | 0.0541       |
|    clip_range           | 0.2          |
|    entropy_loss         | -0.954       |
|    explained_variance   | 0.879        |
|    learning_rate        | 0.0003       |
|    loss                 | 0.103        |
|    n_updates            | 220          |
|    policy_gradient_loss | -0.00666     |
|    value_loss           | 1.14         |
------------------------------------------
-----------------------------------------
| rollout/                |             |
|    ep_len_mean          | 169         |
|    ep_rew_mean          | 0.171       |
| time/                   |             |
|    fps                  | 0           |
|    iterations           | 24          |
|    time_elapsed         | 18088       |
|    total_timesteps      | 12288       |
| train/                  |             |
|    approx_kl            | 0.003982945 |
|    clip_fraction        | 0.0223      |
|    clip_range           | 0.2         |
|    entropy_loss         | -0.992      |
|    explained_variance   | 0.762       |
|    learning_rate        | 0.0003      |
|    loss                 | 0.571       |
|    n_updates            | 230         |
|    policy_gradient_loss | -0.00412    |
|    value_loss           | 1.6         |
-----------------------------------------
-----------------------------------------
| rollout/                |             |
|    ep_len_mean          | 172         |
|    ep_rew_mean          | 0.342       |
| time/                   |             |
|    fps                  | 0           |
|    iterations           | 25          |
|    time_elapsed         | 18170       |
|    total_timesteps      | 12800       |
| train/                  |             |
|    approx_kl            | 0.008262505 |
|    clip_fraction        | 0.0332      |
|    clip_range           | 0.2         |
|    entropy_loss         | -0.995      |
|    explained_variance   | 0.727       |
|    learning_rate        | 0.0003      |
|    loss                 | 0.313       |
|    n_updates            | 240         |
|    policy_gradient_loss | 0.000925    |
|    value_loss           | 1.17        |
-----------------------------------------
-----------------------------------------
| rollout/                |             |
|    ep_len_mean          | 171         |
|    ep_rew_mean          | 0.295       |
| time/                   |             |
|    fps                  | 0           |
|    iterations           | 26          |
|    time_elapsed         | 18254       |
|    total_timesteps      | 13312       |
| train/                  |             |
|    approx_kl            | 0.011443617 |
|    clip_fraction        | 0.0664      |
|    clip_range           | 0.2         |
|    entropy_loss         | -1.01       |
|    explained_variance   | 0.803       |
|    learning_rate        | 0.0003      |
|    loss                 | 0.313       |
|    n_updates            | 250         |
|    policy_gradient_loss | -0.0114     |
|    value_loss           | 1.28        |
-----------------------------------------
----------------------------------------
| rollout/                |            |
|    ep_len_mean          | 179        |
|    ep_rew_mean          | 0.886      |
| time/                   |            |
|    fps                  | 0          |
|    iterations           | 27         |
|    time_elapsed         | 18338      |
|    total_timesteps      | 13824      |
| train/                  |            |
|    approx_kl            | 0.01890352 |
|    clip_fraction        | 0.153      |
|    clip_range           | 0.2        |
|    entropy_loss         | -1.04      |
|    explained_variance   | -0.26      |
|    learning_rate        | 0.0003     |
|    loss                 | 0.549      |
|    n_updates            | 260        |
|    policy_gradient_loss | 0.0259     |
|    value_loss           | 1.84       |
----------------------------------------
-----------------------------------------
| rollout/                |             |
|    ep_len_mean          | 181         |
|    ep_rew_mean          | 1.02        |
| time/                   |             |
|    fps                  | 0           |
|    iterations           | 28          |
|    time_elapsed         | 18419       |
|    total_timesteps      | 14336       |
| train/                  |             |
|    approx_kl            | 0.010986775 |
|    clip_fraction        | 0.0688      |
|    clip_range           | 0.2         |
|    entropy_loss         | -1.07       |
|    explained_variance   | 0.319       |
|    learning_rate        | 0.0003      |
|    loss                 | 0.472       |
|    n_updates            | 270         |
|    policy_gradient_loss | -0.0087     |
|    value_loss           | 1.89        |
-----------------------------------------
-----------------------------------------
| rollout/                |             |
|    ep_len_mean          | 180         |
|    ep_rew_mean          | 0.987       |
| time/                   |             |
|    fps                  | 0           |
|    iterations           | 29          |
|    time_elapsed         | 18504       |
|    total_timesteps      | 14848       |
| train/                  |             |
|    approx_kl            | 0.004309348 |
|    clip_fraction        | 0.0107      |
|    clip_range           | 0.2         |
|    entropy_loss         | -1.06       |
|    explained_variance   | 0.439       |
|    learning_rate        | 0.0003      |
|    loss                 | 1.89        |
|    n_updates            | 280         |
|    policy_gradient_loss | 0.00355     |
|    value_loss           | 2.42        |
-----------------------------------------
------------------------------------------
| rollout/                |              |
|    ep_len_mean          | 182          |
|    ep_rew_mean          | 1.07         |
| time/                   |              |
|    fps                  | 0            |
|    iterations           | 30           |
|    time_elapsed         | 18586        |
|    total_timesteps      | 15360        |
| train/                  |              |
|    approx_kl            | 0.0047861314 |
|    clip_fraction        | 0.00781      |
|    clip_range           | 0.2          |
|    entropy_loss         | -1.05        |
|    explained_variance   | 0.623        |
|    learning_rate        | 0.0003       |
|    loss                 | 0.898        |
|    n_updates            | 290          |
|    policy_gradient_loss | -0.0038      |
|    value_loss           | 2.26         |
------------------------------------------
------------------------------------------
| rollout/                |              |
|    ep_len_mean          | 186          |
|    ep_rew_mean          | 1.43         |
| time/                   |              |
|    fps                  | 0            |
|    iterations           | 31           |
|    time_elapsed         | 18670        |
|    total_timesteps      | 15872        |
| train/                  |              |
|    approx_kl            | 0.0079296315 |
|    clip_fraction        | 0.0564       |
|    clip_range           | 0.2          |
|    entropy_loss         | -1.05        |
|    explained_variance   | 0.489        |
|    learning_rate        | 0.0003       |
|    loss                 | 0.729        |
|    n_updates            | 300          |
|    policy_gradient_loss | 0.0116       |
|    value_loss           | 1.94         |
------------------------------------------
-----------------------------------------
| rollout/                |             |
|    ep_len_mean          | 188         |
|    ep_rew_mean          | 1.55        |
| time/                   |             |
|    fps                  | 0           |
|    iterations           | 32          |
|    time_elapsed         | 18752       |
|    total_timesteps      | 16384       |
| train/                  |             |
|    approx_kl            | 0.022203844 |
|    clip_fraction        | 0.236       |
|    clip_range           | 0.2         |
|    entropy_loss         | -1.06       |
|    explained_variance   | -0.172      |
|    learning_rate        | 0.0003      |
|    loss                 | 0.173       |
|    n_updates            | 310         |
|    policy_gradient_loss | 0.0118      |
|    value_loss           | 1.21        |
-----------------------------------------
-----------------------------------------
| rollout/                |             |
|    ep_len_mean          | 191         |
|    ep_rew_mean          | 1.88        |
| time/                   |             |
|    fps                  | 0           |
|    iterations           | 33          |
|    time_elapsed         | 18834       |
|    total_timesteps      | 16896       |
| train/                  |             |
|    approx_kl            | 0.004065105 |
|    clip_fraction        | 0.00859     |
|    clip_range           | 0.2         |
|    entropy_loss         | -1.06       |
|    explained_variance   | 0.418       |
|    learning_rate        | 0.0003      |
|    loss                 | 2.51        |
|    n_updates            | 320         |
|    policy_gradient_loss | -0.00449    |
|    value_loss           | 2.95        |
-----------------------------------------
-----------------------------------------
| rollout/                |             |
|    ep_len_mean          | 188         |
|    ep_rew_mean          | 1.65        |
| time/                   |             |
|    fps                  | 0           |
|    iterations           | 34          |
|    time_elapsed         | 18918       |
|    total_timesteps      | 17408       |
| train/                  |             |
|    approx_kl            | 0.007930439 |
|    clip_fraction        | 0.043       |
|    clip_range           | 0.2         |
|    entropy_loss         | -1.08       |
|    explained_variance   | 0.0262      |
|    learning_rate        | 0.0003      |
|    loss                 | 0.0932      |
|    n_updates            | 330         |
|    policy_gradient_loss | -0.00232    |
|    value_loss           | 0.463       |
-----------------------------------------
-----------------------------------------
| rollout/                |             |
|    ep_len_mean          | 192         |
|    ep_rew_mean          | 1.99        |
| time/                   |             |
|    fps                  | 0           |
|    iterations           | 35          |
|    time_elapsed         | 19003       |
|    total_timesteps      | 17920       |
| train/                  |             |
|    approx_kl            | 0.008977361 |
|    clip_fraction        | 0.051       |
|    clip_range           | 0.2         |
|    entropy_loss         | -1.09       |
|    explained_variance   | 0.173       |
|    learning_rate        | 0.0003      |
|    loss                 | 1.91        |
|    n_updates            | 340         |
|    policy_gradient_loss | 0.00578     |
|    value_loss           | 6.17        |
-----------------------------------------
-----------------------------------------
| rollout/                |             |
|    ep_len_mean          | 195         |
|    ep_rew_mean          | 2.17        |
| time/                   |             |
|    fps                  | 0           |
|    iterations           | 36          |
|    time_elapsed         | 19085       |
|    total_timesteps      | 18432       |
| train/                  |             |
|    approx_kl            | 0.012874639 |
|    clip_fraction        | 0.109       |
|    clip_range           | 0.2         |
|    entropy_loss         | -1.09       |
|    explained_variance   | -2.39       |
|    learning_rate        | 0.0003      |
|    loss                 | 0.0806      |
|    n_updates            | 350         |
|    policy_gradient_loss | 0.00389     |
|    value_loss           | 0.787       |
-----------------------------------------
-----------------------------------------
| rollout/                |             |
|    ep_len_mean          | 193         |
|    ep_rew_mean          | 2.06        |
| time/                   |             |
|    fps                  | 0           |
|    iterations           | 37          |
|    time_elapsed         | 19167       |
|    total_timesteps      | 18944       |
| train/                  |             |
|    approx_kl            | 0.012225853 |
|    clip_fraction        | 0.057       |
|    clip_range           | 0.2         |
|    entropy_loss         | -1.08       |
|    explained_variance   | -0.218      |
|    learning_rate        | 0.0003      |
|    loss                 | 0.0595      |
|    n_updates            | 360         |
|    policy_gradient_loss | -5.79e-05   |
|    value_loss           | 2.33        |
-----------------------------------------
------------------------------------------
| rollout/                |              |
|    ep_len_mean          | 196          |
|    ep_rew_mean          | 2.23         |
| time/                   |              |
|    fps                  | 1            |
|    iterations           | 38           |
|    time_elapsed         | 19248        |
|    total_timesteps      | 19456        |
| train/                  |              |
|    approx_kl            | 0.0024327582 |
|    clip_fraction        | 0.00684      |
|    clip_range           | 0.2          |
|    entropy_loss         | -1.06        |
|    explained_variance   | 0.0289       |
|    learning_rate        | 0.0003       |
|    loss                 | 2.49         |
|    n_updates            | 370          |
|    policy_gradient_loss | 0.000422     |
|    value_loss           | 8.66         |
------------------------------------------
-----------------------------------------
| rollout/                |             |
|    ep_len_mean          | 192         |
|    ep_rew_mean          | 1.94        |
| time/                   |             |
|    fps                  | 1           |
|    iterations           | 39          |
|    time_elapsed         | 19330       |
|    total_timesteps      | 19968       |
| train/                  |             |
|    approx_kl            | 0.005129964 |
|    clip_fraction        | 0.0236      |
|    clip_range           | 0.2         |
|    entropy_loss         | -1.07       |
|    explained_variance   | -0.379      |
|    learning_rate        | 0.0003      |
|    loss                 | 0.991       |
|    n_updates            | 380         |
|    policy_gradient_loss | -0.00475    |
|    value_loss           | 2.19        |
-----------------------------------------
-----------------------------------------
| rollout/                |             |
|    ep_len_mean          | 195         |
|    ep_rew_mean          | 2.17        |
| time/                   |             |
|    fps                  | 1           |
|    iterations           | 40          |
|    time_elapsed         | 19414       |
|    total_timesteps      | 20480       |
| train/                  |             |
|    approx_kl            | 0.007285357 |
|    clip_fraction        | 0.0451      |
|    clip_range           | 0.2         |
|    entropy_loss         | -1.07       |
|    explained_variance   | 0.0683      |
|    learning_rate        | 0.0003      |
|    loss                 | 2.6         |
|    n_updates            | 390         |
|    policy_gradient_loss | 0.00172     |
|    value_loss           | 8.17        |
-----------------------------------------
------------------------------------------
| rollout/                |              |
|    ep_len_mean          | 194          |
|    ep_rew_mean          | 2.1          |
| time/                   |              |
|    fps                  | 1            |
|    iterations           | 41           |
|    time_elapsed         | 19498        |
|    total_timesteps      | 20992        |
| train/                  |              |
|    approx_kl            | 0.0075009777 |
|    clip_fraction        | 0.0166       |
|    clip_range           | 0.2          |
|    entropy_loss         | -1.08        |
|    explained_variance   | -0.563       |
|    learning_rate        | 0.0003       |
|    loss                 | 0.803        |
|    n_updates            | 400          |
|    policy_gradient_loss | -0.00319     |
|    value_loss           | 2.76         |
------------------------------------------
-----------------------------------------
| rollout/                |             |
|    ep_len_mean          | 197         |
|    ep_rew_mean          | 2.26        |
| time/                   |             |
|    fps                  | 1           |
|    iterations           | 42          |
|    time_elapsed         | 19581       |
|    total_timesteps      | 21504       |
| train/                  |             |
|    approx_kl            | 0.003288155 |
|    clip_fraction        | 0.000195    |
|    clip_range           | 0.2         |
|    entropy_loss         | -1.09       |
|    explained_variance   | 0.0885      |
|    learning_rate        | 0.0003      |
|    loss                 | 2.61        |
|    n_updates            | 410         |
|    policy_gradient_loss | -0.00195    |
|    value_loss           | 6.21        |
-----------------------------------------
------------------------------------------
| rollout/                |              |
|    ep_len_mean          | 200          |
|    ep_rew_mean          | 2.5          |
| time/                   |              |
|    fps                  | 1            |
|    iterations           | 43           |
|    time_elapsed         | 19666        |
|    total_timesteps      | 22016        |
| train/                  |              |
|    approx_kl            | 0.0097381845 |
|    clip_fraction        | 0.0145       |
|    clip_range           | 0.2          |
|    entropy_loss         | -1.09        |
|    explained_variance   | 0.117        |
|    learning_rate        | 0.0003       |
|    loss                 | 0.667        |
|    n_updates            | 420          |
|    policy_gradient_loss | -0.00393     |
|    value_loss           | 1.54         |
------------------------------------------
----------------------------------------
| rollout/                |            |
|    ep_len_mean          | 202        |
|    ep_rew_mean          | 2.61       |
| time/                   |            |
|    fps                  | 1          |
|    iterations           | 44         |
|    time_elapsed         | 19753      |
|    total_timesteps      | 22528      |
| train/                  |            |
|    approx_kl            | 0.00852962 |
|    clip_fraction        | 0.00879    |
|    clip_range           | 0.2        |
|    entropy_loss         | -1.09      |
|    explained_variance   | 0.066      |
|    learning_rate        | 0.0003     |
|    loss                 | 1.48       |
|    n_updates            | 430        |
|    policy_gradient_loss | -0.00315   |
|    value_loss           | 3.8        |
----------------------------------------
------------------------------------------
| rollout/                |              |
|    ep_len_mean          | 200          |
|    ep_rew_mean          | 2.39         |
| time/                   |              |
|    fps                  | 1            |
|    iterations           | 45           |
|    time_elapsed         | 19838        |
|    total_timesteps      | 23040        |
| train/                  |              |
|    approx_kl            | 0.0016458569 |
|    clip_fraction        | 0.00176      |
|    clip_range           | 0.2          |
|    entropy_loss         | -1.08        |
|    explained_variance   | 0.118        |
|    learning_rate        | 0.0003       |
|    loss                 | 0.918        |
|    n_updates            | 440          |
|    policy_gradient_loss | 0.000435     |
|    value_loss           | 4.36         |
------------------------------------------
------------------------------------------
| rollout/                |              |
|    ep_len_mean          | 198          |
|    ep_rew_mean          | 2.26         |
| time/                   |              |
|    fps                  | 1            |
|    iterations           | 46           |
|    time_elapsed         | 19923        |
|    total_timesteps      | 23552        |
| train/                  |              |
|    approx_kl            | 0.0018359743 |
|    clip_fraction        | 0.0195       |
|    clip_range           | 0.2          |
|    entropy_loss         | -1.08        |
|    explained_variance   | 0.315        |
|    learning_rate        | 0.0003       |
|    loss                 | 0.77         |
|    n_updates            | 450          |
|    policy_gradient_loss | 0.0009       |
|    value_loss           | 3.35         |
------------------------------------------
------------------------------------------
| rollout/                |              |
|    ep_len_mean          | 197          |
|    ep_rew_mean          | 2.06         |
| time/                   |              |
|    fps                  | 1            |
|    iterations           | 47           |
|    time_elapsed         | 20009        |
|    total_timesteps      | 24064        |
| train/                  |              |
|    approx_kl            | 0.0008168513 |
|    clip_fraction        | 0            |
|    clip_range           | 0.2          |
|    entropy_loss         | -1.08        |
|    explained_variance   | 0.235        |
|    learning_rate        | 0.0003       |
|    loss                 | 0.733        |
|    n_updates            | 460          |
|    policy_gradient_loss | -0.00143     |
|    value_loss           | 3.68         |
------------------------------------------
-----------------------------------------
| rollout/                |             |
|    ep_len_mean          | 195         |
|    ep_rew_mean          | 1.95        |
| time/                   |             |
|    fps                  | 1           |
|    iterations           | 48          |
|    time_elapsed         | 20097       |
|    total_timesteps      | 24576       |
| train/                  |             |
|    approx_kl            | 0.015432173 |
|    clip_fraction        | 0.0342      |
|    clip_range           | 0.2         |
|    entropy_loss         | -1.09       |
|    explained_variance   | 0.616       |
|    learning_rate        | 0.0003      |
|    loss                 | 0.444       |
|    n_updates            | 470         |
|    policy_gradient_loss | -0.00692    |
|    value_loss           | 2.58        |
-----------------------------------------
------------------------------------------
| rollout/                |              |
|    ep_len_mean          | 198          |
|    ep_rew_mean          | 2.17         |
| time/                   |              |
|    fps                  | 1            |
|    iterations           | 49           |
|    time_elapsed         | 20185        |
|    total_timesteps      | 25088        |
| train/                  |              |
|    approx_kl            | 0.0034874598 |
|    clip_fraction        | 0.0172       |
|    clip_range           | 0.2          |
|    entropy_loss         | -1.09        |
|    explained_variance   | 0.018        |
|    learning_rate        | 0.0003       |
|    loss                 | 0.445        |
|    n_updates            | 480          |
|    policy_gradient_loss | -0.00392     |
|    value_loss           | 1.59         |
------------------------------------------
------------------------------------------
| rollout/                |              |
|    ep_len_mean          | 200          |
|    ep_rew_mean          | 2.36         |
| time/                   |              |
|    fps                  | 1            |
|    iterations           | 50           |
|    time_elapsed         | 20273        |
|    total_timesteps      | 25600        |
| train/                  |              |
|    approx_kl            | 0.0029625902 |
|    clip_fraction        | 0.00898      |
|    clip_range           | 0.2          |
|    entropy_loss         | -1.09        |
|    explained_variance   | -0.453       |
|    learning_rate        | 0.0003       |
|    loss                 | 1.07         |
|    n_updates            | 490          |
|    policy_gradient_loss | -0.00119     |
|    value_loss           | 2.34         |
------------------------------------------
-----------------------------------------
| rollout/                |             |
|    ep_len_mean          | 202         |
|    ep_rew_mean          | 2.65        |
| time/                   |             |
|    fps                  | 1           |
|    iterations           | 51          |
|    time_elapsed         | 20357       |
|    total_timesteps      | 26112       |
| train/                  |             |
|    approx_kl            | 0.006416258 |
|    clip_fraction        | 0.023       |
|    clip_range           | 0.2         |
|    entropy_loss         | -1.09       |
|    explained_variance   | 0.23        |
|    learning_rate        | 0.0003      |
|    loss                 | 0.28        |
|    n_updates            | 500         |
|    policy_gradient_loss | -0.00764    |
|    value_loss           | 1.23        |
-----------------------------------------
-----------------------------------------
| rollout/                |             |
|    ep_len_mean          | 205         |
|    ep_rew_mean          | 2.93        |
| time/                   |             |
|    fps                  | 1           |
|    iterations           | 52          |
|    time_elapsed         | 20443       |
|    total_timesteps      | 26624       |
| train/                  |             |
|    approx_kl            | 0.012383472 |
|    clip_fraction        | 0.05        |
|    clip_range           | 0.2         |
|    entropy_loss         | -1.08       |
|    explained_variance   | 0.19        |
|    learning_rate        | 0.0003      |
|    loss                 | 0.769       |
|    n_updates            | 510         |
|    policy_gradient_loss | -0.00477    |
|    value_loss           | 1.67        |
-----------------------------------------
-----------------------------------------
| rollout/                |             |
|    ep_len_mean          | 204         |
|    ep_rew_mean          | 2.87        |
| time/                   |             |
|    fps                  | 1           |
|    iterations           | 53          |
|    time_elapsed         | 20529       |
|    total_timesteps      | 27136       |
| train/                  |             |
|    approx_kl            | 0.004996432 |
|    clip_fraction        | 0.0258      |
|    clip_range           | 0.2         |
|    entropy_loss         | -1.08       |
|    explained_variance   | 0.289       |
|    learning_rate        | 0.0003      |
|    loss                 | 0.0382      |
|    n_updates            | 520         |
|    policy_gradient_loss | -0.00476    |
|    value_loss           | 0.401       |
-----------------------------------------
----------------------------------------
| rollout/                |            |
|    ep_len_mean          | 205        |
|    ep_rew_mean          | 2.89       |
| time/                   |            |
|    fps                  | 1          |
|    iterations           | 54         |
|    time_elapsed         | 20616      |
|    total_timesteps      | 27648      |
| train/                  |            |
|    approx_kl            | 0.00844326 |
|    clip_fraction        | 0.0486     |
|    clip_range           | 0.2        |
|    entropy_loss         | -1.07      |
|    explained_variance   | 0.294      |
|    learning_rate        | 0.0003     |
|    loss                 | 1.74       |
|    n_updates            | 530        |
|    policy_gradient_loss | 0.00653    |
|    value_loss           | 3.91       |
----------------------------------------
-----------------------------------------
| rollout/                |             |
|    ep_len_mean          | 205         |
|    ep_rew_mean          | 2.9         |
| time/                   |             |
|    fps                  | 1           |
|    iterations           | 55          |
|    time_elapsed         | 20704       |
|    total_timesteps      | 28160       |
| train/                  |             |
|    approx_kl            | 0.003954466 |
|    clip_fraction        | 0.00625     |
|    clip_range           | 0.2         |
|    entropy_loss         | -1.06       |
|    explained_variance   | 0.821       |
|    learning_rate        | 0.0003      |
|    loss                 | 0.334       |
|    n_updates            | 540         |
|    policy_gradient_loss | -0.00344    |
|    value_loss           | 1.08        |
-----------------------------------------
------------------------------------------
| rollout/                |              |
|    ep_len_mean          | 208          |
|    ep_rew_mean          | 3.19         |
| time/                   |              |
|    fps                  | 1            |
|    iterations           | 56           |
|    time_elapsed         | 20793        |
|    total_timesteps      | 28672        |
| train/                  |              |
|    approx_kl            | 0.0052443887 |
|    clip_fraction        | 0.0354       |
|    clip_range           | 0.2          |
|    entropy_loss         | -1.06        |
|    explained_variance   | 0.444        |
|    learning_rate        | 0.0003       |
|    loss                 | 0.624        |
|    n_updates            | 550          |
|    policy_gradient_loss | 0.00157      |
|    value_loss           | 2.44         |
------------------------------------------
-----------------------------------------
| rollout/                |             |
|    ep_len_mean          | 209         |
|    ep_rew_mean          | 3.25        |
| time/                   |             |
|    fps                  | 1           |
|    iterations           | 57          |
|    time_elapsed         | 20882       |
|    total_timesteps      | 29184       |
| train/                  |             |
|    approx_kl            | 0.014474576 |
|    clip_fraction        | 0.0934      |
|    clip_range           | 0.2         |
|    entropy_loss         | -1.06       |
|    explained_variance   | -0.0581     |
|    learning_rate        | 0.0003      |
|    loss                 | 0.112       |
|    n_updates            | 560         |
|    policy_gradient_loss | -0.000286   |
|    value_loss           | 0.858       |
-----------------------------------------
-----------------------------------------
| rollout/                |             |
|    ep_len_mean          | 212         |
|    ep_rew_mean          | 3.52        |
| time/                   |             |
|    fps                  | 1           |
|    iterations           | 58          |
|    time_elapsed         | 20966       |
|    total_timesteps      | 29696       |
| train/                  |             |
|    approx_kl            | 0.006599473 |
|    clip_fraction        | 0.0242      |
|    clip_range           | 0.2         |
|    entropy_loss         | -1.08       |
|    explained_variance   | 0.138       |
|    learning_rate        | 0.0003      |
|    loss                 | 0.354       |
|    n_updates            | 570         |
|    policy_gradient_loss | -0.0066     |
|    value_loss           | 2.47        |
-----------------------------------------
------------------------------------------
| rollout/                |              |
|    ep_len_mean          | 215          |
|    ep_rew_mean          | 3.85         |
| time/                   |              |
|    fps                  | 1            |
|    iterations           | 59           |
|    time_elapsed         | 21049        |
|    total_timesteps      | 30208        |
| train/                  |              |
|    approx_kl            | 0.0039120223 |
|    clip_fraction        | 0.00371      |
|    clip_range           | 0.2          |
|    entropy_loss         | -1.06        |
|    explained_variance   | -0.37        |
|    learning_rate        | 0.0003       |
|    loss                 | 0.0997       |
|    n_updates            | 580          |
|    policy_gradient_loss | 0.00403      |
|    value_loss           | 0.435        |
------------------------------------------
------------------------------------------
| rollout/                |              |
|    ep_len_mean          | 218          |
|    ep_rew_mean          | 4.03         |
| time/                   |              |
|    fps                  | 1            |
|    iterations           | 60           |
|    time_elapsed         | 21133        |
|    total_timesteps      | 30720        |
| train/                  |              |
|    approx_kl            | 0.0099865515 |
|    clip_fraction        | 0.0357       |
|    clip_range           | 0.2          |
|    entropy_loss         | -1.07        |
|    explained_variance   | -0.0167      |
|    learning_rate        | 0.0003       |
|    loss                 | 0.0134       |
|    n_updates            | 590          |
|    policy_gradient_loss | -0.00569     |
|    value_loss           | 0.211        |
------------------------------------------
------------------------------------------
| rollout/                |              |
|    ep_len_mean          | 221          |
|    ep_rew_mean          | 4.37         |
| time/                   |              |
|    fps                  | 1            |
|    iterations           | 61           |
|    time_elapsed         | 21218        |
|    total_timesteps      | 31232        |
| train/                  |              |
|    approx_kl            | 0.0026457682 |
|    clip_fraction        | 0.00508      |
|    clip_range           | 0.2          |
|    entropy_loss         | -1.08        |
|    explained_variance   | 0.0725       |
|    learning_rate        | 0.0003       |
|    loss                 | 2.18         |
|    n_updates            | 600          |
|    policy_gradient_loss | 0.000361     |
|    value_loss           | 4.8          |
------------------------------------------
-----------------------------------------
| rollout/                |             |
|    ep_len_mean          | 223         |
|    ep_rew_mean          | 4.47        |
| time/                   |             |
|    fps                  | 1           |
|    iterations           | 62          |
|    time_elapsed         | 21300       |
|    total_timesteps      | 31744       |
| train/                  |             |
|    approx_kl            | 0.007240953 |
|    clip_fraction        | 0.0254      |
|    clip_range           | 0.2         |
|    entropy_loss         | -1.06       |
|    explained_variance   | 0.0818      |
|    learning_rate        | 0.0003      |
|    loss                 | 0.00962     |
|    n_updates            | 610         |
|    policy_gradient_loss | -0.00523    |
|    value_loss           | 0.347       |
-----------------------------------------
-----------------------------------------
| rollout/                |             |
|    ep_len_mean          | 227         |
|    ep_rew_mean          | 4.7         |
| time/                   |             |
|    fps                  | 1           |
|    iterations           | 63          |
|    time_elapsed         | 21385       |
|    total_timesteps      | 32256       |
| train/                  |             |
|    approx_kl            | 0.008549639 |
|    clip_fraction        | 0.0437      |
|    clip_range           | 0.2         |
|    entropy_loss         | -1.06       |
|    explained_variance   | -0.0589     |
|    learning_rate        | 0.0003      |
|    loss                 | 0.997       |
|    n_updates            | 620         |
|    policy_gradient_loss | -0.00166    |
|    value_loss           | 4.2         |
-----------------------------------------
-----------------------------------------
| rollout/                |             |
|    ep_len_mean          | 226         |
|    ep_rew_mean          | 4.65        |
| time/                   |             |
|    fps                  | 1           |
|    iterations           | 64          |
|    time_elapsed         | 21470       |
|    total_timesteps      | 32768       |
| train/                  |             |
|    approx_kl            | 0.005350286 |
|    clip_fraction        | 0.0219      |
|    clip_range           | 0.2         |
|    entropy_loss         | -1.08       |
|    explained_variance   | 0.315       |
|    learning_rate        | 0.0003      |
|    loss                 | 1.88        |
|    n_updates            | 630         |
|    policy_gradient_loss | -0.00143    |
|    value_loss           | 3.61        |
-----------------------------------------
------------------------------------------
| rollout/                |              |
|    ep_len_mean          | 231          |
|    ep_rew_mean          | 5            |
| time/                   |              |
|    fps                  | 1            |
|    iterations           | 65           |
|    time_elapsed         | 21556        |
|    total_timesteps      | 33280        |
| train/                  |              |
|    approx_kl            | 0.0033948647 |
|    clip_fraction        | 0.0229       |
|    clip_range           | 0.2          |
|    entropy_loss         | -1.08        |
|    explained_variance   | -0.719       |
|    learning_rate        | 0.0003       |
|    loss                 | 1.22         |
|    n_updates            | 640          |
|    policy_gradient_loss | -0.00601     |
|    value_loss           | 1.82         |
------------------------------------------
-----------------------------------------
| rollout/                |             |
|    ep_len_mean          | 233         |
|    ep_rew_mean          | 5.13        |
| time/                   |             |
|    fps                  | 1           |
|    iterations           | 66          |
|    time_elapsed         | 21640       |
|    total_timesteps      | 33792       |
| train/                  |             |
|    approx_kl            | 0.012619128 |
|    clip_fraction        | 0.0514      |
|    clip_range           | 0.2         |
|    entropy_loss         | -1.06       |
|    explained_variance   | 0.000341    |
|    learning_rate        | 0.0003      |
|    loss                 | 0.971       |
|    n_updates            | 650         |
|    policy_gradient_loss | -0.00214    |
|    value_loss           | 3.38        |
-----------------------------------------
-----------------------------------------
| rollout/                |             |
|    ep_len_mean          | 235         |
|    ep_rew_mean          | 5.25        |
| time/                   |             |
|    fps                  | 1           |
|    iterations           | 67          |
|    time_elapsed         | 21722       |
|    total_timesteps      | 34304       |
| train/                  |             |
|    approx_kl            | 0.009837715 |
|    clip_fraction        | 0.0242      |
|    clip_range           | 0.2         |
|    entropy_loss         | -1.06       |
|    explained_variance   | 0.256       |
|    learning_rate        | 0.0003      |
|    loss                 | 1.53        |
|    n_updates            | 660         |
|    policy_gradient_loss | -0.00173    |
|    value_loss           | 2.26        |
-----------------------------------------
------------------------------------------
| rollout/                |              |
|    ep_len_mean          | 237          |
|    ep_rew_mean          | 5.44         |
| time/                   |              |
|    fps                  | 1            |
|    iterations           | 68           |
|    time_elapsed         | 21806        |
|    total_timesteps      | 34816        |
| train/                  |              |
|    approx_kl            | 0.0036003743 |
|    clip_fraction        | 0.00625      |
|    clip_range           | 0.2          |
|    entropy_loss         | -1.06        |
|    explained_variance   | 0.316        |
|    learning_rate        | 0.0003       |
|    loss                 | 1.65         |
|    n_updates            | 670          |
|    policy_gradient_loss | -0.00549     |
|    value_loss           | 3.25         |
------------------------------------------
-----------------------------------------
| rollout/                |             |
|    ep_len_mean          | 241         |
|    ep_rew_mean          | 5.79        |
| time/                   |             |
|    fps                  | 1           |
|    iterations           | 69          |
|    time_elapsed         | 21890       |
|    total_timesteps      | 35328       |
| train/                  |             |
|    approx_kl            | 0.009573965 |
|    clip_fraction        | 0.0363      |
|    clip_range           | 0.2         |
|    entropy_loss         | -1.03       |
|    explained_variance   | 0.55        |
|    learning_rate        | 0.0003      |
|    loss                 | 0.581       |
|    n_updates            | 680         |
|    policy_gradient_loss | -0.00304    |
|    value_loss           | 1.44        |
-----------------------------------------
-----------------------------------------
| rollout/                |             |
|    ep_len_mean          | 244         |
|    ep_rew_mean          | 6.14        |
| time/                   |             |
|    fps                  | 1           |
|    iterations           | 70          |
|    time_elapsed         | 21974       |
|    total_timesteps      | 35840       |
| train/                  |             |
|    approx_kl            | 0.008769031 |
|    clip_fraction        | 0.0154      |
|    clip_range           | 0.2         |
|    entropy_loss         | -1          |
|    explained_variance   | -0.188      |
|    learning_rate        | 0.0003      |
|    loss                 | 0.0827      |
|    n_updates            | 690         |
|    policy_gradient_loss | -0.00135    |
|    value_loss           | 0.405       |
-----------------------------------------
-----------------------------------------
| rollout/                |             |
|    ep_len_mean          | 247         |
|    ep_rew_mean          | 6.44        |
| time/                   |             |
|    fps                  | 1           |
|    iterations           | 71          |
|    time_elapsed         | 22058       |
|    total_timesteps      | 36352       |
| train/                  |             |
|    approx_kl            | 0.003826951 |
|    clip_fraction        | 0.0393      |
|    clip_range           | 0.2         |
|    entropy_loss         | -0.98       |
|    explained_variance   | 0.448       |
|    learning_rate        | 0.0003      |
|    loss                 | 0.0399      |
|    n_updates            | 700         |
|    policy_gradient_loss | -0.0106     |
|    value_loss           | 0.269       |
-----------------------------------------
------------------------------------------
| rollout/                |              |
|    ep_len_mean          | 251          |
|    ep_rew_mean          | 6.77         |
| time/                   |              |
|    fps                  | 1            |
|    iterations           | 72           |
|    time_elapsed         | 22142        |
|    total_timesteps      | 36864        |
| train/                  |              |
|    approx_kl            | 0.0040475195 |
|    clip_fraction        | 0.0211       |
|    clip_range           | 0.2          |
|    entropy_loss         | -0.971       |
|    explained_variance   | -0.0365      |
|    learning_rate        | 0.0003       |
|    loss                 | 0.0191       |
|    n_updates            | 710          |
|    policy_gradient_loss | -0.00367     |
|    value_loss           | 0.141        |
------------------------------------------
-----------------------------------------
| rollout/                |             |
|    ep_len_mean          | 255         |
|    ep_rew_mean          | 7.1         |
| time/                   |             |
|    fps                  | 1           |
|    iterations           | 73          |
|    time_elapsed         | 22227       |
|    total_timesteps      | 37376       |
| train/                  |             |
|    approx_kl            | 0.017180339 |
|    clip_fraction        | 0.145       |
|    clip_range           | 0.2         |
|    entropy_loss         | -0.958      |
|    explained_variance   | 0.209       |
|    learning_rate        | 0.0003      |
|    loss                 | -0.0125     |
|    n_updates            | 720         |
|    policy_gradient_loss | -0.0119     |
|    value_loss           | 0.0804      |
-----------------------------------------
-----------------------------------------
| rollout/                |             |
|    ep_len_mean          | 257         |
|    ep_rew_mean          | 7.36        |
| time/                   |             |
|    fps                  | 1           |
|    iterations           | 74          |
|    time_elapsed         | 22312       |
|    total_timesteps      | 37888       |
| train/                  |             |
|    approx_kl            | 0.008012418 |
|    clip_fraction        | 0.0723      |
|    clip_range           | 0.2         |
|    entropy_loss         | -0.975      |
|    explained_variance   | 0.437       |
|    learning_rate        | 0.0003      |
|    loss                 | 0.0147      |
|    n_updates            | 730         |
|    policy_gradient_loss | -0.00817    |
|    value_loss           | 0.04        |
-----------------------------------------
-----------------------------------------
| rollout/                |             |
|    ep_len_mean          | 259         |
|    ep_rew_mean          | 7.58        |
| time/                   |             |
|    fps                  | 1           |
|    iterations           | 75          |
|    time_elapsed         | 22396       |
|    total_timesteps      | 38400       |
| train/                  |             |
|    approx_kl            | 0.008399422 |
|    clip_fraction        | 0.0113      |
|    clip_range           | 0.2         |
|    entropy_loss         | -0.943      |
|    explained_variance   | 0.437       |
|    learning_rate        | 0.0003      |
|    loss                 | 0.0255      |
|    n_updates            | 740         |
|    policy_gradient_loss | -0.00526    |
|    value_loss           | 0.0361      |
-----------------------------------------
-----------------------------------------
| rollout/                |             |
|    ep_len_mean          | 263         |
|    ep_rew_mean          | 7.93        |
| time/                   |             |
|    fps                  | 1           |
|    iterations           | 76          |
|    time_elapsed         | 22481       |
|    total_timesteps      | 38912       |
| train/                  |             |
|    approx_kl            | 0.009226627 |
|    clip_fraction        | 0.0594      |
|    clip_range           | 0.2         |
|    entropy_loss         | -0.949      |
|    explained_variance   | -0.108      |
|    learning_rate        | 0.0003      |
|    loss                 | 0.248       |
|    n_updates            | 750         |
|    policy_gradient_loss | -0.01       |
|    value_loss           | 2.04        |
-----------------------------------------
------------------------------------------
| rollout/                |              |
|    ep_len_mean          | 265          |
|    ep_rew_mean          | 8.15         |
| time/                   |              |
|    fps                  | 1            |
|    iterations           | 77           |
|    time_elapsed         | 22565        |
|    total_timesteps      | 39424        |
| train/                  |              |
|    approx_kl            | 0.0023119464 |
|    clip_fraction        | 0.00176      |
|    clip_range           | 0.2          |
|    entropy_loss         | -0.939       |
|    explained_variance   | 0.23         |
|    learning_rate        | 0.0003       |
|    loss                 | 0.0531       |
|    n_updates            | 760          |
|    policy_gradient_loss | -0.00182     |
|    value_loss           | 0.0788       |
------------------------------------------
-----------------------------------------
| rollout/                |             |
|    ep_len_mean          | 269         |
|    ep_rew_mean          | 8.5         |
| time/                   |             |
|    fps                  | 1           |
|    iterations           | 78          |
|    time_elapsed         | 22650       |
|    total_timesteps      | 39936       |
| train/                  |             |
|    approx_kl            | 0.010546545 |
|    clip_fraction        | 0.111       |
|    clip_range           | 0.2         |
|    entropy_loss         | -0.952      |
|    explained_variance   | -0.487      |
|    learning_rate        | 0.0003      |
|    loss                 | -0.0124     |
|    n_updates            | 770         |
|    policy_gradient_loss | -0.00882    |
|    value_loss           | 0.0823      |
-----------------------------------------
----------------------------------------
| rollout/                |            |
|    ep_len_mean          | 269        |
|    ep_rew_mean          | 8.5        |
| time/                   |            |
|    fps                  | 1          |
|    iterations           | 79         |
|    time_elapsed         | 22733      |
|    total_timesteps      | 40448      |
| train/                  |            |
|    approx_kl            | 0.00538267 |
|    clip_fraction        | 0.0203     |
|    clip_range           | 0.2        |
|    entropy_loss         | -0.963     |
|    explained_variance   | -0.0572    |
|    learning_rate        | 0.0003     |
|    loss                 | -0.0115    |
|    n_updates            | 780        |
|    policy_gradient_loss | -0.00582   |
|    value_loss           | 0.064      |
----------------------------------------
-----------------------------------------
| rollout/                |             |
|    ep_len_mean          | 270         |
|    ep_rew_mean          | 8.68        |
| time/                   |             |
|    fps                  | 1           |
|    iterations           | 80          |
|    time_elapsed         | 22817       |
|    total_timesteps      | 40960       |
| train/                  |             |
|    approx_kl            | 0.003366691 |
|    clip_fraction        | 0.00586     |
|    clip_range           | 0.2         |
|    entropy_loss         | -0.947      |
|    explained_variance   | 0.543       |
|    learning_rate        | 0.0003      |
|    loss                 | 0.0102      |
|    n_updates            | 790         |
|    policy_gradient_loss | -0.000376   |
|    value_loss           | 0.0422      |
-----------------------------------------
-----------------------------------------
| rollout/                |             |
|    ep_len_mean          | 273         |
|    ep_rew_mean          | 8.98        |
| time/                   |             |
|    fps                  | 1           |
|    iterations           | 81          |
|    time_elapsed         | 22901       |
|    total_timesteps      | 41472       |
| train/                  |             |
|    approx_kl            | 0.011339521 |
|    clip_fraction        | 0.0242      |
|    clip_range           | 0.2         |
|    entropy_loss         | -0.919      |
|    explained_variance   | -0.0824     |
|    learning_rate        | 0.0003      |
|    loss                 | -0.00801    |
|    n_updates            | 800         |
|    policy_gradient_loss | -0.00359    |
|    value_loss           | 0.111       |
-----------------------------------------
-----------------------------------------
| rollout/                |             |
|    ep_len_mean          | 276         |
|    ep_rew_mean          | 9.27        |
| time/                   |             |
|    fps                  | 1           |
|    iterations           | 82          |
|    time_elapsed         | 22985       |
|    total_timesteps      | 41984       |
| train/                  |             |
|    approx_kl            | 0.012530971 |
|    clip_fraction        | 0.111       |
|    clip_range           | 0.2         |
|    entropy_loss         | -0.919      |
|    explained_variance   | 0.249       |
|    learning_rate        | 0.0003      |
|    loss                 | -0.0299     |
|    n_updates            | 810         |
|    policy_gradient_loss | -0.0154     |
|    value_loss           | 0.0453      |
-----------------------------------------
-----------------------------------------
| rollout/                |             |
|    ep_len_mean          | 277         |
|    ep_rew_mean          | 9.33        |
| time/                   |             |
|    fps                  | 1           |
|    iterations           | 83          |
|    time_elapsed         | 23070       |
|    total_timesteps      | 42496       |
| train/                  |             |
|    approx_kl            | 0.018920083 |
|    clip_fraction        | 0.0971      |
|    clip_range           | 0.2         |
|    entropy_loss         | -0.942      |
|    explained_variance   | 0.326       |
|    learning_rate        | 0.0003      |
|    loss                 | 1.15        |
|    n_updates            | 820         |
|    policy_gradient_loss | -0.0141     |
|    value_loss           | 1.99        |
-----------------------------------------
------------------------------------------
| rollout/                |              |
|    ep_len_mean          | 278          |
|    ep_rew_mean          | 9.54         |
| time/                   |              |
|    fps                  | 1            |
|    iterations           | 84           |
|    time_elapsed         | 23152        |
|    total_timesteps      | 43008        |
| train/                  |              |
|    approx_kl            | 0.0051697805 |
|    clip_fraction        | 0.0287       |
|    clip_range           | 0.2          |
|    entropy_loss         | -0.92        |
|    explained_variance   | -0.055       |
|    learning_rate        | 0.0003       |
|    loss                 | 0.431        |
|    n_updates            | 830          |
|    policy_gradient_loss | -0.0024      |
|    value_loss           | 2.25         |
------------------------------------------
------------------------------------------
| rollout/                |              |
|    ep_len_mean          | 281          |
|    ep_rew_mean          | 9.85         |
| time/                   |              |
|    fps                  | 1            |
|    iterations           | 85           |
|    time_elapsed         | 23237        |
|    total_timesteps      | 43520        |
| train/                  |              |
|    approx_kl            | 0.0019160401 |
|    clip_fraction        | 0.00781      |
|    clip_range           | 0.2          |
|    entropy_loss         | -0.904       |
|    explained_variance   | -0.187       |
|    learning_rate        | 0.0003       |
|    loss                 | 0.0196       |
|    n_updates            | 840          |
|    policy_gradient_loss | -0.00368     |
|    value_loss           | 0.0353       |
------------------------------------------
-----------------------------------------
| rollout/                |             |
|    ep_len_mean          | 284         |
|    ep_rew_mean          | 10          |
| time/                   |             |
|    fps                  | 1           |
|    iterations           | 86          |
|    time_elapsed         | 23322       |
|    total_timesteps      | 44032       |
| train/                  |             |
|    approx_kl            | 0.010446576 |
|    clip_fraction        | 0.0494      |
|    clip_range           | 0.2         |
|    entropy_loss         | -0.945      |
|    explained_variance   | 0.148       |
|    learning_rate        | 0.0003      |
|    loss                 | -0.0274     |
|    n_updates            | 850         |
|    policy_gradient_loss | -0.00952    |
|    value_loss           | 0.0539      |
-----------------------------------------
------------------------------------------
| rollout/                |              |
|    ep_len_mean          | 284          |
|    ep_rew_mean          | 10           |
| time/                   |              |
|    fps                  | 1            |
|    iterations           | 87           |
|    time_elapsed         | 23405        |
|    total_timesteps      | 44544        |
| train/                  |              |
|    approx_kl            | 0.0034846112 |
|    clip_fraction        | 0.0514       |
|    clip_range           | 0.2          |
|    entropy_loss         | -0.95        |
|    explained_variance   | 0.151        |
|    learning_rate        | 0.0003       |
|    loss                 | 0.86         |
|    n_updates            | 860          |
|    policy_gradient_loss | 4.27e-05     |
|    value_loss           | 2.44         |
------------------------------------------
-----------------------------------------
| rollout/                |             |
|    ep_len_mean          | 287         |
|    ep_rew_mean          | 10.3        |
| time/                   |             |
|    fps                  | 1           |
|    iterations           | 88          |
|    time_elapsed         | 23490       |
|    total_timesteps      | 45056       |
| train/                  |             |
|    approx_kl            | 0.012620587 |
|    clip_fraction        | 0.0801      |
|    clip_range           | 0.2         |
|    entropy_loss         | -0.832      |
|    explained_variance   | -0.065      |
|    learning_rate        | 0.0003      |
|    loss                 | 0.00712     |
|    n_updates            | 870         |
|    policy_gradient_loss | -0.00767    |
|    value_loss           | 0.154       |
-----------------------------------------
------------------------------------------
| rollout/                |              |
|    ep_len_mean          | 287          |
|    ep_rew_mean          | 10.3         |
| time/                   |              |
|    fps                  | 1            |
|    iterations           | 89           |
|    time_elapsed         | 23575        |
|    total_timesteps      | 45568        |
| train/                  |              |
|    approx_kl            | 0.0074551348 |
|    clip_fraction        | 0.0312       |
|    clip_range           | 0.2          |
|    entropy_loss         | -0.856       |
|    explained_variance   | -0.286       |
|    learning_rate        | 0.0003       |
|    loss                 | 0.00651      |
|    n_updates            | 880          |
|    policy_gradient_loss | -0.00754     |
|    value_loss           | 0.216        |
------------------------------------------
------------------------------------------
| rollout/                |              |
|    ep_len_mean          | 292          |
|    ep_rew_mean          | 10.7         |
| time/                   |              |
|    fps                  | 1            |
|    iterations           | 90           |
|    time_elapsed         | 23659        |
|    total_timesteps      | 46080        |
| train/                  |              |
|    approx_kl            | 0.0069731027 |
|    clip_fraction        | 0.0418       |
|    clip_range           | 0.2          |
|    entropy_loss         | -0.78        |
|    explained_variance   | 0.271        |
|    learning_rate        | 0.0003       |
|    loss                 | 0.0137       |
|    n_updates            | 890          |
|    policy_gradient_loss | -0.00479     |
|    value_loss           | 1.23         |
------------------------------------------
-----------------------------------------
| rollout/                |             |
|    ep_len_mean          | 294         |
|    ep_rew_mean          | 10.9        |
| time/                   |             |
|    fps                  | 1           |
|    iterations           | 91          |
|    time_elapsed         | 23743       |
|    total_timesteps      | 46592       |
| train/                  |             |
|    approx_kl            | 0.006599425 |
|    clip_fraction        | 0.0656      |
|    clip_range           | 0.2         |
|    entropy_loss         | -0.843      |
|    explained_variance   | 0.551       |
|    learning_rate        | 0.0003      |
|    loss                 | 0.0352      |
|    n_updates            | 900         |
|    policy_gradient_loss | -0.00506    |
|    value_loss           | 0.112       |
-----------------------------------------
-----------------------------------------
| rollout/                |             |
|    ep_len_mean          | 298         |
|    ep_rew_mean          | 11.2        |
| time/                   |             |
|    fps                  | 1           |
|    iterations           | 92          |
|    time_elapsed         | 23827       |
|    total_timesteps      | 47104       |
| train/                  |             |
|    approx_kl            | 0.009904338 |
|    clip_fraction        | 0.1         |
|    clip_range           | 0.2         |
|    entropy_loss         | -0.882      |
|    explained_variance   | 0.526       |
|    learning_rate        | 0.0003      |
|    loss                 | 0.587       |
|    n_updates            | 910         |
|    policy_gradient_loss | 0.0209      |
|    value_loss           | 2.23        |
-----------------------------------------
---------------------------------------
| rollout/                |           |
|    ep_len_mean          | 302       |
|    ep_rew_mean          | 11.6      |
| time/                   |           |
|    fps                  | 1         |
|    iterations           | 93        |
|    time_elapsed         | 23912     |
|    total_timesteps      | 47616     |
| train/                  |           |
|    approx_kl            | 0.0063617 |
|    clip_fraction        | 0.0135    |
|    clip_range           | 0.2       |
|    entropy_loss         | -0.814    |
|    explained_variance   | 0.121     |
|    learning_rate        | 0.0003    |
|    loss                 | -0.0153   |
|    n_updates            | 920       |
|    policy_gradient_loss | -0.00233  |
|    value_loss           | 0.043     |
---------------------------------------
------------------------------------------
| rollout/                |              |
|    ep_len_mean          | 302          |
|    ep_rew_mean          | 11.6         |
| time/                   |              |
|    fps                  | 2            |
|    iterations           | 94           |
|    time_elapsed         | 23997        |
|    total_timesteps      | 48128        |
| train/                  |              |
|    approx_kl            | 0.0070514427 |
|    clip_fraction        | 0.0752       |
|    clip_range           | 0.2          |
|    entropy_loss         | -0.879       |
|    explained_variance   | 0.467        |
|    learning_rate        | 0.0003       |
|    loss                 | -0.0087      |
|    n_updates            | 930          |
|    policy_gradient_loss | -0.00922     |
|    value_loss           | 0.0722       |
------------------------------------------
------------------------------------------
| rollout/                |              |
|    ep_len_mean          | 302          |
|    ep_rew_mean          | 11.7         |
| time/                   |              |
|    fps                  | 2            |
|    iterations           | 95           |
|    time_elapsed         | 24082        |
|    total_timesteps      | 48640        |
| train/                  |              |
|    approx_kl            | 0.0020496303 |
|    clip_fraction        | 0.024        |
|    clip_range           | 0.2          |
|    entropy_loss         | -0.852       |
|    explained_variance   | -0.342       |
|    learning_rate        | 0.0003       |
|    loss                 | 0.00171      |
|    n_updates            | 940          |
|    policy_gradient_loss | -0.00999     |
|    value_loss           | 0.0604       |
------------------------------------------
-----------------------------------------
| rollout/                |             |
|    ep_len_mean          | 305         |
|    ep_rew_mean          | 12          |
| time/                   |             |
|    fps                  | 2           |
|    iterations           | 96          |
|    time_elapsed         | 24167       |
|    total_timesteps      | 49152       |
| train/                  |             |
|    approx_kl            | 0.006517325 |
|    clip_fraction        | 0.0561      |
|    clip_range           | 0.2         |
|    entropy_loss         | -0.834      |
|    explained_variance   | 0.4         |
|    learning_rate        | 0.0003      |
|    loss                 | 0.0286      |
|    n_updates            | 950         |
|    policy_gradient_loss | -0.00746    |
|    value_loss           | 0.0423      |
-----------------------------------------
------------------------------------------
| rollout/                |              |
|    ep_len_mean          | 309          |
|    ep_rew_mean          | 12.4         |
| time/                   |              |
|    fps                  | 2            |
|    iterations           | 97           |
|    time_elapsed         | 24251        |
|    total_timesteps      | 49664        |
| train/                  |              |
|    approx_kl            | 0.0034901886 |
|    clip_fraction        | 0.033        |
|    clip_range           | 0.2          |
|    entropy_loss         | -0.857       |
|    explained_variance   | -0.233       |
|    learning_rate        | 0.0003       |
|    loss                 | 0.00842      |
|    n_updates            | 960          |
|    policy_gradient_loss | -0.0069      |
|    value_loss           | 0.0593       |
------------------------------------------
------------------------------------------
| rollout/                |              |
|    ep_len_mean          | 312          |
|    ep_rew_mean          | 12.7         |
| time/                   |              |
|    fps                  | 2            |
|    iterations           | 98           |
|    time_elapsed         | 24337        |
|    total_timesteps      | 50176        |
| train/                  |              |
|    approx_kl            | 0.0041383198 |
|    clip_fraction        | 0.0203       |
|    clip_range           | 0.2          |
|    entropy_loss         | -0.831       |
|    explained_variance   | -0.781       |
|    learning_rate        | 0.0003       |
|    loss                 | 0.00364      |
|    n_updates            | 970          |
|    policy_gradient_loss | -0.00554     |
|    value_loss           | 0.0539       |
------------------------------------------
------------------------------------------
| rollout/                |              |
|    ep_len_mean          | 315          |
|    ep_rew_mean          | 13           |
| time/                   |              |
|    fps                  | 2            |
|    iterations           | 99           |
|    time_elapsed         | 24421        |
|    total_timesteps      | 50688        |
| train/                  |              |
|    approx_kl            | 0.0069590197 |
|    clip_fraction        | 0.0123       |
|    clip_range           | 0.2          |
|    entropy_loss         | -0.848       |
|    explained_variance   | 0.00506      |
|    learning_rate        | 0.0003       |
|    loss                 | 0.00792      |
|    n_updates            | 980          |
|    policy_gradient_loss | -0.00826     |
|    value_loss           | 0.0288       |
------------------------------------------
-----------------------------------------
| rollout/                |             |
|    ep_len_mean          | 316         |
|    ep_rew_mean          | 13.1        |
| time/                   |             |
|    fps                  | 2           |
|    iterations           | 100         |
|    time_elapsed         | 24507       |
|    total_timesteps      | 51200       |
| train/                  |             |
|    approx_kl            | 0.011944978 |
|    clip_fraction        | 0.0533      |
|    clip_range           | 0.2         |
|    entropy_loss         | -0.826      |
|    explained_variance   | 0.493       |
|    learning_rate        | 0.0003      |
|    loss                 | -0.0101     |
|    n_updates            | 990         |
|    policy_gradient_loss | -0.00775    |
|    value_loss           | 0.041       |
-----------------------------------------
------------------------------------------
| rollout/                |              |
|    ep_len_mean          | 320          |
|    ep_rew_mean          | 13.5         |
| time/                   |              |
|    fps                  | 2            |
|    iterations           | 101          |
|    time_elapsed         | 24591        |
|    total_timesteps      | 51712        |
| train/                  |              |
|    approx_kl            | 0.0052722823 |
|    clip_fraction        | 0.0303       |
|    clip_range           | 0.2          |
|    entropy_loss         | -0.845       |
|    explained_variance   | 0.529        |
|    learning_rate        | 0.0003       |
|    loss                 | 0.00963      |
|    n_updates            | 1000         |
|    policy_gradient_loss | -0.00232     |
|    value_loss           | 0.0302       |
------------------------------------------
------------------------------------------
| rollout/                |              |
|    ep_len_mean          | 324          |
|    ep_rew_mean          | 13.8         |
| time/                   |              |
|    fps                  | 2            |
|    iterations           | 102          |
|    time_elapsed         | 24675        |
|    total_timesteps      | 52224        |
| train/                  |              |
|    approx_kl            | 0.0025750631 |
|    clip_fraction        | 0.00996      |
|    clip_range           | 0.2          |
|    entropy_loss         | -0.824       |
|    explained_variance   | 0.717        |
|    learning_rate        | 0.0003       |
|    loss                 | 0.00299      |
|    n_updates            | 1010         |
|    policy_gradient_loss | -0.00204     |
|    value_loss           | 0.0112       |
------------------------------------------
------------------------------------------
| rollout/                |              |
|    ep_len_mean          | 328          |
|    ep_rew_mean          | 14.2         |
| time/                   |              |
|    fps                  | 2            |
|    iterations           | 103          |
|    time_elapsed         | 24759        |
|    total_timesteps      | 52736        |
| train/                  |              |
|    approx_kl            | 0.0066670356 |
|    clip_fraction        | 0.0213       |
|    clip_range           | 0.2          |
|    entropy_loss         | -0.841       |
|    explained_variance   | 0.45         |
|    learning_rate        | 0.0003       |
|    loss                 | 0.0429       |
|    n_updates            | 1020         |
|    policy_gradient_loss | -0.00533     |
|    value_loss           | 0.0284       |
------------------------------------------
-----------------------------------------
| rollout/                |             |
|    ep_len_mean          | 333         |
|    ep_rew_mean          | 14.6        |
| time/                   |             |
|    fps                  | 2           |
|    iterations           | 104         |
|    time_elapsed         | 24843       |
|    total_timesteps      | 53248       |
| train/                  |             |
|    approx_kl            | 0.007361274 |
|    clip_fraction        | 0.0268      |
|    clip_range           | 0.2         |
|    entropy_loss         | -0.829      |
|    explained_variance   | 0.175       |
|    learning_rate        | 0.0003      |
|    loss                 | 0.0201      |
|    n_updates            | 1030        |
|    policy_gradient_loss | -0.00598    |
|    value_loss           | 0.0364      |
-----------------------------------------
-----------------------------------------
| rollout/                |             |
|    ep_len_mean          | 337         |
|    ep_rew_mean          | 15          |
| time/                   |             |
|    fps                  | 2           |
|    iterations           | 105         |
|    time_elapsed         | 24929       |
|    total_timesteps      | 53760       |
| train/                  |             |
|    approx_kl            | 0.009380989 |
|    clip_fraction        | 0.0424      |
|    clip_range           | 0.2         |
|    entropy_loss         | -0.844      |
|    explained_variance   | 0.261       |
|    learning_rate        | 0.0003      |
|    loss                 | 0.00477     |
|    n_updates            | 1040        |
|    policy_gradient_loss | -0.00485    |
|    value_loss           | 0.0384      |
-----------------------------------------
------------------------------------------
| rollout/                |              |
|    ep_len_mean          | 337          |
|    ep_rew_mean          | 15.1         |
| time/                   |              |
|    fps                  | 2            |
|    iterations           | 106          |
|    time_elapsed         | 25014        |
|    total_timesteps      | 54272        |
| train/                  |              |
|    approx_kl            | 0.0042174133 |
|    clip_fraction        | 0.00293      |
|    clip_range           | 0.2          |
|    entropy_loss         | -0.843       |
|    explained_variance   | 0.775        |
|    learning_rate        | 0.0003       |
|    loss                 | 0.00333      |
|    n_updates            | 1050         |
|    policy_gradient_loss | -0.00167     |
|    value_loss           | 0.0102       |
------------------------------------------
-----------------------------------------
| rollout/                |             |
|    ep_len_mean          | 340         |
|    ep_rew_mean          | 15.4        |
| time/                   |             |
|    fps                  | 2           |
|    iterations           | 107         |
|    time_elapsed         | 25100       |
|    total_timesteps      | 54784       |
| train/                  |             |
|    approx_kl            | 0.009417666 |
|    clip_fraction        | 0.123       |
|    clip_range           | 0.2         |
|    entropy_loss         | -0.862      |
|    explained_variance   | 0.752       |
|    learning_rate        | 0.0003      |
|    loss                 | -0.019      |
|    n_updates            | 1060        |
|    policy_gradient_loss | -0.00984    |
|    value_loss           | 0.00812     |
-----------------------------------------
------------------------------------------
| rollout/                |              |
|    ep_len_mean          | 344          |
|    ep_rew_mean          | 15.8         |
| time/                   |              |
|    fps                  | 2            |
|    iterations           | 108          |
|    time_elapsed         | 25185        |
|    total_timesteps      | 55296        |
| train/                  |              |
|    approx_kl            | 0.0028586544 |
|    clip_fraction        | 0            |
|    clip_range           | 0.2          |
|    entropy_loss         | -0.882       |
|    explained_variance   | 0.422        |
|    learning_rate        | 0.0003       |
|    loss                 | 0.0118       |
|    n_updates            | 1070         |
|    policy_gradient_loss | 0.000595     |
|    value_loss           | 0.0134       |
------------------------------------------
-----------------------------------------
| rollout/                |             |
|    ep_len_mean          | 345         |
|    ep_rew_mean          | 15.8        |
| time/                   |             |
|    fps                  | 2           |
|    iterations           | 109         |
|    time_elapsed         | 25270       |
|    total_timesteps      | 55808       |
| train/                  |             |
|    approx_kl            | 0.011038292 |
|    clip_fraction        | 0.0436      |
|    clip_range           | 0.2         |
|    entropy_loss         | -0.892      |
|    explained_variance   | -0.0922     |
|    learning_rate        | 0.0003      |
|    loss                 | 0.488       |
|    n_updates            | 1080        |
|    policy_gradient_loss | 0.0146      |
|    value_loss           | 3.38        |
-----------------------------------------
-----------------------------------------
| rollout/                |             |
|    ep_len_mean          | 344         |
|    ep_rew_mean          | 15.9        |
| time/                   |             |
|    fps                  | 2           |
|    iterations           | 110         |
|    time_elapsed         | 25354       |
|    total_timesteps      | 56320       |
| train/                  |             |
|    approx_kl            | 0.007049285 |
|    clip_fraction        | 0.0176      |
|    clip_range           | 0.2         |
|    entropy_loss         | -0.867      |
|    explained_variance   | 0.305       |
|    learning_rate        | 0.0003      |
|    loss                 | 0.529       |
|    n_updates            | 1090        |
|    policy_gradient_loss | -0.00732    |
|    value_loss           | 2.87        |
-----------------------------------------
------------------------------------------
| rollout/                |              |
|    ep_len_mean          | 346          |
|    ep_rew_mean          | 16           |
| time/                   |              |
|    fps                  | 2            |
|    iterations           | 111          |
|    time_elapsed         | 25437        |
|    total_timesteps      | 56832        |
| train/                  |              |
|    approx_kl            | 0.0035086863 |
|    clip_fraction        | 0.0293       |
|    clip_range           | 0.2          |
|    entropy_loss         | -0.839       |
|    explained_variance   | 0.547        |
|    learning_rate        | 0.0003       |
|    loss                 | 1.67         |
|    n_updates            | 1100         |
|    policy_gradient_loss | 0.00492      |
|    value_loss           | 3.33         |
------------------------------------------
-----------------------------------------
| rollout/                |             |
|    ep_len_mean          | 346         |
|    ep_rew_mean          | 16          |
| time/                   |             |
|    fps                  | 2           |
|    iterations           | 112         |
|    time_elapsed         | 25523       |
|    total_timesteps      | 57344       |
| train/                  |             |
|    approx_kl            | 0.007845243 |
|    clip_fraction        | 0.0496      |
|    clip_range           | 0.2         |
|    entropy_loss         | -0.866      |
|    explained_variance   | 0.222       |
|    learning_rate        | 0.0003      |
|    loss                 | 1.96        |
|    n_updates            | 1110        |
|    policy_gradient_loss | -0.00154    |
|    value_loss           | 5.67        |
-----------------------------------------
-----------------------------------------
| rollout/                |             |
|    ep_len_mean          | 349         |
|    ep_rew_mean          | 16.3        |
| time/                   |             |
|    fps                  | 2           |
|    iterations           | 113         |
|    time_elapsed         | 25609       |
|    total_timesteps      | 57856       |
| train/                  |             |
|    approx_kl            | 0.011399396 |
|    clip_fraction        | 0.0959      |
|    clip_range           | 0.2         |
|    entropy_loss         | -0.83       |
|    explained_variance   | 0.506       |
|    learning_rate        | 0.0003      |
|    loss                 | 0.127       |
|    n_updates            | 1120        |
|    policy_gradient_loss | 0.00746     |
|    value_loss           | 1.15        |
-----------------------------------------
-----------------------------------------
| rollout/                |             |
|    ep_len_mean          | 352         |
|    ep_rew_mean          | 16.6        |
| time/                   |             |
|    fps                  | 2           |
|    iterations           | 114         |
|    time_elapsed         | 25693       |
|    total_timesteps      | 58368       |
| train/                  |             |
|    approx_kl            | 0.012026863 |
|    clip_fraction        | 0.113       |
|    clip_range           | 0.2         |
|    entropy_loss         | -0.848      |
|    explained_variance   | 0.357       |
|    learning_rate        | 0.0003      |
|    loss                 | 0.0261      |
|    n_updates            | 1130        |
|    policy_gradient_loss | -0.00245    |
|    value_loss           | 0.147       |
-----------------------------------------
----------------------------------------
| rollout/                |            |
|    ep_len_mean          | 356        |
|    ep_rew_mean          | 16.9       |
| time/                   |            |
|    fps                  | 2          |
|    iterations           | 115        |
|    time_elapsed         | 25776      |
|    total_timesteps      | 58880      |
| train/                  |            |
|    approx_kl            | 0.02008909 |
|    clip_fraction        | 0.168      |
|    clip_range           | 0.2        |
|    entropy_loss         | -0.871     |
|    explained_variance   | -0.000206  |
|    learning_rate        | 0.0003     |
|    loss                 | 0.085      |
|    n_updates            | 1140       |
|    policy_gradient_loss | 0.0174     |
|    value_loss           | 0.288      |
----------------------------------------
-----------------------------------------
| rollout/                |             |
|    ep_len_mean          | 360         |
|    ep_rew_mean          | 17.3        |
| time/                   |             |
|    fps                  | 2           |
|    iterations           | 116         |
|    time_elapsed         | 25860       |
|    total_timesteps      | 59392       |
| train/                  |             |
|    approx_kl            | 0.013956973 |
|    clip_fraction        | 0.0932      |
|    clip_range           | 0.2         |
|    entropy_loss         | -0.863      |
|    explained_variance   | -0.526      |
|    learning_rate        | 0.0003      |
|    loss                 | 0.00972     |
|    n_updates            | 1150        |
|    policy_gradient_loss | -0.011      |
|    value_loss           | 0.151       |
-----------------------------------------
------------------------------------------
| rollout/                |              |
|    ep_len_mean          | 363          |
|    ep_rew_mean          | 17.6         |
| time/                   |              |
|    fps                  | 2            |
|    iterations           | 117          |
|    time_elapsed         | 25946        |
|    total_timesteps      | 59904        |
| train/                  |              |
|    approx_kl            | 0.0008175494 |
|    clip_fraction        | 0.00117      |
|    clip_range           | 0.2          |
|    entropy_loss         | -0.873       |
|    explained_variance   | -0.144       |
|    learning_rate        | 0.0003       |
|    loss                 | 0.0277       |
|    n_updates            | 1160         |
|    policy_gradient_loss | 0.000488     |
|    value_loss           | 0.061        |
------------------------------------------
-----------------------------------------
| rollout/                |             |
|    ep_len_mean          | 369         |
|    ep_rew_mean          | 18.1        |
| time/                   |             |
|    fps                  | 2           |
|    iterations           | 118         |
|    time_elapsed         | 26028       |
|    total_timesteps      | 60416       |
| train/                  |             |
|    approx_kl            | 0.008340862 |
|    clip_fraction        | 0.0391      |
|    clip_range           | 0.2         |
|    entropy_loss         | -0.91       |
|    explained_variance   | 0.487       |
|    learning_rate        | 0.0003      |
|    loss                 | 0.0121      |
|    n_updates            | 1170        |
|    policy_gradient_loss | -0.00566    |
|    value_loss           | 0.0362      |
-----------------------------------------
-----------------------------------------
| rollout/                |             |
|    ep_len_mean          | 371         |
|    ep_rew_mean          | 18.3        |
| time/                   |             |
|    fps                  | 2           |
|    iterations           | 119         |
|    time_elapsed         | 26113       |
|    total_timesteps      | 60928       |
| train/                  |             |
|    approx_kl            | 0.013119725 |
|    clip_fraction        | 0.0557      |
|    clip_range           | 0.2         |
|    entropy_loss         | -0.89       |
|    explained_variance   | -0.195      |
|    learning_rate        | 0.0003      |
|    loss                 | 0.259       |
|    n_updates            | 1180        |
|    policy_gradient_loss | -0.0108     |
|    value_loss           | 1.66        |
-----------------------------------------
----------------------------------------
| rollout/                |            |
|    ep_len_mean          | 374        |
|    ep_rew_mean          | 18.6       |
| time/                   |            |
|    fps                  | 2          |
|    iterations           | 120        |
|    time_elapsed         | 26199      |
|    total_timesteps      | 61440      |
| train/                  |            |
|    approx_kl            | 0.01673666 |
|    clip_fraction        | 0.0473     |
|    clip_range           | 0.2        |
|    entropy_loss         | -0.907     |
|    explained_variance   | -0.217     |
|    learning_rate        | 0.0003     |
|    loss                 | 0.104      |
|    n_updates            | 1190       |
|    policy_gradient_loss | -0.00318   |
|    value_loss           | 0.449      |
----------------------------------------
------------------------------------------
| rollout/                |              |
|    ep_len_mean          | 377          |
|    ep_rew_mean          | 18.9         |
| time/                   |              |
|    fps                  | 2            |
|    iterations           | 121          |
|    time_elapsed         | 26283        |
|    total_timesteps      | 61952        |
| train/                  |              |
|    approx_kl            | 0.0095238425 |
|    clip_fraction        | 0.0646       |
|    clip_range           | 0.2          |
|    entropy_loss         | -0.891       |
|    explained_variance   | 0.613        |
|    learning_rate        | 0.0003       |
|    loss                 | -0.0176      |
|    n_updates            | 1200         |
|    policy_gradient_loss | -0.00834     |
|    value_loss           | 0.0254       |
------------------------------------------
-----------------------------------------
| rollout/                |             |
|    ep_len_mean          | 381         |
|    ep_rew_mean          | 19.3        |
| time/                   |             |
|    fps                  | 2           |
|    iterations           | 122         |
|    time_elapsed         | 26370       |
|    total_timesteps      | 62464       |
| train/                  |             |
|    approx_kl            | 0.013779178 |
|    clip_fraction        | 0.141       |
|    clip_range           | 0.2         |
|    entropy_loss         | -0.865      |
|    explained_variance   | -0.348      |
|    learning_rate        | 0.0003      |
|    loss                 | 0.0205      |
|    n_updates            | 1210        |
|    policy_gradient_loss | -0.0109     |
|    value_loss           | 0.0476      |
-----------------------------------------
------------------------------------------
| rollout/                |              |
|    ep_len_mean          | 383          |
|    ep_rew_mean          | 19.5         |
| time/                   |              |
|    fps                  | 2            |
|    iterations           | 123          |
|    time_elapsed         | 26455        |
|    total_timesteps      | 62976        |
| train/                  |              |
|    approx_kl            | 0.0069150804 |
|    clip_fraction        | 0.0387       |
|    clip_range           | 0.2          |
|    entropy_loss         | -0.881       |
|    explained_variance   | 0.528        |
|    learning_rate        | 0.0003       |
|    loss                 | 0.00576      |
|    n_updates            | 1220         |
|    policy_gradient_loss | -0.00641     |
|    value_loss           | 0.0323       |
------------------------------------------
-----------------------------------------
| rollout/                |             |
|    ep_len_mean          | 384         |
|    ep_rew_mean          | 19.6        |
| time/                   |             |
|    fps                  | 2           |
|    iterations           | 124         |
|    time_elapsed         | 26540       |
|    total_timesteps      | 63488       |
| train/                  |             |
|    approx_kl            | 0.010143995 |
|    clip_fraction        | 0.0623      |
|    clip_range           | 0.2         |
|    entropy_loss         | -0.886      |
|    explained_variance   | 0.548       |
|    learning_rate        | 0.0003      |
|    loss                 | -0.0299     |
|    n_updates            | 1230        |
|    policy_gradient_loss | -0.0059     |
|    value_loss           | 0.0179      |
-----------------------------------------
-----------------------------------------
| rollout/                |             |
|    ep_len_mean          | 384         |
|    ep_rew_mean          | 19.6        |
| time/                   |             |
|    fps                  | 2           |
|    iterations           | 125         |
|    time_elapsed         | 26627       |
|    total_timesteps      | 64000       |
| train/                  |             |
|    approx_kl            | 0.011355758 |
|    clip_fraction        | 0.0598      |
|    clip_range           | 0.2         |
|    entropy_loss         | -0.897      |
|    explained_variance   | 0.38        |
|    learning_rate        | 0.0003      |
|    loss                 | -0.00323    |
|    n_updates            | 1240        |
|    policy_gradient_loss | -0.00808    |
|    value_loss           | 0.0213      |
-----------------------------------------
-----------------------------------------
| rollout/                |             |
|    ep_len_mean          | 384         |
|    ep_rew_mean          | 19.6        |
| time/                   |             |
|    fps                  | 2           |
|    iterations           | 126         |
|    time_elapsed         | 26712       |
|    total_timesteps      | 64512       |
| train/                  |             |
|    approx_kl            | 0.004367086 |
|    clip_fraction        | 0.00996     |
|    clip_range           | 0.2         |
|    entropy_loss         | -0.886      |
|    explained_variance   | 0.123       |
|    learning_rate        | 0.0003      |
|    loss                 | 1.69        |
|    n_updates            | 1250        |
|    policy_gradient_loss | -0.00052    |
|    value_loss           | 3.1         |
-----------------------------------------
-----------------------------------------
| rollout/                |             |
|    ep_len_mean          | 387         |
|    ep_rew_mean          | 20          |
| time/                   |             |
|    fps                  | 2           |
|    iterations           | 127         |
|    time_elapsed         | 26799       |
|    total_timesteps      | 65024       |
| train/                  |             |
|    approx_kl            | 0.007903436 |
|    clip_fraction        | 0.0191      |
|    clip_range           | 0.2         |
|    entropy_loss         | -0.883      |
|    explained_variance   | 0.412       |
|    learning_rate        | 0.0003      |
|    loss                 | -0.000443   |
|    n_updates            | 1260        |
|    policy_gradient_loss | -0.00377    |
|    value_loss           | 0.0331      |
-----------------------------------------
------------------------------------------
| rollout/                |              |
|    ep_len_mean          | 387          |
|    ep_rew_mean          | 19.9         |
| time/                   |              |
|    fps                  | 2            |
|    iterations           | 128          |
|    time_elapsed         | 26883        |
|    total_timesteps      | 65536        |
| train/                  |              |
|    approx_kl            | 0.0071211997 |
|    clip_fraction        | 0.0264       |
|    clip_range           | 0.2          |
|    entropy_loss         | -0.935       |
|    explained_variance   | 0.0259       |
|    learning_rate        | 0.0003       |
|    loss                 | 0.0174       |
|    n_updates            | 1270         |
|    policy_gradient_loss | 0.00149      |
|    value_loss           | 0.129        |
------------------------------------------
------------------------------------------
| rollout/                |              |
|    ep_len_mean          | 391          |
|    ep_rew_mean          | 20.2         |
| time/                   |              |
|    fps                  | 2            |
|    iterations           | 129          |
|    time_elapsed         | 26970        |
|    total_timesteps      | 66048        |
| train/                  |              |
|    approx_kl            | 0.0052754004 |
|    clip_fraction        | 0.00918      |
|    clip_range           | 0.2          |
|    entropy_loss         | -0.895       |
|    explained_variance   | 0.192        |
|    learning_rate        | 0.0003       |
|    loss                 | 0.276        |
|    n_updates            | 1280         |
|    policy_gradient_loss | -0.00608     |
|    value_loss           | 2.07         |
------------------------------------------
-----------------------------------------
| rollout/                |             |
|    ep_len_mean          | 394         |
|    ep_rew_mean          | 20.6        |
| time/                   |             |
|    fps                  | 2           |
|    iterations           | 130         |
|    time_elapsed         | 27056       |
|    total_timesteps      | 66560       |
| train/                  |             |
|    approx_kl            | 0.004408166 |
|    clip_fraction        | 0.0146      |
|    clip_range           | 0.2         |
|    entropy_loss         | -0.882      |
|    explained_variance   | 0.399       |
|    learning_rate        | 0.0003      |
|    loss                 | 0.00596     |
|    n_updates            | 1290        |
|    policy_gradient_loss | -0.00261    |
|    value_loss           | 0.0323      |
-----------------------------------------
-----------------------------------------
| rollout/                |             |
|    ep_len_mean          | 399         |
|    ep_rew_mean          | 21          |
| time/                   |             |
|    fps                  | 2           |
|    iterations           | 131         |
|    time_elapsed         | 27142       |
|    total_timesteps      | 67072       |
| train/                  |             |
|    approx_kl            | 0.011872921 |
|    clip_fraction        | 0.137       |
|    clip_range           | 0.2         |
|    entropy_loss         | -0.823      |
|    explained_variance   | 0.482       |
|    learning_rate        | 0.0003      |
|    loss                 | -0.00598    |
|    n_updates            | 1300        |
|    policy_gradient_loss | -0.0168     |
|    value_loss           | 0.0227      |
-----------------------------------------
-----------------------------------------
| rollout/                |             |
|    ep_len_mean          | 404         |
|    ep_rew_mean          | 21.3        |
| time/                   |             |
|    fps                  | 2           |
|    iterations           | 132         |
|    time_elapsed         | 27228       |
|    total_timesteps      | 67584       |
| train/                  |             |
|    approx_kl            | 0.006957803 |
|    clip_fraction        | 0.0184      |
|    clip_range           | 0.2         |
|    entropy_loss         | -0.767      |
|    explained_variance   | 0.725       |
|    learning_rate        | 0.0003      |
|    loss                 | 0.148       |
|    n_updates            | 1310        |
|    policy_gradient_loss | -0.00349    |
|    value_loss           | 0.627       |
-----------------------------------------
------------------------------------------
| rollout/                |              |
|    ep_len_mean          | 407          |
|    ep_rew_mean          | 21.6         |
| time/                   |              |
|    fps                  | 2            |
|    iterations           | 133          |
|    time_elapsed         | 27314        |
|    total_timesteps      | 68096        |
| train/                  |              |
|    approx_kl            | 0.0063541434 |
|    clip_fraction        | 0.0678       |
|    clip_range           | 0.2          |
|    entropy_loss         | -0.765       |
|    explained_variance   | -1.32        |
|    learning_rate        | 0.0003       |
|    loss                 | 0.0611       |
|    n_updates            | 1320         |
|    policy_gradient_loss | -0.00202     |
|    value_loss           | 0.128        |
------------------------------------------
------------------------------------------
| rollout/                |              |
|    ep_len_mean          | 410          |
|    ep_rew_mean          | 22           |
| time/                   |              |
|    fps                  | 2            |
|    iterations           | 134          |
|    time_elapsed         | 27401        |
|    total_timesteps      | 68608        |
| train/                  |              |
|    approx_kl            | 0.0037816712 |
|    clip_fraction        | 0.0283       |
|    clip_range           | 0.2          |
|    entropy_loss         | -0.71        |
|    explained_variance   | 0.241        |
|    learning_rate        | 0.0003       |
|    loss                 | -0.00255     |
|    n_updates            | 1330         |
|    policy_gradient_loss | -0.00707     |
|    value_loss           | 0.0298       |
------------------------------------------
-----------------------------------------
| rollout/                |             |
|    ep_len_mean          | 411         |
|    ep_rew_mean          | 22.1        |
| time/                   |             |
|    fps                  | 2           |
|    iterations           | 135         |
|    time_elapsed         | 27488       |
|    total_timesteps      | 69120       |
| train/                  |             |
|    approx_kl            | 0.010404021 |
|    clip_fraction        | 0.118       |
|    clip_range           | 0.2         |
|    entropy_loss         | -0.661      |
|    explained_variance   | 0.572       |
|    learning_rate        | 0.0003      |
|    loss                 | -0.00565    |
|    n_updates            | 1340        |
|    policy_gradient_loss | -0.0121     |
|    value_loss           | 0.0146      |
-----------------------------------------
-----------------------------------------
| rollout/                |             |
|    ep_len_mean          | 413         |
|    ep_rew_mean          | 22.3        |
| time/                   |             |
|    fps                  | 2           |
|    iterations           | 136         |
|    time_elapsed         | 27574       |
|    total_timesteps      | 69632       |
| train/                  |             |
|    approx_kl            | 0.006806126 |
|    clip_fraction        | 0.0434      |
|    clip_range           | 0.2         |
|    entropy_loss         | -0.689      |
|    explained_variance   | -0.624      |
|    learning_rate        | 0.0003      |
|    loss                 | 0.0935      |
|    n_updates            | 1350        |
|    policy_gradient_loss | 0.00719     |
|    value_loss           | 1.78        |
-----------------------------------------
------------------------------------------
| rollout/                |              |
|    ep_len_mean          | 417          |
|    ep_rew_mean          | 22.6         |
| time/                   |              |
|    fps                  | 2            |
|    iterations           | 137          |
|    time_elapsed         | 27661        |
|    total_timesteps      | 70144        |
| train/                  |              |
|    approx_kl            | 0.0038692206 |
|    clip_fraction        | 0.0139       |
|    clip_range           | 0.2          |
|    entropy_loss         | -0.624       |
|    explained_variance   | 0.0847       |
|    learning_rate        | 0.0003       |
|    loss                 | 0.0759       |
|    n_updates            | 1360         |
|    policy_gradient_loss | -0.00114     |
|    value_loss           | 0.16         |
------------------------------------------
------------------------------------------
| rollout/                |              |
|    ep_len_mean          | 417          |
|    ep_rew_mean          | 22.6         |
| time/                   |              |
|    fps                  | 2            |
|    iterations           | 138          |
|    time_elapsed         | 27749        |
|    total_timesteps      | 70656        |
| train/                  |              |
|    approx_kl            | 0.0048308093 |
|    clip_fraction        | 0.0342       |
|    clip_range           | 0.2          |
|    entropy_loss         | -0.618       |
|    explained_variance   | 0.456        |
|    learning_rate        | 0.0003       |
|    loss                 | 0.00999      |
|    n_updates            | 1370         |
|    policy_gradient_loss | -0.00534     |
|    value_loss           | 0.0696       |
------------------------------------------
-----------------------------------------
| rollout/                |             |
|    ep_len_mean          | 420         |
|    ep_rew_mean          | 22.9        |
| time/                   |             |
|    fps                  | 2           |
|    iterations           | 139         |
|    time_elapsed         | 27834       |
|    total_timesteps      | 71168       |
| train/                  |             |
|    approx_kl            | 0.005373456 |
|    clip_fraction        | 0.0314      |
|    clip_range           | 0.2         |
|    entropy_loss         | -0.595      |
|    explained_variance   | -0.375      |
|    learning_rate        | 0.0003      |
|    loss                 | -0.00664    |
|    n_updates            | 1380        |
|    policy_gradient_loss | -0.00506    |
|    value_loss           | 0.0596      |
-----------------------------------------
------------------------------------------
| rollout/                |              |
|    ep_len_mean          | 423          |
|    ep_rew_mean          | 23.2         |
| time/                   |              |
|    fps                  | 2            |
|    iterations           | 140          |
|    time_elapsed         | 27921        |
|    total_timesteps      | 71680        |
| train/                  |              |
|    approx_kl            | 0.0065954207 |
|    clip_fraction        | 0.0496       |
|    clip_range           | 0.2          |
|    entropy_loss         | -0.671       |
|    explained_variance   | 0.376        |
|    learning_rate        | 0.0003       |
|    loss                 | 0.00745      |
|    n_updates            | 1390         |
|    policy_gradient_loss | -0.000232    |
|    value_loss           | 0.127        |
------------------------------------------
-----------------------------------------
| rollout/                |             |
|    ep_len_mean          | 423         |
|    ep_rew_mean          | 23.2        |
| time/                   |             |
|    fps                  | 2           |
|    iterations           | 141         |
|    time_elapsed         | 28008       |
|    total_timesteps      | 72192       |
| train/                  |             |
|    approx_kl            | 0.004253975 |
|    clip_fraction        | 0.0312      |
|    clip_range           | 0.2         |
|    entropy_loss         | -0.72       |
|    explained_variance   | 0.153       |
|    learning_rate        | 0.0003      |
|    loss                 | -0.00212    |
|    n_updates            | 1400        |
|    policy_gradient_loss | -0.0047     |
|    value_loss           | 0.0386      |
-----------------------------------------
-----------------------------------------
| rollout/                |             |
|    ep_len_mean          | 423         |
|    ep_rew_mean          | 23.2        |
| time/                   |             |
|    fps                  | 2           |
|    iterations           | 142         |
|    time_elapsed         | 28095       |
|    total_timesteps      | 72704       |
| train/                  |             |
|    approx_kl            | 0.006566289 |
|    clip_fraction        | 0.0211      |
|    clip_range           | 0.2         |
|    entropy_loss         | -0.721      |
|    explained_variance   | -0.198      |
|    learning_rate        | 0.0003      |
|    loss                 | 0.011       |
|    n_updates            | 1410        |
|    policy_gradient_loss | -0.00217    |
|    value_loss           | 0.0845      |
-----------------------------------------
-----------------------------------------
| rollout/                |             |
|    ep_len_mean          | 424         |
|    ep_rew_mean          | 23.4        |
| time/                   |             |
|    fps                  | 2           |
|    iterations           | 143         |
|    time_elapsed         | 28181       |
|    total_timesteps      | 73216       |
| train/                  |             |
|    approx_kl            | 0.005860065 |
|    clip_fraction        | 0.0576      |
|    clip_range           | 0.2         |
|    entropy_loss         | -0.672      |
|    explained_variance   | 0.317       |
|    learning_rate        | 0.0003      |
|    loss                 | 0.0178      |
|    n_updates            | 1420        |
|    policy_gradient_loss | -0.0062     |
|    value_loss           | 0.0223      |
-----------------------------------------
-----------------------------------------
| rollout/                |             |
|    ep_len_mean          | 427         |
|    ep_rew_mean          | 23.7        |
| time/                   |             |
|    fps                  | 2           |
|    iterations           | 144         |
|    time_elapsed         | 28268       |
|    total_timesteps      | 73728       |
| train/                  |             |
|    approx_kl            | 0.004797412 |
|    clip_fraction        | 0.0205      |
|    clip_range           | 0.2         |
|    entropy_loss         | -0.64       |
|    explained_variance   | 0.706       |
|    learning_rate        | 0.0003      |
|    loss                 | -0.0101     |
|    n_updates            | 1430        |
|    policy_gradient_loss | -0.00688    |
|    value_loss           | 0.00874     |
-----------------------------------------
-----------------------------------------
| rollout/                |             |
|    ep_len_mean          | 428         |
|    ep_rew_mean          | 23.7        |
| time/                   |             |
|    fps                  | 2           |
|    iterations           | 145         |
|    time_elapsed         | 28355       |
|    total_timesteps      | 74240       |
| train/                  |             |
|    approx_kl            | 0.004014312 |
|    clip_fraction        | 0.0221      |
|    clip_range           | 0.2         |
|    entropy_loss         | -0.619      |
|    explained_variance   | 0.548       |
|    learning_rate        | 0.0003      |
|    loss                 | 0.014       |
|    n_updates            | 1440        |
|    policy_gradient_loss | -0.00593    |
|    value_loss           | 0.0125      |
-----------------------------------------
-----------------------------------------
| rollout/                |             |
|    ep_len_mean          | 429         |
|    ep_rew_mean          | 23.9        |
| time/                   |             |
|    fps                  | 2           |
|    iterations           | 146         |
|    time_elapsed         | 28437       |
|    total_timesteps      | 74752       |
| train/                  |             |
|    approx_kl            | 0.004993936 |
|    clip_fraction        | 0.018       |
|    clip_range           | 0.2         |
|    entropy_loss         | -0.668      |
|    explained_variance   | -0.0535     |
|    learning_rate        | 0.0003      |
|    loss                 | 1.54        |
|    n_updates            | 1450        |
|    policy_gradient_loss | -0.00175    |
|    value_loss           | 3.24        |
-----------------------------------------
-----------------------------------------
| rollout/                |             |
|    ep_len_mean          | 433         |
|    ep_rew_mean          | 24.3        |
| time/                   |             |
|    fps                  | 2           |
|    iterations           | 147         |
|    time_elapsed         | 28520       |
|    total_timesteps      | 75264       |
| train/                  |             |
|    approx_kl            | 0.005046772 |
|    clip_fraction        | 0.016       |
|    clip_range           | 0.2         |
|    entropy_loss         | -0.659      |
|    explained_variance   | 0.431       |
|    learning_rate        | 0.0003      |
|    loss                 | -0.0204     |
|    n_updates            | 1460        |
|    policy_gradient_loss | -0.00644    |
|    value_loss           | 0.0347      |
-----------------------------------------
-----------------------------------------
| rollout/                |             |
|    ep_len_mean          | 434         |
|    ep_rew_mean          | 24.5        |
| time/                   |             |
|    fps                  | 2           |
|    iterations           | 148         |
|    time_elapsed         | 28602       |
|    total_timesteps      | 75776       |
| train/                  |             |
|    approx_kl            | 0.010753158 |
|    clip_fraction        | 0.093       |
|    clip_range           | 0.2         |
|    entropy_loss         | -0.74       |
|    explained_variance   | -0.877      |
|    learning_rate        | 0.0003      |
|    loss                 | -0.00218    |
|    n_updates            | 1470        |
|    policy_gradient_loss | -0.00605    |
|    value_loss           | 0.155       |
-----------------------------------------
------------------------------------------
| rollout/                |              |
|    ep_len_mean          | 438          |
|    ep_rew_mean          | 24.8         |
| time/                   |              |
|    fps                  | 2            |
|    iterations           | 149          |
|    time_elapsed         | 28684        |
|    total_timesteps      | 76288        |
| train/                  |              |
|    approx_kl            | 0.0059494725 |
|    clip_fraction        | 0.0289       |
|    clip_range           | 0.2          |
|    entropy_loss         | -0.704       |
|    explained_variance   | -0.0922      |
|    learning_rate        | 0.0003       |
|    loss                 | 2.24         |
|    n_updates            | 1480         |
|    policy_gradient_loss | -0.00388     |
|    value_loss           | 3.11         |
------------------------------------------
-----------------------------------------
| rollout/                |             |
|    ep_len_mean          | 439         |
|    ep_rew_mean          | 25          |
| time/                   |             |
|    fps                  | 2           |
|    iterations           | 150         |
|    time_elapsed         | 28768       |
|    total_timesteps      | 76800       |
| train/                  |             |
|    approx_kl            | 0.009907607 |
|    clip_fraction        | 0.0943      |
|    clip_range           | 0.2         |
|    entropy_loss         | -0.685      |
|    explained_variance   | 0.0401      |
|    learning_rate        | 0.0003      |
|    loss                 | 0.0242      |
|    n_updates            | 1490        |
|    policy_gradient_loss | -0.000292   |
|    value_loss           | 0.118       |
-----------------------------------------
-----------------------------------------
| rollout/                |             |
|    ep_len_mean          | 440         |
|    ep_rew_mean          | 25.2        |
| time/                   |             |
|    fps                  | 2           |
|    iterations           | 151         |
|    time_elapsed         | 28850       |
|    total_timesteps      | 77312       |
| train/                  |             |
|    approx_kl            | 0.008489049 |
|    clip_fraction        | 0.0516      |
|    clip_range           | 0.2         |
|    entropy_loss         | -0.597      |
|    explained_variance   | 0.466       |
|    learning_rate        | 0.0003      |
|    loss                 | 0.00575     |
|    n_updates            | 1500        |
|    policy_gradient_loss | -0.00635    |
|    value_loss           | 0.0413      |
-----------------------------------------
------------------------------------------
| rollout/                |              |
|    ep_len_mean          | 442          |
|    ep_rew_mean          | 25.4         |
| time/                   |              |
|    fps                  | 2            |
|    iterations           | 152          |
|    time_elapsed         | 28932        |
|    total_timesteps      | 77824        |
| train/                  |              |
|    approx_kl            | 0.0035906523 |
|    clip_fraction        | 0.00957      |
|    clip_range           | 0.2          |
|    entropy_loss         | -0.58        |
|    explained_variance   | 0.0429       |
|    learning_rate        | 0.0003       |
|    loss                 | 0.0142       |
|    n_updates            | 1510         |
|    policy_gradient_loss | -0.00272     |
|    value_loss           | 0.0523       |
------------------------------------------
-----------------------------------------
| rollout/                |             |
|    ep_len_mean          | 443         |
|    ep_rew_mean          | 25.6        |
| time/                   |             |
|    fps                  | 2           |
|    iterations           | 153         |
|    time_elapsed         | 29016       |
|    total_timesteps      | 78336       |
| train/                  |             |
|    approx_kl            | 0.002603768 |
|    clip_fraction        | 0.0135      |
|    clip_range           | 0.2         |
|    entropy_loss         | -0.635      |
|    explained_variance   | 0.692       |
|    learning_rate        | 0.0003      |
|    loss                 | 0.00384     |
|    n_updates            | 1520        |
|    policy_gradient_loss | -0.00209    |
|    value_loss           | 0.0329      |
-----------------------------------------
------------------------------------------
| rollout/                |              |
|    ep_len_mean          | 447          |
|    ep_rew_mean          | 25.9         |
| time/                   |              |
|    fps                  | 2            |
|    iterations           | 154          |
|    time_elapsed         | 29100        |
|    total_timesteps      | 78848        |
| train/                  |              |
|    approx_kl            | 0.0024117357 |
|    clip_fraction        | 0.000977     |
|    clip_range           | 0.2          |
|    entropy_loss         | -0.63        |
|    explained_variance   | 0.71         |
|    learning_rate        | 0.0003       |
|    loss                 | 0.0268       |
|    n_updates            | 1530         |
|    policy_gradient_loss | -0.000675    |
|    value_loss           | 0.015        |
------------------------------------------
-----------------------------------------
| rollout/                |             |
|    ep_len_mean          | 447         |
|    ep_rew_mean          | 25.9        |
| time/                   |             |
|    fps                  | 2           |
|    iterations           | 155         |
|    time_elapsed         | 29183       |
|    total_timesteps      | 79360       |
| train/                  |             |
|    approx_kl            | 0.012872776 |
|    clip_fraction        | 0.102       |
|    clip_range           | 0.2         |
|    entropy_loss         | -0.626      |
|    explained_variance   | 0.398       |
|    learning_rate        | 0.0003      |
|    loss                 | -0.00477    |
|    n_updates            | 1540        |
|    policy_gradient_loss | -0.0072     |
|    value_loss           | 0.0485      |
-----------------------------------------
------------------------------------------
| rollout/                |              |
|    ep_len_mean          | 452          |
|    ep_rew_mean          | 26.3         |
| time/                   |              |
|    fps                  | 2            |
|    iterations           | 156          |
|    time_elapsed         | 29265        |
|    total_timesteps      | 79872        |
| train/                  |              |
|    approx_kl            | 0.0036742548 |
|    clip_fraction        | 0.0107       |
|    clip_range           | 0.2          |
|    entropy_loss         | -0.62        |
|    explained_variance   | 0.502        |
|    learning_rate        | 0.0003       |
|    loss                 | 0.00236      |
|    n_updates            | 1550         |
|    policy_gradient_loss | -0.00184     |
|    value_loss           | 0.0418       |
------------------------------------------
-----------------------------------------
| rollout/                |             |
|    ep_len_mean          | 451         |
|    ep_rew_mean          | 26.2        |
| time/                   |             |
|    fps                  | 2           |
|    iterations           | 157         |
|    time_elapsed         | 29347       |
|    total_timesteps      | 80384       |
| train/                  |             |
|    approx_kl            | 0.009586605 |
|    clip_fraction        | 0.0412      |
|    clip_range           | 0.2         |
|    entropy_loss         | -0.601      |
|    explained_variance   | 0.613       |
|    learning_rate        | 0.0003      |
|    loss                 | 0.0293      |
|    n_updates            | 1560        |
|    policy_gradient_loss | -0.00725    |
|    value_loss           | 0.0235      |
-----------------------------------------
-----------------------------------------
| rollout/                |             |
|    ep_len_mean          | 451         |
|    ep_rew_mean          | 26.2        |
| time/                   |             |
|    fps                  | 2           |
|    iterations           | 158         |
|    time_elapsed         | 29429       |
|    total_timesteps      | 80896       |
| train/                  |             |
|    approx_kl            | 0.006528248 |
|    clip_fraction        | 0.0656      |
|    clip_range           | 0.2         |
|    entropy_loss         | -0.636      |
|    explained_variance   | 0.0307      |
|    learning_rate        | 0.0003      |
|    loss                 | 1.17        |
|    n_updates            | 1570        |
|    policy_gradient_loss | 0.0052      |
|    value_loss           | 2.76        |
-----------------------------------------
-----------------------------------------
| rollout/                |             |
|    ep_len_mean          | 451         |
|    ep_rew_mean          | 26.2        |
| time/                   |             |
|    fps                  | 2           |
|    iterations           | 159         |
|    time_elapsed         | 29513       |
|    total_timesteps      | 81408       |
| train/                  |             |
|    approx_kl            | 0.011545287 |
|    clip_fraction        | 0.0846      |
|    clip_range           | 0.2         |
|    entropy_loss         | -0.682      |
|    explained_variance   | -1.93       |
|    learning_rate        | 0.0003      |
|    loss                 | -0.00344    |
|    n_updates            | 1580        |
|    policy_gradient_loss | -0.00504    |
|    value_loss           | 0.122       |
-----------------------------------------
-----------------------------------------
| rollout/                |             |
|    ep_len_mean          | 451         |
|    ep_rew_mean          | 26.2        |
| time/                   |             |
|    fps                  | 2           |
|    iterations           | 160         |
|    time_elapsed         | 29601       |
|    total_timesteps      | 81920       |
| train/                  |             |
|    approx_kl            | 0.004871157 |
|    clip_fraction        | 0.0158      |
|    clip_range           | 0.2         |
|    entropy_loss         | -0.566      |
|    explained_variance   | -0.703      |
|    learning_rate        | 0.0003      |
|    loss                 | -0.012      |
|    n_updates            | 1590        |
|    policy_gradient_loss | -0.00659    |
|    value_loss           | 0.0511      |
-----------------------------------------
------------------------------------------
| rollout/                |              |
|    ep_len_mean          | 451          |
|    ep_rew_mean          | 26.2         |
| time/                   |              |
|    fps                  | 2            |
|    iterations           | 161          |
|    time_elapsed         | 29696        |
|    total_timesteps      | 82432        |
| train/                  |              |
|    approx_kl            | 0.0049972106 |
|    clip_fraction        | 0.0512       |
|    clip_range           | 0.2          |
|    entropy_loss         | -0.567       |
|    explained_variance   | 0.103        |
|    learning_rate        | 0.0003       |
|    loss                 | -0.00341     |
|    n_updates            | 1600         |
|    policy_gradient_loss | -0.00509     |
|    value_loss           | 0.0376       |
------------------------------------------
-----------------------------------------
| rollout/                |             |
|    ep_len_mean          | 451         |
|    ep_rew_mean          | 26.2        |
| time/                   |             |
|    fps                  | 2           |
|    iterations           | 162         |
|    time_elapsed         | 29785       |
|    total_timesteps      | 82944       |
| train/                  |             |
|    approx_kl            | 0.004588805 |
|    clip_fraction        | 0.0152      |
|    clip_range           | 0.2         |
|    entropy_loss         | -0.591      |
|    explained_variance   | 0.2         |
|    learning_rate        | 0.0003      |
|    loss                 | 0.0165      |
|    n_updates            | 1610        |
|    policy_gradient_loss | -0.00461    |
|    value_loss           | 0.0303      |
-----------------------------------------
------------------------------------------
| rollout/                |              |
|    ep_len_mean          | 451          |
|    ep_rew_mean          | 26.2         |
| time/                   |              |
|    fps                  | 2            |
|    iterations           | 163          |
|    time_elapsed         | 29873        |
|    total_timesteps      | 83456        |
| train/                  |              |
|    approx_kl            | 0.0007253216 |
|    clip_fraction        | 0.0104       |
|    clip_range           | 0.2          |
|    entropy_loss         | -0.479       |
|    explained_variance   | 0.621        |
|    learning_rate        | 0.0003       |
|    loss                 | -0.00366     |
|    n_updates            | 1620         |
|    policy_gradient_loss | -0.00154     |
|    value_loss           | 0.0158       |
------------------------------------------
------------------------------------------
| rollout/                |              |
|    ep_len_mean          | 454          |
|    ep_rew_mean          | 26.5         |
| time/                   |              |
|    fps                  | 2            |
|    iterations           | 164          |
|    time_elapsed         | 29959        |
|    total_timesteps      | 83968        |
| train/                  |              |
|    approx_kl            | 0.0052139573 |
|    clip_fraction        | 0.0217       |
|    clip_range           | 0.2          |
|    entropy_loss         | -0.577       |
|    explained_variance   | 0.441        |
|    learning_rate        | 0.0003       |
|    loss                 | -0.00251     |
|    n_updates            | 1630         |
|    policy_gradient_loss | -0.00554     |
|    value_loss           | 0.0169       |
------------------------------------------
------------------------------------------
| rollout/                |              |
|    ep_len_mean          | 454          |
|    ep_rew_mean          | 26.5         |
| time/                   |              |
|    fps                  | 2            |
|    iterations           | 165          |
|    time_elapsed         | 30043        |
|    total_timesteps      | 84480        |
| train/                  |              |
|    approx_kl            | 0.0024518752 |
|    clip_fraction        | 0.0084       |
|    clip_range           | 0.2          |
|    entropy_loss         | -0.529       |
|    explained_variance   | 0.731        |
|    learning_rate        | 0.0003       |
|    loss                 | -0.00246     |
|    n_updates            | 1640         |
|    policy_gradient_loss | -0.00363     |
|    value_loss           | 0.0125       |
------------------------------------------
------------------------------------------
| rollout/                |              |
|    ep_len_mean          | 454          |
|    ep_rew_mean          | 26.5         |
| time/                   |              |
|    fps                  | 2            |
|    iterations           | 166          |
|    time_elapsed         | 30129        |
|    total_timesteps      | 84992        |
| train/                  |              |
|    approx_kl            | 0.0036792345 |
|    clip_fraction        | 0.00723      |
|    clip_range           | 0.2          |
|    entropy_loss         | -0.574       |
|    explained_variance   | 0.843        |
|    learning_rate        | 0.0003       |
|    loss                 | -0.0184      |
|    n_updates            | 1650         |
|    policy_gradient_loss | -0.00199     |
|    value_loss           | 0.00617      |
------------------------------------------
------------------------------------------
| rollout/                |              |
|    ep_len_mean          | 454          |
|    ep_rew_mean          | 26.5         |
| time/                   |              |
|    fps                  | 2            |
|    iterations           | 167          |
|    time_elapsed         | 30215        |
|    total_timesteps      | 85504        |
| train/                  |              |
|    approx_kl            | 0.0036202837 |
|    clip_fraction        | 0.00781      |
|    clip_range           | 0.2          |
|    entropy_loss         | -0.493       |
|    explained_variance   | 0.831        |
|    learning_rate        | 0.0003       |
|    loss                 | -0.00678     |
|    n_updates            | 1660         |
|    policy_gradient_loss | -0.00316     |
|    value_loss           | 0.00808      |
------------------------------------------
------------------------------------------
| rollout/                |              |
|    ep_len_mean          | 454          |
|    ep_rew_mean          | 26.5         |
| time/                   |              |
|    fps                  | 2            |
|    iterations           | 168          |
|    time_elapsed         | 30299        |
|    total_timesteps      | 86016        |
| train/                  |              |
|    approx_kl            | 0.0033580696 |
|    clip_fraction        | 0.0115       |
|    clip_range           | 0.2          |
|    entropy_loss         | -0.53        |
|    explained_variance   | 0.854        |
|    learning_rate        | 0.0003       |
|    loss                 | -0.019       |
|    n_updates            | 1670         |
|    policy_gradient_loss | -0.00414     |
|    value_loss           | 0.00551      |
------------------------------------------
------------------------------------------
| rollout/                |              |
|    ep_len_mean          | 454          |
|    ep_rew_mean          | 26.5         |
| time/                   |              |
|    fps                  | 2            |
|    iterations           | 169          |
|    time_elapsed         | 30383        |
|    total_timesteps      | 86528        |
| train/                  |              |
|    approx_kl            | 0.0042411173 |
|    clip_fraction        | 0.0494       |
|    clip_range           | 0.2          |
|    entropy_loss         | -0.494       |
|    explained_variance   | 0.832        |
|    learning_rate        | 0.0003       |
|    loss                 | 0.0746       |
|    n_updates            | 1680         |
|    policy_gradient_loss | -0.00543     |
|    value_loss           | 0.00638      |
------------------------------------------
-----------------------------------------
| rollout/                |             |
|    ep_len_mean          | 454         |
|    ep_rew_mean          | 26.5        |
| time/                   |             |
|    fps                  | 2           |
|    iterations           | 170         |
|    time_elapsed         | 30467       |
|    total_timesteps      | 87040       |
| train/                  |             |
|    approx_kl            | 0.005638822 |
|    clip_fraction        | 0.0863      |
|    clip_range           | 0.2         |
|    entropy_loss         | -0.54       |
|    explained_variance   | 0.851       |
|    learning_rate        | 0.0003      |
|    loss                 | -0.00394    |
|    n_updates            | 1690        |
|    policy_gradient_loss | -0.00739    |
|    value_loss           | 0.00586     |
-----------------------------------------
------------------------------------------
| rollout/                |              |
|    ep_len_mean          | 454          |
|    ep_rew_mean          | 26.5         |
| time/                   |              |
|    fps                  | 2            |
|    iterations           | 171          |
|    time_elapsed         | 30551        |
|    total_timesteps      | 87552        |
| train/                  |              |
|    approx_kl            | 0.0034838868 |
|    clip_fraction        | 0.00527      |
|    clip_range           | 0.2          |
|    entropy_loss         | -0.524       |
|    explained_variance   | 0.901        |
|    learning_rate        | 0.0003       |
|    loss                 | -0.0176      |
|    n_updates            | 1700         |
|    policy_gradient_loss | -0.00378     |
|    value_loss           | 0.00408      |
------------------------------------------
------------------------------------------
| rollout/                |              |
|    ep_len_mean          | 456          |
|    ep_rew_mean          | 26.7         |
| time/                   |              |
|    fps                  | 2            |
|    iterations           | 172          |
|    time_elapsed         | 30634        |
|    total_timesteps      | 88064        |
| train/                  |              |
|    approx_kl            | 0.0018864543 |
|    clip_fraction        | 0.0113       |
|    clip_range           | 0.2          |
|    entropy_loss         | -0.522       |
|    explained_variance   | 0.785        |
|    learning_rate        | 0.0003       |
|    loss                 | 0.0159       |
|    n_updates            | 1710         |
|    policy_gradient_loss | -0.00283     |
|    value_loss           | 0.00756      |
------------------------------------------
------------------------------------------
| rollout/                |              |
|    ep_len_mean          | 458          |
|    ep_rew_mean          | 27           |
| time/                   |              |
|    fps                  | 2            |
|    iterations           | 173          |
|    time_elapsed         | 30722        |
|    total_timesteps      | 88576        |
| train/                  |              |
|    approx_kl            | 0.0042965133 |
|    clip_fraction        | 0.0187       |
|    clip_range           | 0.2          |
|    entropy_loss         | -0.513       |
|    explained_variance   | 0.946        |
|    learning_rate        | 0.0003       |
|    loss                 | -0.000251    |
|    n_updates            | 1720         |
|    policy_gradient_loss | -0.00249     |
|    value_loss           | 0.00363      |
------------------------------------------
------------------------------------------
| rollout/                |              |
|    ep_len_mean          | 458          |
|    ep_rew_mean          | 27           |
| time/                   |              |
|    fps                  | 2            |
|    iterations           | 174          |
|    time_elapsed         | 30807        |
|    total_timesteps      | 89088        |
| train/                  |              |
|    approx_kl            | 0.0040475065 |
|    clip_fraction        | 0.0252       |
|    clip_range           | 0.2          |
|    entropy_loss         | -0.507       |
|    explained_variance   | 0.936        |
|    learning_rate        | 0.0003       |
|    loss                 | 0.0155       |
|    n_updates            | 1730         |
|    policy_gradient_loss | -0.00502     |
|    value_loss           | 0.00379      |
------------------------------------------
------------------------------------------
| rollout/                |              |
|    ep_len_mean          | 458          |
|    ep_rew_mean          | 27           |
| time/                   |              |
|    fps                  | 2            |
|    iterations           | 175          |
|    time_elapsed         | 30889        |
|    total_timesteps      | 89600        |
| train/                  |              |
|    approx_kl            | 0.0030459543 |
|    clip_fraction        | 0.023        |
|    clip_range           | 0.2          |
|    entropy_loss         | -0.464       |
|    explained_variance   | 0.894        |
|    learning_rate        | 0.0003       |
|    loss                 | 0.00785      |
|    n_updates            | 1740         |
|    policy_gradient_loss | -0.00634     |
|    value_loss           | 0.00307      |
------------------------------------------
------------------------------------------
| rollout/                |              |
|    ep_len_mean          | 460          |
|    ep_rew_mean          | 27.2         |
| time/                   |              |
|    fps                  | 2            |
|    iterations           | 176          |
|    time_elapsed         | 30971        |
|    total_timesteps      | 90112        |
| train/                  |              |
|    approx_kl            | 0.0039466564 |
|    clip_fraction        | 0.051        |
|    clip_range           | 0.2          |
|    entropy_loss         | -0.497       |
|    explained_variance   | 0.91         |
|    learning_rate        | 0.0003       |
|    loss                 | 0.00608      |
|    n_updates            | 1750         |
|    policy_gradient_loss | -0.00726     |
|    value_loss           | 0.00385      |
------------------------------------------
------------------------------------------
| rollout/                |              |
|    ep_len_mean          | 460          |
|    ep_rew_mean          | 27.2         |
| time/                   |              |
|    fps                  | 2            |
|    iterations           | 177          |
|    time_elapsed         | 31056        |
|    total_timesteps      | 90624        |
| train/                  |              |
|    approx_kl            | 0.0055880593 |
|    clip_fraction        | 0.0578       |
|    clip_range           | 0.2          |
|    entropy_loss         | -0.584       |
|    explained_variance   | 0.954        |
|    learning_rate        | 0.0003       |
|    loss                 | -0.00569     |
|    n_updates            | 1760         |
|    policy_gradient_loss | -0.00409     |
|    value_loss           | 0.00242      |
------------------------------------------
------------------------------------------
| rollout/                |              |
|    ep_len_mean          | 460          |
|    ep_rew_mean          | 27.2         |
| time/                   |              |
|    fps                  | 2            |
|    iterations           | 178          |
|    time_elapsed         | 31139        |
|    total_timesteps      | 91136        |
| train/                  |              |
|    approx_kl            | 0.0035471995 |
|    clip_fraction        | 0.0109       |
|    clip_range           | 0.2          |
|    entropy_loss         | -0.596       |
|    explained_variance   | 0.957        |
|    learning_rate        | 0.0003       |
|    loss                 | -0.00109     |
|    n_updates            | 1770         |
|    policy_gradient_loss | -0.00497     |
|    value_loss           | 0.00257      |
------------------------------------------
----------------------------------------
| rollout/                |            |
|    ep_len_mean          | 461        |
|    ep_rew_mean          | 27.3       |
| time/                   |            |
|    fps                  | 2          |
|    iterations           | 179        |
|    time_elapsed         | 31226      |
|    total_timesteps      | 91648      |
| train/                  |            |
|    approx_kl            | 0.00610434 |
|    clip_fraction        | 0.0391     |
|    clip_range           | 0.2        |
|    entropy_loss         | -0.661     |
|    explained_variance   | 0.932      |
|    learning_rate        | 0.0003     |
|    loss                 | -0.00733   |
|    n_updates            | 1780       |
|    policy_gradient_loss | -0.00321   |
|    value_loss           | 0.00206    |
----------------------------------------
-----------------------------------------
| rollout/                |             |
|    ep_len_mean          | 461         |
|    ep_rew_mean          | 27.3        |
| time/                   |             |
|    fps                  | 2           |
|    iterations           | 180         |
|    time_elapsed         | 31311       |
|    total_timesteps      | 92160       |
| train/                  |             |
|    approx_kl            | 0.002355241 |
|    clip_fraction        | 0.00566     |
|    clip_range           | 0.2         |
|    entropy_loss         | -0.651      |
|    explained_variance   | 0.922       |
|    learning_rate        | 0.0003      |
|    loss                 | 0.00691     |
|    n_updates            | 1790        |
|    policy_gradient_loss | -0.00153    |
|    value_loss           | 0.00293     |
-----------------------------------------
-----------------------------------------
| rollout/                |             |
|    ep_len_mean          | 461         |
|    ep_rew_mean          | 27.5        |
| time/                   |             |
|    fps                  | 2           |
|    iterations           | 181         |
|    time_elapsed         | 31403       |
|    total_timesteps      | 92672       |
| train/                  |             |
|    approx_kl            | 0.013382329 |
|    clip_fraction        | 0.117       |
|    clip_range           | 0.2         |
|    entropy_loss         | -0.653      |
|    explained_variance   | 0.952       |
|    learning_rate        | 0.0003      |
|    loss                 | -0.0287     |
|    n_updates            | 1800        |
|    policy_gradient_loss | -0.0155     |
|    value_loss           | 0.00263     |
-----------------------------------------
-----------------------------------------
| rollout/                |             |
|    ep_len_mean          | 461         |
|    ep_rew_mean          | 27.5        |
| time/                   |             |
|    fps                  | 2           |
|    iterations           | 182         |
|    time_elapsed         | 31491       |
|    total_timesteps      | 93184       |
| train/                  |             |
|    approx_kl            | 0.005677378 |
|    clip_fraction        | 0.0449      |
|    clip_range           | 0.2         |
|    entropy_loss         | -0.596      |
|    explained_variance   | 0.937       |
|    learning_rate        | 0.0003      |
|    loss                 | -0.0132     |
|    n_updates            | 1810        |
|    policy_gradient_loss | -0.0063     |
|    value_loss           | 0.00247     |
-----------------------------------------
-----------------------------------------
| rollout/                |             |
|    ep_len_mean          | 461         |
|    ep_rew_mean          | 27.5        |
| time/                   |             |
|    fps                  | 2           |
|    iterations           | 183         |
|    time_elapsed         | 31577       |
|    total_timesteps      | 93696       |
| train/                  |             |
|    approx_kl            | 0.015010165 |
|    clip_fraction        | 0.125       |
|    clip_range           | 0.2         |
|    entropy_loss         | -0.704      |
|    explained_variance   | 0.918       |
|    learning_rate        | 0.0003      |
|    loss                 | -0.0155     |
|    n_updates            | 1820        |
|    policy_gradient_loss | -0.0123     |
|    value_loss           | 0.00415     |
-----------------------------------------
-----------------------------------------
| rollout/                |             |
|    ep_len_mean          | 461         |
|    ep_rew_mean          | 27.5        |
| time/                   |             |
|    fps                  | 2           |
|    iterations           | 184         |
|    time_elapsed         | 31664       |
|    total_timesteps      | 94208       |
| train/                  |             |
|    approx_kl            | 0.004653831 |
|    clip_fraction        | 0.0117      |
|    clip_range           | 0.2         |
|    entropy_loss         | -0.669      |
|    explained_variance   | 0.961       |
|    learning_rate        | 0.0003      |
|    loss                 | 0.0109      |
|    n_updates            | 1830        |
|    policy_gradient_loss | -0.00153    |
|    value_loss           | 0.00205     |
-----------------------------------------
------------------------------------------
| rollout/                |              |
|    ep_len_mean          | 461          |
|    ep_rew_mean          | 27.5         |
| time/                   |              |
|    fps                  | 2            |
|    iterations           | 185          |
|    time_elapsed         | 31750        |
|    total_timesteps      | 94720        |
| train/                  |              |
|    approx_kl            | 0.0016329333 |
|    clip_fraction        | 0.00605      |
|    clip_range           | 0.2          |
|    entropy_loss         | -0.626       |
|    explained_variance   | 0.971        |
|    learning_rate        | 0.0003       |
|    loss                 | -0.0076      |
|    n_updates            | 1840         |
|    policy_gradient_loss | -0.00381     |
|    value_loss           | 0.00165      |
------------------------------------------
------------------------------------------
| rollout/                |              |
|    ep_len_mean          | 459          |
|    ep_rew_mean          | 27.2         |
| time/                   |              |
|    fps                  | 2            |
|    iterations           | 186          |
|    time_elapsed         | 31837        |
|    total_timesteps      | 95232        |
| train/                  |              |
|    approx_kl            | 0.0034485133 |
|    clip_fraction        | 0.0275       |
|    clip_range           | 0.2          |
|    entropy_loss         | -0.583       |
|    explained_variance   | 0.878        |
|    learning_rate        | 0.0003       |
|    loss                 | 0.0141       |
|    n_updates            | 1850         |
|    policy_gradient_loss | -0.00657     |
|    value_loss           | 0.00541      |
------------------------------------------
-----------------------------------------
| rollout/                |             |
|    ep_len_mean          | 455         |
|    ep_rew_mean          | 26.7        |
| time/                   |             |
|    fps                  | 2           |
|    iterations           | 187         |
|    time_elapsed         | 31925       |
|    total_timesteps      | 95744       |
| train/                  |             |
|    approx_kl            | 0.010338167 |
|    clip_fraction        | 0.0887      |
|    clip_range           | 0.2         |
|    entropy_loss         | -0.624      |
|    explained_variance   | -0.0525     |
|    learning_rate        | 0.0003      |
|    loss                 | 1.09        |
|    n_updates            | 1860        |
|    policy_gradient_loss | -0.00364    |
|    value_loss           | 2.4         |
-----------------------------------------
-----------------------------------------
| rollout/                |             |
|    ep_len_mean          | 455         |
|    ep_rew_mean          | 26.8        |
| time/                   |             |
|    fps                  | 3           |
|    iterations           | 188         |
|    time_elapsed         | 32008       |
|    total_timesteps      | 96256       |
| train/                  |             |
|    approx_kl            | 0.008833058 |
|    clip_fraction        | 0.0955      |
|    clip_range           | 0.2         |
|    entropy_loss         | -0.65       |
|    explained_variance   | 0.0978      |
|    learning_rate        | 0.0003      |
|    loss                 | 0.343       |
|    n_updates            | 1870        |
|    policy_gradient_loss | 0.00694     |
|    value_loss           | 2.92        |
-----------------------------------------
-----------------------------------------
| rollout/                |             |
|    ep_len_mean          | 454         |
|    ep_rew_mean          | 26.6        |
| time/                   |             |
|    fps                  | 3           |
|    iterations           | 189         |
|    time_elapsed         | 32091       |
|    total_timesteps      | 96768       |
| train/                  |             |
|    approx_kl            | 0.015635533 |
|    clip_fraction        | 0.234       |
|    clip_range           | 0.2         |
|    entropy_loss         | -0.696      |
|    explained_variance   | -0.793      |
|    learning_rate        | 0.0003      |
|    loss                 | 0.0824      |
|    n_updates            | 1880        |
|    policy_gradient_loss | 0.00396     |
|    value_loss           | 0.929       |
-----------------------------------------
------------------------------------------
| rollout/                |              |
|    ep_len_mean          | 454          |
|    ep_rew_mean          | 26.6         |
| time/                   |              |
|    fps                  | 3            |
|    iterations           | 190          |
|    time_elapsed         | 32176        |
|    total_timesteps      | 97280        |
| train/                  |              |
|    approx_kl            | 0.0035433979 |
|    clip_fraction        | 0.0105       |
|    clip_range           | 0.2          |
|    entropy_loss         | -0.617       |
|    explained_variance   | -0.176       |
|    learning_rate        | 0.0003       |
|    loss                 | 0.981        |
|    n_updates            | 1890         |
|    policy_gradient_loss | 0.000631     |
|    value_loss           | 3.33         |
------------------------------------------
------------------------------------------
| rollout/                |              |
|    ep_len_mean          | 454          |
|    ep_rew_mean          | 26.6         |
| time/                   |              |
|    fps                  | 3            |
|    iterations           | 191          |
|    time_elapsed         | 32260        |
|    total_timesteps      | 97792        |
| train/                  |              |
|    approx_kl            | 0.0021784035 |
|    clip_fraction        | 0.00547      |
|    clip_range           | 0.2          |
|    entropy_loss         | -0.682       |
|    explained_variance   | 0.234        |
|    learning_rate        | 0.0003       |
|    loss                 | 0.0712       |
|    n_updates            | 1900         |
|    policy_gradient_loss | -0.000309    |
|    value_loss           | 0.182        |
------------------------------------------
-----------------------------------------
| rollout/                |             |
|    ep_len_mean          | 454         |
|    ep_rew_mean          | 26.6        |
| time/                   |             |
|    fps                  | 3           |
|    iterations           | 192         |
|    time_elapsed         | 32346       |
|    total_timesteps      | 98304       |
| train/                  |             |
|    approx_kl            | 0.009470209 |
|    clip_fraction        | 0.11        |
|    clip_range           | 0.2         |
|    entropy_loss         | -0.672      |
|    explained_variance   | 0.577       |
|    learning_rate        | 0.0003      |
|    loss                 | 0.0287      |
|    n_updates            | 1910        |
|    policy_gradient_loss | -0.00674    |
|    value_loss           | 0.0938      |
-----------------------------------------
------------------------------------------
| rollout/                |              |
|    ep_len_mean          | 454          |
|    ep_rew_mean          | 26.7         |
| time/                   |              |
|    fps                  | 3            |
|    iterations           | 193          |
|    time_elapsed         | 32431        |
|    total_timesteps      | 98816        |
| train/                  |              |
|    approx_kl            | 0.0071298806 |
|    clip_fraction        | 0.0414       |
|    clip_range           | 0.2          |
|    entropy_loss         | -0.572       |
|    explained_variance   | -0.034       |
|    learning_rate        | 0.0003       |
|    loss                 | 0.0506       |
|    n_updates            | 1920         |
|    policy_gradient_loss | -0.00409     |
|    value_loss           | 0.0921       |
------------------------------------------
-----------------------------------------
| rollout/                |             |
|    ep_len_mean          | 454         |
|    ep_rew_mean          | 26.7        |
| time/                   |             |
|    fps                  | 3           |
|    iterations           | 194         |
|    time_elapsed         | 32516       |
|    total_timesteps      | 99328       |
| train/                  |             |
|    approx_kl            | 0.003038952 |
|    clip_fraction        | 0.0201      |
|    clip_range           | 0.2         |
|    entropy_loss         | -0.561      |
|    explained_variance   | 0.306       |
|    learning_rate        | 0.0003      |
|    loss                 | 0.0011      |
|    n_updates            | 1930        |
|    policy_gradient_loss | -0.00274    |
|    value_loss           | 0.0383      |
-----------------------------------------
-----------------------------------------
| rollout/                |             |
|    ep_len_mean          | 454         |
|    ep_rew_mean          | 26.7        |
| time/                   |             |
|    fps                  | 3           |
|    iterations           | 195         |
|    time_elapsed         | 32602       |
|    total_timesteps      | 99840       |
| train/                  |             |
|    approx_kl            | 0.006511598 |
|    clip_fraction        | 0.024       |
|    clip_range           | 0.2         |
|    entropy_loss         | -0.528      |
|    explained_variance   | 0.662       |
|    learning_rate        | 0.0003      |
|    loss                 | -0.0166     |
|    n_updates            | 1940        |
|    policy_gradient_loss | -0.00901    |
|    value_loss           | 0.0155      |
-----------------------------------------
------------------------------------------
| rollout/                |              |
|    ep_len_mean          | 454          |
|    ep_rew_mean          | 26.7         |
| time/                   |              |
|    fps                  | 3            |
|    iterations           | 196          |
|    time_elapsed         | 32688        |
|    total_timesteps      | 100352       |
| train/                  |              |
|    approx_kl            | 0.0051165433 |
|    clip_fraction        | 0.0371       |
|    clip_range           | 0.2          |
|    entropy_loss         | -0.549       |
|    explained_variance   | 0.4          |
|    learning_rate        | 0.0003       |
|    loss                 | 0.0147       |
|    n_updates            | 1950         |
|    policy_gradient_loss | -0.00577     |
|    value_loss           | 0.0434       |
------------------------------------------
------------------------------------------
| rollout/                |              |
|    ep_len_mean          | 454          |
|    ep_rew_mean          | 26.7         |
| time/                   |              |
|    fps                  | 3            |
|    iterations           | 197          |
|    time_elapsed         | 32777        |
|    total_timesteps      | 100864       |
| train/                  |              |
|    approx_kl            | 0.0032419553 |
|    clip_fraction        | 0.000977     |
|    clip_range           | 0.2          |
|    entropy_loss         | -0.628       |
|    explained_variance   | 0.738        |
|    learning_rate        | 0.0003       |
|    loss                 | -0.00858     |
|    n_updates            | 1960         |
|    policy_gradient_loss | -0.00136     |
|    value_loss           | 0.0121       |
------------------------------------------
------------------------------------------
| rollout/                |              |
|    ep_len_mean          | 457          |
|    ep_rew_mean          | 26.9         |
| time/                   |              |
|    fps                  | 3            |
|    iterations           | 198          |
|    time_elapsed         | 32865        |
|    total_timesteps      | 101376       |
| train/                  |              |
|    approx_kl            | 0.0031210503 |
|    clip_fraction        | 0.0205       |
|    clip_range           | 0.2          |
|    entropy_loss         | -0.548       |
|    explained_variance   | 0.598        |
|    learning_rate        | 0.0003       |
|    loss                 | -0.00713     |
|    n_updates            | 1970         |
|    policy_gradient_loss | -0.00309     |
|    value_loss           | 0.0118       |
------------------------------------------
------------------------------------------
| rollout/                |              |
|    ep_len_mean          | 460          |
|    ep_rew_mean          | 27.2         |
| time/                   |              |
|    fps                  | 3            |
|    iterations           | 199          |
|    time_elapsed         | 32951        |
|    total_timesteps      | 101888       |
| train/                  |              |
|    approx_kl            | 0.0027051792 |
|    clip_fraction        | 0.0187       |
|    clip_range           | 0.2          |
|    entropy_loss         | -0.52        |
|    explained_variance   | 0.492        |
|    learning_rate        | 0.0003       |
|    loss                 | 0.0025       |
|    n_updates            | 1980         |
|    policy_gradient_loss | -0.00426     |
|    value_loss           | 0.016        |
------------------------------------------
------------------------------------------
| rollout/                |              |
|    ep_len_mean          | 460          |
|    ep_rew_mean          | 27.3         |
| time/                   |              |
|    fps                  | 3            |
|    iterations           | 200          |
|    time_elapsed         | 33037        |
|    total_timesteps      | 102400       |
| train/                  |              |
|    approx_kl            | 0.0022762595 |
|    clip_fraction        | 0.00762      |
|    clip_range           | 0.2          |
|    entropy_loss         | -0.499       |
|    explained_variance   | 0.51         |
|    learning_rate        | 0.0003       |
|    loss                 | 0.000205     |
|    n_updates            | 1990         |
|    policy_gradient_loss | -0.0018      |
|    value_loss           | 0.0122       |
------------------------------------------
-----------------------------------------
| rollout/                |             |
|    ep_len_mean          | 463         |
|    ep_rew_mean          | 27.5        |
| time/                   |             |
|    fps                  | 3           |
|    iterations           | 201         |
|    time_elapsed         | 33121       |
|    total_timesteps      | 102912      |
| train/                  |             |
|    approx_kl            | 0.011520743 |
|    clip_fraction        | 0.0668      |
|    clip_range           | 0.2         |
|    entropy_loss         | -0.494      |
|    explained_variance   | 0.924       |
|    learning_rate        | 0.0003      |
|    loss                 | 0.000943    |
|    n_updates            | 2000        |
|    policy_gradient_loss | -0.00648    |
|    value_loss           | 0.00412     |
-----------------------------------------
------------------------------------------
| rollout/                |              |
|    ep_len_mean          | 466          |
|    ep_rew_mean          | 27.9         |
| time/                   |              |
|    fps                  | 3            |
|    iterations           | 202          |
|    time_elapsed         | 33206        |
|    total_timesteps      | 103424       |
| train/                  |              |
|    approx_kl            | 0.0010734511 |
|    clip_fraction        | 0.0131       |
|    clip_range           | 0.2          |
|    entropy_loss         | -0.513       |
|    explained_variance   | 0.605        |
|    learning_rate        | 0.0003       |
|    loss                 | -0.000829    |
|    n_updates            | 2010         |
|    policy_gradient_loss | -0.00486     |
|    value_loss           | 0.00859      |
------------------------------------------
------------------------------------------
| rollout/                |              |
|    ep_len_mean          | 471          |
|    ep_rew_mean          | 28.4         |
| time/                   |              |
|    fps                  | 3            |
|    iterations           | 203          |
|    time_elapsed         | 33291        |
|    total_timesteps      | 103936       |
| train/                  |              |
|    approx_kl            | 0.0053458596 |
|    clip_fraction        | 0.0709       |
|    clip_range           | 0.2          |
|    entropy_loss         | -0.57        |
|    explained_variance   | 0.0875       |
|    learning_rate        | 0.0003       |
|    loss                 | -0.000547    |
|    n_updates            | 2020         |
|    policy_gradient_loss | -0.00824     |
|    value_loss           | 0.022        |
------------------------------------------
------------------------------------------
| rollout/                |              |
|    ep_len_mean          | 475          |
|    ep_rew_mean          | 28.7         |
| time/                   |              |
|    fps                  | 3            |
|    iterations           | 204          |
|    time_elapsed         | 33374        |
|    total_timesteps      | 104448       |
| train/                  |              |
|    approx_kl            | 0.0026225953 |
|    clip_fraction        | 0.0135       |
|    clip_range           | 0.2          |
|    entropy_loss         | -0.565       |
|    explained_variance   | 0.834        |
|    learning_rate        | 0.0003       |
|    loss                 | -0.0106      |
|    n_updates            | 2030         |
|    policy_gradient_loss | -0.00293     |
|    value_loss           | 0.00747      |
------------------------------------------
----------------------------------------
| rollout/                |            |
|    ep_len_mean          | 475        |
|    ep_rew_mean          | 28.7       |
| time/                   |            |
|    fps                  | 3          |
|    iterations           | 205        |
|    time_elapsed         | 33456      |
|    total_timesteps      | 104960     |
| train/                  |            |
|    approx_kl            | 0.00408452 |
|    clip_fraction        | 0.0527     |
|    clip_range           | 0.2        |
|    entropy_loss         | -0.597     |
|    explained_variance   | 0.874      |
|    learning_rate        | 0.0003     |
|    loss                 | -0.032     |
|    n_updates            | 2040       |
|    policy_gradient_loss | -0.015     |
|    value_loss           | 0.00342    |
----------------------------------------
------------------------------------------
| rollout/                |              |
|    ep_len_mean          | 475          |
|    ep_rew_mean          | 28.7         |
| time/                   |              |
|    fps                  | 3            |
|    iterations           | 206          |
|    time_elapsed         | 33540        |
|    total_timesteps      | 105472       |
| train/                  |              |
|    approx_kl            | 0.0028316726 |
|    clip_fraction        | 0.0166       |
|    clip_range           | 0.2          |
|    entropy_loss         | -0.635       |
|    explained_variance   | 0.829        |
|    learning_rate        | 0.0003       |
|    loss                 | -0.000833    |
|    n_updates            | 2050         |
|    policy_gradient_loss | -0.00286     |
|    value_loss           | 0.00613      |
------------------------------------------
-----------------------------------------
| rollout/                |             |
|    ep_len_mean          | 475         |
|    ep_rew_mean          | 28.7        |
| time/                   |             |
|    fps                  | 3           |
|    iterations           | 207         |
|    time_elapsed         | 33624       |
|    total_timesteps      | 105984      |
| train/                  |             |
|    approx_kl            | 0.005925534 |
|    clip_fraction        | 0.0549      |
|    clip_range           | 0.2         |
|    entropy_loss         | -0.705      |
|    explained_variance   | 0.856       |
|    learning_rate        | 0.0003      |
|    loss                 | -0.0148     |
|    n_updates            | 2060        |
|    policy_gradient_loss | -0.0107     |
|    value_loss           | 0.00409     |
-----------------------------------------
------------------------------------------
| rollout/                |              |
|    ep_len_mean          | 475          |
|    ep_rew_mean          | 28.7         |
| time/                   |              |
|    fps                  | 3            |
|    iterations           | 208          |
|    time_elapsed         | 33709        |
|    total_timesteps      | 106496       |
| train/                  |              |
|    approx_kl            | 0.0027680127 |
|    clip_fraction        | 0.0508       |
|    clip_range           | 0.2          |
|    entropy_loss         | -0.659       |
|    explained_variance   | 0.917        |
|    learning_rate        | 0.0003       |
|    loss                 | -0.0027      |
|    n_updates            | 2070         |
|    policy_gradient_loss | -0.00654     |
|    value_loss           | 0.0031       |
------------------------------------------
------------------------------------------
| rollout/                |              |
|    ep_len_mean          | 475          |
|    ep_rew_mean          | 28.7         |
| time/                   |              |
|    fps                  | 3            |
|    iterations           | 209          |
|    time_elapsed         | 33795        |
|    total_timesteps      | 107008       |
| train/                  |              |
|    approx_kl            | 0.0061453655 |
|    clip_fraction        | 0.0852       |
|    clip_range           | 0.2          |
|    entropy_loss         | -0.696       |
|    explained_variance   | 0.822        |
|    learning_rate        | 0.0003       |
|    loss                 | -0.0187      |
|    n_updates            | 2080         |
|    policy_gradient_loss | -0.008       |
|    value_loss           | 0.00612      |
------------------------------------------
------------------------------------------
| rollout/                |              |
|    ep_len_mean          | 475          |
|    ep_rew_mean          | 28.7         |
| time/                   |              |
|    fps                  | 3            |
|    iterations           | 210          |
|    time_elapsed         | 33883        |
|    total_timesteps      | 107520       |
| train/                  |              |
|    approx_kl            | 0.0042911656 |
|    clip_fraction        | 0.0461       |
|    clip_range           | 0.2          |
|    entropy_loss         | -0.643       |
|    explained_variance   | 0.891        |
|    learning_rate        | 0.0003       |
|    loss                 | -0.00765     |
|    n_updates            | 2090         |
|    policy_gradient_loss | -0.00402     |
|    value_loss           | 0.00476      |
------------------------------------------
-----------------------------------------
| rollout/                |             |
|    ep_len_mean          | 478         |
|    ep_rew_mean          | 29          |
| time/                   |             |
|    fps                  | 3           |
|    iterations           | 211         |
|    time_elapsed         | 33969       |
|    total_timesteps      | 108032      |
| train/                  |             |
|    approx_kl            | 0.005920033 |
|    clip_fraction        | 0.0547      |
|    clip_range           | 0.2         |
|    entropy_loss         | -0.681      |
|    explained_variance   | 0.827       |
|    learning_rate        | 0.0003      |
|    loss                 | -0.0189     |
|    n_updates            | 2100        |
|    policy_gradient_loss | -0.00723    |
|    value_loss           | 0.00847     |
-----------------------------------------
------------------------------------------
| rollout/                |              |
|    ep_len_mean          | 478          |
|    ep_rew_mean          | 29           |
| time/                   |              |
|    fps                  | 3            |
|    iterations           | 212          |
|    time_elapsed         | 34058        |
|    total_timesteps      | 108544       |
| train/                  |              |
|    approx_kl            | 0.0071756057 |
|    clip_fraction        | 0.0523       |
|    clip_range           | 0.2          |
|    entropy_loss         | -0.609       |
|    explained_variance   | 0.599        |
|    learning_rate        | 0.0003       |
|    loss                 | -0.0166      |
|    n_updates            | 2110         |
|    policy_gradient_loss | -0.00742     |
|    value_loss           | 0.0138       |
------------------------------------------
------------------------------------------
| rollout/                |              |
|    ep_len_mean          | 478          |
|    ep_rew_mean          | 29           |
| time/                   |              |
|    fps                  | 3            |
|    iterations           | 213          |
|    time_elapsed         | 34146        |
|    total_timesteps      | 109056       |
| train/                  |              |
|    approx_kl            | 0.0037450471 |
|    clip_fraction        | 0.0424       |
|    clip_range           | 0.2          |
|    entropy_loss         | -0.648       |
|    explained_variance   | 0.83         |
|    learning_rate        | 0.0003       |
|    loss                 | -0.00491     |
|    n_updates            | 2120         |
|    policy_gradient_loss | -0.00297     |
|    value_loss           | 0.0046       |
------------------------------------------
-----------------------------------------
| rollout/                |             |
|    ep_len_mean          | 478         |
|    ep_rew_mean          | 29          |
| time/                   |             |
|    fps                  | 3           |
|    iterations           | 214         |
|    time_elapsed         | 34235       |
|    total_timesteps      | 109568      |
| train/                  |             |
|    approx_kl            | 0.001340058 |
|    clip_fraction        | 0.00293     |
|    clip_range           | 0.2         |
|    entropy_loss         | -0.645      |
|    explained_variance   | 0.953       |
|    learning_rate        | 0.0003      |
|    loss                 | 0.00983     |
|    n_updates            | 2130        |
|    policy_gradient_loss | -0.00219    |
|    value_loss           | 0.00195     |
-----------------------------------------
-----------------------------------------
| rollout/                |             |
|    ep_len_mean          | 478         |
|    ep_rew_mean          | 29          |
| time/                   |             |
|    fps                  | 3           |
|    iterations           | 215         |
|    time_elapsed         | 34320       |
|    total_timesteps      | 110080      |
| train/                  |             |
|    approx_kl            | 0.005222922 |
|    clip_fraction        | 0.0771      |
|    clip_range           | 0.2         |
|    entropy_loss         | -0.669      |
|    explained_variance   | 0.935       |
|    learning_rate        | 0.0003      |
|    loss                 | 0.00688     |
|    n_updates            | 2140        |
|    policy_gradient_loss | -0.00888    |
|    value_loss           | 0.0035      |
-----------------------------------------
-----------------------------------------
| rollout/                |             |
|    ep_len_mean          | 478         |
|    ep_rew_mean          | 29          |
| time/                   |             |
|    fps                  | 3           |
|    iterations           | 216         |
|    time_elapsed         | 34409       |
|    total_timesteps      | 110592      |
| train/                  |             |
|    approx_kl            | 0.006904402 |
|    clip_fraction        | 0.0416      |
|    clip_range           | 0.2         |
|    entropy_loss         | -0.729      |
|    explained_variance   | 0.893       |
|    learning_rate        | 0.0003      |
|    loss                 | -0.0124     |
|    n_updates            | 2150        |
|    policy_gradient_loss | -0.00517    |
|    value_loss           | 0.00356     |
-----------------------------------------
-----------------------------------------
| rollout/                |             |
|    ep_len_mean          | 478         |
|    ep_rew_mean          | 29          |
| time/                   |             |
|    fps                  | 3           |
|    iterations           | 217         |
|    time_elapsed         | 34494       |
|    total_timesteps      | 111104      |
| train/                  |             |
|    approx_kl            | 0.010095873 |
|    clip_fraction        | 0.023       |
|    clip_range           | 0.2         |
|    entropy_loss         | -0.768      |
|    explained_variance   | 0.882       |
|    learning_rate        | 0.0003      |
|    loss                 | -0.00546    |
|    n_updates            | 2160        |
|    policy_gradient_loss | -0.005      |
|    value_loss           | 0.00533     |
-----------------------------------------
-----------------------------------------
| rollout/                |             |
|    ep_len_mean          | 478         |
|    ep_rew_mean          | 29          |
| time/                   |             |
|    fps                  | 3           |
|    iterations           | 218         |
|    time_elapsed         | 34582       |
|    total_timesteps      | 111616      |
| train/                  |             |
|    approx_kl            | 0.004932143 |
|    clip_fraction        | 0.0377      |
|    clip_range           | 0.2         |
|    entropy_loss         | -0.639      |
|    explained_variance   | 0.903       |
|    learning_rate        | 0.0003      |
|    loss                 | 0.0081      |
|    n_updates            | 2170        |
|    policy_gradient_loss | -0.00629    |
|    value_loss           | 0.00625     |
-----------------------------------------
-----------------------------------------
| rollout/                |             |
|    ep_len_mean          | 482         |
|    ep_rew_mean          | 29.4        |
| time/                   |             |
|    fps                  | 3           |
|    iterations           | 219         |
|    time_elapsed         | 34667       |
|    total_timesteps      | 112128      |
| train/                  |             |
|    approx_kl            | 0.033413008 |
|    clip_fraction        | 0.181       |
|    clip_range           | 0.2         |
|    entropy_loss         | -0.587      |
|    explained_variance   | 0.845       |
|    learning_rate        | 0.0003      |
|    loss                 | 0.0101      |
|    n_updates            | 2180        |
|    policy_gradient_loss | -0.0175     |
|    value_loss           | 0.00497     |
-----------------------------------------
------------------------------------------
| rollout/                |              |
|    ep_len_mean          | 482          |
|    ep_rew_mean          | 29.4         |
| time/                   |              |
|    fps                  | 3            |
|    iterations           | 220          |
|    time_elapsed         | 34754        |
|    total_timesteps      | 112640       |
| train/                  |              |
|    approx_kl            | 0.0033860006 |
|    clip_fraction        | 0.018        |
|    clip_range           | 0.2          |
|    entropy_loss         | -0.633       |
|    explained_variance   | 0.893        |
|    learning_rate        | 0.0003       |
|    loss                 | -0.0106      |
|    n_updates            | 2190         |
|    policy_gradient_loss | -0.00511     |
|    value_loss           | 0.00551      |
------------------------------------------
------------------------------------------
| rollout/                |              |
|    ep_len_mean          | 482          |
|    ep_rew_mean          | 29.4         |
| time/                   |              |
|    fps                  | 3            |
|    iterations           | 221          |
|    time_elapsed         | 34843        |
|    total_timesteps      | 113152       |
| train/                  |              |
|    approx_kl            | 0.0023475394 |
|    clip_fraction        | 0.0105       |
|    clip_range           | 0.2          |
|    entropy_loss         | -0.644       |
|    explained_variance   | 0.904        |
|    learning_rate        | 0.0003       |
|    loss                 | -0.0111      |
|    n_updates            | 2200         |
|    policy_gradient_loss | -0.00216     |
|    value_loss           | 0.00325      |
------------------------------------------
-----------------------------------------
| rollout/                |             |
|    ep_len_mean          | 482         |
|    ep_rew_mean          | 29.5        |
| time/                   |             |
|    fps                  | 3           |
|    iterations           | 222         |
|    time_elapsed         | 34930       |
|    total_timesteps      | 113664      |
| train/                  |             |
|    approx_kl            | 0.005688835 |
|    clip_fraction        | 0.0625      |
|    clip_range           | 0.2         |
|    entropy_loss         | -0.722      |
|    explained_variance   | 0.871       |
|    learning_rate        | 0.0003      |
|    loss                 | -0.019      |
|    n_updates            | 2210        |
|    policy_gradient_loss | -0.0143     |
|    value_loss           | 0.00541     |
-----------------------------------------
-----------------------------------------
| rollout/                |             |
|    ep_len_mean          | 482         |
|    ep_rew_mean          | 29.5        |
| time/                   |             |
|    fps                  | 3           |
|    iterations           | 223         |
|    time_elapsed         | 35018       |
|    total_timesteps      | 114176      |
| train/                  |             |
|    approx_kl            | 0.004262038 |
|    clip_fraction        | 0.0043      |
|    clip_range           | 0.2         |
|    entropy_loss         | -0.718      |
|    explained_variance   | 0.838       |
|    learning_rate        | 0.0003      |
|    loss                 | 0.000882    |
|    n_updates            | 2220        |
|    policy_gradient_loss | -0.00403    |
|    value_loss           | 0.00358     |
-----------------------------------------
----------------------------------------
| rollout/                |            |
|    ep_len_mean          | 482        |
|    ep_rew_mean          | 29.5       |
| time/                   |            |
|    fps                  | 3          |
|    iterations           | 224        |
|    time_elapsed         | 35103      |
|    total_timesteps      | 114688     |
| train/                  |            |
|    approx_kl            | 0.00402287 |
|    clip_fraction        | 0.0203     |
|    clip_range           | 0.2        |
|    entropy_loss         | -0.714     |
|    explained_variance   | 0.962      |
|    learning_rate        | 0.0003     |
|    loss                 | -0.0251    |
|    n_updates            | 2230       |
|    policy_gradient_loss | -0.00493   |
|    value_loss           | 0.0017     |
----------------------------------------
-----------------------------------------
| rollout/                |             |
|    ep_len_mean          | 482         |
|    ep_rew_mean          | 29.5        |
| time/                   |             |
|    fps                  | 3           |
|    iterations           | 225         |
|    time_elapsed         | 35190       |
|    total_timesteps      | 115200      |
| train/                  |             |
|    approx_kl            | 0.012983814 |
|    clip_fraction        | 0.0861      |
|    clip_range           | 0.2         |
|    entropy_loss         | -0.757      |
|    explained_variance   | 0.821       |
|    learning_rate        | 0.0003      |
|    loss                 | 0.000426    |
|    n_updates            | 2240        |
|    policy_gradient_loss | -0.0162     |
|    value_loss           | 0.00414     |
-----------------------------------------
------------------------------------------
| rollout/                |              |
|    ep_len_mean          | 484          |
|    ep_rew_mean          | 29.8         |
| time/                   |              |
|    fps                  | 3            |
|    iterations           | 226          |
|    time_elapsed         | 35277        |
|    total_timesteps      | 115712       |
| train/                  |              |
|    approx_kl            | 0.0036324873 |
|    clip_fraction        | 0.0215       |
|    clip_range           | 0.2          |
|    entropy_loss         | -0.766       |
|    explained_variance   | 0.954        |
|    learning_rate        | 0.0003       |
|    loss                 | -0.00827     |
|    n_updates            | 2250         |
|    policy_gradient_loss | -0.00484     |
|    value_loss           | 0.00205      |
------------------------------------------
------------------------------------------
| rollout/                |              |
|    ep_len_mean          | 484          |
|    ep_rew_mean          | 29.8         |
| time/                   |              |
|    fps                  | 3            |
|    iterations           | 227          |
|    time_elapsed         | 35363        |
|    total_timesteps      | 116224       |
| train/                  |              |
|    approx_kl            | 0.0040067295 |
|    clip_fraction        | 0.0104       |
|    clip_range           | 0.2          |
|    entropy_loss         | -0.775       |
|    explained_variance   | 0.756        |
|    learning_rate        | 0.0003       |
|    loss                 | 0.00515      |
|    n_updates            | 2260         |
|    policy_gradient_loss | 0.000619     |
|    value_loss           | 0.00806      |
------------------------------------------
------------------------------------------
| rollout/                |              |
|    ep_len_mean          | 484          |
|    ep_rew_mean          | 29.8         |
| time/                   |              |
|    fps                  | 3            |
|    iterations           | 228          |
|    time_elapsed         | 35449        |
|    total_timesteps      | 116736       |
| train/                  |              |
|    approx_kl            | 0.0015258923 |
|    clip_fraction        | 0.00684      |
|    clip_range           | 0.2          |
|    entropy_loss         | -0.767       |
|    explained_variance   | 0.882        |
|    learning_rate        | 0.0003       |
|    loss                 | -0.0133      |
|    n_updates            | 2270         |
|    policy_gradient_loss | -0.00379     |
|    value_loss           | 0.00384      |
------------------------------------------
-----------------------------------------
| rollout/                |             |
|    ep_len_mean          | 484         |
|    ep_rew_mean          | 29.8        |
| time/                   |             |
|    fps                  | 3           |
|    iterations           | 229         |
|    time_elapsed         | 35536       |
|    total_timesteps      | 117248      |
| train/                  |             |
|    approx_kl            | 0.005223862 |
|    clip_fraction        | 0.025       |
|    clip_range           | 0.2         |
|    entropy_loss         | -0.758      |
|    explained_variance   | 0.959       |
|    learning_rate        | 0.0003      |
|    loss                 | -0.0226     |
|    n_updates            | 2280        |
|    policy_gradient_loss | -0.00577    |
|    value_loss           | 0.00255     |
-----------------------------------------
------------------------------------------
| rollout/                |              |
|    ep_len_mean          | 487          |
|    ep_rew_mean          | 30.1         |
| time/                   |              |
|    fps                  | 3            |
|    iterations           | 230          |
|    time_elapsed         | 35625        |
|    total_timesteps      | 117760       |
| train/                  |              |
|    approx_kl            | 0.0034143997 |
|    clip_fraction        | 0.0227       |
|    clip_range           | 0.2          |
|    entropy_loss         | -0.771       |
|    explained_variance   | 0.96         |
|    learning_rate        | 0.0003       |
|    loss                 | -0.00468     |
|    n_updates            | 2290         |
|    policy_gradient_loss | -0.00272     |
|    value_loss           | 0.0017       |
------------------------------------------
-----------------------------------------
| rollout/                |             |
|    ep_len_mean          | 487         |
|    ep_rew_mean          | 30.1        |
| time/                   |             |
|    fps                  | 3           |
|    iterations           | 231         |
|    time_elapsed         | 35713       |
|    total_timesteps      | 118272      |
| train/                  |             |
|    approx_kl            | 0.006107675 |
|    clip_fraction        | 0.0297      |
|    clip_range           | 0.2         |
|    entropy_loss         | -0.754      |
|    explained_variance   | 0.938       |
|    learning_rate        | 0.0003      |
|    loss                 | 0.0028      |
|    n_updates            | 2300        |
|    policy_gradient_loss | -0.00434    |
|    value_loss           | 0.00346     |
-----------------------------------------
------------------------------------------
| rollout/                |              |
|    ep_len_mean          | 487          |
|    ep_rew_mean          | 30.1         |
| time/                   |              |
|    fps                  | 3            |
|    iterations           | 232          |
|    time_elapsed         | 35800        |
|    total_timesteps      | 118784       |
| train/                  |              |
|    approx_kl            | 0.0063065295 |
|    clip_fraction        | 0.0596       |
|    clip_range           | 0.2          |
|    entropy_loss         | -0.729       |
|    explained_variance   | 0.951        |
|    learning_rate        | 0.0003       |
|    loss                 | 0.000983     |
|    n_updates            | 2310         |
|    policy_gradient_loss | -0.0081      |
|    value_loss           | 0.0028       |
------------------------------------------
------------------------------------------
| rollout/                |              |
|    ep_len_mean          | 487          |
|    ep_rew_mean          | 30.1         |
| time/                   |              |
|    fps                  | 3            |
|    iterations           | 233          |
|    time_elapsed         | 35887        |
|    total_timesteps      | 119296       |
| train/                  |              |
|    approx_kl            | 0.0055588563 |
|    clip_fraction        | 0.0508       |
|    clip_range           | 0.2          |
|    entropy_loss         | -0.725       |
|    explained_variance   | 0.922        |
|    learning_rate        | 0.0003       |
|    loss                 | -0.0338      |
|    n_updates            | 2320         |
|    policy_gradient_loss | -0.00878     |
|    value_loss           | 0.00303      |
------------------------------------------
------------------------------------------
| rollout/                |              |
|    ep_len_mean          | 487          |
|    ep_rew_mean          | 30.1         |
| time/                   |              |
|    fps                  | 3            |
|    iterations           | 234          |
|    time_elapsed         | 35973        |
|    total_timesteps      | 119808       |
| train/                  |              |
|    approx_kl            | 0.0076160682 |
|    clip_fraction        | 0.0428       |
|    clip_range           | 0.2          |
|    entropy_loss         | -0.798       |
|    explained_variance   | 0.81         |
|    learning_rate        | 0.0003       |
|    loss                 | -0.012       |
|    n_updates            | 2330         |
|    policy_gradient_loss | -0.00694     |
|    value_loss           | 0.00635      |
------------------------------------------
-----------------------------------------
| rollout/                |             |
|    ep_len_mean          | 484         |
|    ep_rew_mean          | 29.8        |
| time/                   |             |
|    fps                  | 3           |
|    iterations           | 235         |
|    time_elapsed         | 36058       |
|    total_timesteps      | 120320      |
| train/                  |             |
|    approx_kl            | 0.007218091 |
|    clip_fraction        | 0.0568      |
|    clip_range           | 0.2         |
|    entropy_loss         | -0.796      |
|    explained_variance   | 0.941       |
|    learning_rate        | 0.0003      |
|    loss                 | -0.0169     |
|    n_updates            | 2340        |
|    policy_gradient_loss | -0.00891    |
|    value_loss           | 0.00252     |
-----------------------------------------
-----------------------------------------
| rollout/                |             |
|    ep_len_mean          | 484         |
|    ep_rew_mean          | 29.8        |
| time/                   |             |
|    fps                  | 3           |
|    iterations           | 236         |
|    time_elapsed         | 36145       |
|    total_timesteps      | 120832      |
| train/                  |             |
|    approx_kl            | 0.004556788 |
|    clip_fraction        | 0.0328      |
|    clip_range           | 0.2         |
|    entropy_loss         | -0.806      |
|    explained_variance   | -0.0841     |
|    learning_rate        | 0.0003      |
|    loss                 | 0.432       |
|    n_updates            | 2350        |
|    policy_gradient_loss | -0.00945    |
|    value_loss           | 1.99        |
-----------------------------------------
-----------------------------------------
| rollout/                |             |
|    ep_len_mean          | 484         |
|    ep_rew_mean          | 29.8        |
| time/                   |             |
|    fps                  | 3           |
|    iterations           | 237         |
|    time_elapsed         | 36231       |
|    total_timesteps      | 121344      |
| train/                  |             |
|    approx_kl            | 0.002425992 |
|    clip_fraction        | 0.041       |
|    clip_range           | 0.2         |
|    entropy_loss         | -0.768      |
|    explained_variance   | -0.126      |
|    learning_rate        | 0.0003      |
|    loss                 | 0.0249      |
|    n_updates            | 2360        |
|    policy_gradient_loss | -0.0112     |
|    value_loss           | 0.038       |
-----------------------------------------
------------------------------------------
| rollout/                |              |
|    ep_len_mean          | 484          |
|    ep_rew_mean          | 29.8         |
| time/                   |              |
|    fps                  | 3            |
|    iterations           | 238          |
|    time_elapsed         | 36318        |
|    total_timesteps      | 121856       |
| train/                  |              |
|    approx_kl            | 0.0043376265 |
|    clip_fraction        | 0.0299       |
|    clip_range           | 0.2          |
|    entropy_loss         | -0.759       |
|    explained_variance   | 0.362        |
|    learning_rate        | 0.0003       |
|    loss                 | -0.00154     |
|    n_updates            | 2370         |
|    policy_gradient_loss | -0.00343     |
|    value_loss           | 0.071        |
------------------------------------------
------------------------------------------
| rollout/                |              |
|    ep_len_mean          | 484          |
|    ep_rew_mean          | 29.8         |
| time/                   |              |
|    fps                  | 3            |
|    iterations           | 239          |
|    time_elapsed         | 36405        |
|    total_timesteps      | 122368       |
| train/                  |              |
|    approx_kl            | 0.0023091338 |
|    clip_fraction        | 0.0166       |
|    clip_range           | 0.2          |
|    entropy_loss         | -0.73        |
|    explained_variance   | -1.43        |
|    learning_rate        | 0.0003       |
|    loss                 | 0.0163       |
|    n_updates            | 2380         |
|    policy_gradient_loss | 0.00189      |
|    value_loss           | 0.143        |
------------------------------------------
-----------------------------------------
| rollout/                |             |
|    ep_len_mean          | 488         |
|    ep_rew_mean          | 30.2        |
| time/                   |             |
|    fps                  | 3           |
|    iterations           | 240         |
|    time_elapsed         | 36491       |
|    total_timesteps      | 122880      |
| train/                  |             |
|    approx_kl            | 0.002371105 |
|    clip_fraction        | 0.00898     |
|    clip_range           | 0.2         |
|    entropy_loss         | -0.753      |
|    explained_variance   | 0.22        |
|    learning_rate        | 0.0003      |
|    loss                 | 0.00782     |
|    n_updates            | 2390        |
|    policy_gradient_loss | -0.000188   |
|    value_loss           | 0.0315      |
-----------------------------------------
-----------------------------------------
| rollout/                |             |
|    ep_len_mean          | 482         |
|    ep_rew_mean          | 29.6        |
| time/                   |             |
|    fps                  | 3           |
|    iterations           | 241         |
|    time_elapsed         | 36577       |
|    total_timesteps      | 123392      |
| train/                  |             |
|    approx_kl            | 0.008203999 |
|    clip_fraction        | 0.16        |
|    clip_range           | 0.2         |
|    entropy_loss         | -0.745      |
|    explained_variance   | 0.812       |
|    learning_rate        | 0.0003      |
|    loss                 | -0.0218     |
|    n_updates            | 2400        |
|    policy_gradient_loss | -0.0162     |
|    value_loss           | 0.0103      |
-----------------------------------------
-----------------------------------------
| rollout/                |             |
|    ep_len_mean          | 480         |
|    ep_rew_mean          | 29.5        |
| time/                   |             |
|    fps                  | 3           |
|    iterations           | 242         |
|    time_elapsed         | 36665       |
|    total_timesteps      | 123904      |
| train/                  |             |
|    approx_kl            | 0.009638604 |
|    clip_fraction        | 0.0631      |
|    clip_range           | 0.2         |
|    entropy_loss         | -0.762      |
|    explained_variance   | -0.00627    |
|    learning_rate        | 0.0003      |
|    loss                 | 1.2         |
|    n_updates            | 2410        |
|    policy_gradient_loss | 0.0163      |
|    value_loss           | 5.12        |
-----------------------------------------
----------------------------------------
| rollout/                |            |
|    ep_len_mean          | 480        |
|    ep_rew_mean          | 29.5       |
| time/                   |            |
|    fps                  | 3          |
|    iterations           | 243        |
|    time_elapsed         | 36752      |
|    total_timesteps      | 124416     |
| train/                  |            |
|    approx_kl            | 0.02287174 |
|    clip_fraction        | 0.116      |
|    clip_range           | 0.2        |
|    entropy_loss         | -0.806     |
|    explained_variance   | -0.0258    |
|    learning_rate        | 0.0003     |
|    loss                 | 0.235      |
|    n_updates            | 2420       |
|    policy_gradient_loss | 0.0179     |
|    value_loss           | 1.33       |
----------------------------------------
------------------------------------------
| rollout/                |              |
|    ep_len_mean          | 480          |
|    ep_rew_mean          | 29.5         |
| time/                   |              |
|    fps                  | 3            |
|    iterations           | 244          |
|    time_elapsed         | 36840        |
|    total_timesteps      | 124928       |
| train/                  |              |
|    approx_kl            | 0.0021666968 |
|    clip_fraction        | 0.0148       |
|    clip_range           | 0.2          |
|    entropy_loss         | -0.819       |
|    explained_variance   | 0.14         |
|    learning_rate        | 0.0003       |
|    loss                 | 0.407        |
|    n_updates            | 2430         |
|    policy_gradient_loss | 0.00672      |
|    value_loss           | 1.07         |
------------------------------------------
-----------------------------------------
| rollout/                |             |
|    ep_len_mean          | 479         |
|    ep_rew_mean          | 29.3        |
| time/                   |             |
|    fps                  | 3           |
|    iterations           | 245         |
|    time_elapsed         | 36924       |
|    total_timesteps      | 125440      |
| train/                  |             |
|    approx_kl            | 0.006238066 |
|    clip_fraction        | 0.0311      |
|    clip_range           | 0.2         |
|    entropy_loss         | -0.789      |
|    explained_variance   | 0.497       |
|    learning_rate        | 0.0003      |
|    loss                 | 0.0105      |
|    n_updates            | 2440        |
|    policy_gradient_loss | 0.000437    |
|    value_loss           | 0.116       |
-----------------------------------------
-----------------------------------------
| rollout/                |             |
|    ep_len_mean          | 479         |
|    ep_rew_mean          | 29.3        |
| time/                   |             |
|    fps                  | 3           |
|    iterations           | 246         |
|    time_elapsed         | 37011       |
|    total_timesteps      | 125952      |
| train/                  |             |
|    approx_kl            | 0.007608312 |
|    clip_fraction        | 0.0701      |
|    clip_range           | 0.2         |
|    entropy_loss         | -0.758      |
|    explained_variance   | 0.124       |
|    learning_rate        | 0.0003      |
|    loss                 | 0.603       |
|    n_updates            | 2450        |
|    policy_gradient_loss | -0.00366    |
|    value_loss           | 2.04        |
-----------------------------------------
------------------------------------------
| rollout/                |              |
|    ep_len_mean          | 479          |
|    ep_rew_mean          | 29.3         |
| time/                   |              |
|    fps                  | 3            |
|    iterations           | 247          |
|    time_elapsed         | 37096        |
|    total_timesteps      | 126464       |
| train/                  |              |
|    approx_kl            | 0.0019358842 |
|    clip_fraction        | 0.00684      |
|    clip_range           | 0.2          |
|    entropy_loss         | -0.775       |
|    explained_variance   | 0.365        |
|    learning_rate        | 0.0003       |
|    loss                 | 0.00599      |
|    n_updates            | 2460         |
|    policy_gradient_loss | -0.00161     |
|    value_loss           | 0.0332       |
------------------------------------------
----------------------------------------
| rollout/                |            |
|    ep_len_mean          | 479        |
|    ep_rew_mean          | 29.3       |
| time/                   |            |
|    fps                  | 3          |
|    iterations           | 248        |
|    time_elapsed         | 37182      |
|    total_timesteps      | 126976     |
| train/                  |            |
|    approx_kl            | 0.00819258 |
|    clip_fraction        | 0.0684     |
|    clip_range           | 0.2        |
|    entropy_loss         | -0.786     |
|    explained_variance   | 0.591      |
|    learning_rate        | 0.0003     |
|    loss                 | -0.0239    |
|    n_updates            | 2470       |
|    policy_gradient_loss | -0.00782   |
|    value_loss           | 0.0146     |
----------------------------------------
-----------------------------------------
| rollout/                |             |
|    ep_len_mean          | 479         |
|    ep_rew_mean          | 29.3        |
| time/                   |             |
|    fps                  | 3           |
|    iterations           | 249         |
|    time_elapsed         | 37267       |
|    total_timesteps      | 127488      |
| train/                  |             |
|    approx_kl            | 0.006056001 |
|    clip_fraction        | 0.0287      |
|    clip_range           | 0.2         |
|    entropy_loss         | -0.819      |
|    explained_variance   | -0.198      |
|    learning_rate        | 0.0003      |
|    loss                 | -0.00933    |
|    n_updates            | 2480        |
|    policy_gradient_loss | -0.00208    |
|    value_loss           | 0.0341      |
-----------------------------------------
------------------------------------------
| rollout/                |              |
|    ep_len_mean          | 479          |
|    ep_rew_mean          | 29.1         |
| time/                   |              |
|    fps                  | 3            |
|    iterations           | 250          |
|    time_elapsed         | 37354        |
|    total_timesteps      | 128000       |
| train/                  |              |
|    approx_kl            | 0.0072457613 |
|    clip_fraction        | 0.0447       |
|    clip_range           | 0.2          |
|    entropy_loss         | -0.785       |
|    explained_variance   | -0.312       |
|    learning_rate        | 0.0003       |
|    loss                 | 0.0751       |
|    n_updates            | 2490         |
|    policy_gradient_loss | 0.00438      |
|    value_loss           | 0.259        |
------------------------------------------
-----------------------------------------
| rollout/                |             |
|    ep_len_mean          | 479         |
|    ep_rew_mean          | 29.3        |
| time/                   |             |
|    fps                  | 3           |
|    iterations           | 251         |
|    time_elapsed         | 37440       |
|    total_timesteps      | 128512      |
| train/                  |             |
|    approx_kl            | 0.016618414 |
|    clip_fraction        | 0.073       |
|    clip_range           | 0.2         |
|    entropy_loss         | -0.765      |
|    explained_variance   | 0.425       |
|    learning_rate        | 0.0003      |
|    loss                 | 0.0711      |
|    n_updates            | 2500        |
|    policy_gradient_loss | -0.00141    |
|    value_loss           | 1.22        |
-----------------------------------------
------------------------------------------
| rollout/                |              |
|    ep_len_mean          | 479          |
|    ep_rew_mean          | 29.3         |
| time/                   |              |
|    fps                  | 3            |
|    iterations           | 252          |
|    time_elapsed         | 37527        |
|    total_timesteps      | 129024       |
| train/                  |              |
|    approx_kl            | 0.0061813598 |
|    clip_fraction        | 0.0516       |
|    clip_range           | 0.2          |
|    entropy_loss         | -0.754       |
|    explained_variance   | 0.783        |
|    learning_rate        | 0.0003       |
|    loss                 | 0.0185       |
|    n_updates            | 2510         |
|    policy_gradient_loss | -0.00393     |
|    value_loss           | 0.00764      |
------------------------------------------
------------------------------------------
| rollout/                |              |
|    ep_len_mean          | 479          |
|    ep_rew_mean          | 29.3         |
| time/                   |              |
|    fps                  | 3            |
|    iterations           | 253          |
|    time_elapsed         | 37612        |
|    total_timesteps      | 129536       |
| train/                  |              |
|    approx_kl            | 0.0072999694 |
|    clip_fraction        | 0.0357       |
|    clip_range           | 0.2          |
|    entropy_loss         | -0.735       |
|    explained_variance   | -0.945       |
|    learning_rate        | 0.0003       |
|    loss                 | -0.0249      |
|    n_updates            | 2520         |
|    policy_gradient_loss | -0.00599     |
|    value_loss           | 0.12         |
------------------------------------------
-----------------------------------------
| rollout/                |             |
|    ep_len_mean          | 477         |
|    ep_rew_mean          | 29.1        |
| time/                   |             |
|    fps                  | 3           |
|    iterations           | 254         |
|    time_elapsed         | 37699       |
|    total_timesteps      | 130048      |
| train/                  |             |
|    approx_kl            | 0.009135934 |
|    clip_fraction        | 0.0551      |
|    clip_range           | 0.2         |
|    entropy_loss         | -0.744      |
|    explained_variance   | -0.019      |
|    learning_rate        | 0.0003      |
|    loss                 | 0.051       |
|    n_updates            | 2530        |
|    policy_gradient_loss | -0.00481    |
|    value_loss           | 0.245       |
-----------------------------------------
-----------------------------------------
| rollout/                |             |
|    ep_len_mean          | 477         |
|    ep_rew_mean          | 29.1        |
| time/                   |             |
|    fps                  | 3           |
|    iterations           | 255         |
|    time_elapsed         | 37785       |
|    total_timesteps      | 130560      |
| train/                  |             |
|    approx_kl            | 0.028223285 |
|    clip_fraction        | 0.152       |
|    clip_range           | 0.2         |
|    entropy_loss         | -0.763      |
|    explained_variance   | 0.533       |
|    learning_rate        | 0.0003      |
|    loss                 | 0.511       |
|    n_updates            | 2540        |
|    policy_gradient_loss | 0.0234      |
|    value_loss           | 0.843       |
-----------------------------------------
------------------------------------------
| rollout/                |              |
|    ep_len_mean          | 477          |
|    ep_rew_mean          | 29.1         |
| time/                   |              |
|    fps                  | 3            |
|    iterations           | 256          |
|    time_elapsed         | 37871        |
|    total_timesteps      | 131072       |
| train/                  |              |
|    approx_kl            | 0.0031413836 |
|    clip_fraction        | 0.0256       |
|    clip_range           | 0.2          |
|    entropy_loss         | -0.663       |
|    explained_variance   | 0.711        |
|    learning_rate        | 0.0003       |
|    loss                 | 0.00676      |
|    n_updates            | 2550         |
|    policy_gradient_loss | -0.00571     |
|    value_loss           | 0.0752       |
------------------------------------------
------------------------------------------
| rollout/                |              |
|    ep_len_mean          | 477          |
|    ep_rew_mean          | 29           |
| time/                   |              |
|    fps                  | 3            |
|    iterations           | 257          |
|    time_elapsed         | 37956        |
|    total_timesteps      | 131584       |
| train/                  |              |
|    approx_kl            | 0.0048946775 |
|    clip_fraction        | 0.0246       |
|    clip_range           | 0.2          |
|    entropy_loss         | -0.767       |
|    explained_variance   | 0.361        |
|    learning_rate        | 0.0003       |
|    loss                 | -0.00865     |
|    n_updates            | 2560         |
|    policy_gradient_loss | -0.00152     |
|    value_loss           | 0.254        |
------------------------------------------
-----------------------------------------
| rollout/                |             |
|    ep_len_mean          | 477         |
|    ep_rew_mean          | 29          |
| time/                   |             |
|    fps                  | 3           |
|    iterations           | 258         |
|    time_elapsed         | 38043       |
|    total_timesteps      | 132096      |
| train/                  |             |
|    approx_kl            | 0.014326045 |
|    clip_fraction        | 0.126       |
|    clip_range           | 0.2         |
|    entropy_loss         | -0.771      |
|    explained_variance   | 0.197       |
|    learning_rate        | 0.0003      |
|    loss                 | 0.722       |
|    n_updates            | 2570        |
|    policy_gradient_loss | 0.0234      |
|    value_loss           | 1.42        |
-----------------------------------------
-----------------------------------------
| rollout/                |             |
|    ep_len_mean          | 477         |
|    ep_rew_mean          | 29          |
| time/                   |             |
|    fps                  | 3           |
|    iterations           | 259         |
|    time_elapsed         | 38130       |
|    total_timesteps      | 132608      |
| train/                  |             |
|    approx_kl            | 0.014337234 |
|    clip_fraction        | 0.0467      |
|    clip_range           | 0.2         |
|    entropy_loss         | -0.712      |
|    explained_variance   | 0.127       |
|    learning_rate        | 0.0003      |
|    loss                 | -0.0121     |
|    n_updates            | 2580        |
|    policy_gradient_loss | -0.0155     |
|    value_loss           | 0.0609      |
-----------------------------------------
-----------------------------------------
| rollout/                |             |
|    ep_len_mean          | 477         |
|    ep_rew_mean          | 29          |
| time/                   |             |
|    fps                  | 3           |
|    iterations           | 260         |
|    time_elapsed         | 38216       |
|    total_timesteps      | 133120      |
| train/                  |             |
|    approx_kl            | 0.012117845 |
|    clip_fraction        | 0.0754      |
|    clip_range           | 0.2         |
|    entropy_loss         | -0.604      |
|    explained_variance   | -0.0811     |
|    learning_rate        | 0.0003      |
|    loss                 | 0.0251      |
|    n_updates            | 2590        |
|    policy_gradient_loss | -0.0033     |
|    value_loss           | 0.0619      |
-----------------------------------------
------------------------------------------
| rollout/                |              |
|    ep_len_mean          | 477          |
|    ep_rew_mean          | 29           |
| time/                   |              |
|    fps                  | 3            |
|    iterations           | 261          |
|    time_elapsed         | 38303        |
|    total_timesteps      | 133632       |
| train/                  |              |
|    approx_kl            | 0.0034434588 |
|    clip_fraction        | 0.0297       |
|    clip_range           | 0.2          |
|    entropy_loss         | -0.524       |
|    explained_variance   | -0.363       |
|    learning_rate        | 0.0003       |
|    loss                 | 0.00369      |
|    n_updates            | 2600         |
|    policy_gradient_loss | -0.00688     |
|    value_loss           | 0.0249       |
------------------------------------------
-----------------------------------------
| rollout/                |             |
|    ep_len_mean          | 477         |
|    ep_rew_mean          | 29          |
| time/                   |             |
|    fps                  | 3           |
|    iterations           | 262         |
|    time_elapsed         | 38388       |
|    total_timesteps      | 134144      |
| train/                  |             |
|    approx_kl            | 0.003901592 |
|    clip_fraction        | 0.0461      |
|    clip_range           | 0.2         |
|    entropy_loss         | -0.51       |
|    explained_variance   | 0.867       |
|    learning_rate        | 0.0003      |
|    loss                 | -0.00636    |
|    n_updates            | 2610        |
|    policy_gradient_loss | -0.00476    |
|    value_loss           | 0.00685     |
-----------------------------------------
-----------------------------------------
| rollout/                |             |
|    ep_len_mean          | 477         |
|    ep_rew_mean          | 29          |
| time/                   |             |
|    fps                  | 3           |
|    iterations           | 263         |
|    time_elapsed         | 38473       |
|    total_timesteps      | 134656      |
| train/                  |             |
|    approx_kl            | 0.004235551 |
|    clip_fraction        | 0.0643      |
|    clip_range           | 0.2         |
|    entropy_loss         | -0.508      |
|    explained_variance   | 0.891       |
|    learning_rate        | 0.0003      |
|    loss                 | 0.000161    |
|    n_updates            | 2620        |
|    policy_gradient_loss | -0.00504    |
|    value_loss           | 0.00438     |
-----------------------------------------
------------------------------------------
| rollout/                |              |
|    ep_len_mean          | 477          |
|    ep_rew_mean          | 29           |
| time/                   |              |
|    fps                  | 3            |
|    iterations           | 264          |
|    time_elapsed         | 38560        |
|    total_timesteps      | 135168       |
| train/                  |              |
|    approx_kl            | 0.0019054427 |
|    clip_fraction        | 0.015        |
|    clip_range           | 0.2          |
|    entropy_loss         | -0.445       |
|    explained_variance   | 0.538        |
|    learning_rate        | 0.0003       |
|    loss                 | -0.00999     |
|    n_updates            | 2630         |
|    policy_gradient_loss | -0.00162     |
|    value_loss           | 0.0132       |
------------------------------------------
------------------------------------------
| rollout/                |              |
|    ep_len_mean          | 477          |
|    ep_rew_mean          | 28.9         |
| time/                   |              |
|    fps                  | 3            |
|    iterations           | 265          |
|    time_elapsed         | 38646        |
|    total_timesteps      | 135680       |
| train/                  |              |
|    approx_kl            | 0.0013863788 |
|    clip_fraction        | 0.00703      |
|    clip_range           | 0.2          |
|    entropy_loss         | -0.524       |
|    explained_variance   | 0.646        |
|    learning_rate        | 0.0003       |
|    loss                 | 0.021        |
|    n_updates            | 2640         |
|    policy_gradient_loss | -0.00148     |
|    value_loss           | 0.014        |
------------------------------------------
------------------------------------------
| rollout/                |              |
|    ep_len_mean          | 477          |
|    ep_rew_mean          | 28.9         |
| time/                   |              |
|    fps                  | 3            |
|    iterations           | 266          |
|    time_elapsed         | 38732        |
|    total_timesteps      | 136192       |
| train/                  |              |
|    approx_kl            | 0.0049100025 |
|    clip_fraction        | 0.0424       |
|    clip_range           | 0.2          |
|    entropy_loss         | -0.532       |
|    explained_variance   | 0.0787       |
|    learning_rate        | 0.0003       |
|    loss                 | 0.0107       |
|    n_updates            | 2650         |
|    policy_gradient_loss | -0.00652     |
|    value_loss           | 0.0684       |
------------------------------------------
-----------------------------------------
| rollout/                |             |
|    ep_len_mean          | 477         |
|    ep_rew_mean          | 29          |
| time/                   |             |
|    fps                  | 3           |
|    iterations           | 267         |
|    time_elapsed         | 38817       |
|    total_timesteps      | 136704      |
| train/                  |             |
|    approx_kl            | 0.002299148 |
|    clip_fraction        | 0.00488     |
|    clip_range           | 0.2         |
|    entropy_loss         | -0.463      |
|    explained_variance   | 0.806       |
|    learning_rate        | 0.0003      |
|    loss                 | 0.00198     |
|    n_updates            | 2660        |
|    policy_gradient_loss | -0.00323    |
|    value_loss           | 0.00877     |
-----------------------------------------
------------------------------------------
| rollout/                |              |
|    ep_len_mean          | 477          |
|    ep_rew_mean          | 29           |
| time/                   |              |
|    fps                  | 3            |
|    iterations           | 268          |
|    time_elapsed         | 38902        |
|    total_timesteps      | 137216       |
| train/                  |              |
|    approx_kl            | 0.0035382293 |
|    clip_fraction        | 0.0182       |
|    clip_range           | 0.2          |
|    entropy_loss         | -0.486       |
|    explained_variance   | 0.581        |
|    learning_rate        | 0.0003       |
|    loss                 | 0.0211       |
|    n_updates            | 2670         |
|    policy_gradient_loss | -0.00658     |
|    value_loss           | 0.0108       |
------------------------------------------
------------------------------------------
| rollout/                |              |
|    ep_len_mean          | 477          |
|    ep_rew_mean          | 28.9         |
| time/                   |              |
|    fps                  | 3            |
|    iterations           | 269          |
|    time_elapsed         | 38989        |
|    total_timesteps      | 137728       |
| train/                  |              |
|    approx_kl            | 0.0032236006 |
|    clip_fraction        | 0.0461       |
|    clip_range           | 0.2          |
|    entropy_loss         | -0.398       |
|    explained_variance   | 0.86         |
|    learning_rate        | 0.0003       |
|    loss                 | -0.00642     |
|    n_updates            | 2680         |
|    policy_gradient_loss | -0.00641     |
|    value_loss           | 0.00819      |
------------------------------------------
-----------------------------------------
| rollout/                |             |
|    ep_len_mean          | 477         |
|    ep_rew_mean          | 28.9        |
| time/                   |             |
|    fps                  | 3           |
|    iterations           | 270         |
|    time_elapsed         | 39073       |
|    total_timesteps      | 138240      |
| train/                  |             |
|    approx_kl            | 0.005333112 |
|    clip_fraction        | 0.0654      |
|    clip_range           | 0.2         |
|    entropy_loss         | -0.462      |
|    explained_variance   | 0.849       |
|    learning_rate        | 0.0003      |
|    loss                 | -0.0169     |
|    n_updates            | 2690        |
|    policy_gradient_loss | -0.00592    |
|    value_loss           | 0.00701     |
-----------------------------------------
------------------------------------------
| rollout/                |              |
|    ep_len_mean          | 477          |
|    ep_rew_mean          | 28.9         |
| time/                   |              |
|    fps                  | 3            |
|    iterations           | 271          |
|    time_elapsed         | 39160        |
|    total_timesteps      | 138752       |
| train/                  |              |
|    approx_kl            | 0.0017082994 |
|    clip_fraction        | 0.0129       |
|    clip_range           | 0.2          |
|    entropy_loss         | -0.436       |
|    explained_variance   | 0.592        |
|    learning_rate        | 0.0003       |
|    loss                 | -0.00482     |
|    n_updates            | 2700         |
|    policy_gradient_loss | -0.00296     |
|    value_loss           | 0.0118       |
------------------------------------------
-----------------------------------------
| rollout/                |             |
|    ep_len_mean          | 477         |
|    ep_rew_mean          | 28.9        |
| time/                   |             |
|    fps                  | 3           |
|    iterations           | 272         |
|    time_elapsed         | 39248       |
|    total_timesteps      | 139264      |
| train/                  |             |
|    approx_kl            | 0.002656329 |
|    clip_fraction        | 0.0309      |
|    clip_range           | 0.2         |
|    entropy_loss         | -0.473      |
|    explained_variance   | 0.737       |
|    learning_rate        | 0.0003      |
|    loss                 | 0.000191    |
|    n_updates            | 2710        |
|    policy_gradient_loss | -0.00314    |
|    value_loss           | 0.0131      |
-----------------------------------------
------------------------------------------
| rollout/                |              |
|    ep_len_mean          | 477          |
|    ep_rew_mean          | 28.9         |
| time/                   |              |
|    fps                  | 3            |
|    iterations           | 273          |
|    time_elapsed         | 39333        |
|    total_timesteps      | 139776       |
| train/                  |              |
|    approx_kl            | 0.0020841286 |
|    clip_fraction        | 0.0195       |
|    clip_range           | 0.2          |
|    entropy_loss         | -0.438       |
|    explained_variance   | 0.862        |
|    learning_rate        | 0.0003       |
|    loss                 | -0.00369     |
|    n_updates            | 2720         |
|    policy_gradient_loss | -0.00252     |
|    value_loss           | 0.00371      |
------------------------------------------
------------------------------------------
| rollout/                |              |
|    ep_len_mean          | 477          |
|    ep_rew_mean          | 28.9         |
| time/                   |              |
|    fps                  | 3            |
|    iterations           | 274          |
|    time_elapsed         | 39420        |
|    total_timesteps      | 140288       |
| train/                  |              |
|    approx_kl            | 0.0030741175 |
|    clip_fraction        | 0.025        |
|    clip_range           | 0.2          |
|    entropy_loss         | -0.467       |
|    explained_variance   | 0.927        |
|    learning_rate        | 0.0003       |
|    loss                 | -0.00671     |
|    n_updates            | 2730         |
|    policy_gradient_loss | -0.00378     |
|    value_loss           | 0.00343      |
------------------------------------------
----------------------------------------
| rollout/                |            |
|    ep_len_mean          | 477        |
|    ep_rew_mean          | 28.9       |
| time/                   |            |
|    fps                  | 3          |
|    iterations           | 275        |
|    time_elapsed         | 39507      |
|    total_timesteps      | 140800     |
| train/                  |            |
|    approx_kl            | 0.00845888 |
|    clip_fraction        | 0.0965     |
|    clip_range           | 0.2        |
|    entropy_loss         | -0.543     |
|    explained_variance   | 0.802      |
|    learning_rate        | 0.0003     |
|    loss                 | -0.0387    |
|    n_updates            | 2740       |
|    policy_gradient_loss | -0.0198    |
|    value_loss           | 0.00729    |
----------------------------------------
------------------------------------------
| rollout/                |              |
|    ep_len_mean          | 477          |
|    ep_rew_mean          | 28.9         |
| time/                   |              |
|    fps                  | 3            |
|    iterations           | 276          |
|    time_elapsed         | 39592        |
|    total_timesteps      | 141312       |
| train/                  |              |
|    approx_kl            | 0.0041983007 |
|    clip_fraction        | 0.0291       |
|    clip_range           | 0.2          |
|    entropy_loss         | -0.55        |
|    explained_variance   | 0.93         |
|    learning_rate        | 0.0003       |
|    loss                 | -0.0141      |
|    n_updates            | 2750         |
|    policy_gradient_loss | -0.00455     |
|    value_loss           | 0.00477      |
------------------------------------------
------------------------------------------
| rollout/                |              |
|    ep_len_mean          | 477          |
|    ep_rew_mean          | 28.9         |
| time/                   |              |
|    fps                  | 3            |
|    iterations           | 277          |
|    time_elapsed         | 39679        |
|    total_timesteps      | 141824       |
| train/                  |              |
|    approx_kl            | 0.0061432496 |
|    clip_fraction        | 0.0434       |
|    clip_range           | 0.2          |
|    entropy_loss         | -0.609       |
|    explained_variance   | 0.631        |
|    learning_rate        | 0.0003       |
|    loss                 | 0.00873      |
|    n_updates            | 2760         |
|    policy_gradient_loss | -0.00424     |
|    value_loss           | 0.013        |
------------------------------------------
------------------------------------------
| rollout/                |              |
|    ep_len_mean          | 476          |
|    ep_rew_mean          | 28.7         |
| time/                   |              |
|    fps                  | 3            |
|    iterations           | 278          |
|    time_elapsed         | 39765        |
|    total_timesteps      | 142336       |
| train/                  |              |
|    approx_kl            | 0.0040964196 |
|    clip_fraction        | 0.0221       |
|    clip_range           | 0.2          |
|    entropy_loss         | -0.526       |
|    explained_variance   | 0.897        |
|    learning_rate        | 0.0003       |
|    loss                 | -0.000163    |
|    n_updates            | 2770         |
|    policy_gradient_loss | -0.00584     |
|    value_loss           | 0.00478      |
------------------------------------------
-----------------------------------------
| rollout/                |             |
|    ep_len_mean          | 479         |
|    ep_rew_mean          | 29          |
| time/                   |             |
|    fps                  | 3           |
|    iterations           | 279         |
|    time_elapsed         | 39852       |
|    total_timesteps      | 142848      |
| train/                  |             |
|    approx_kl            | 0.037569076 |
|    clip_fraction        | 0.188       |
|    clip_range           | 0.2         |
|    entropy_loss         | -0.593      |
|    explained_variance   | 0.00537     |
|    learning_rate        | 0.0003      |
|    loss                 | 2.64        |
|    n_updates            | 2780        |
|    policy_gradient_loss | -0.00372    |
|    value_loss           | 3.72        |
-----------------------------------------
-----------------------------------------
| rollout/                |             |
|    ep_len_mean          | 479         |
|    ep_rew_mean          | 29.1        |
| time/                   |             |
|    fps                  | 3           |
|    iterations           | 280         |
|    time_elapsed         | 39938       |
|    total_timesteps      | 143360      |
| train/                  |             |
|    approx_kl            | 0.008526614 |
|    clip_fraction        | 0.06        |
|    clip_range           | 0.2         |
|    entropy_loss         | -0.562      |
|    explained_variance   | -0.0941     |
|    learning_rate        | 0.0003      |
|    loss                 | 0.0133      |
|    n_updates            | 2790        |
|    policy_gradient_loss | -0.00713    |
|    value_loss           | 0.111       |
-----------------------------------------
------------------------------------------
| rollout/                |              |
|    ep_len_mean          | 483          |
|    ep_rew_mean          | 29.5         |
| time/                   |              |
|    fps                  | 3            |
|    iterations           | 281          |
|    time_elapsed         | 40024        |
|    total_timesteps      | 143872       |
| train/                  |              |
|    approx_kl            | 0.0028029205 |
|    clip_fraction        | 0.0141       |
|    clip_range           | 0.2          |
|    entropy_loss         | -0.583       |
|    explained_variance   | 0.255        |
|    learning_rate        | 0.0003       |
|    loss                 | -0.00619     |
|    n_updates            | 2800         |
|    policy_gradient_loss | -0.00575     |
|    value_loss           | 0.0473       |
------------------------------------------
------------------------------------------
| rollout/                |              |
|    ep_len_mean          | 483          |
|    ep_rew_mean          | 29.5         |
| time/                   |              |
|    fps                  | 3            |
|    iterations           | 282          |
|    time_elapsed         | 40110        |
|    total_timesteps      | 144384       |
| train/                  |              |
|    approx_kl            | 0.0056489212 |
|    clip_fraction        | 0.0279       |
|    clip_range           | 0.2          |
|    entropy_loss         | -0.588       |
|    explained_variance   | 0.703        |
|    learning_rate        | 0.0003       |
|    loss                 | -0.0129      |
|    n_updates            | 2810         |
|    policy_gradient_loss | -0.00515     |
|    value_loss           | 0.0229       |
------------------------------------------
-----------------------------------------
| rollout/                |             |
|    ep_len_mean          | 483         |
|    ep_rew_mean          | 29.6        |
| time/                   |             |
|    fps                  | 3           |
|    iterations           | 283         |
|    time_elapsed         | 40196       |
|    total_timesteps      | 144896      |
| train/                  |             |
|    approx_kl            | 0.008076411 |
|    clip_fraction        | 0.042       |
|    clip_range           | 0.2         |
|    entropy_loss         | -0.664      |
|    explained_variance   | 0.717       |
|    learning_rate        | 0.0003      |
|    loss                 | -0.0164     |
|    n_updates            | 2820        |
|    policy_gradient_loss | -0.00678    |
|    value_loss           | 0.0119      |
-----------------------------------------
-----------------------------------------
| rollout/                |             |
|    ep_len_mean          | 483         |
|    ep_rew_mean          | 29.6        |
| time/                   |             |
|    fps                  | 3           |
|    iterations           | 284         |
|    time_elapsed         | 40282       |
|    total_timesteps      | 145408      |
| train/                  |             |
|    approx_kl            | 0.010801017 |
|    clip_fraction        | 0.0953      |
|    clip_range           | 0.2         |
|    entropy_loss         | -0.677      |
|    explained_variance   | 0.516       |
|    learning_rate        | 0.0003      |
|    loss                 | -0.0101     |
|    n_updates            | 2830        |
|    policy_gradient_loss | -0.0186     |
|    value_loss           | 0.0279      |
-----------------------------------------
------------------------------------------
| rollout/                |              |
|    ep_len_mean          | 483          |
|    ep_rew_mean          | 29.6         |
| time/                   |              |
|    fps                  | 3            |
|    iterations           | 285          |
|    time_elapsed         | 40369        |
|    total_timesteps      | 145920       |
| train/                  |              |
|    approx_kl            | 0.0137056215 |
|    clip_fraction        | 0.0961       |
|    clip_range           | 0.2          |
|    entropy_loss         | -0.675       |
|    explained_variance   | 0.614        |
|    learning_rate        | 0.0003       |
|    loss                 | -0.0137      |
|    n_updates            | 2840         |
|    policy_gradient_loss | -0.00688     |
|    value_loss           | 0.0233       |
------------------------------------------
-----------------------------------------
| rollout/                |             |
|    ep_len_mean          | 483         |
|    ep_rew_mean          | 29.6        |
| time/                   |             |
|    fps                  | 3           |
|    iterations           | 286         |
|    time_elapsed         | 40455       |
|    total_timesteps      | 146432      |
| train/                  |             |
|    approx_kl            | 0.024513293 |
|    clip_fraction        | 0.115       |
|    clip_range           | 0.2         |
|    entropy_loss         | -0.552      |
|    explained_variance   | 0.526       |
|    learning_rate        | 0.0003      |
|    loss                 | -0.0233     |
|    n_updates            | 2850        |
|    policy_gradient_loss | -0.0133     |
|    value_loss           | 0.0179      |
-----------------------------------------
----------------------------------------
| rollout/                |            |
|    ep_len_mean          | 483        |
|    ep_rew_mean          | 29.6       |
| time/                   |            |
|    fps                  | 3          |
|    iterations           | 287        |
|    time_elapsed         | 40540      |
|    total_timesteps      | 146944     |
| train/                  |            |
|    approx_kl            | 0.00868948 |
|    clip_fraction        | 0.0811     |
|    clip_range           | 0.2        |
|    entropy_loss         | -0.617     |
|    explained_variance   | 0.848      |
|    learning_rate        | 0.0003     |
|    loss                 | -0.0255    |
|    n_updates            | 2860       |
|    policy_gradient_loss | -0.0108    |
|    value_loss           | 0.0113     |
----------------------------------------
-----------------------------------------
| rollout/                |             |
|    ep_len_mean          | 483         |
|    ep_rew_mean          | 29.6        |
| time/                   |             |
|    fps                  | 3           |
|    iterations           | 288         |
|    time_elapsed         | 40627       |
|    total_timesteps      | 147456      |
| train/                  |             |
|    approx_kl            | 0.003127198 |
|    clip_fraction        | 0.0254      |
|    clip_range           | 0.2         |
|    entropy_loss         | -0.526      |
|    explained_variance   | 0.205       |
|    learning_rate        | 0.0003      |
|    loss                 | 0.00064     |
|    n_updates            | 2870        |
|    policy_gradient_loss | -0.00337    |
|    value_loss           | 0.0171      |
-----------------------------------------
------------------------------------------
| rollout/                |              |
|    ep_len_mean          | 483          |
|    ep_rew_mean          | 29.6         |
| time/                   |              |
|    fps                  | 3            |
|    iterations           | 289          |
|    time_elapsed         | 40713        |
|    total_timesteps      | 147968       |
| train/                  |              |
|    approx_kl            | 0.0014587671 |
|    clip_fraction        | 0.0129       |
|    clip_range           | 0.2          |
|    entropy_loss         | -0.518       |
|    explained_variance   | 0.852        |
|    learning_rate        | 0.0003       |
|    loss                 | -0.00881     |
|    n_updates            | 2880         |
|    policy_gradient_loss | -0.00222     |
|    value_loss           | 0.00873      |
------------------------------------------
------------------------------------------
| rollout/                |              |
|    ep_len_mean          | 483          |
|    ep_rew_mean          | 29.6         |
| time/                   |              |
|    fps                  | 3            |
|    iterations           | 290          |
|    time_elapsed         | 40800        |
|    total_timesteps      | 148480       |
| train/                  |              |
|    approx_kl            | 0.0037468616 |
|    clip_fraction        | 0.0361       |
|    clip_range           | 0.2          |
|    entropy_loss         | -0.544       |
|    explained_variance   | 0.807        |
|    learning_rate        | 0.0003       |
|    loss                 | 0.00718      |
|    n_updates            | 2890         |
|    policy_gradient_loss | -0.00549     |
|    value_loss           | 0.00741      |
------------------------------------------
------------------------------------------
| rollout/                |              |
|    ep_len_mean          | 483          |
|    ep_rew_mean          | 29.5         |
| time/                   |              |
|    fps                  | 3            |
|    iterations           | 291          |
|    time_elapsed         | 40886        |
|    total_timesteps      | 148992       |
| train/                  |              |
|    approx_kl            | 0.0036928323 |
|    clip_fraction        | 0.0291       |
|    clip_range           | 0.2          |
|    entropy_loss         | -0.515       |
|    explained_variance   | 0.905        |
|    learning_rate        | 0.0003       |
|    loss                 | 0.00415      |
|    n_updates            | 2900         |
|    policy_gradient_loss | -0.00456     |
|    value_loss           | 0.00391      |
------------------------------------------
----------------------------------------
| rollout/                |            |
|    ep_len_mean          | 483        |
|    ep_rew_mean          | 29.5       |
| time/                   |            |
|    fps                  | 3          |
|    iterations           | 292        |
|    time_elapsed         | 40972      |
|    total_timesteps      | 149504     |
| train/                  |            |
|    approx_kl            | 0.01312443 |
|    clip_fraction        | 0.0805     |
|    clip_range           | 0.2        |
|    entropy_loss         | -0.513     |
|    explained_variance   | 0.0631     |
|    learning_rate        | 0.0003     |
|    loss                 | 0.326      |
|    n_updates            | 2910       |
|    policy_gradient_loss | 0.034      |
|    value_loss           | 0.969      |
----------------------------------------
------------------------------------------
| rollout/                |              |
|    ep_len_mean          | 483          |
|    ep_rew_mean          | 29.5         |
| time/                   |              |
|    fps                  | 3            |
|    iterations           | 293          |
|    time_elapsed         | 41058        |
|    total_timesteps      | 150016       |
| train/                  |              |
|    approx_kl            | 0.0019112243 |
|    clip_fraction        | 0.00723      |
|    clip_range           | 0.2          |
|    entropy_loss         | -0.45        |
|    explained_variance   | -0.446       |
|    learning_rate        | 0.0003       |
|    loss                 | 0.0099       |
|    n_updates            | 2920         |
|    policy_gradient_loss | -0.00356     |
|    value_loss           | 0.217        |
------------------------------------------
Saved trained model to data/processed/models/ppo_baseline_seed2.zip
