<frozen importlib._bootstrap>:491: RuntimeWarning: Your system is avx2 capable but pygame was not built with support for it. The performance of some of your blits could be adversely affected. Consider enabling compile time detection with environment variables like PYGAME_DETECT_AVX2=1 if you are compiling without cross compilation.
/home/masasa23/projects/personal/oink-oink/oink/network.py:72: UserWarning: Sparse invariant checks are implicitly disabled. Memory errors (e.g. SEGFAULT) will occur when operating on a sparse tensor which violates the invariants, but checks incur performance overhead. To silence this warning, explicitly opt in or out. See `torch.sparse.check_sparse_tensor_invariants.__doc__` for guidance.  (Triggered internally at /__w/pytorch/pytorch/aten/src/ATen/Context.cpp:848.)
  weight = torch.sparse_coo_tensor(self.indices, self.values, self.shape)
Using cpu device
---------------------------------
| rollout/           |          |
|    ep_len_mean     | 156      |
|    ep_rew_mean     | -0.967   |
| time/              |          |
|    fps             | 297      |
|    iterations      | 1        |
|    time_elapsed    | 1        |
|    total_timesteps | 512      |
---------------------------------
-------------------------------------------
| rollout/                |               |
|    ep_len_mean          | 194           |
|    ep_rew_mean          | 1.54          |
| time/                   |               |
|    fps                  | 10            |
|    iterations           | 2             |
|    time_elapsed         | 95            |
|    total_timesteps      | 1024          |
| train/                  |               |
|    approx_kl            | 0.00011830928 |
|    clip_fraction        | 0             |
|    clip_range           | 0.2           |
|    entropy_loss         | -1.1          |
|    explained_variance   | -0.00036      |
|    learning_rate        | 0.0003        |
|    loss                 | 1.54          |
|    n_updates            | 10            |
|    policy_gradient_loss | -0.000281     |
|    value_loss           | 4.86          |
-------------------------------------------
-----------------------------------------
| rollout/                |             |
|    ep_len_mean          | 128         |
|    ep_rew_mean          | -2.71       |
| time/                   |             |
|    fps                  | 8           |
|    iterations           | 3           |
|    time_elapsed         | 187         |
|    total_timesteps      | 1536        |
| train/                  |             |
|    approx_kl            | 0.000358245 |
|    clip_fraction        | 0           |
|    clip_range           | 0.2         |
|    entropy_loss         | -1.1        |
|    explained_variance   | 0.0734      |
|    learning_rate        | 0.0003      |
|    loss                 | 1.78        |
|    n_updates            | 20          |
|    policy_gradient_loss | -0.0003     |
|    value_loss           | 3.45        |
-----------------------------------------
------------------------------------------
| rollout/                |              |
|    ep_len_mean          | 133          |
|    ep_rew_mean          | -2.39        |
| time/                   |              |
|    fps                  | 7            |
|    iterations           | 4            |
|    time_elapsed         | 275          |
|    total_timesteps      | 2048         |
| train/                  |              |
|    approx_kl            | 0.0018707955 |
|    clip_fraction        | 0            |
|    clip_range           | 0.2          |
|    entropy_loss         | -1.1         |
|    explained_variance   | 0.244        |
|    learning_rate        | 0.0003       |
|    loss                 | 3.11         |
|    n_updates            | 30           |
|    policy_gradient_loss | 0.00029      |
|    value_loss           | 6.16         |
------------------------------------------
-----------------------------------------
| rollout/                |             |
|    ep_len_mean          | 143         |
|    ep_rew_mean          | -1.06       |
| time/                   |             |
|    fps                  | 7           |
|    iterations           | 5           |
|    time_elapsed         | 363         |
|    total_timesteps      | 2560        |
| train/                  |             |
|    approx_kl            | 0.003443765 |
|    clip_fraction        | 0.000586    |
|    clip_range           | 0.2         |
|    entropy_loss         | -1.1        |
|    explained_variance   | -0.217      |
|    learning_rate        | 0.0003      |
|    loss                 | 1.01        |
|    n_updates            | 40          |
|    policy_gradient_loss | -0.00442    |
|    value_loss           | 2.89        |
-----------------------------------------
------------------------------------------
| rollout/                |              |
|    ep_len_mean          | 166          |
|    ep_rew_mean          | 0.908        |
| time/                   |              |
|    fps                  | 6            |
|    iterations           | 6            |
|    time_elapsed         | 452          |
|    total_timesteps      | 3072         |
| train/                  |              |
|    approx_kl            | 0.0075494484 |
|    clip_fraction        | 0.0486       |
|    clip_range           | 0.2          |
|    entropy_loss         | -1.09        |
|    explained_variance   | 0.245        |
|    learning_rate        | 0.0003       |
|    loss                 | 1.54         |
|    n_updates            | 50           |
|    policy_gradient_loss | -0.0103      |
|    value_loss           | 3.79         |
------------------------------------------
-----------------------------------------
| rollout/                |             |
|    ep_len_mean          | 170         |
|    ep_rew_mean          | 1.05        |
| time/                   |             |
|    fps                  | 6           |
|    iterations           | 7           |
|    time_elapsed         | 543         |
|    total_timesteps      | 3584        |
| train/                  |             |
|    approx_kl            | 0.004017982 |
|    clip_fraction        | 0.00898     |
|    clip_range           | 0.2         |
|    entropy_loss         | -1.09       |
|    explained_variance   | 0.304       |
|    learning_rate        | 0.0003      |
|    loss                 | 1.22        |
|    n_updates            | 60          |
|    policy_gradient_loss | -0.000333   |
|    value_loss           | 2.08        |
-----------------------------------------
-----------------------------------------
| rollout/                |             |
|    ep_len_mean          | 184         |
|    ep_rew_mean          | 2.3         |
| time/                   |             |
|    fps                  | 6           |
|    iterations           | 8           |
|    time_elapsed         | 631         |
|    total_timesteps      | 4096        |
| train/                  |             |
|    approx_kl            | 0.006846309 |
|    clip_fraction        | 0.0396      |
|    clip_range           | 0.2         |
|    entropy_loss         | -1.09       |
|    explained_variance   | -0.154      |
|    learning_rate        | 0.0003      |
|    loss                 | 1.04        |
|    n_updates            | 70          |
|    policy_gradient_loss | -0.00034    |
|    value_loss           | 2.34        |
-----------------------------------------
-----------------------------------------
| rollout/                |             |
|    ep_len_mean          | 188         |
|    ep_rew_mean          | 2.5         |
| time/                   |             |
|    fps                  | 6           |
|    iterations           | 9           |
|    time_elapsed         | 721         |
|    total_timesteps      | 4608        |
| train/                  |             |
|    approx_kl            | 0.003406412 |
|    clip_fraction        | 0.00137     |
|    clip_range           | 0.2         |
|    entropy_loss         | -1.09       |
|    explained_variance   | 0.249       |
|    learning_rate        | 0.0003      |
|    loss                 | 1.26        |
|    n_updates            | 80          |
|    policy_gradient_loss | -0.00192    |
|    value_loss           | 3.18        |
-----------------------------------------
------------------------------------------
| rollout/                |              |
|    ep_len_mean          | 193          |
|    ep_rew_mean          | 2.6          |
| time/                   |              |
|    fps                  | 6            |
|    iterations           | 10           |
|    time_elapsed         | 810          |
|    total_timesteps      | 5120         |
| train/                  |              |
|    approx_kl            | 0.0021778385 |
|    clip_fraction        | 0.00645      |
|    clip_range           | 0.2          |
|    entropy_loss         | -1.09        |
|    explained_variance   | 0.0893       |
|    learning_rate        | 0.0003       |
|    loss                 | 3.1          |
|    n_updates            | 90           |
|    policy_gradient_loss | 0.00256      |
|    value_loss           | 2.74         |
------------------------------------------
------------------------------------------
| rollout/                |              |
|    ep_len_mean          | 195          |
|    ep_rew_mean          | 2.64         |
| time/                   |              |
|    fps                  | 6            |
|    iterations           | 11           |
|    time_elapsed         | 899          |
|    total_timesteps      | 5632         |
| train/                  |              |
|    approx_kl            | 0.0016324645 |
|    clip_fraction        | 0            |
|    clip_range           | 0.2          |
|    entropy_loss         | -1.09        |
|    explained_variance   | 0.299        |
|    learning_rate        | 0.0003       |
|    loss                 | 1.21         |
|    n_updates            | 100          |
|    policy_gradient_loss | 0.00322      |
|    value_loss           | 3.68         |
------------------------------------------
------------------------------------------
| rollout/                |              |
|    ep_len_mean          | 200          |
|    ep_rew_mean          | 2.86         |
| time/                   |              |
|    fps                  | 6            |
|    iterations           | 12           |
|    time_elapsed         | 987          |
|    total_timesteps      | 6144         |
| train/                  |              |
|    approx_kl            | 0.0037215436 |
|    clip_fraction        | 0.00215      |
|    clip_range           | 0.2          |
|    entropy_loss         | -1.09        |
|    explained_variance   | 0.413        |
|    learning_rate        | 0.0003       |
|    loss                 | 0.713        |
|    n_updates            | 110          |
|    policy_gradient_loss | -0.00184     |
|    value_loss           | 1.88         |
------------------------------------------
-----------------------------------------
| rollout/                |             |
|    ep_len_mean          | 197         |
|    ep_rew_mean          | 2.63        |
| time/                   |             |
|    fps                  | 6           |
|    iterations           | 13          |
|    time_elapsed         | 1075        |
|    total_timesteps      | 6656        |
| train/                  |             |
|    approx_kl            | 0.010611543 |
|    clip_fraction        | 0.0299      |
|    clip_range           | 0.2         |
|    entropy_loss         | -1.09       |
|    explained_variance   | 0.00702     |
|    learning_rate        | 0.0003      |
|    loss                 | 1.62        |
|    n_updates            | 120         |
|    policy_gradient_loss | -0.00667    |
|    value_loss           | 5.4         |
-----------------------------------------
-----------------------------------------
| rollout/                |             |
|    ep_len_mean          | 202         |
|    ep_rew_mean          | 2.86        |
| time/                   |             |
|    fps                  | 6           |
|    iterations           | 14          |
|    time_elapsed         | 1161        |
|    total_timesteps      | 7168        |
| train/                  |             |
|    approx_kl            | 0.005794041 |
|    clip_fraction        | 0.0143      |
|    clip_range           | 0.2         |
|    entropy_loss         | -1.09       |
|    explained_variance   | 0.17        |
|    learning_rate        | 0.0003      |
|    loss                 | 1.53        |
|    n_updates            | 130         |
|    policy_gradient_loss | -0.00131    |
|    value_loss           | 4.31        |
-----------------------------------------
-----------------------------------------
| rollout/                |             |
|    ep_len_mean          | 203         |
|    ep_rew_mean          | 2.83        |
| time/                   |             |
|    fps                  | 6           |
|    iterations           | 15          |
|    time_elapsed         | 1246        |
|    total_timesteps      | 7680        |
| train/                  |             |
|    approx_kl            | 0.008407067 |
|    clip_fraction        | 0.0574      |
|    clip_range           | 0.2         |
|    entropy_loss         | -1.05       |
|    explained_variance   | 0.442       |
|    learning_rate        | 0.0003      |
|    loss                 | 2.93        |
|    n_updates            | 140         |
|    policy_gradient_loss | -0.0107     |
|    value_loss           | 4.72        |
-----------------------------------------
-----------------------------------------
| rollout/                |             |
|    ep_len_mean          | 201         |
|    ep_rew_mean          | 2.65        |
| time/                   |             |
|    fps                  | 6           |
|    iterations           | 16          |
|    time_elapsed         | 1330        |
|    total_timesteps      | 8192        |
| train/                  |             |
|    approx_kl            | 0.008958161 |
|    clip_fraction        | 0.0549      |
|    clip_range           | 0.2         |
|    entropy_loss         | -1.07       |
|    explained_variance   | 0.401       |
|    learning_rate        | 0.0003      |
|    loss                 | 0.607       |
|    n_updates            | 150         |
|    policy_gradient_loss | -0.0114     |
|    value_loss           | 3.35        |
-----------------------------------------
---------------------------------------
| rollout/                |           |
|    ep_len_mean          | 204       |
|    ep_rew_mean          | 2.82      |
| time/                   |           |
|    fps                  | 6         |
|    iterations           | 17        |
|    time_elapsed         | 1417      |
|    total_timesteps      | 8704      |
| train/                  |           |
|    approx_kl            | 0.0081463 |
|    clip_fraction        | 0.0861    |
|    clip_range           | 0.2       |
|    entropy_loss         | -1.07     |
|    explained_variance   | -0.107    |
|    learning_rate        | 0.0003    |
|    loss                 | 2.2       |
|    n_updates            | 160       |
|    policy_gradient_loss | 0.00912   |
|    value_loss           | 6.09      |
---------------------------------------
------------------------------------------
| rollout/                |              |
|    ep_len_mean          | 203          |
|    ep_rew_mean          | 2.67         |
| time/                   |              |
|    fps                  | 6            |
|    iterations           | 18           |
|    time_elapsed         | 1502         |
|    total_timesteps      | 9216         |
| train/                  |              |
|    approx_kl            | 0.0057601836 |
|    clip_fraction        | 0.00977      |
|    clip_range           | 0.2          |
|    entropy_loss         | -1.08        |
|    explained_variance   | 0.00296      |
|    learning_rate        | 0.0003       |
|    loss                 | 2.9          |
|    n_updates            | 170          |
|    policy_gradient_loss | 0.000267     |
|    value_loss           | 4.89         |
------------------------------------------
------------------------------------------
| rollout/                |              |
|    ep_len_mean          | 201          |
|    ep_rew_mean          | 2.55         |
| time/                   |              |
|    fps                  | 6            |
|    iterations           | 19           |
|    time_elapsed         | 1588         |
|    total_timesteps      | 9728         |
| train/                  |              |
|    approx_kl            | 0.0065396894 |
|    clip_fraction        | 0.00762      |
|    clip_range           | 0.2          |
|    entropy_loss         | -1.09        |
|    explained_variance   | 0.195        |
|    learning_rate        | 0.0003       |
|    loss                 | 1.22         |
|    n_updates            | 180          |
|    policy_gradient_loss | -0.00411     |
|    value_loss           | 4.63         |
------------------------------------------
-----------------------------------------
| rollout/                |             |
|    ep_len_mean          | 207         |
|    ep_rew_mean          | 2.87        |
| time/                   |             |
|    fps                  | 3           |
|    iterations           | 20          |
|    time_elapsed         | 3112        |
|    total_timesteps      | 10240       |
| train/                  |             |
|    approx_kl            | 0.003257438 |
|    clip_fraction        | 0           |
|    clip_range           | 0.2         |
|    entropy_loss         | -1.09       |
|    explained_variance   | 0.141       |
|    learning_rate        | 0.0003      |
|    loss                 | 1.86        |
|    n_updates            | 190         |
|    policy_gradient_loss | -0.00288    |
|    value_loss           | 4.19        |
-----------------------------------------
-----------------------------------------
| rollout/                |             |
|    ep_len_mean          | 211         |
|    ep_rew_mean          | 3.11        |
| time/                   |             |
|    fps                  | 3           |
|    iterations           | 21          |
|    time_elapsed         | 3197        |
|    total_timesteps      | 10752       |
| train/                  |             |
|    approx_kl            | 0.003912268 |
|    clip_fraction        | 0           |
|    clip_range           | 0.2         |
|    entropy_loss         | -1.09       |
|    explained_variance   | -0.0517     |
|    learning_rate        | 0.0003      |
|    loss                 | 1.39        |
|    n_updates            | 200         |
|    policy_gradient_loss | 0.00218     |
|    value_loss           | 5.4         |
-----------------------------------------
-----------------------------------------
| rollout/                |             |
|    ep_len_mean          | 208         |
|    ep_rew_mean          | 2.91        |
| time/                   |             |
|    fps                  | 3           |
|    iterations           | 22          |
|    time_elapsed         | 3282        |
|    total_timesteps      | 11264       |
| train/                  |             |
|    approx_kl            | 0.007124235 |
|    clip_fraction        | 0.0352      |
|    clip_range           | 0.2         |
|    entropy_loss         | -1.09       |
|    explained_variance   | -0.213      |
|    learning_rate        | 0.0003      |
|    loss                 | 3.2         |
|    n_updates            | 210         |
|    policy_gradient_loss | -0.00187    |
|    value_loss           | 4.48        |
-----------------------------------------
----------------------------------------
| rollout/                |            |
|    ep_len_mean          | 207        |
|    ep_rew_mean          | 2.77       |
| time/                   |            |
|    fps                  | 3          |
|    iterations           | 23         |
|    time_elapsed         | 3370       |
|    total_timesteps      | 11776      |
| train/                  |            |
|    approx_kl            | 0.00525169 |
|    clip_fraction        | 0.00684    |
|    clip_range           | 0.2        |
|    entropy_loss         | -1.08      |
|    explained_variance   | 0.255      |
|    learning_rate        | 0.0003     |
|    loss                 | 0.989      |
|    n_updates            | 220        |
|    policy_gradient_loss | -0.00242   |
|    value_loss           | 4.67       |
----------------------------------------
------------------------------------------
| rollout/                |              |
|    ep_len_mean          | 207          |
|    ep_rew_mean          | 2.79         |
| time/                   |              |
|    fps                  | 0            |
|    iterations           | 24           |
|    time_elapsed         | 18090        |
|    total_timesteps      | 12288        |
| train/                  |              |
|    approx_kl            | 0.0068955678 |
|    clip_fraction        | 0.0133       |
|    clip_range           | 0.2          |
|    entropy_loss         | -1.06        |
|    explained_variance   | 0.373        |
|    learning_rate        | 0.0003       |
|    loss                 | 1.79         |
|    n_updates            | 230          |
|    policy_gradient_loss | -0.00162     |
|    value_loss           | 3.71         |
------------------------------------------
----------------------------------------
| rollout/                |            |
|    ep_len_mean          | 205        |
|    ep_rew_mean          | 2.63       |
| time/                   |            |
|    fps                  | 0          |
|    iterations           | 25         |
|    time_elapsed         | 18174      |
|    total_timesteps      | 12800      |
| train/                  |            |
|    approx_kl            | 0.00506686 |
|    clip_fraction        | 0.00215    |
|    clip_range           | 0.2        |
|    entropy_loss         | -1.06      |
|    explained_variance   | 0.428      |
|    learning_rate        | 0.0003     |
|    loss                 | 0.485      |
|    n_updates            | 240        |
|    policy_gradient_loss | 0.0014     |
|    value_loss           | 1.99       |
----------------------------------------
------------------------------------------
| rollout/                |              |
|    ep_len_mean          | 200          |
|    ep_rew_mean          | 2.29         |
| time/                   |              |
|    fps                  | 0            |
|    iterations           | 26           |
|    time_elapsed         | 18257        |
|    total_timesteps      | 13312        |
| train/                  |              |
|    approx_kl            | 0.0052389028 |
|    clip_fraction        | 0.0084       |
|    clip_range           | 0.2          |
|    entropy_loss         | -1           |
|    explained_variance   | 0.887        |
|    learning_rate        | 0.0003       |
|    loss                 | 0.103        |
|    n_updates            | 250          |
|    policy_gradient_loss | -0.00501     |
|    value_loss           | 0.854        |
------------------------------------------
----------------------------------------
| rollout/                |            |
|    ep_len_mean          | 197        |
|    ep_rew_mean          | 2.08       |
| time/                   |            |
|    fps                  | 0          |
|    iterations           | 27         |
|    time_elapsed         | 18341      |
|    total_timesteps      | 13824      |
| train/                  |            |
|    approx_kl            | 0.00782913 |
|    clip_fraction        | 0.0266     |
|    clip_range           | 0.2        |
|    entropy_loss         | -0.959     |
|    explained_variance   | 0.924      |
|    learning_rate        | 0.0003     |
|    loss                 | 0.0738     |
|    n_updates            | 260        |
|    policy_gradient_loss | -0.00722   |
|    value_loss           | 0.408      |
----------------------------------------
------------------------------------------
| rollout/                |              |
|    ep_len_mean          | 196          |
|    ep_rew_mean          | 1.98         |
| time/                   |              |
|    fps                  | 0            |
|    iterations           | 28           |
|    time_elapsed         | 18425        |
|    total_timesteps      | 14336        |
| train/                  |              |
|    approx_kl            | 0.0072573842 |
|    clip_fraction        | 0.0342       |
|    clip_range           | 0.2          |
|    entropy_loss         | -0.939       |
|    explained_variance   | 0.917        |
|    learning_rate        | 0.0003       |
|    loss                 | 0.0555       |
|    n_updates            | 270          |
|    policy_gradient_loss | -0.00375     |
|    value_loss           | 0.604        |
------------------------------------------
-----------------------------------------
| rollout/                |             |
|    ep_len_mean          | 193         |
|    ep_rew_mean          | 1.75        |
| time/                   |             |
|    fps                  | 0           |
|    iterations           | 29          |
|    time_elapsed         | 18510       |
|    total_timesteps      | 14848       |
| train/                  |             |
|    approx_kl            | 0.003518245 |
|    clip_fraction        | 0.0229      |
|    clip_range           | 0.2         |
|    entropy_loss         | -0.937      |
|    explained_variance   | 0.798       |
|    learning_rate        | 0.0003      |
|    loss                 | 0.0718      |
|    n_updates            | 280         |
|    policy_gradient_loss | 0.00156     |
|    value_loss           | 0.893       |
-----------------------------------------
-----------------------------------------
| rollout/                |             |
|    ep_len_mean          | 190         |
|    ep_rew_mean          | 1.54        |
| time/                   |             |
|    fps                  | 0           |
|    iterations           | 30          |
|    time_elapsed         | 18594       |
|    total_timesteps      | 15360       |
| train/                  |             |
|    approx_kl            | 0.003857401 |
|    clip_fraction        | 0.0109      |
|    clip_range           | 0.2         |
|    entropy_loss         | -0.889      |
|    explained_variance   | 0.981       |
|    learning_rate        | 0.0003      |
|    loss                 | 0.0154      |
|    n_updates            | 290         |
|    policy_gradient_loss | -0.000795   |
|    value_loss           | 0.118       |
-----------------------------------------
------------------------------------------
| rollout/                |              |
|    ep_len_mean          | 189          |
|    ep_rew_mean          | 1.47         |
| time/                   |              |
|    fps                  | 0            |
|    iterations           | 31           |
|    time_elapsed         | 18676        |
|    total_timesteps      | 15872        |
| train/                  |              |
|    approx_kl            | 0.0064204135 |
|    clip_fraction        | 0.0277       |
|    clip_range           | 0.2          |
|    entropy_loss         | -0.881       |
|    explained_variance   | 0.936        |
|    learning_rate        | 0.0003       |
|    loss                 | 0.0557       |
|    n_updates            | 300          |
|    policy_gradient_loss | -0.00326     |
|    value_loss           | 0.357        |
------------------------------------------
-----------------------------------------
| rollout/                |             |
|    ep_len_mean          | 187         |
|    ep_rew_mean          | 1.34        |
| time/                   |             |
|    fps                  | 0           |
|    iterations           | 32          |
|    time_elapsed         | 18759       |
|    total_timesteps      | 16384       |
| train/                  |             |
|    approx_kl            | 0.003828486 |
|    clip_fraction        | 0.0211      |
|    clip_range           | 0.2         |
|    entropy_loss         | -0.918      |
|    explained_variance   | 0.882       |
|    learning_rate        | 0.0003      |
|    loss                 | 0.197       |
|    n_updates            | 310         |
|    policy_gradient_loss | -0.00358    |
|    value_loss           | 0.557       |
-----------------------------------------
-----------------------------------------
| rollout/                |             |
|    ep_len_mean          | 185         |
|    ep_rew_mean          | 1.23        |
| time/                   |             |
|    fps                  | 0           |
|    iterations           | 33          |
|    time_elapsed         | 18843       |
|    total_timesteps      | 16896       |
| train/                  |             |
|    approx_kl            | 0.007999718 |
|    clip_fraction        | 0.0318      |
|    clip_range           | 0.2         |
|    entropy_loss         | -0.943      |
|    explained_variance   | 0.903       |
|    learning_rate        | 0.0003      |
|    loss                 | 0.0243      |
|    n_updates            | 320         |
|    policy_gradient_loss | -0.00508    |
|    value_loss           | 0.253       |
-----------------------------------------
-----------------------------------------
| rollout/                |             |
|    ep_len_mean          | 184         |
|    ep_rew_mean          | 1.11        |
| time/                   |             |
|    fps                  | 0           |
|    iterations           | 34          |
|    time_elapsed         | 18926       |
|    total_timesteps      | 17408       |
| train/                  |             |
|    approx_kl            | 0.011496659 |
|    clip_fraction        | 0.0377      |
|    clip_range           | 0.2         |
|    entropy_loss         | -0.951      |
|    explained_variance   | 0.956       |
|    learning_rate        | 0.0003      |
|    loss                 | 0.00394     |
|    n_updates            | 330         |
|    policy_gradient_loss | -0.0036     |
|    value_loss           | 0.205       |
-----------------------------------------
-----------------------------------------
| rollout/                |             |
|    ep_len_mean          | 182         |
|    ep_rew_mean          | 1           |
| time/                   |             |
|    fps                  | 0           |
|    iterations           | 35          |
|    time_elapsed         | 19012       |
|    total_timesteps      | 17920       |
| train/                  |             |
|    approx_kl            | 0.012764944 |
|    clip_fraction        | 0.0719      |
|    clip_range           | 0.2         |
|    entropy_loss         | -0.935      |
|    explained_variance   | 0.987       |
|    learning_rate        | 0.0003      |
|    loss                 | 0.0144      |
|    n_updates            | 340         |
|    policy_gradient_loss | -0.00884    |
|    value_loss           | 0.0851      |
-----------------------------------------
------------------------------------------
| rollout/                |              |
|    ep_len_mean          | 180          |
|    ep_rew_mean          | 0.847        |
| time/                   |              |
|    fps                  | 0            |
|    iterations           | 36           |
|    time_elapsed         | 19095        |
|    total_timesteps      | 18432        |
| train/                  |              |
|    approx_kl            | 0.0042465245 |
|    clip_fraction        | 0.025        |
|    clip_range           | 0.2          |
|    entropy_loss         | -0.953       |
|    explained_variance   | 0.977        |
|    learning_rate        | 0.0003       |
|    loss                 | 0.0284       |
|    n_updates            | 350          |
|    policy_gradient_loss | -0.00809     |
|    value_loss           | 0.114        |
------------------------------------------
------------------------------------------
| rollout/                |              |
|    ep_len_mean          | 180          |
|    ep_rew_mean          | 0.824        |
| time/                   |              |
|    fps                  | 0            |
|    iterations           | 37           |
|    time_elapsed         | 19179        |
|    total_timesteps      | 18944        |
| train/                  |              |
|    approx_kl            | 0.0025549594 |
|    clip_fraction        | 0.0264       |
|    clip_range           | 0.2          |
|    entropy_loss         | -0.92        |
|    explained_variance   | 0.706        |
|    learning_rate        | 0.0003       |
|    loss                 | 0.0582       |
|    n_updates            | 360          |
|    policy_gradient_loss | 0.00348      |
|    value_loss           | 1.1          |
------------------------------------------
-----------------------------------------
| rollout/                |             |
|    ep_len_mean          | 182         |
|    ep_rew_mean          | 0.949       |
| time/                   |             |
|    fps                  | 1           |
|    iterations           | 38          |
|    time_elapsed         | 19262       |
|    total_timesteps      | 19456       |
| train/                  |             |
|    approx_kl            | 0.002557965 |
|    clip_fraction        | 0.00176     |
|    clip_range           | 0.2         |
|    entropy_loss         | -0.96       |
|    explained_variance   | 0.935       |
|    learning_rate        | 0.0003      |
|    loss                 | 0.0323      |
|    n_updates            | 370         |
|    policy_gradient_loss | -0.00322    |
|    value_loss           | 0.342       |
-----------------------------------------
-----------------------------------------
| rollout/                |             |
|    ep_len_mean          | 185         |
|    ep_rew_mean          | 1.16        |
| time/                   |             |
|    fps                  | 1           |
|    iterations           | 39          |
|    time_elapsed         | 19345       |
|    total_timesteps      | 19968       |
| train/                  |             |
|    approx_kl            | 0.008213281 |
|    clip_fraction        | 0.0365      |
|    clip_range           | 0.2         |
|    entropy_loss         | -0.926      |
|    explained_variance   | 0.971       |
|    learning_rate        | 0.0003      |
|    loss                 | 0.00929     |
|    n_updates            | 380         |
|    policy_gradient_loss | -0.00559    |
|    value_loss           | 0.133       |
-----------------------------------------
------------------------------------------
| rollout/                |              |
|    ep_len_mean          | 183          |
|    ep_rew_mean          | 0.883        |
| time/                   |              |
|    fps                  | 1            |
|    iterations           | 40           |
|    time_elapsed         | 19428        |
|    total_timesteps      | 20480        |
| train/                  |              |
|    approx_kl            | 0.0024709883 |
|    clip_fraction        | 0.0041       |
|    clip_range           | 0.2          |
|    entropy_loss         | -0.922       |
|    explained_variance   | 0.949        |
|    learning_rate        | 0.0003       |
|    loss                 | 0.0234       |
|    n_updates            | 390          |
|    policy_gradient_loss | -0.00283     |
|    value_loss           | 0.154        |
------------------------------------------
-----------------------------------------
| rollout/                |             |
|    ep_len_mean          | 181         |
|    ep_rew_mean          | 0.703       |
| time/                   |             |
|    fps                  | 1           |
|    iterations           | 41          |
|    time_elapsed         | 19511       |
|    total_timesteps      | 20992       |
| train/                  |             |
|    approx_kl            | 0.001153835 |
|    clip_fraction        | 0.00176     |
|    clip_range           | 0.2         |
|    entropy_loss         | -0.836      |
|    explained_variance   | 0.947       |
|    learning_rate        | 0.0003      |
|    loss                 | 0.099       |
|    n_updates            | 400         |
|    policy_gradient_loss | 0.000274    |
|    value_loss           | 0.196       |
-----------------------------------------
------------------------------------------
| rollout/                |              |
|    ep_len_mean          | 177          |
|    ep_rew_mean          | 0.318        |
| time/                   |              |
|    fps                  | 1            |
|    iterations           | 42           |
|    time_elapsed         | 19593        |
|    total_timesteps      | 21504        |
| train/                  |              |
|    approx_kl            | 0.0041098953 |
|    clip_fraction        | 0.0191       |
|    clip_range           | 0.2          |
|    entropy_loss         | -0.855       |
|    explained_variance   | 0.97         |
|    learning_rate        | 0.0003       |
|    loss                 | -0.00178     |
|    n_updates            | 410          |
|    policy_gradient_loss | -0.00225     |
|    value_loss           | 0.147        |
------------------------------------------
-----------------------------------------
| rollout/                |             |
|    ep_len_mean          | 171         |
|    ep_rew_mean          | -0.038      |
| time/                   |             |
|    fps                  | 1           |
|    iterations           | 43          |
|    time_elapsed         | 19675       |
|    total_timesteps      | 22016       |
| train/                  |             |
|    approx_kl            | 0.005030508 |
|    clip_fraction        | 0.0102      |
|    clip_range           | 0.2         |
|    entropy_loss         | -0.84       |
|    explained_variance   | 0.986       |
|    learning_rate        | 0.0003      |
|    loss                 | 0.0137      |
|    n_updates            | 420         |
|    policy_gradient_loss | -0.00196    |
|    value_loss           | 0.0582      |
-----------------------------------------
------------------------------------------
| rollout/                |              |
|    ep_len_mean          | 170          |
|    ep_rew_mean          | -0.126       |
| time/                   |              |
|    fps                  | 1            |
|    iterations           | 44           |
|    time_elapsed         | 19762        |
|    total_timesteps      | 22528        |
| train/                  |              |
|    approx_kl            | 0.0022444027 |
|    clip_fraction        | 0.0166       |
|    clip_range           | 0.2          |
|    entropy_loss         | -0.877       |
|    explained_variance   | 0.818        |
|    learning_rate        | 0.0003       |
|    loss                 | 0.182        |
|    n_updates            | 430          |
|    policy_gradient_loss | -5.29e-05    |
|    value_loss           | 1.2          |
------------------------------------------
-----------------------------------------
| rollout/                |             |
|    ep_len_mean          | 167         |
|    ep_rew_mean          | -0.3        |
| time/                   |             |
|    fps                  | 1           |
|    iterations           | 45          |
|    time_elapsed         | 19848       |
|    total_timesteps      | 23040       |
| train/                  |             |
|    approx_kl            | 0.010372176 |
|    clip_fraction        | 0.0592      |
|    clip_range           | 0.2         |
|    entropy_loss         | -0.878      |
|    explained_variance   | 0.973       |
|    learning_rate        | 0.0003      |
|    loss                 | -0.0123     |
|    n_updates            | 440         |
|    policy_gradient_loss | -0.00117    |
|    value_loss           | 0.0685      |
-----------------------------------------
------------------------------------------
| rollout/                |              |
|    ep_len_mean          | 164          |
|    ep_rew_mean          | -0.501       |
| time/                   |              |
|    fps                  | 1            |
|    iterations           | 46           |
|    time_elapsed         | 19933        |
|    total_timesteps      | 23552        |
| train/                  |              |
|    approx_kl            | 0.0029637953 |
|    clip_fraction        | 0.00215      |
|    clip_range           | 0.2          |
|    entropy_loss         | -0.895       |
|    explained_variance   | 0.984        |
|    learning_rate        | 0.0003       |
|    loss                 | -0.00167     |
|    n_updates            | 450          |
|    policy_gradient_loss | -0.0017      |
|    value_loss           | 0.0588       |
------------------------------------------
------------------------------------------
| rollout/                |              |
|    ep_len_mean          | 162          |
|    ep_rew_mean          | -0.591       |
| time/                   |              |
|    fps                  | 1            |
|    iterations           | 47           |
|    time_elapsed         | 20020        |
|    total_timesteps      | 24064        |
| train/                  |              |
|    approx_kl            | 0.0043739537 |
|    clip_fraction        | 0.0367       |
|    clip_range           | 0.2          |
|    entropy_loss         | -0.903       |
|    explained_variance   | 0.896        |
|    learning_rate        | 0.0003       |
|    loss                 | 0.111        |
|    n_updates            | 460          |
|    policy_gradient_loss | 0.000356     |
|    value_loss           | 0.493        |
------------------------------------------
------------------------------------------
| rollout/                |              |
|    ep_len_mean          | 159          |
|    ep_rew_mean          | -0.806       |
| time/                   |              |
|    fps                  | 1            |
|    iterations           | 48           |
|    time_elapsed         | 20107        |
|    total_timesteps      | 24576        |
| train/                  |              |
|    approx_kl            | 0.0052404753 |
|    clip_fraction        | 0.027        |
|    clip_range           | 0.2          |
|    entropy_loss         | -0.85        |
|    explained_variance   | 0.991        |
|    learning_rate        | 0.0003       |
|    loss                 | 0.00135      |
|    n_updates            | 470          |
|    policy_gradient_loss | -0.0053      |
|    value_loss           | 0.0572       |
------------------------------------------
-----------------------------------------
| rollout/                |             |
|    ep_len_mean          | 157         |
|    ep_rew_mean          | -0.914      |
| time/                   |             |
|    fps                  | 1           |
|    iterations           | 49          |
|    time_elapsed         | 20196       |
|    total_timesteps      | 25088       |
| train/                  |             |
|    approx_kl            | 0.007654281 |
|    clip_fraction        | 0.0143      |
|    clip_range           | 0.2         |
|    entropy_loss         | -0.84       |
|    explained_variance   | 0.914       |
|    learning_rate        | 0.0003      |
|    loss                 | 0.0244      |
|    n_updates            | 480         |
|    policy_gradient_loss | 0.000541    |
|    value_loss           | 0.394       |
-----------------------------------------
-----------------------------------------
| rollout/                |             |
|    ep_len_mean          | 154         |
|    ep_rew_mean          | -1.16       |
| time/                   |             |
|    fps                  | 1           |
|    iterations           | 50          |
|    time_elapsed         | 20283       |
|    total_timesteps      | 25600       |
| train/                  |             |
|    approx_kl            | 0.012418091 |
|    clip_fraction        | 0.0684      |
|    clip_range           | 0.2         |
|    entropy_loss         | -0.819      |
|    explained_variance   | 0.984       |
|    learning_rate        | 0.0003      |
|    loss                 | 0.00159     |
|    n_updates            | 490         |
|    policy_gradient_loss | -0.00426    |
|    value_loss           | 0.0572      |
-----------------------------------------
----------------------------------------
| rollout/                |            |
|    ep_len_mean          | 150        |
|    ep_rew_mean          | -1.4       |
| time/                   |            |
|    fps                  | 1          |
|    iterations           | 51         |
|    time_elapsed         | 20369      |
|    total_timesteps      | 26112      |
| train/                  |            |
|    approx_kl            | 0.00732195 |
|    clip_fraction        | 0.0381     |
|    clip_range           | 0.2        |
|    entropy_loss         | -0.876     |
|    explained_variance   | 0.959      |
|    learning_rate        | 0.0003     |
|    loss                 | 0.0028     |
|    n_updates            | 500        |
|    policy_gradient_loss | 4.3e-05    |
|    value_loss           | 0.129      |
----------------------------------------
-----------------------------------------
| rollout/                |             |
|    ep_len_mean          | 150         |
|    ep_rew_mean          | -1.39       |
| time/                   |             |
|    fps                  | 1           |
|    iterations           | 52          |
|    time_elapsed         | 20455       |
|    total_timesteps      | 26624       |
| train/                  |             |
|    approx_kl            | 0.008666955 |
|    clip_fraction        | 0.0127      |
|    clip_range           | 0.2         |
|    entropy_loss         | -0.901      |
|    explained_variance   | 0.924       |
|    learning_rate        | 0.0003      |
|    loss                 | 0.184       |
|    n_updates            | 510         |
|    policy_gradient_loss | -0.00123    |
|    value_loss           | 0.486       |
-----------------------------------------
-----------------------------------------
| rollout/                |             |
|    ep_len_mean          | 150         |
|    ep_rew_mean          | -1.37       |
| time/                   |             |
|    fps                  | 1           |
|    iterations           | 53          |
|    time_elapsed         | 20541       |
|    total_timesteps      | 27136       |
| train/                  |             |
|    approx_kl            | 0.003200885 |
|    clip_fraction        | 0.0262      |
|    clip_range           | 0.2         |
|    entropy_loss         | -0.908      |
|    explained_variance   | 0.935       |
|    learning_rate        | 0.0003      |
|    loss                 | 0.0566      |
|    n_updates            | 520         |
|    policy_gradient_loss | -0.00507    |
|    value_loss           | 0.219       |
-----------------------------------------
-----------------------------------------
| rollout/                |             |
|    ep_len_mean          | 149         |
|    ep_rew_mean          | -1.44       |
| time/                   |             |
|    fps                  | 1           |
|    iterations           | 54          |
|    time_elapsed         | 20630       |
|    total_timesteps      | 27648       |
| train/                  |             |
|    approx_kl            | 0.002019989 |
|    clip_fraction        | 0.000586    |
|    clip_range           | 0.2         |
|    entropy_loss         | -0.93       |
|    explained_variance   | 0.931       |
|    learning_rate        | 0.0003      |
|    loss                 | 0.00333     |
|    n_updates            | 530         |
|    policy_gradient_loss | -0.00166    |
|    value_loss           | 0.168       |
-----------------------------------------
------------------------------------------
| rollout/                |              |
|    ep_len_mean          | 150          |
|    ep_rew_mean          | -1.37        |
| time/                   |              |
|    fps                  | 1            |
|    iterations           | 55           |
|    time_elapsed         | 20718        |
|    total_timesteps      | 28160        |
| train/                  |              |
|    approx_kl            | 0.0065787006 |
|    clip_fraction        | 0.0559       |
|    clip_range           | 0.2          |
|    entropy_loss         | -0.873       |
|    explained_variance   | 0.979        |
|    learning_rate        | 0.0003       |
|    loss                 | 0.0105       |
|    n_updates            | 540          |
|    policy_gradient_loss | -0.00766     |
|    value_loss           | 0.0799       |
------------------------------------------
-----------------------------------------
| rollout/                |             |
|    ep_len_mean          | 151         |
|    ep_rew_mean          | -1.31       |
| time/                   |             |
|    fps                  | 1           |
|    iterations           | 56          |
|    time_elapsed         | 20805       |
|    total_timesteps      | 28672       |
| train/                  |             |
|    approx_kl            | 0.000626922 |
|    clip_fraction        | 0.000195    |
|    clip_range           | 0.2         |
|    entropy_loss         | -0.855      |
|    explained_variance   | 0.972       |
|    learning_rate        | 0.0003      |
|    loss                 | 0.0312      |
|    n_updates            | 550         |
|    policy_gradient_loss | -0.00128    |
|    value_loss           | 0.107       |
-----------------------------------------
------------------------------------------
| rollout/                |              |
|    ep_len_mean          | 152          |
|    ep_rew_mean          | -1.29        |
| time/                   |              |
|    fps                  | 1            |
|    iterations           | 57           |
|    time_elapsed         | 20890        |
|    total_timesteps      | 29184        |
| train/                  |              |
|    approx_kl            | 0.0029076384 |
|    clip_fraction        | 0.0121       |
|    clip_range           | 0.2          |
|    entropy_loss         | -0.878       |
|    explained_variance   | 0.973        |
|    learning_rate        | 0.0003       |
|    loss                 | 0.0539       |
|    n_updates            | 560          |
|    policy_gradient_loss | -0.00366     |
|    value_loss           | 0.17         |
------------------------------------------
------------------------------------------
| rollout/                |              |
|    ep_len_mean          | 151          |
|    ep_rew_mean          | -1.34        |
| time/                   |              |
|    fps                  | 1            |
|    iterations           | 58           |
|    time_elapsed         | 20975        |
|    total_timesteps      | 29696        |
| train/                  |              |
|    approx_kl            | 0.0062506017 |
|    clip_fraction        | 0.0359       |
|    clip_range           | 0.2          |
|    entropy_loss         | -0.84        |
|    explained_variance   | 0.967        |
|    learning_rate        | 0.0003       |
|    loss                 | 0.0174       |
|    n_updates            | 570          |
|    policy_gradient_loss | -0.00245     |
|    value_loss           | 0.0804       |
------------------------------------------
------------------------------------------
| rollout/                |              |
|    ep_len_mean          | 151          |
|    ep_rew_mean          | -1.32        |
| time/                   |              |
|    fps                  | 1            |
|    iterations           | 59           |
|    time_elapsed         | 21058        |
|    total_timesteps      | 30208        |
| train/                  |              |
|    approx_kl            | 0.0027629095 |
|    clip_fraction        | 0.0264       |
|    clip_range           | 0.2          |
|    entropy_loss         | -0.865       |
|    explained_variance   | 0.828        |
|    learning_rate        | 0.0003       |
|    loss                 | 0.139        |
|    n_updates            | 580          |
|    policy_gradient_loss | -0.00304     |
|    value_loss           | 1.14         |
------------------------------------------
-----------------------------------------
| rollout/                |             |
|    ep_len_mean          | 151         |
|    ep_rew_mean          | -1.34       |
| time/                   |             |
|    fps                  | 1           |
|    iterations           | 60          |
|    time_elapsed         | 21142       |
|    total_timesteps      | 30720       |
| train/                  |             |
|    approx_kl            | 0.002863945 |
|    clip_fraction        | 0.0127      |
|    clip_range           | 0.2         |
|    entropy_loss         | -0.855      |
|    explained_variance   | 0.96        |
|    learning_rate        | 0.0003      |
|    loss                 | 7.25e-05    |
|    n_updates            | 590         |
|    policy_gradient_loss | -0.00295    |
|    value_loss           | 0.133       |
-----------------------------------------
-----------------------------------------
| rollout/                |             |
|    ep_len_mean          | 150         |
|    ep_rew_mean          | -1.37       |
| time/                   |             |
|    fps                  | 1           |
|    iterations           | 61          |
|    time_elapsed         | 21226       |
|    total_timesteps      | 31232       |
| train/                  |             |
|    approx_kl            | 0.009015085 |
|    clip_fraction        | 0.0959      |
|    clip_range           | 0.2         |
|    entropy_loss         | -0.816      |
|    explained_variance   | 0.993       |
|    learning_rate        | 0.0003      |
|    loss                 | -0.0194     |
|    n_updates            | 600         |
|    policy_gradient_loss | -0.0139     |
|    value_loss           | 0.0271      |
-----------------------------------------
------------------------------------------
| rollout/                |              |
|    ep_len_mean          | 150          |
|    ep_rew_mean          | -1.4         |
| time/                   |              |
|    fps                  | 1            |
|    iterations           | 62           |
|    time_elapsed         | 21311        |
|    total_timesteps      | 31744        |
| train/                  |              |
|    approx_kl            | 0.0034643062 |
|    clip_fraction        | 0.00977      |
|    clip_range           | 0.2          |
|    entropy_loss         | -0.853       |
|    explained_variance   | 0.975        |
|    learning_rate        | 0.0003       |
|    loss                 | 0.0249       |
|    n_updates            | 610          |
|    policy_gradient_loss | 0.000451     |
|    value_loss           | 0.128        |
------------------------------------------
------------------------------------------
| rollout/                |              |
|    ep_len_mean          | 151          |
|    ep_rew_mean          | -1.3         |
| time/                   |              |
|    fps                  | 1            |
|    iterations           | 63           |
|    time_elapsed         | 21399        |
|    total_timesteps      | 32256        |
| train/                  |              |
|    approx_kl            | 0.0011412881 |
|    clip_fraction        | 0.00566      |
|    clip_range           | 0.2          |
|    entropy_loss         | -0.827       |
|    explained_variance   | 0.991        |
|    learning_rate        | 0.0003       |
|    loss                 | 0.0199       |
|    n_updates            | 620          |
|    policy_gradient_loss | -0.00156     |
|    value_loss           | 0.0567       |
------------------------------------------
-----------------------------------------
| rollout/                |             |
|    ep_len_mean          | 151         |
|    ep_rew_mean          | -1.3        |
| time/                   |             |
|    fps                  | 1           |
|    iterations           | 64          |
|    time_elapsed         | 21486       |
|    total_timesteps      | 32768       |
| train/                  |             |
|    approx_kl            | 0.003615399 |
|    clip_fraction        | 0.0217      |
|    clip_range           | 0.2         |
|    entropy_loss         | -0.835      |
|    explained_variance   | 0.906       |
|    learning_rate        | 0.0003      |
|    loss                 | 0.0371      |
|    n_updates            | 630         |
|    policy_gradient_loss | -0.0058     |
|    value_loss           | 0.253       |
-----------------------------------------
------------------------------------------
| rollout/                |              |
|    ep_len_mean          | 152          |
|    ep_rew_mean          | -1.25        |
| time/                   |              |
|    fps                  | 1            |
|    iterations           | 65           |
|    time_elapsed         | 21573        |
|    total_timesteps      | 33280        |
| train/                  |              |
|    approx_kl            | 0.0030448649 |
|    clip_fraction        | 0.0305       |
|    clip_range           | 0.2          |
|    entropy_loss         | -0.835       |
|    explained_variance   | 0.964        |
|    learning_rate        | 0.0003       |
|    loss                 | -0.01        |
|    n_updates            | 640          |
|    policy_gradient_loss | -0.00351     |
|    value_loss           | 0.112        |
------------------------------------------
------------------------------------------
| rollout/                |              |
|    ep_len_mean          | 153          |
|    ep_rew_mean          | -1.21        |
| time/                   |              |
|    fps                  | 1            |
|    iterations           | 66           |
|    time_elapsed         | 21656        |
|    total_timesteps      | 33792        |
| train/                  |              |
|    approx_kl            | 0.0070245173 |
|    clip_fraction        | 0.0229       |
|    clip_range           | 0.2          |
|    entropy_loss         | -0.853       |
|    explained_variance   | 0.971        |
|    learning_rate        | 0.0003       |
|    loss                 | 0.0128       |
|    n_updates            | 650          |
|    policy_gradient_loss | -0.00119     |
|    value_loss           | 0.101        |
------------------------------------------
-----------------------------------------
| rollout/                |             |
|    ep_len_mean          | 152         |
|    ep_rew_mean          | -1.25       |
| time/                   |             |
|    fps                  | 1           |
|    iterations           | 67          |
|    time_elapsed         | 21740       |
|    total_timesteps      | 34304       |
| train/                  |             |
|    approx_kl            | 0.004663655 |
|    clip_fraction        | 0.0186      |
|    clip_range           | 0.2         |
|    entropy_loss         | -0.812      |
|    explained_variance   | 0.979       |
|    learning_rate        | 0.0003      |
|    loss                 | 0.00228     |
|    n_updates            | 660         |
|    policy_gradient_loss | -0.000448   |
|    value_loss           | 0.084       |
-----------------------------------------
----------------------------------------
| rollout/                |            |
|    ep_len_mean          | 151        |
|    ep_rew_mean          | -1.36      |
| time/                   |            |
|    fps                  | 1          |
|    iterations           | 68         |
|    time_elapsed         | 21823      |
|    total_timesteps      | 34816      |
| train/                  |            |
|    approx_kl            | 0.00973236 |
|    clip_fraction        | 0.0535     |
|    clip_range           | 0.2        |
|    entropy_loss         | -0.791     |
|    explained_variance   | 0.986      |
|    learning_rate        | 0.0003     |
|    loss                 | -0.00318   |
|    n_updates            | 670        |
|    policy_gradient_loss | -0.00476   |
|    value_loss           | 0.0535     |
----------------------------------------
------------------------------------------
| rollout/                |              |
|    ep_len_mean          | 150          |
|    ep_rew_mean          | -1.42        |
| time/                   |              |
|    fps                  | 1            |
|    iterations           | 69           |
|    time_elapsed         | 21907        |
|    total_timesteps      | 35328        |
| train/                  |              |
|    approx_kl            | 0.0007972114 |
|    clip_fraction        | 0.00137      |
|    clip_range           | 0.2          |
|    entropy_loss         | -0.839       |
|    explained_variance   | 0.989        |
|    learning_rate        | 0.0003       |
|    loss                 | 0.00718      |
|    n_updates            | 680          |
|    policy_gradient_loss | 1.28e-05     |
|    value_loss           | 0.0416       |
------------------------------------------
-----------------------------------------
| rollout/                |             |
|    ep_len_mean          | 151         |
|    ep_rew_mean          | -1.32       |
| time/                   |             |
|    fps                  | 1           |
|    iterations           | 70          |
|    time_elapsed         | 21990       |
|    total_timesteps      | 35840       |
| train/                  |             |
|    approx_kl            | 0.005622541 |
|    clip_fraction        | 0.00781     |
|    clip_range           | 0.2         |
|    entropy_loss         | -0.831      |
|    explained_variance   | 0.98        |
|    learning_rate        | 0.0003      |
|    loss                 | 0.0147      |
|    n_updates            | 690         |
|    policy_gradient_loss | -0.00221    |
|    value_loss           | 0.0862      |
-----------------------------------------
-----------------------------------------
| rollout/                |             |
|    ep_len_mean          | 151         |
|    ep_rew_mean          | -1.31       |
| time/                   |             |
|    fps                  | 1           |
|    iterations           | 71          |
|    time_elapsed         | 22074       |
|    total_timesteps      | 36352       |
| train/                  |             |
|    approx_kl            | 0.002408017 |
|    clip_fraction        | 0.00937     |
|    clip_range           | 0.2         |
|    entropy_loss         | -0.788      |
|    explained_variance   | 0.931       |
|    learning_rate        | 0.0003      |
|    loss                 | 0.0495      |
|    n_updates            | 700         |
|    policy_gradient_loss | 0.00212     |
|    value_loss           | 0.317       |
-----------------------------------------
------------------------------------------
| rollout/                |              |
|    ep_len_mean          | 151          |
|    ep_rew_mean          | -1.34        |
| time/                   |              |
|    fps                  | 1            |
|    iterations           | 72           |
|    time_elapsed         | 22160        |
|    total_timesteps      | 36864        |
| train/                  |              |
|    approx_kl            | 0.0036759507 |
|    clip_fraction        | 0.00547      |
|    clip_range           | 0.2          |
|    entropy_loss         | -0.806       |
|    explained_variance   | 0.983        |
|    learning_rate        | 0.0003       |
|    loss                 | 0.00747      |
|    n_updates            | 710          |
|    policy_gradient_loss | -0.00388     |
|    value_loss           | 0.0795       |
------------------------------------------
------------------------------------------
| rollout/                |              |
|    ep_len_mean          | 152          |
|    ep_rew_mean          | -1.25        |
| time/                   |              |
|    fps                  | 1            |
|    iterations           | 73           |
|    time_elapsed         | 22245        |
|    total_timesteps      | 37376        |
| train/                  |              |
|    approx_kl            | 0.0043871864 |
|    clip_fraction        | 0.0252       |
|    clip_range           | 0.2          |
|    entropy_loss         | -0.809       |
|    explained_variance   | 0.969        |
|    learning_rate        | 0.0003       |
|    loss                 | 0.0235       |
|    n_updates            | 720          |
|    policy_gradient_loss | -0.00411     |
|    value_loss           | 0.179        |
------------------------------------------
-----------------------------------------
| rollout/                |             |
|    ep_len_mean          | 153         |
|    ep_rew_mean          | -1.22       |
| time/                   |             |
|    fps                  | 1           |
|    iterations           | 74          |
|    time_elapsed         | 22329       |
|    total_timesteps      | 37888       |
| train/                  |             |
|    approx_kl            | 0.004701228 |
|    clip_fraction        | 0.035       |
|    clip_range           | 0.2         |
|    entropy_loss         | -0.798      |
|    explained_variance   | 0.968       |
|    learning_rate        | 0.0003      |
|    loss                 | 0.000904    |
|    n_updates            | 730         |
|    policy_gradient_loss | -0.00318    |
|    value_loss           | 0.0644      |
-----------------------------------------
-----------------------------------------
| rollout/                |             |
|    ep_len_mean          | 154         |
|    ep_rew_mean          | -1.14       |
| time/                   |             |
|    fps                  | 1           |
|    iterations           | 75          |
|    time_elapsed         | 22413       |
|    total_timesteps      | 38400       |
| train/                  |             |
|    approx_kl            | 0.004581093 |
|    clip_fraction        | 0.0557      |
|    clip_range           | 0.2         |
|    entropy_loss         | -0.842      |
|    explained_variance   | 0.907       |
|    learning_rate        | 0.0003      |
|    loss                 | -0.00593    |
|    n_updates            | 740         |
|    policy_gradient_loss | 0.00263     |
|    value_loss           | 0.261       |
-----------------------------------------
------------------------------------------
| rollout/                |              |
|    ep_len_mean          | 154          |
|    ep_rew_mean          | -1.14        |
| time/                   |              |
|    fps                  | 1            |
|    iterations           | 76           |
|    time_elapsed         | 22497        |
|    total_timesteps      | 38912        |
| train/                  |              |
|    approx_kl            | 0.0020323517 |
|    clip_fraction        | 0.0229       |
|    clip_range           | 0.2          |
|    entropy_loss         | -0.814       |
|    explained_variance   | 0.869        |
|    learning_rate        | 0.0003       |
|    loss                 | 0.0254       |
|    n_updates            | 750          |
|    policy_gradient_loss | 0.00132      |
|    value_loss           | 0.252        |
------------------------------------------
-----------------------------------------
| rollout/                |             |
|    ep_len_mean          | 154         |
|    ep_rew_mean          | -1.11       |
| time/                   |             |
|    fps                  | 1           |
|    iterations           | 77          |
|    time_elapsed         | 22581       |
|    total_timesteps      | 39424       |
| train/                  |             |
|    approx_kl            | 0.005171843 |
|    clip_fraction        | 0.0279      |
|    clip_range           | 0.2         |
|    entropy_loss         | -0.826      |
|    explained_variance   | 0.958       |
|    learning_rate        | 0.0003      |
|    loss                 | -0.025      |
|    n_updates            | 760         |
|    policy_gradient_loss | -0.00793    |
|    value_loss           | 0.14        |
-----------------------------------------
------------------------------------------
| rollout/                |              |
|    ep_len_mean          | 154          |
|    ep_rew_mean          | -1.15        |
| time/                   |              |
|    fps                  | 1            |
|    iterations           | 78           |
|    time_elapsed         | 22666        |
|    total_timesteps      | 39936        |
| train/                  |              |
|    approx_kl            | 0.0047289277 |
|    clip_fraction        | 0.00742      |
|    clip_range           | 0.2          |
|    entropy_loss         | -0.849       |
|    explained_variance   | 0.951        |
|    learning_rate        | 0.0003       |
|    loss                 | 0.0404       |
|    n_updates            | 770          |
|    policy_gradient_loss | -0.000645    |
|    value_loss           | 0.107        |
------------------------------------------
------------------------------------------
| rollout/                |              |
|    ep_len_mean          | 155          |
|    ep_rew_mean          | -1.05        |
| time/                   |              |
|    fps                  | 1            |
|    iterations           | 79           |
|    time_elapsed         | 22751        |
|    total_timesteps      | 40448        |
| train/                  |              |
|    approx_kl            | 0.0060216463 |
|    clip_fraction        | 0.0225       |
|    clip_range           | 0.2          |
|    entropy_loss         | -0.862       |
|    explained_variance   | 0.991        |
|    learning_rate        | 0.0003       |
|    loss                 | -0.0156      |
|    n_updates            | 780          |
|    policy_gradient_loss | -0.0128      |
|    value_loss           | 0.0345       |
------------------------------------------
----------------------------------------
| rollout/                |            |
|    ep_len_mean          | 156        |
|    ep_rew_mean          | -1.01      |
| time/                   |            |
|    fps                  | 1          |
|    iterations           | 80         |
|    time_elapsed         | 22837      |
|    total_timesteps      | 40960      |
| train/                  |            |
|    approx_kl            | 0.00528804 |
|    clip_fraction        | 0.0633     |
|    clip_range           | 0.2        |
|    entropy_loss         | -0.86      |
|    explained_variance   | 0.961      |
|    learning_rate        | 0.0003     |
|    loss                 | 0.0425     |
|    n_updates            | 790        |
|    policy_gradient_loss | -0.0103    |
|    value_loss           | 0.201      |
----------------------------------------
-----------------------------------------
| rollout/                |             |
|    ep_len_mean          | 155         |
|    ep_rew_mean          | -1.06       |
| time/                   |             |
|    fps                  | 1           |
|    iterations           | 81          |
|    time_elapsed         | 22922       |
|    total_timesteps      | 41472       |
| train/                  |             |
|    approx_kl            | 0.007227242 |
|    clip_fraction        | 0.0357      |
|    clip_range           | 0.2         |
|    entropy_loss         | -0.835      |
|    explained_variance   | 0.981       |
|    learning_rate        | 0.0003      |
|    loss                 | 0.0318      |
|    n_updates            | 800         |
|    policy_gradient_loss | -0.00629    |
|    value_loss           | 0.0715      |
-----------------------------------------
-----------------------------------------
| rollout/                |             |
|    ep_len_mean          | 156         |
|    ep_rew_mean          | -1.03       |
| time/                   |             |
|    fps                  | 1           |
|    iterations           | 82          |
|    time_elapsed         | 23007       |
|    total_timesteps      | 41984       |
| train/                  |             |
|    approx_kl            | 0.004165649 |
|    clip_fraction        | 0.0291      |
|    clip_range           | 0.2         |
|    entropy_loss         | -0.804      |
|    explained_variance   | 0.585       |
|    learning_rate        | 0.0003      |
|    loss                 | 0.697       |
|    n_updates            | 810         |
|    policy_gradient_loss | -0.0021     |
|    value_loss           | 2.64        |
-----------------------------------------
-----------------------------------------
| rollout/                |             |
|    ep_len_mean          | 153         |
|    ep_rew_mean          | -1.18       |
| time/                   |             |
|    fps                  | 1           |
|    iterations           | 83          |
|    time_elapsed         | 23094       |
|    total_timesteps      | 42496       |
| train/                  |             |
|    approx_kl            | 0.004057222 |
|    clip_fraction        | 0.0525      |
|    clip_range           | 0.2         |
|    entropy_loss         | -0.831      |
|    explained_variance   | 0.745       |
|    learning_rate        | 0.0003      |
|    loss                 | 0.115       |
|    n_updates            | 820         |
|    policy_gradient_loss | 0.000759    |
|    value_loss           | 1.1         |
-----------------------------------------
------------------------------------------
| rollout/                |              |
|    ep_len_mean          | 155          |
|    ep_rew_mean          | -1.07        |
| time/                   |              |
|    fps                  | 1            |
|    iterations           | 84           |
|    time_elapsed         | 23177        |
|    total_timesteps      | 43008        |
| train/                  |              |
|    approx_kl            | 0.0029841042 |
|    clip_fraction        | 0.0158       |
|    clip_range           | 0.2          |
|    entropy_loss         | -0.788       |
|    explained_variance   | 0.916        |
|    learning_rate        | 0.0003       |
|    loss                 | 0.0323       |
|    n_updates            | 830          |
|    policy_gradient_loss | -0.00104     |
|    value_loss           | 0.305        |
------------------------------------------
------------------------------------------
| rollout/                |              |
|    ep_len_mean          | 155          |
|    ep_rew_mean          | -1.08        |
| time/                   |              |
|    fps                  | 1            |
|    iterations           | 85           |
|    time_elapsed         | 23261        |
|    total_timesteps      | 43520        |
| train/                  |              |
|    approx_kl            | 0.0062635704 |
|    clip_fraction        | 0.0412       |
|    clip_range           | 0.2          |
|    entropy_loss         | -0.773       |
|    explained_variance   | 0.973        |
|    learning_rate        | 0.0003       |
|    loss                 | 0.0105       |
|    n_updates            | 840          |
|    policy_gradient_loss | -0.00668     |
|    value_loss           | 0.0947       |
------------------------------------------
------------------------------------------
| rollout/                |              |
|    ep_len_mean          | 156          |
|    ep_rew_mean          | -1.01        |
| time/                   |              |
|    fps                  | 1            |
|    iterations           | 86           |
|    time_elapsed         | 23346        |
|    total_timesteps      | 44032        |
| train/                  |              |
|    approx_kl            | 0.0027433182 |
|    clip_fraction        | 0.0227       |
|    clip_range           | 0.2          |
|    entropy_loss         | -0.762       |
|    explained_variance   | 0.953        |
|    learning_rate        | 0.0003       |
|    loss                 | 0.0195       |
|    n_updates            | 850          |
|    policy_gradient_loss | 0.000377     |
|    value_loss           | 0.217        |
------------------------------------------
------------------------------------------
| rollout/                |              |
|    ep_len_mean          | 155          |
|    ep_rew_mean          | -1.06        |
| time/                   |              |
|    fps                  | 1            |
|    iterations           | 87           |
|    time_elapsed         | 23431        |
|    total_timesteps      | 44544        |
| train/                  |              |
|    approx_kl            | 0.0029213887 |
|    clip_fraction        | 0.00918      |
|    clip_range           | 0.2          |
|    entropy_loss         | -0.767       |
|    explained_variance   | 0.968        |
|    learning_rate        | 0.0003       |
|    loss                 | 0.0137       |
|    n_updates            | 860          |
|    policy_gradient_loss | -0.00359     |
|    value_loss           | 0.107        |
------------------------------------------
------------------------------------------
| rollout/                |              |
|    ep_len_mean          | 157          |
|    ep_rew_mean          | -0.938       |
| time/                   |              |
|    fps                  | 1            |
|    iterations           | 88           |
|    time_elapsed         | 23516        |
|    total_timesteps      | 45056        |
| train/                  |              |
|    approx_kl            | 0.0064445175 |
|    clip_fraction        | 0.0322       |
|    clip_range           | 0.2          |
|    entropy_loss         | -0.816       |
|    explained_variance   | 0.972        |
|    learning_rate        | 0.0003       |
|    loss                 | 0.0436       |
|    n_updates            | 870          |
|    policy_gradient_loss | -0.00559     |
|    value_loss           | 0.146        |
------------------------------------------
------------------------------------------
| rollout/                |              |
|    ep_len_mean          | 158          |
|    ep_rew_mean          | -0.872       |
| time/                   |              |
|    fps                  | 1            |
|    iterations           | 89           |
|    time_elapsed         | 23600        |
|    total_timesteps      | 45568        |
| train/                  |              |
|    approx_kl            | 0.0031607384 |
|    clip_fraction        | 0.00703      |
|    clip_range           | 0.2          |
|    entropy_loss         | -0.68        |
|    explained_variance   | 0.829        |
|    learning_rate        | 0.0003       |
|    loss                 | 0.0704       |
|    n_updates            | 880          |
|    policy_gradient_loss | 0.00522      |
|    value_loss           | 0.651        |
------------------------------------------
-----------------------------------------
| rollout/                |             |
|    ep_len_mean          | 159         |
|    ep_rew_mean          | -0.826      |
| time/                   |             |
|    fps                  | 1           |
|    iterations           | 90          |
|    time_elapsed         | 23684       |
|    total_timesteps      | 46080       |
| train/                  |             |
|    approx_kl            | 0.015607582 |
|    clip_fraction        | 0.105       |
|    clip_range           | 0.2         |
|    entropy_loss         | -0.805      |
|    explained_variance   | 0.963       |
|    learning_rate        | 0.0003      |
|    loss                 | 0.00812     |
|    n_updates            | 890         |
|    policy_gradient_loss | -0.0163     |
|    value_loss           | 0.189       |
-----------------------------------------
----------------------------------------
| rollout/                |            |
|    ep_len_mean          | 161        |
|    ep_rew_mean          | -0.693     |
| time/                   |            |
|    fps                  | 1          |
|    iterations           | 91         |
|    time_elapsed         | 23770      |
|    total_timesteps      | 46592      |
| train/                  |            |
|    approx_kl            | 0.00314315 |
|    clip_fraction        | 0.00977    |
|    clip_range           | 0.2        |
|    entropy_loss         | -0.669     |
|    explained_variance   | 0.911      |
|    learning_rate        | 0.0003     |
|    loss                 | 0.0894     |
|    n_updates            | 900        |
|    policy_gradient_loss | -0.00327   |
|    value_loss           | 0.371      |
----------------------------------------
-----------------------------------------
| rollout/                |             |
|    ep_len_mean          | 161         |
|    ep_rew_mean          | -0.657      |
| time/                   |             |
|    fps                  | 1           |
|    iterations           | 92          |
|    time_elapsed         | 23854       |
|    total_timesteps      | 47104       |
| train/                  |             |
|    approx_kl            | 0.001989283 |
|    clip_fraction        | 0.00391     |
|    clip_range           | 0.2         |
|    entropy_loss         | -0.703      |
|    explained_variance   | 0.903       |
|    learning_rate        | 0.0003      |
|    loss                 | 0.131       |
|    n_updates            | 910         |
|    policy_gradient_loss | 0.000181    |
|    value_loss           | 0.467       |
-----------------------------------------
------------------------------------------
| rollout/                |              |
|    ep_len_mean          | 163          |
|    ep_rew_mean          | -0.551       |
| time/                   |              |
|    fps                  | 1            |
|    iterations           | 93           |
|    time_elapsed         | 23939        |
|    total_timesteps      | 47616        |
| train/                  |              |
|    approx_kl            | 0.0043152003 |
|    clip_fraction        | 0.0277       |
|    clip_range           | 0.2          |
|    entropy_loss         | -0.653       |
|    explained_variance   | 0.719        |
|    learning_rate        | 0.0003       |
|    loss                 | 0.346        |
|    n_updates            | 920          |
|    policy_gradient_loss | 1.58e-05     |
|    value_loss           | 1.36         |
------------------------------------------
------------------------------------------
| rollout/                |              |
|    ep_len_mean          | 165          |
|    ep_rew_mean          | -0.462       |
| time/                   |              |
|    fps                  | 2            |
|    iterations           | 94           |
|    time_elapsed         | 24024        |
|    total_timesteps      | 48128        |
| train/                  |              |
|    approx_kl            | 0.0036047176 |
|    clip_fraction        | 0.00723      |
|    clip_range           | 0.2          |
|    entropy_loss         | -0.757       |
|    explained_variance   | 0.917        |
|    learning_rate        | 0.0003       |
|    loss                 | 0.0725       |
|    n_updates            | 930          |
|    policy_gradient_loss | -0.000683    |
|    value_loss           | 0.437        |
------------------------------------------
------------------------------------------
| rollout/                |              |
|    ep_len_mean          | 165          |
|    ep_rew_mean          | -0.445       |
| time/                   |              |
|    fps                  | 2            |
|    iterations           | 95           |
|    time_elapsed         | 24109        |
|    total_timesteps      | 48640        |
| train/                  |              |
|    approx_kl            | 0.0039025568 |
|    clip_fraction        | 0.0213       |
|    clip_range           | 0.2          |
|    entropy_loss         | -0.773       |
|    explained_variance   | 0.764        |
|    learning_rate        | 0.0003       |
|    loss                 | 0.0401       |
|    n_updates            | 940          |
|    policy_gradient_loss | -0.00214     |
|    value_loss           | 0.734        |
------------------------------------------
----------------------------------------
| rollout/                |            |
|    ep_len_mean          | 166        |
|    ep_rew_mean          | -0.382     |
| time/                   |            |
|    fps                  | 2          |
|    iterations           | 96         |
|    time_elapsed         | 24194      |
|    total_timesteps      | 49152      |
| train/                  |            |
|    approx_kl            | 0.00346513 |
|    clip_fraction        | 0.0148     |
|    clip_range           | 0.2        |
|    entropy_loss         | -0.765     |
|    explained_variance   | 0.949      |
|    learning_rate        | 0.0003     |
|    loss                 | 0.0187     |
|    n_updates            | 950        |
|    policy_gradient_loss | -0.00255   |
|    value_loss           | 0.231      |
----------------------------------------
------------------------------------------
| rollout/                |              |
|    ep_len_mean          | 168          |
|    ep_rew_mean          | -0.235       |
| time/                   |              |
|    fps                  | 2            |
|    iterations           | 97           |
|    time_elapsed         | 24282        |
|    total_timesteps      | 49664        |
| train/                  |              |
|    approx_kl            | 0.0031445515 |
|    clip_fraction        | 0.0402       |
|    clip_range           | 0.2          |
|    entropy_loss         | -0.765       |
|    explained_variance   | 0.957        |
|    learning_rate        | 0.0003       |
|    loss                 | 0.0454       |
|    n_updates            | 960          |
|    policy_gradient_loss | -0.0068      |
|    value_loss           | 0.312        |
------------------------------------------
------------------------------------------
| rollout/                |              |
|    ep_len_mean          | 168          |
|    ep_rew_mean          | -0.217       |
| time/                   |              |
|    fps                  | 2            |
|    iterations           | 98           |
|    time_elapsed         | 24369        |
|    total_timesteps      | 50176        |
| train/                  |              |
|    approx_kl            | 0.0060203453 |
|    clip_fraction        | 0.0797       |
|    clip_range           | 0.2          |
|    entropy_loss         | -0.764       |
|    explained_variance   | 0.886        |
|    learning_rate        | 0.0003       |
|    loss                 | 0.0572       |
|    n_updates            | 970          |
|    policy_gradient_loss | 0.00253      |
|    value_loss           | 0.413        |
------------------------------------------
------------------------------------------
| rollout/                |              |
|    ep_len_mean          | 169          |
|    ep_rew_mean          | -0.186       |
| time/                   |              |
|    fps                  | 2            |
|    iterations           | 99           |
|    time_elapsed         | 24453        |
|    total_timesteps      | 50688        |
| train/                  |              |
|    approx_kl            | 0.0009994636 |
|    clip_fraction        | 0.00488      |
|    clip_range           | 0.2          |
|    entropy_loss         | -0.693       |
|    explained_variance   | 0.759        |
|    learning_rate        | 0.0003       |
|    loss                 | 0.147        |
|    n_updates            | 980          |
|    policy_gradient_loss | 0.00153      |
|    value_loss           | 1.19         |
------------------------------------------
-----------------------------------------
| rollout/                |             |
|    ep_len_mean          | 170         |
|    ep_rew_mean          | -0.113      |
| time/                   |             |
|    fps                  | 2           |
|    iterations           | 100         |
|    time_elapsed         | 24537       |
|    total_timesteps      | 51200       |
| train/                  |             |
|    approx_kl            | 0.006250957 |
|    clip_fraction        | 0.0361      |
|    clip_range           | 0.2         |
|    entropy_loss         | -0.696      |
|    explained_variance   | 0.718       |
|    learning_rate        | 0.0003      |
|    loss                 | 0.209       |
|    n_updates            | 990         |
|    policy_gradient_loss | -0.00131    |
|    value_loss           | 1.26        |
-----------------------------------------
------------------------------------------
| rollout/                |              |
|    ep_len_mean          | 169          |
|    ep_rew_mean          | -0.164       |
| time/                   |              |
|    fps                  | 2            |
|    iterations           | 101          |
|    time_elapsed         | 24623        |
|    total_timesteps      | 51712        |
| train/                  |              |
|    approx_kl            | 0.0028917538 |
|    clip_fraction        | 0.0129       |
|    clip_range           | 0.2          |
|    entropy_loss         | -0.709       |
|    explained_variance   | 0.905        |
|    learning_rate        | 0.0003       |
|    loss                 | 0.0899       |
|    n_updates            | 1000         |
|    policy_gradient_loss | -0.00272     |
|    value_loss           | 0.401        |
------------------------------------------
-----------------------------------------
| rollout/                |             |
|    ep_len_mean          | 172         |
|    ep_rew_mean          | 0.017       |
| time/                   |             |
|    fps                  | 2           |
|    iterations           | 102         |
|    time_elapsed         | 24708       |
|    total_timesteps      | 52224       |
| train/                  |             |
|    approx_kl            | 0.011919354 |
|    clip_fraction        | 0.0428      |
|    clip_range           | 0.2         |
|    entropy_loss         | -0.643      |
|    explained_variance   | 0.437       |
|    learning_rate        | 0.0003      |
|    loss                 | 0.263       |
|    n_updates            | 1010        |
|    policy_gradient_loss | -0.00277    |
|    value_loss           | 2.52        |
-----------------------------------------
------------------------------------------
| rollout/                |              |
|    ep_len_mean          | 173          |
|    ep_rew_mean          | 0.0565       |
| time/                   |              |
|    fps                  | 2            |
|    iterations           | 103          |
|    time_elapsed         | 24793        |
|    total_timesteps      | 52736        |
| train/                  |              |
|    approx_kl            | 0.0050490648 |
|    clip_fraction        | 0.06         |
|    clip_range           | 0.2          |
|    entropy_loss         | -0.658       |
|    explained_variance   | 0.872        |
|    learning_rate        | 0.0003       |
|    loss                 | 0.0879       |
|    n_updates            | 1020         |
|    policy_gradient_loss | -0.0103      |
|    value_loss           | 0.414        |
------------------------------------------
------------------------------------------
| rollout/                |              |
|    ep_len_mean          | 173          |
|    ep_rew_mean          | 0.0815       |
| time/                   |              |
|    fps                  | 2            |
|    iterations           | 104          |
|    time_elapsed         | 24877        |
|    total_timesteps      | 53248        |
| train/                  |              |
|    approx_kl            | 0.0049245264 |
|    clip_fraction        | 0.0199       |
|    clip_range           | 0.2          |
|    entropy_loss         | -0.758       |
|    explained_variance   | 0.933        |
|    learning_rate        | 0.0003       |
|    loss                 | 0.0402       |
|    n_updates            | 1030         |
|    policy_gradient_loss | -0.00562     |
|    value_loss           | 0.276        |
------------------------------------------
----------------------------------------
| rollout/                |            |
|    ep_len_mean          | 174        |
|    ep_rew_mean          | 0.168      |
| time/                   |            |
|    fps                  | 2          |
|    iterations           | 105        |
|    time_elapsed         | 24961      |
|    total_timesteps      | 53760      |
| train/                  |            |
|    approx_kl            | 0.01114415 |
|    clip_fraction        | 0.125      |
|    clip_range           | 0.2        |
|    entropy_loss         | -0.83      |
|    explained_variance   | 0.92       |
|    learning_rate        | 0.0003     |
|    loss                 | 0.122      |
|    n_updates            | 1040       |
|    policy_gradient_loss | -0.00637   |
|    value_loss           | 0.443      |
----------------------------------------
-----------------------------------------
| rollout/                |             |
|    ep_len_mean          | 175         |
|    ep_rew_mean          | 0.212       |
| time/                   |             |
|    fps                  | 2           |
|    iterations           | 106         |
|    time_elapsed         | 25045       |
|    total_timesteps      | 54272       |
| train/                  |             |
|    approx_kl            | 0.008370297 |
|    clip_fraction        | 0.0359      |
|    clip_range           | 0.2         |
|    entropy_loss         | -0.824      |
|    explained_variance   | 0.944       |
|    learning_rate        | 0.0003      |
|    loss                 | 0.0765      |
|    n_updates            | 1050        |
|    policy_gradient_loss | -0.00693    |
|    value_loss           | 0.329       |
-----------------------------------------
------------------------------------------
| rollout/                |              |
|    ep_len_mean          | 174          |
|    ep_rew_mean          | 0.171        |
| time/                   |              |
|    fps                  | 2            |
|    iterations           | 107          |
|    time_elapsed         | 25131        |
|    total_timesteps      | 54784        |
| train/                  |              |
|    approx_kl            | 0.0058382046 |
|    clip_fraction        | 0.0605       |
|    clip_range           | 0.2          |
|    entropy_loss         | -0.795       |
|    explained_variance   | 0.895        |
|    learning_rate        | 0.0003       |
|    loss                 | 0.096        |
|    n_updates            | 1060         |
|    policy_gradient_loss | -0.00701     |
|    value_loss           | 0.493        |
------------------------------------------
------------------------------------------
| rollout/                |              |
|    ep_len_mean          | 173          |
|    ep_rew_mean          | 0.105        |
| time/                   |              |
|    fps                  | 2            |
|    iterations           | 108          |
|    time_elapsed         | 25215        |
|    total_timesteps      | 55296        |
| train/                  |              |
|    approx_kl            | 0.0062279413 |
|    clip_fraction        | 0.00918      |
|    clip_range           | 0.2          |
|    entropy_loss         | -0.81        |
|    explained_variance   | 0.961        |
|    learning_rate        | 0.0003       |
|    loss                 | 0.0779       |
|    n_updates            | 1070         |
|    policy_gradient_loss | -0.00388     |
|    value_loss           | 0.338        |
------------------------------------------
-----------------------------------------
| rollout/                |             |
|    ep_len_mean          | 173         |
|    ep_rew_mean          | 0.098       |
| time/                   |             |
|    fps                  | 2           |
|    iterations           | 109         |
|    time_elapsed         | 25300       |
|    total_timesteps      | 55808       |
| train/                  |             |
|    approx_kl            | 0.010300848 |
|    clip_fraction        | 0.138       |
|    clip_range           | 0.2         |
|    entropy_loss         | -0.837      |
|    explained_variance   | 0.967       |
|    learning_rate        | 0.0003      |
|    loss                 | 0.0183      |
|    n_updates            | 1080        |
|    policy_gradient_loss | -0.00958    |
|    value_loss           | 0.203       |
-----------------------------------------
-----------------------------------------
| rollout/                |             |
|    ep_len_mean          | 174         |
|    ep_rew_mean          | 0.144       |
| time/                   |             |
|    fps                  | 2           |
|    iterations           | 110         |
|    time_elapsed         | 25384       |
|    total_timesteps      | 56320       |
| train/                  |             |
|    approx_kl            | 0.011144702 |
|    clip_fraction        | 0.141       |
|    clip_range           | 0.2         |
|    entropy_loss         | -0.778      |
|    explained_variance   | 0.978       |
|    learning_rate        | 0.0003      |
|    loss                 | -0.0103     |
|    n_updates            | 1090        |
|    policy_gradient_loss | -0.0108     |
|    value_loss           | 0.112       |
-----------------------------------------
------------------------------------------
| rollout/                |              |
|    ep_len_mean          | 174          |
|    ep_rew_mean          | 0.181        |
| time/                   |              |
|    fps                  | 2            |
|    iterations           | 111          |
|    time_elapsed         | 25468        |
|    total_timesteps      | 56832        |
| train/                  |              |
|    approx_kl            | 0.0067600594 |
|    clip_fraction        | 0.0205       |
|    clip_range           | 0.2          |
|    entropy_loss         | -0.851       |
|    explained_variance   | 0.951        |
|    learning_rate        | 0.0003       |
|    loss                 | 0.022        |
|    n_updates            | 1100         |
|    policy_gradient_loss | -0.00655     |
|    value_loss           | 0.226        |
------------------------------------------
-----------------------------------------
| rollout/                |             |
|    ep_len_mean          | 176         |
|    ep_rew_mean          | 0.294       |
| time/                   |             |
|    fps                  | 2           |
|    iterations           | 112         |
|    time_elapsed         | 25554       |
|    total_timesteps      | 57344       |
| train/                  |             |
|    approx_kl            | 0.010267841 |
|    clip_fraction        | 0.0592      |
|    clip_range           | 0.2         |
|    entropy_loss         | -0.757      |
|    explained_variance   | 0.952       |
|    learning_rate        | 0.0003      |
|    loss                 | 0.0848      |
|    n_updates            | 1110        |
|    policy_gradient_loss | -0.0112     |
|    value_loss           | 0.226       |
-----------------------------------------
------------------------------------------
| rollout/                |              |
|    ep_len_mean          | 176          |
|    ep_rew_mean          | 0.261        |
| time/                   |              |
|    fps                  | 2            |
|    iterations           | 113          |
|    time_elapsed         | 25637        |
|    total_timesteps      | 57856        |
| train/                  |              |
|    approx_kl            | 0.0050904015 |
|    clip_fraction        | 0.0348       |
|    clip_range           | 0.2          |
|    entropy_loss         | -0.838       |
|    explained_variance   | 0.966        |
|    learning_rate        | 0.0003       |
|    loss                 | 0.0205       |
|    n_updates            | 1120         |
|    policy_gradient_loss | -0.00137     |
|    value_loss           | 0.133        |
------------------------------------------
-----------------------------------------
| rollout/                |             |
|    ep_len_mean          | 176         |
|    ep_rew_mean          | 0.275       |
| time/                   |             |
|    fps                  | 2           |
|    iterations           | 114         |
|    time_elapsed         | 25722       |
|    total_timesteps      | 58368       |
| train/                  |             |
|    approx_kl            | 0.010343803 |
|    clip_fraction        | 0.0787      |
|    clip_range           | 0.2         |
|    entropy_loss         | -0.789      |
|    explained_variance   | 0.638       |
|    learning_rate        | 0.0003      |
|    loss                 | 0.00944     |
|    n_updates            | 1130        |
|    policy_gradient_loss | 0.00476     |
|    value_loss           | 1.44        |
-----------------------------------------
----------------------------------------
| rollout/                |            |
|    ep_len_mean          | 177        |
|    ep_rew_mean          | 0.308      |
| time/                   |            |
|    fps                  | 2          |
|    iterations           | 115        |
|    time_elapsed         | 25807      |
|    total_timesteps      | 58880      |
| train/                  |            |
|    approx_kl            | 0.01844129 |
|    clip_fraction        | 0.13       |
|    clip_range           | 0.2        |
|    entropy_loss         | -0.71      |
|    explained_variance   | 0.805      |
|    learning_rate        | 0.0003     |
|    loss                 | 0.105      |
|    n_updates            | 1140       |
|    policy_gradient_loss | 0.00645    |
|    value_loss           | 0.795      |
----------------------------------------
-----------------------------------------
| rollout/                |             |
|    ep_len_mean          | 178         |
|    ep_rew_mean          | 0.387       |
| time/                   |             |
|    fps                  | 2           |
|    iterations           | 116         |
|    time_elapsed         | 25890       |
|    total_timesteps      | 59392       |
| train/                  |             |
|    approx_kl            | 0.005238319 |
|    clip_fraction        | 0.0186      |
|    clip_range           | 0.2         |
|    entropy_loss         | -0.833      |
|    explained_variance   | 0.978       |
|    learning_rate        | 0.0003      |
|    loss                 | 0.00921     |
|    n_updates            | 1150        |
|    policy_gradient_loss | -0.00372    |
|    value_loss           | 0.0625      |
-----------------------------------------
-----------------------------------------
| rollout/                |             |
|    ep_len_mean          | 178         |
|    ep_rew_mean          | 0.421       |
| time/                   |             |
|    fps                  | 2           |
|    iterations           | 117         |
|    time_elapsed         | 25974       |
|    total_timesteps      | 59904       |
| train/                  |             |
|    approx_kl            | 0.010398451 |
|    clip_fraction        | 0.033       |
|    clip_range           | 0.2         |
|    entropy_loss         | -0.75       |
|    explained_variance   | 0.914       |
|    learning_rate        | 0.0003      |
|    loss                 | 0.0337      |
|    n_updates            | 1160        |
|    policy_gradient_loss | -0.00353    |
|    value_loss           | 0.267       |
-----------------------------------------
-----------------------------------------
| rollout/                |             |
|    ep_len_mean          | 179         |
|    ep_rew_mean          | 0.473       |
| time/                   |             |
|    fps                  | 2           |
|    iterations           | 118         |
|    time_elapsed         | 26059       |
|    total_timesteps      | 60416       |
| train/                  |             |
|    approx_kl            | 0.008263279 |
|    clip_fraction        | 0.0402      |
|    clip_range           | 0.2         |
|    entropy_loss         | -0.777      |
|    explained_variance   | 0.945       |
|    learning_rate        | 0.0003      |
|    loss                 | 0.0151      |
|    n_updates            | 1170        |
|    policy_gradient_loss | -0.0028     |
|    value_loss           | 0.278       |
-----------------------------------------
------------------------------------------
| rollout/                |              |
|    ep_len_mean          | 179          |
|    ep_rew_mean          | 0.48         |
| time/                   |              |
|    fps                  | 2            |
|    iterations           | 119          |
|    time_elapsed         | 26143        |
|    total_timesteps      | 60928        |
| train/                  |              |
|    approx_kl            | 0.0141761815 |
|    clip_fraction        | 0.15         |
|    clip_range           | 0.2          |
|    entropy_loss         | -0.78        |
|    explained_variance   | 0.98         |
|    learning_rate        | 0.0003       |
|    loss                 | 0.0351       |
|    n_updates            | 1180         |
|    policy_gradient_loss | -0.0155      |
|    value_loss           | 0.0856       |
------------------------------------------
-----------------------------------------
| rollout/                |             |
|    ep_len_mean          | 179         |
|    ep_rew_mean          | 0.459       |
| time/                   |             |
|    fps                  | 2           |
|    iterations           | 120         |
|    time_elapsed         | 26228       |
|    total_timesteps      | 61440       |
| train/                  |             |
|    approx_kl            | 0.004973408 |
|    clip_fraction        | 0.0273      |
|    clip_range           | 0.2         |
|    entropy_loss         | -0.755      |
|    explained_variance   | 0.952       |
|    learning_rate        | 0.0003      |
|    loss                 | 0.0461      |
|    n_updates            | 1190        |
|    policy_gradient_loss | -0.00569    |
|    value_loss           | 0.257       |
-----------------------------------------
------------------------------------------
| rollout/                |              |
|    ep_len_mean          | 180          |
|    ep_rew_mean          | 0.486        |
| time/                   |              |
|    fps                  | 2            |
|    iterations           | 121          |
|    time_elapsed         | 26313        |
|    total_timesteps      | 61952        |
| train/                  |              |
|    approx_kl            | 0.0039793877 |
|    clip_fraction        | 0.0299       |
|    clip_range           | 0.2          |
|    entropy_loss         | -0.746       |
|    explained_variance   | 0.811        |
|    learning_rate        | 0.0003       |
|    loss                 | 0.314        |
|    n_updates            | 1200         |
|    policy_gradient_loss | -0.00222     |
|    value_loss           | 1.97         |
------------------------------------------
-----------------------------------------
| rollout/                |             |
|    ep_len_mean          | 181         |
|    ep_rew_mean          | 0.556       |
| time/                   |             |
|    fps                  | 2           |
|    iterations           | 122         |
|    time_elapsed         | 26400       |
|    total_timesteps      | 62464       |
| train/                  |             |
|    approx_kl            | 0.006911449 |
|    clip_fraction        | 0.0832      |
|    clip_range           | 0.2         |
|    entropy_loss         | -0.806      |
|    explained_variance   | 0.951       |
|    learning_rate        | 0.0003      |
|    loss                 | 0.0277      |
|    n_updates            | 1210        |
|    policy_gradient_loss | -0.00248    |
|    value_loss           | 0.179       |
-----------------------------------------
-----------------------------------------
| rollout/                |             |
|    ep_len_mean          | 180         |
|    ep_rew_mean          | 0.498       |
| time/                   |             |
|    fps                  | 2           |
|    iterations           | 123         |
|    time_elapsed         | 26488       |
|    total_timesteps      | 62976       |
| train/                  |             |
|    approx_kl            | 0.002979864 |
|    clip_fraction        | 0.0137      |
|    clip_range           | 0.2         |
|    entropy_loss         | -0.723      |
|    explained_variance   | 0.988       |
|    learning_rate        | 0.0003      |
|    loss                 | -0.00189    |
|    n_updates            | 1220        |
|    policy_gradient_loss | -0.000986   |
|    value_loss           | 0.0547      |
-----------------------------------------
------------------------------------------
| rollout/                |              |
|    ep_len_mean          | 182          |
|    ep_rew_mean          | 0.632        |
| time/                   |              |
|    fps                  | 2            |
|    iterations           | 124          |
|    time_elapsed         | 26575        |
|    total_timesteps      | 63488        |
| train/                  |              |
|    approx_kl            | 0.0073159523 |
|    clip_fraction        | 0.0332       |
|    clip_range           | 0.2          |
|    entropy_loss         | -0.707       |
|    explained_variance   | 0.937        |
|    learning_rate        | 0.0003       |
|    loss                 | 0.0629       |
|    n_updates            | 1230         |
|    policy_gradient_loss | -0.00505     |
|    value_loss           | 0.255        |
------------------------------------------
-----------------------------------------
| rollout/                |             |
|    ep_len_mean          | 183         |
|    ep_rew_mean          | 0.722       |
| time/                   |             |
|    fps                  | 2           |
|    iterations           | 125         |
|    time_elapsed         | 26662       |
|    total_timesteps      | 64000       |
| train/                  |             |
|    approx_kl            | 0.014742065 |
|    clip_fraction        | 0.146       |
|    clip_range           | 0.2         |
|    entropy_loss         | -0.767      |
|    explained_variance   | 0.935       |
|    learning_rate        | 0.0003      |
|    loss                 | -0.00691    |
|    n_updates            | 1240        |
|    policy_gradient_loss | -0.0237     |
|    value_loss           | 0.208       |
-----------------------------------------
------------------------------------------
| rollout/                |              |
|    ep_len_mean          | 183          |
|    ep_rew_mean          | 0.72         |
| time/                   |              |
|    fps                  | 2            |
|    iterations           | 126          |
|    time_elapsed         | 26750        |
|    total_timesteps      | 64512        |
| train/                  |              |
|    approx_kl            | 0.0063494164 |
|    clip_fraction        | 0.0258       |
|    clip_range           | 0.2          |
|    entropy_loss         | -0.778       |
|    explained_variance   | 0.937        |
|    learning_rate        | 0.0003       |
|    loss                 | 0.0239       |
|    n_updates            | 1250         |
|    policy_gradient_loss | -0.00417     |
|    value_loss           | 0.198        |
------------------------------------------
-----------------------------------------
| rollout/                |             |
|    ep_len_mean          | 183         |
|    ep_rew_mean          | 0.703       |
| time/                   |             |
|    fps                  | 2           |
|    iterations           | 127         |
|    time_elapsed         | 26837       |
|    total_timesteps      | 65024       |
| train/                  |             |
|    approx_kl            | 0.005745346 |
|    clip_fraction        | 0.0336      |
|    clip_range           | 0.2         |
|    entropy_loss         | -0.758      |
|    explained_variance   | 0.919       |
|    learning_rate        | 0.0003      |
|    loss                 | 0.0393      |
|    n_updates            | 1260        |
|    policy_gradient_loss | 0.00073     |
|    value_loss           | 0.339       |
-----------------------------------------
-----------------------------------------
| rollout/                |             |
|    ep_len_mean          | 184         |
|    ep_rew_mean          | 0.757       |
| time/                   |             |
|    fps                  | 2           |
|    iterations           | 128         |
|    time_elapsed         | 26924       |
|    total_timesteps      | 65536       |
| train/                  |             |
|    approx_kl            | 0.011749133 |
|    clip_fraction        | 0.0875      |
|    clip_range           | 0.2         |
|    entropy_loss         | -0.694      |
|    explained_variance   | 0.831       |
|    learning_rate        | 0.0003      |
|    loss                 | 0.0318      |
|    n_updates            | 1270        |
|    policy_gradient_loss | 0.00425     |
|    value_loss           | 0.435       |
-----------------------------------------
------------------------------------------
| rollout/                |              |
|    ep_len_mean          | 185          |
|    ep_rew_mean          | 0.832        |
| time/                   |              |
|    fps                  | 2            |
|    iterations           | 129          |
|    time_elapsed         | 27012        |
|    total_timesteps      | 66048        |
| train/                  |              |
|    approx_kl            | 0.0035743732 |
|    clip_fraction        | 0.0213       |
|    clip_range           | 0.2          |
|    entropy_loss         | -0.688       |
|    explained_variance   | 0.962        |
|    learning_rate        | 0.0003       |
|    loss                 | 0.0288       |
|    n_updates            | 1280         |
|    policy_gradient_loss | 0.00177      |
|    value_loss           | 0.194        |
------------------------------------------
-----------------------------------------
| rollout/                |             |
|    ep_len_mean          | 183         |
|    ep_rew_mean          | 0.717       |
| time/                   |             |
|    fps                  | 2           |
|    iterations           | 130         |
|    time_elapsed         | 27099       |
|    total_timesteps      | 66560       |
| train/                  |             |
|    approx_kl            | 0.010798897 |
|    clip_fraction        | 0.0965      |
|    clip_range           | 0.2         |
|    entropy_loss         | -0.705      |
|    explained_variance   | 0.888       |
|    learning_rate        | 0.0003      |
|    loss                 | 0.0461      |
|    n_updates            | 1290        |
|    policy_gradient_loss | -0.00822    |
|    value_loss           | 0.416       |
-----------------------------------------
------------------------------------------
| rollout/                |              |
|    ep_len_mean          | 184          |
|    ep_rew_mean          | 0.774        |
| time/                   |              |
|    fps                  | 2            |
|    iterations           | 131          |
|    time_elapsed         | 27186        |
|    total_timesteps      | 67072        |
| train/                  |              |
|    approx_kl            | 0.0047724987 |
|    clip_fraction        | 0.0332       |
|    clip_range           | 0.2          |
|    entropy_loss         | -0.676       |
|    explained_variance   | 0.552        |
|    learning_rate        | 0.0003       |
|    loss                 | 0.482        |
|    n_updates            | 1300         |
|    policy_gradient_loss | -0.00366     |
|    value_loss           | 2.24         |
------------------------------------------
-----------------------------------------
| rollout/                |             |
|    ep_len_mean          | 185         |
|    ep_rew_mean          | 0.829       |
| time/                   |             |
|    fps                  | 2           |
|    iterations           | 132         |
|    time_elapsed         | 27272       |
|    total_timesteps      | 67584       |
| train/                  |             |
|    approx_kl            | 0.004844091 |
|    clip_fraction        | 0.0482      |
|    clip_range           | 0.2         |
|    entropy_loss         | -0.641      |
|    explained_variance   | 0.91        |
|    learning_rate        | 0.0003      |
|    loss                 | 0.0295      |
|    n_updates            | 1310        |
|    policy_gradient_loss | -0.0023     |
|    value_loss           | 0.437       |
-----------------------------------------
------------------------------------------
| rollout/                |              |
|    ep_len_mean          | 183          |
|    ep_rew_mean          | 0.742        |
| time/                   |              |
|    fps                  | 2            |
|    iterations           | 133          |
|    time_elapsed         | 27358        |
|    total_timesteps      | 68096        |
| train/                  |              |
|    approx_kl            | 0.0045357053 |
|    clip_fraction        | 0.017        |
|    clip_range           | 0.2          |
|    entropy_loss         | -0.647       |
|    explained_variance   | 0.982        |
|    learning_rate        | 0.0003       |
|    loss                 | 0.0141       |
|    n_updates            | 1320         |
|    policy_gradient_loss | -0.00577     |
|    value_loss           | 0.089        |
------------------------------------------
------------------------------------------
| rollout/                |              |
|    ep_len_mean          | 183          |
|    ep_rew_mean          | 0.712        |
| time/                   |              |
|    fps                  | 2            |
|    iterations           | 134          |
|    time_elapsed         | 27445        |
|    total_timesteps      | 68608        |
| train/                  |              |
|    approx_kl            | 0.0028506645 |
|    clip_fraction        | 0.0242       |
|    clip_range           | 0.2          |
|    entropy_loss         | -0.634       |
|    explained_variance   | 0.818        |
|    learning_rate        | 0.0003       |
|    loss                 | 0.174        |
|    n_updates            | 1330         |
|    policy_gradient_loss | 0.0029       |
|    value_loss           | 0.92         |
------------------------------------------
-----------------------------------------
| rollout/                |             |
|    ep_len_mean          | 185         |
|    ep_rew_mean          | 0.871       |
| time/                   |             |
|    fps                  | 2           |
|    iterations           | 135         |
|    time_elapsed         | 27531       |
|    total_timesteps      | 69120       |
| train/                  |             |
|    approx_kl            | 0.008397885 |
|    clip_fraction        | 0.099       |
|    clip_range           | 0.2         |
|    entropy_loss         | -0.639      |
|    explained_variance   | 0.84        |
|    learning_rate        | 0.0003      |
|    loss                 | 0.323       |
|    n_updates            | 1340        |
|    policy_gradient_loss | -0.00596    |
|    value_loss           | 0.956       |
-----------------------------------------
-----------------------------------------
| rollout/                |             |
|    ep_len_mean          | 183         |
|    ep_rew_mean          | 0.764       |
| time/                   |             |
|    fps                  | 2           |
|    iterations           | 136         |
|    time_elapsed         | 27619       |
|    total_timesteps      | 69632       |
| train/                  |             |
|    approx_kl            | 0.014137102 |
|    clip_fraction        | 0.0939      |
|    clip_range           | 0.2         |
|    entropy_loss         | -0.638      |
|    explained_variance   | 0.877       |
|    learning_rate        | 0.0003      |
|    loss                 | 0.0888      |
|    n_updates            | 1350        |
|    policy_gradient_loss | 0.00252     |
|    value_loss           | 0.567       |
-----------------------------------------
----------------------------------------
| rollout/                |            |
|    ep_len_mean          | 185        |
|    ep_rew_mean          | 0.843      |
| time/                   |            |
|    fps                  | 2          |
|    iterations           | 137        |
|    time_elapsed         | 27705      |
|    total_timesteps      | 70144      |
| train/                  |            |
|    approx_kl            | 0.00415411 |
|    clip_fraction        | 0.0297     |
|    clip_range           | 0.2        |
|    entropy_loss         | -0.69      |
|    explained_variance   | 0.764      |
|    learning_rate        | 0.0003     |
|    loss                 | 0.879      |
|    n_updates            | 1360       |
|    policy_gradient_loss | 0.000941   |
|    value_loss           | 1.69       |
----------------------------------------
-----------------------------------------
| rollout/                |             |
|    ep_len_mean          | 186         |
|    ep_rew_mean          | 0.927       |
| time/                   |             |
|    fps                  | 2           |
|    iterations           | 138         |
|    time_elapsed         | 27791       |
|    total_timesteps      | 70656       |
| train/                  |             |
|    approx_kl            | 0.003502328 |
|    clip_fraction        | 0.027       |
|    clip_range           | 0.2         |
|    entropy_loss         | -0.665      |
|    explained_variance   | 0.895       |
|    learning_rate        | 0.0003      |
|    loss                 | 0.217       |
|    n_updates            | 1370        |
|    policy_gradient_loss | 0.00149     |
|    value_loss           | 0.566       |
-----------------------------------------
-----------------------------------------
| rollout/                |             |
|    ep_len_mean          | 187         |
|    ep_rew_mean          | 0.966       |
| time/                   |             |
|    fps                  | 2           |
|    iterations           | 139         |
|    time_elapsed         | 27875       |
|    total_timesteps      | 71168       |
| train/                  |             |
|    approx_kl            | 0.008206029 |
|    clip_fraction        | 0.0844      |
|    clip_range           | 0.2         |
|    entropy_loss         | -0.654      |
|    explained_variance   | 0.943       |
|    learning_rate        | 0.0003      |
|    loss                 | 0.012       |
|    n_updates            | 1380        |
|    policy_gradient_loss | -0.0063     |
|    value_loss           | 0.213       |
-----------------------------------------
------------------------------------------
| rollout/                |              |
|    ep_len_mean          | 186          |
|    ep_rew_mean          | 0.929        |
| time/                   |              |
|    fps                  | 2            |
|    iterations           | 140          |
|    time_elapsed         | 27963        |
|    total_timesteps      | 71680        |
| train/                  |              |
|    approx_kl            | 0.0039078123 |
|    clip_fraction        | 0.0432       |
|    clip_range           | 0.2          |
|    entropy_loss         | -0.585       |
|    explained_variance   | 0.913        |
|    learning_rate        | 0.0003       |
|    loss                 | 0.0382       |
|    n_updates            | 1390         |
|    policy_gradient_loss | -0.00903     |
|    value_loss           | 0.257        |
------------------------------------------
-----------------------------------------
| rollout/                |             |
|    ep_len_mean          | 188         |
|    ep_rew_mean          | 1.04        |
| time/                   |             |
|    fps                  | 2           |
|    iterations           | 141         |
|    time_elapsed         | 28050       |
|    total_timesteps      | 72192       |
| train/                  |             |
|    approx_kl            | 0.002835955 |
|    clip_fraction        | 0.0229      |
|    clip_range           | 0.2         |
|    entropy_loss         | -0.557      |
|    explained_variance   | 0.601       |
|    learning_rate        | 0.0003      |
|    loss                 | 0.44        |
|    n_updates            | 1400        |
|    policy_gradient_loss | 0.00358     |
|    value_loss           | 1.42        |
-----------------------------------------
------------------------------------------
| rollout/                |              |
|    ep_len_mean          | 188          |
|    ep_rew_mean          | 1.03         |
| time/                   |              |
|    fps                  | 2            |
|    iterations           | 142          |
|    time_elapsed         | 28136        |
|    total_timesteps      | 72704        |
| train/                  |              |
|    approx_kl            | 0.0050164824 |
|    clip_fraction        | 0.0453       |
|    clip_range           | 0.2          |
|    entropy_loss         | -0.634       |
|    explained_variance   | 0.885        |
|    learning_rate        | 0.0003       |
|    loss                 | 0.105        |
|    n_updates            | 1410         |
|    policy_gradient_loss | -0.000163    |
|    value_loss           | 0.507        |
------------------------------------------
----------------------------------------
| rollout/                |            |
|    ep_len_mean          | 190        |
|    ep_rew_mean          | 1.2        |
| time/                   |            |
|    fps                  | 2          |
|    iterations           | 143        |
|    time_elapsed         | 28223      |
|    total_timesteps      | 73216      |
| train/                  |            |
|    approx_kl            | 0.00704679 |
|    clip_fraction        | 0.0877     |
|    clip_range           | 0.2        |
|    entropy_loss         | -0.692     |
|    explained_variance   | 0.755      |
|    learning_rate        | 0.0003     |
|    loss                 | 0.216      |
|    n_updates            | 1420       |
|    policy_gradient_loss | -0.00248   |
|    value_loss           | 0.667      |
----------------------------------------
------------------------------------------
| rollout/                |              |
|    ep_len_mean          | 192          |
|    ep_rew_mean          | 1.28         |
| time/                   |              |
|    fps                  | 2            |
|    iterations           | 144          |
|    time_elapsed         | 28311        |
|    total_timesteps      | 73728        |
| train/                  |              |
|    approx_kl            | 0.0054913606 |
|    clip_fraction        | 0.0422       |
|    clip_range           | 0.2          |
|    entropy_loss         | -0.616       |
|    explained_variance   | 0.938        |
|    learning_rate        | 0.0003       |
|    loss                 | 0.0264       |
|    n_updates            | 1430         |
|    policy_gradient_loss | -0.00297     |
|    value_loss           | 0.294        |
------------------------------------------
------------------------------------------
| rollout/                |              |
|    ep_len_mean          | 193          |
|    ep_rew_mean          | 1.4          |
| time/                   |              |
|    fps                  | 2            |
|    iterations           | 145          |
|    time_elapsed         | 28396        |
|    total_timesteps      | 74240        |
| train/                  |              |
|    approx_kl            | 0.0070839934 |
|    clip_fraction        | 0.026        |
|    clip_range           | 0.2          |
|    entropy_loss         | -0.673       |
|    explained_variance   | 0.955        |
|    learning_rate        | 0.0003       |
|    loss                 | 0.0802       |
|    n_updates            | 1440         |
|    policy_gradient_loss | -0.0057      |
|    value_loss           | 0.205        |
------------------------------------------
-----------------------------------------
| rollout/                |             |
|    ep_len_mean          | 196         |
|    ep_rew_mean          | 1.57        |
| time/                   |             |
|    fps                  | 2           |
|    iterations           | 146         |
|    time_elapsed         | 28479       |
|    total_timesteps      | 74752       |
| train/                  |             |
|    approx_kl            | 0.004302243 |
|    clip_fraction        | 0.0107      |
|    clip_range           | 0.2         |
|    entropy_loss         | -0.709      |
|    explained_variance   | 0.949       |
|    learning_rate        | 0.0003      |
|    loss                 | 0.00573     |
|    n_updates            | 1450        |
|    policy_gradient_loss | -0.00104    |
|    value_loss           | 0.25        |
-----------------------------------------
-----------------------------------------
| rollout/                |             |
|    ep_len_mean          | 195         |
|    ep_rew_mean          | 1.51        |
| time/                   |             |
|    fps                  | 2           |
|    iterations           | 147         |
|    time_elapsed         | 28561       |
|    total_timesteps      | 75264       |
| train/                  |             |
|    approx_kl            | 0.009710921 |
|    clip_fraction        | 0.127       |
|    clip_range           | 0.2         |
|    entropy_loss         | -0.678      |
|    explained_variance   | 0.914       |
|    learning_rate        | 0.0003      |
|    loss                 | 0.0722      |
|    n_updates            | 1460        |
|    policy_gradient_loss | -0.00253    |
|    value_loss           | 0.53        |
-----------------------------------------
-----------------------------------------
| rollout/                |             |
|    ep_len_mean          | 196         |
|    ep_rew_mean          | 1.53        |
| time/                   |             |
|    fps                  | 2           |
|    iterations           | 148         |
|    time_elapsed         | 28643       |
|    total_timesteps      | 75776       |
| train/                  |             |
|    approx_kl            | 0.007327972 |
|    clip_fraction        | 0.0758      |
|    clip_range           | 0.2         |
|    entropy_loss         | -0.719      |
|    explained_variance   | 0.922       |
|    learning_rate        | 0.0003      |
|    loss                 | 0.0795      |
|    n_updates            | 1470        |
|    policy_gradient_loss | -0.00225    |
|    value_loss           | 0.262       |
-----------------------------------------
----------------------------------------
| rollout/                |            |
|    ep_len_mean          | 198        |
|    ep_rew_mean          | 1.67       |
| time/                   |            |
|    fps                  | 2          |
|    iterations           | 149        |
|    time_elapsed         | 28725      |
|    total_timesteps      | 76288      |
| train/                  |            |
|    approx_kl            | 0.00598243 |
|    clip_fraction        | 0.0246     |
|    clip_range           | 0.2        |
|    entropy_loss         | -0.682     |
|    explained_variance   | 0.841      |
|    learning_rate        | 0.0003     |
|    loss                 | 0.85       |
|    n_updates            | 1480       |
|    policy_gradient_loss | -0.000397  |
|    value_loss           | 1.72       |
----------------------------------------
-----------------------------------------
| rollout/                |             |
|    ep_len_mean          | 197         |
|    ep_rew_mean          | 1.66        |
| time/                   |             |
|    fps                  | 2           |
|    iterations           | 150         |
|    time_elapsed         | 28809       |
|    total_timesteps      | 76800       |
| train/                  |             |
|    approx_kl            | 0.008312099 |
|    clip_fraction        | 0.108       |
|    clip_range           | 0.2         |
|    entropy_loss         | -0.716      |
|    explained_variance   | 0.959       |
|    learning_rate        | 0.0003      |
|    loss                 | -0.00695    |
|    n_updates            | 1490        |
|    policy_gradient_loss | -0.00285    |
|    value_loss           | 0.141       |
-----------------------------------------
-----------------------------------------
| rollout/                |             |
|    ep_len_mean          | 197         |
|    ep_rew_mean          | 1.67        |
| time/                   |             |
|    fps                  | 2           |
|    iterations           | 151         |
|    time_elapsed         | 28892       |
|    total_timesteps      | 77312       |
| train/                  |             |
|    approx_kl            | 0.009282434 |
|    clip_fraction        | 0.102       |
|    clip_range           | 0.2         |
|    entropy_loss         | -0.729      |
|    explained_variance   | 0.955       |
|    learning_rate        | 0.0003      |
|    loss                 | 0.0295      |
|    n_updates            | 1500        |
|    policy_gradient_loss | -0.00148    |
|    value_loss           | 0.226       |
-----------------------------------------
----------------------------------------
| rollout/                |            |
|    ep_len_mean          | 199        |
|    ep_rew_mean          | 1.8        |
| time/                   |            |
|    fps                  | 2          |
|    iterations           | 152        |
|    time_elapsed         | 28974      |
|    total_timesteps      | 77824      |
| train/                  |            |
|    approx_kl            | 0.01050034 |
|    clip_fraction        | 0.0555     |
|    clip_range           | 0.2        |
|    entropy_loss         | -0.73      |
|    explained_variance   | 0.98       |
|    learning_rate        | 0.0003     |
|    loss                 | 0.0133     |
|    n_updates            | 1510       |
|    policy_gradient_loss | -0.00844   |
|    value_loss           | 0.0968     |
----------------------------------------
-----------------------------------------
| rollout/                |             |
|    ep_len_mean          | 198         |
|    ep_rew_mean          | 1.72        |
| time/                   |             |
|    fps                  | 2           |
|    iterations           | 153         |
|    time_elapsed         | 29057       |
|    total_timesteps      | 78336       |
| train/                  |             |
|    approx_kl            | 0.012890537 |
|    clip_fraction        | 0.121       |
|    clip_range           | 0.2         |
|    entropy_loss         | -0.669      |
|    explained_variance   | 0.948       |
|    learning_rate        | 0.0003      |
|    loss                 | 0.0168      |
|    n_updates            | 1520        |
|    policy_gradient_loss | -0.00913    |
|    value_loss           | 0.201       |
-----------------------------------------
------------------------------------------
| rollout/                |              |
|    ep_len_mean          | 198          |
|    ep_rew_mean          | 1.71         |
| time/                   |              |
|    fps                  | 2            |
|    iterations           | 154          |
|    time_elapsed         | 29141        |
|    total_timesteps      | 78848        |
| train/                  |              |
|    approx_kl            | 0.0056884107 |
|    clip_fraction        | 0.026        |
|    clip_range           | 0.2          |
|    entropy_loss         | -0.694       |
|    explained_variance   | 0.796        |
|    learning_rate        | 0.0003       |
|    loss                 | 0.0897       |
|    n_updates            | 1530         |
|    policy_gradient_loss | -0.00649     |
|    value_loss           | 1.41         |
------------------------------------------
-----------------------------------------
| rollout/                |             |
|    ep_len_mean          | 197         |
|    ep_rew_mean          | 1.68        |
| time/                   |             |
|    fps                  | 2           |
|    iterations           | 155         |
|    time_elapsed         | 29223       |
|    total_timesteps      | 79360       |
| train/                  |             |
|    approx_kl            | 0.007892516 |
|    clip_fraction        | 0.0447      |
|    clip_range           | 0.2         |
|    entropy_loss         | -0.684      |
|    explained_variance   | 0.915       |
|    learning_rate        | 0.0003      |
|    loss                 | 0.146       |
|    n_updates            | 1540        |
|    policy_gradient_loss | -0.00569    |
|    value_loss           | 0.462       |
-----------------------------------------
------------------------------------------
| rollout/                |              |
|    ep_len_mean          | 199          |
|    ep_rew_mean          | 1.77         |
| time/                   |              |
|    fps                  | 2            |
|    iterations           | 156          |
|    time_elapsed         | 29305        |
|    total_timesteps      | 79872        |
| train/                  |              |
|    approx_kl            | 0.0083509525 |
|    clip_fraction        | 0.0396       |
|    clip_range           | 0.2          |
|    entropy_loss         | -0.705       |
|    explained_variance   | 0.938        |
|    learning_rate        | 0.0003       |
|    loss                 | 0.000651     |
|    n_updates            | 1550         |
|    policy_gradient_loss | -0.0146      |
|    value_loss           | 0.19         |
------------------------------------------
-----------------------------------------
| rollout/                |             |
|    ep_len_mean          | 198         |
|    ep_rew_mean          | 1.71        |
| time/                   |             |
|    fps                  | 2           |
|    iterations           | 157         |
|    time_elapsed         | 29389       |
|    total_timesteps      | 80384       |
| train/                  |             |
|    approx_kl            | 0.012469456 |
|    clip_fraction        | 0.147       |
|    clip_range           | 0.2         |
|    entropy_loss         | -0.662      |
|    explained_variance   | 0.95        |
|    learning_rate        | 0.0003      |
|    loss                 | 0.0105      |
|    n_updates            | 1560        |
|    policy_gradient_loss | -0.0147     |
|    value_loss           | 0.234       |
-----------------------------------------
-----------------------------------------
| rollout/                |             |
|    ep_len_mean          | 197         |
|    ep_rew_mean          | 1.7         |
| time/                   |             |
|    fps                  | 2           |
|    iterations           | 158         |
|    time_elapsed         | 29473       |
|    total_timesteps      | 80896       |
| train/                  |             |
|    approx_kl            | 0.009401508 |
|    clip_fraction        | 0.0627      |
|    clip_range           | 0.2         |
|    entropy_loss         | -0.63       |
|    explained_variance   | 0.707       |
|    learning_rate        | 0.0003      |
|    loss                 | 0.0324      |
|    n_updates            | 1570        |
|    policy_gradient_loss | -0.0163     |
|    value_loss           | 1.07        |
-----------------------------------------
-----------------------------------------
| rollout/                |             |
|    ep_len_mean          | 198         |
|    ep_rew_mean          | 1.74        |
| time/                   |             |
|    fps                  | 2           |
|    iterations           | 159         |
|    time_elapsed         | 29559       |
|    total_timesteps      | 81408       |
| train/                  |             |
|    approx_kl            | 0.008970076 |
|    clip_fraction        | 0.0969      |
|    clip_range           | 0.2         |
|    entropy_loss         | -0.641      |
|    explained_variance   | 0.964       |
|    learning_rate        | 0.0003      |
|    loss                 | 0.0168      |
|    n_updates            | 1580        |
|    policy_gradient_loss | -0.0085     |
|    value_loss           | 0.113       |
-----------------------------------------
------------------------------------------
| rollout/                |              |
|    ep_len_mean          | 198          |
|    ep_rew_mean          | 1.74         |
| time/                   |              |
|    fps                  | 2            |
|    iterations           | 160          |
|    time_elapsed         | 29652        |
|    total_timesteps      | 81920        |
| train/                  |              |
|    approx_kl            | 0.0050249146 |
|    clip_fraction        | 0.0273       |
|    clip_range           | 0.2          |
|    entropy_loss         | -0.642       |
|    explained_variance   | 0.97         |
|    learning_rate        | 0.0003       |
|    loss                 | -0.00277     |
|    n_updates            | 1590         |
|    policy_gradient_loss | -0.00561     |
|    value_loss           | 0.0978       |
------------------------------------------
------------------------------------------
| rollout/                |              |
|    ep_len_mean          | 197          |
|    ep_rew_mean          | 1.68         |
| time/                   |              |
|    fps                  | 2            |
|    iterations           | 161          |
|    time_elapsed         | 29744        |
|    total_timesteps      | 82432        |
| train/                  |              |
|    approx_kl            | 0.0070991283 |
|    clip_fraction        | 0.0402       |
|    clip_range           | 0.2          |
|    entropy_loss         | -0.685       |
|    explained_variance   | 0.969        |
|    learning_rate        | 0.0003       |
|    loss                 | -0.0103      |
|    n_updates            | 1600         |
|    policy_gradient_loss | -0.00551     |
|    value_loss           | 0.109        |
------------------------------------------
------------------------------------------
| rollout/                |              |
|    ep_len_mean          | 198          |
|    ep_rew_mean          | 1.72         |
| time/                   |              |
|    fps                  | 2            |
|    iterations           | 162          |
|    time_elapsed         | 29832        |
|    total_timesteps      | 82944        |
| train/                  |              |
|    approx_kl            | 0.0046513434 |
|    clip_fraction        | 0.0314       |
|    clip_range           | 0.2          |
|    entropy_loss         | -0.691       |
|    explained_variance   | 0.947        |
|    learning_rate        | 0.0003       |
|    loss                 | 0.0609       |
|    n_updates            | 1610         |
|    policy_gradient_loss | -0.00068     |
|    value_loss           | 0.274        |
------------------------------------------
-----------------------------------------
| rollout/                |             |
|    ep_len_mean          | 197         |
|    ep_rew_mean          | 1.69        |
| time/                   |             |
|    fps                  | 2           |
|    iterations           | 163         |
|    time_elapsed         | 29917       |
|    total_timesteps      | 83456       |
| train/                  |             |
|    approx_kl            | 0.021108937 |
|    clip_fraction        | 0.0951      |
|    clip_range           | 0.2         |
|    entropy_loss         | -0.691      |
|    explained_variance   | 0.983       |
|    learning_rate        | 0.0003      |
|    loss                 | -0.0322     |
|    n_updates            | 1620        |
|    policy_gradient_loss | -0.00679    |
|    value_loss           | 0.0755      |
-----------------------------------------
------------------------------------------
| rollout/                |              |
|    ep_len_mean          | 196          |
|    ep_rew_mean          | 1.6          |
| time/                   |              |
|    fps                  | 2            |
|    iterations           | 164          |
|    time_elapsed         | 30005        |
|    total_timesteps      | 83968        |
| train/                  |              |
|    approx_kl            | 0.0077197724 |
|    clip_fraction        | 0.0678       |
|    clip_range           | 0.2          |
|    entropy_loss         | -0.715       |
|    explained_variance   | 0.969        |
|    learning_rate        | 0.0003       |
|    loss                 | 0.022        |
|    n_updates            | 1630         |
|    policy_gradient_loss | -0.00947     |
|    value_loss           | 0.153        |
------------------------------------------
-----------------------------------------
| rollout/                |             |
|    ep_len_mean          | 195         |
|    ep_rew_mean          | 1.54        |
| time/                   |             |
|    fps                  | 2           |
|    iterations           | 165         |
|    time_elapsed         | 30088       |
|    total_timesteps      | 84480       |
| train/                  |             |
|    approx_kl            | 0.005302975 |
|    clip_fraction        | 0.0123      |
|    clip_range           | 0.2         |
|    entropy_loss         | -0.7        |
|    explained_variance   | 0.977       |
|    learning_rate        | 0.0003      |
|    loss                 | 0.0178      |
|    n_updates            | 1640        |
|    policy_gradient_loss | -0.00394    |
|    value_loss           | 0.0935      |
-----------------------------------------
-----------------------------------------
| rollout/                |             |
|    ep_len_mean          | 194         |
|    ep_rew_mean          | 1.46        |
| time/                   |             |
|    fps                  | 2           |
|    iterations           | 166         |
|    time_elapsed         | 30173       |
|    total_timesteps      | 84992       |
| train/                  |             |
|    approx_kl            | 0.008241881 |
|    clip_fraction        | 0.0549      |
|    clip_range           | 0.2         |
|    entropy_loss         | -0.748      |
|    explained_variance   | 0.922       |
|    learning_rate        | 0.0003      |
|    loss                 | 0.0429      |
|    n_updates            | 1650        |
|    policy_gradient_loss | 3.77e-05    |
|    value_loss           | 0.226       |
-----------------------------------------
-----------------------------------------
| rollout/                |             |
|    ep_len_mean          | 193         |
|    ep_rew_mean          | 1.43        |
| time/                   |             |
|    fps                  | 2           |
|    iterations           | 167         |
|    time_elapsed         | 30257       |
|    total_timesteps      | 85504       |
| train/                  |             |
|    approx_kl            | 0.007613804 |
|    clip_fraction        | 0.0842      |
|    clip_range           | 0.2         |
|    entropy_loss         | -0.71       |
|    explained_variance   | 0.961       |
|    learning_rate        | 0.0003      |
|    loss                 | -0.0186     |
|    n_updates            | 1660        |
|    policy_gradient_loss | -0.0142     |
|    value_loss           | 0.118       |
-----------------------------------------
-----------------------------------------
| rollout/                |             |
|    ep_len_mean          | 192         |
|    ep_rew_mean          | 1.37        |
| time/                   |             |
|    fps                  | 2           |
|    iterations           | 168         |
|    time_elapsed         | 30340       |
|    total_timesteps      | 86016       |
| train/                  |             |
|    approx_kl            | 0.004293943 |
|    clip_fraction        | 0.0242      |
|    clip_range           | 0.2         |
|    entropy_loss         | -0.684      |
|    explained_variance   | 0.96        |
|    learning_rate        | 0.0003      |
|    loss                 | 0.0236      |
|    n_updates            | 1670        |
|    policy_gradient_loss | 0.00411     |
|    value_loss           | 0.196       |
-----------------------------------------
------------------------------------------
| rollout/                |              |
|    ep_len_mean          | 192          |
|    ep_rew_mean          | 1.34         |
| time/                   |              |
|    fps                  | 2            |
|    iterations           | 169          |
|    time_elapsed         | 30424        |
|    total_timesteps      | 86528        |
| train/                  |              |
|    approx_kl            | 0.0021331925 |
|    clip_fraction        | 0.0217       |
|    clip_range           | 0.2          |
|    entropy_loss         | -0.696       |
|    explained_variance   | 0.978        |
|    learning_rate        | 0.0003       |
|    loss                 | 0.0228       |
|    n_updates            | 1680         |
|    policy_gradient_loss | -0.00585     |
|    value_loss           | 0.111        |
------------------------------------------
------------------------------------------
| rollout/                |              |
|    ep_len_mean          | 191          |
|    ep_rew_mean          | 1.27         |
| time/                   |              |
|    fps                  | 2            |
|    iterations           | 170          |
|    time_elapsed         | 30508        |
|    total_timesteps      | 87040        |
| train/                  |              |
|    approx_kl            | 0.0072298865 |
|    clip_fraction        | 0.0383       |
|    clip_range           | 0.2          |
|    entropy_loss         | -0.639       |
|    explained_variance   | 0.944        |
|    learning_rate        | 0.0003       |
|    loss                 | 0.0441       |
|    n_updates            | 1690         |
|    policy_gradient_loss | -0.00897     |
|    value_loss           | 0.35         |
------------------------------------------
------------------------------------------
| rollout/                |              |
|    ep_len_mean          | 189          |
|    ep_rew_mean          | 1.13         |
| time/                   |              |
|    fps                  | 2            |
|    iterations           | 171          |
|    time_elapsed         | 30591        |
|    total_timesteps      | 87552        |
| train/                  |              |
|    approx_kl            | 0.0041690925 |
|    clip_fraction        | 0.0221       |
|    clip_range           | 0.2          |
|    entropy_loss         | -0.645       |
|    explained_variance   | 0.92         |
|    learning_rate        | 0.0003       |
|    loss                 | 0.0746       |
|    n_updates            | 1700         |
|    policy_gradient_loss | -0.00169     |
|    value_loss           | 0.236        |
------------------------------------------
------------------------------------------
| rollout/                |              |
|    ep_len_mean          | 186          |
|    ep_rew_mean          | 0.944        |
| time/                   |              |
|    fps                  | 2            |
|    iterations           | 172          |
|    time_elapsed         | 30679        |
|    total_timesteps      | 88064        |
| train/                  |              |
|    approx_kl            | 0.0054409546 |
|    clip_fraction        | 0.024        |
|    clip_range           | 0.2          |
|    entropy_loss         | -0.678       |
|    explained_variance   | 0.971        |
|    learning_rate        | 0.0003       |
|    loss                 | 0.0393       |
|    n_updates            | 1710         |
|    policy_gradient_loss | 0.000647     |
|    value_loss           | 0.19         |
------------------------------------------
-----------------------------------------
| rollout/                |             |
|    ep_len_mean          | 187         |
|    ep_rew_mean          | 0.993       |
| time/                   |             |
|    fps                  | 2           |
|    iterations           | 173         |
|    time_elapsed         | 30768       |
|    total_timesteps      | 88576       |
| train/                  |             |
|    approx_kl            | 0.012874469 |
|    clip_fraction        | 0.104       |
|    clip_range           | 0.2         |
|    entropy_loss         | -0.675      |
|    explained_variance   | 0.965       |
|    learning_rate        | 0.0003      |
|    loss                 | -0.00155    |
|    n_updates            | 1720        |
|    policy_gradient_loss | -0.00507    |
|    value_loss           | 0.121       |
-----------------------------------------
------------------------------------------
| rollout/                |              |
|    ep_len_mean          | 184          |
|    ep_rew_mean          | 0.798        |
| time/                   |              |
|    fps                  | 2            |
|    iterations           | 174          |
|    time_elapsed         | 30851        |
|    total_timesteps      | 89088        |
| train/                  |              |
|    approx_kl            | 0.0090476945 |
|    clip_fraction        | 0.0564       |
|    clip_range           | 0.2          |
|    entropy_loss         | -0.752       |
|    explained_variance   | 0.936        |
|    learning_rate        | 0.0003       |
|    loss                 | 0.032        |
|    n_updates            | 1730         |
|    policy_gradient_loss | 9.33e-05     |
|    value_loss           | 0.179        |
------------------------------------------
------------------------------------------
| rollout/                |              |
|    ep_len_mean          | 181          |
|    ep_rew_mean          | 0.648        |
| time/                   |              |
|    fps                  | 2            |
|    iterations           | 175          |
|    time_elapsed         | 30936        |
|    total_timesteps      | 89600        |
| train/                  |              |
|    approx_kl            | 0.0088735055 |
|    clip_fraction        | 0.0387       |
|    clip_range           | 0.2          |
|    entropy_loss         | -0.81        |
|    explained_variance   | 0.883        |
|    learning_rate        | 0.0003       |
|    loss                 | 0.0863       |
|    n_updates            | 1740         |
|    policy_gradient_loss | 0.00109      |
|    value_loss           | 0.907        |
------------------------------------------
-----------------------------------------
| rollout/                |             |
|    ep_len_mean          | 178         |
|    ep_rew_mean          | 0.434       |
| time/                   |             |
|    fps                  | 2           |
|    iterations           | 176         |
|    time_elapsed         | 31022       |
|    total_timesteps      | 90112       |
| train/                  |             |
|    approx_kl            | 0.007383312 |
|    clip_fraction        | 0.0535      |
|    clip_range           | 0.2         |
|    entropy_loss         | -0.764      |
|    explained_variance   | 0.962       |
|    learning_rate        | 0.0003      |
|    loss                 | -0.0102     |
|    n_updates            | 1750        |
|    policy_gradient_loss | -0.0106     |
|    value_loss           | 0.163       |
-----------------------------------------
------------------------------------------
| rollout/                |              |
|    ep_len_mean          | 175          |
|    ep_rew_mean          | 0.226        |
| time/                   |              |
|    fps                  | 2            |
|    iterations           | 177          |
|    time_elapsed         | 31106        |
|    total_timesteps      | 90624        |
| train/                  |              |
|    approx_kl            | 0.0063543827 |
|    clip_fraction        | 0.0348       |
|    clip_range           | 0.2          |
|    entropy_loss         | -0.798       |
|    explained_variance   | 0.921        |
|    learning_rate        | 0.0003       |
|    loss                 | -0.00375     |
|    n_updates            | 1760         |
|    policy_gradient_loss | -0.00524     |
|    value_loss           | 0.299        |
------------------------------------------
-----------------------------------------
| rollout/                |             |
|    ep_len_mean          | 172         |
|    ep_rew_mean          | 0.05        |
| time/                   |             |
|    fps                  | 2           |
|    iterations           | 178         |
|    time_elapsed         | 31191       |
|    total_timesteps      | 91136       |
| train/                  |             |
|    approx_kl            | 0.008806372 |
|    clip_fraction        | 0.0453      |
|    clip_range           | 0.2         |
|    entropy_loss         | -0.74       |
|    explained_variance   | 0.952       |
|    learning_rate        | 0.0003      |
|    loss                 | 0.00498     |
|    n_updates            | 1770        |
|    policy_gradient_loss | -0.00314    |
|    value_loss           | 0.158       |
-----------------------------------------
------------------------------------------
| rollout/                |              |
|    ep_len_mean          | 172          |
|    ep_rew_mean          | 0.0655       |
| time/                   |              |
|    fps                  | 2            |
|    iterations           | 179          |
|    time_elapsed         | 31276        |
|    total_timesteps      | 91648        |
| train/                  |              |
|    approx_kl            | 0.0051464317 |
|    clip_fraction        | 0.0326       |
|    clip_range           | 0.2          |
|    entropy_loss         | -0.758       |
|    explained_variance   | 0.978        |
|    learning_rate        | 0.0003       |
|    loss                 | 0.0195       |
|    n_updates            | 1780         |
|    policy_gradient_loss | -0.00116     |
|    value_loss           | 0.0699       |
------------------------------------------
----------------------------------------
| rollout/                |            |
|    ep_len_mean          | 171        |
|    ep_rew_mean          | -0.0185    |
| time/                   |            |
|    fps                  | 2          |
|    iterations           | 180        |
|    time_elapsed         | 31365      |
|    total_timesteps      | 92160      |
| train/                  |            |
|    approx_kl            | 0.00594661 |
|    clip_fraction        | 0.0209     |
|    clip_range           | 0.2        |
|    entropy_loss         | -0.825     |
|    explained_variance   | 0.96       |
|    learning_rate        | 0.0003     |
|    loss                 | 0.0263     |
|    n_updates            | 1790       |
|    policy_gradient_loss | -0.00641   |
|    value_loss           | 0.137      |
----------------------------------------
------------------------------------------
| rollout/                |              |
|    ep_len_mean          | 169          |
|    ep_rew_mean          | -0.129       |
| time/                   |              |
|    fps                  | 2            |
|    iterations           | 181          |
|    time_elapsed         | 31455        |
|    total_timesteps      | 92672        |
| train/                  |              |
|    approx_kl            | 0.0045814775 |
|    clip_fraction        | 0.0102       |
|    clip_range           | 0.2          |
|    entropy_loss         | -0.741       |
|    explained_variance   | 0.859        |
|    learning_rate        | 0.0003       |
|    loss                 | 0.0895       |
|    n_updates            | 1800         |
|    policy_gradient_loss | 0.00259      |
|    value_loss           | 0.416        |
------------------------------------------
-----------------------------------------
| rollout/                |             |
|    ep_len_mean          | 168         |
|    ep_rew_mean          | -0.229      |
| time/                   |             |
|    fps                  | 2           |
|    iterations           | 182         |
|    time_elapsed         | 31541       |
|    total_timesteps      | 93184       |
| train/                  |             |
|    approx_kl            | 0.011237521 |
|    clip_fraction        | 0.124       |
|    clip_range           | 0.2         |
|    entropy_loss         | -0.727      |
|    explained_variance   | 0.968       |
|    learning_rate        | 0.0003      |
|    loss                 | -0.0242     |
|    n_updates            | 1810        |
|    policy_gradient_loss | -0.00976    |
|    value_loss           | 0.112       |
-----------------------------------------
-----------------------------------------
| rollout/                |             |
|    ep_len_mean          | 166         |
|    ep_rew_mean          | -0.304      |
| time/                   |             |
|    fps                  | 2           |
|    iterations           | 183         |
|    time_elapsed         | 31625       |
|    total_timesteps      | 93696       |
| train/                  |             |
|    approx_kl            | 0.008732174 |
|    clip_fraction        | 0.0287      |
|    clip_range           | 0.2         |
|    entropy_loss         | -0.709      |
|    explained_variance   | 0.923       |
|    learning_rate        | 0.0003      |
|    loss                 | 0.00326     |
|    n_updates            | 1820        |
|    policy_gradient_loss | -0.000321   |
|    value_loss           | 0.212       |
-----------------------------------------
-----------------------------------------
| rollout/                |             |
|    ep_len_mean          | 166         |
|    ep_rew_mean          | -0.328      |
| time/                   |             |
|    fps                  | 2           |
|    iterations           | 184         |
|    time_elapsed         | 31714       |
|    total_timesteps      | 94208       |
| train/                  |             |
|    approx_kl            | 0.005441053 |
|    clip_fraction        | 0.032       |
|    clip_range           | 0.2         |
|    entropy_loss         | -0.733      |
|    explained_variance   | 0.96        |
|    learning_rate        | 0.0003      |
|    loss                 | 0.0011      |
|    n_updates            | 1830        |
|    policy_gradient_loss | 0.00124     |
|    value_loss           | 0.127       |
-----------------------------------------
-----------------------------------------
| rollout/                |             |
|    ep_len_mean          | 166         |
|    ep_rew_mean          | -0.325      |
| time/                   |             |
|    fps                  | 2           |
|    iterations           | 185         |
|    time_elapsed         | 31800       |
|    total_timesteps      | 94720       |
| train/                  |             |
|    approx_kl            | 0.009780033 |
|    clip_fraction        | 0.0611      |
|    clip_range           | 0.2         |
|    entropy_loss         | -0.699      |
|    explained_variance   | 0.931       |
|    learning_rate        | 0.0003      |
|    loss                 | 0.0832      |
|    n_updates            | 1840        |
|    policy_gradient_loss | -0.000561   |
|    value_loss           | 0.305       |
-----------------------------------------
-----------------------------------------
| rollout/                |             |
|    ep_len_mean          | 167         |
|    ep_rew_mean          | -0.268      |
| time/                   |             |
|    fps                  | 2           |
|    iterations           | 186         |
|    time_elapsed         | 31887       |
|    total_timesteps      | 95232       |
| train/                  |             |
|    approx_kl            | 0.017049203 |
|    clip_fraction        | 0.16        |
|    clip_range           | 0.2         |
|    entropy_loss         | -0.713      |
|    explained_variance   | 0.925       |
|    learning_rate        | 0.0003      |
|    loss                 | 0.0492      |
|    n_updates            | 1850        |
|    policy_gradient_loss | -0.00755    |
|    value_loss           | 0.282       |
-----------------------------------------
------------------------------------------
| rollout/                |              |
|    ep_len_mean          | 167          |
|    ep_rew_mean          | -0.273       |
| time/                   |              |
|    fps                  | 2            |
|    iterations           | 187          |
|    time_elapsed         | 31971        |
|    total_timesteps      | 95744        |
| train/                  |              |
|    approx_kl            | 0.0045120157 |
|    clip_fraction        | 0.0266       |
|    clip_range           | 0.2          |
|    entropy_loss         | -0.66        |
|    explained_variance   | 0.98         |
|    learning_rate        | 0.0003       |
|    loss                 | 0.0173       |
|    n_updates            | 1860         |
|    policy_gradient_loss | -0.00446     |
|    value_loss           | 0.105        |
------------------------------------------
------------------------------------------
| rollout/                |              |
|    ep_len_mean          | 168          |
|    ep_rew_mean          | -0.232       |
| time/                   |              |
|    fps                  | 3            |
|    iterations           | 188          |
|    time_elapsed         | 32056        |
|    total_timesteps      | 96256        |
| train/                  |              |
|    approx_kl            | 0.0035965513 |
|    clip_fraction        | 0.0221       |
|    clip_range           | 0.2          |
|    entropy_loss         | -0.652       |
|    explained_variance   | 0.96         |
|    learning_rate        | 0.0003       |
|    loss                 | 0.0189       |
|    n_updates            | 1870         |
|    policy_gradient_loss | -0.00147     |
|    value_loss           | 0.114        |
------------------------------------------
-----------------------------------------
| rollout/                |             |
|    ep_len_mean          | 166         |
|    ep_rew_mean          | -0.33       |
| time/                   |             |
|    fps                  | 3           |
|    iterations           | 189         |
|    time_elapsed         | 32142       |
|    total_timesteps      | 96768       |
| train/                  |             |
|    approx_kl            | 0.006447346 |
|    clip_fraction        | 0.0381      |
|    clip_range           | 0.2         |
|    entropy_loss         | -0.586      |
|    explained_variance   | 0.936       |
|    learning_rate        | 0.0003      |
|    loss                 | 0.0402      |
|    n_updates            | 1880        |
|    policy_gradient_loss | -0.00358    |
|    value_loss           | 0.256       |
-----------------------------------------
-----------------------------------------
| rollout/                |             |
|    ep_len_mean          | 168         |
|    ep_rew_mean          | -0.245      |
| time/                   |             |
|    fps                  | 3           |
|    iterations           | 190         |
|    time_elapsed         | 32227       |
|    total_timesteps      | 97280       |
| train/                  |             |
|    approx_kl            | 0.004620176 |
|    clip_fraction        | 0.015       |
|    clip_range           | 0.2         |
|    entropy_loss         | -0.677      |
|    explained_variance   | 0.846       |
|    learning_rate        | 0.0003      |
|    loss                 | 0.188       |
|    n_updates            | 1890        |
|    policy_gradient_loss | 0.000217    |
|    value_loss           | 1.11        |
-----------------------------------------
------------------------------------------
| rollout/                |              |
|    ep_len_mean          | 169          |
|    ep_rew_mean          | -0.173       |
| time/                   |              |
|    fps                  | 3            |
|    iterations           | 191          |
|    time_elapsed         | 32312        |
|    total_timesteps      | 97792        |
| train/                  |              |
|    approx_kl            | 0.0041061826 |
|    clip_fraction        | 0.0377       |
|    clip_range           | 0.2          |
|    entropy_loss         | -0.596       |
|    explained_variance   | 0.836        |
|    learning_rate        | 0.0003       |
|    loss                 | 0.0394       |
|    n_updates            | 1900         |
|    policy_gradient_loss | -0.000668    |
|    value_loss           | 0.517        |
------------------------------------------
------------------------------------------
| rollout/                |              |
|    ep_len_mean          | 171          |
|    ep_rew_mean          | -0.054       |
| time/                   |              |
|    fps                  | 3            |
|    iterations           | 192          |
|    time_elapsed         | 32398        |
|    total_timesteps      | 98304        |
| train/                  |              |
|    approx_kl            | 0.0045914277 |
|    clip_fraction        | 0.0256       |
|    clip_range           | 0.2          |
|    entropy_loss         | -0.604       |
|    explained_variance   | 0.956        |
|    learning_rate        | 0.0003       |
|    loss                 | 0.0188       |
|    n_updates            | 1910         |
|    policy_gradient_loss | -0.00235     |
|    value_loss           | 0.16         |
------------------------------------------
------------------------------------------
| rollout/                |              |
|    ep_len_mean          | 170          |
|    ep_rew_mean          | -0.107       |
| time/                   |              |
|    fps                  | 3            |
|    iterations           | 193          |
|    time_elapsed         | 32483        |
|    total_timesteps      | 98816        |
| train/                  |              |
|    approx_kl            | 0.0051321993 |
|    clip_fraction        | 0.015        |
|    clip_range           | 0.2          |
|    entropy_loss         | -0.529       |
|    explained_variance   | 0.963        |
|    learning_rate        | 0.0003       |
|    loss                 | 0.0169       |
|    n_updates            | 1920         |
|    policy_gradient_loss | -0.000648    |
|    value_loss           | 0.158        |
------------------------------------------
-----------------------------------------
| rollout/                |             |
|    ep_len_mean          | 171         |
|    ep_rew_mean          | -0.0305     |
| time/                   |             |
|    fps                  | 3           |
|    iterations           | 194         |
|    time_elapsed         | 32569       |
|    total_timesteps      | 99328       |
| train/                  |             |
|    approx_kl            | 0.018178241 |
|    clip_fraction        | 0.076       |
|    clip_range           | 0.2         |
|    entropy_loss         | -0.629      |
|    explained_variance   | 0.795       |
|    learning_rate        | 0.0003      |
|    loss                 | 0.138       |
|    n_updates            | 1930        |
|    policy_gradient_loss | -0.00156    |
|    value_loss           | 0.978       |
-----------------------------------------
-----------------------------------------
| rollout/                |             |
|    ep_len_mean          | 171         |
|    ep_rew_mean          | -0.0205     |
| time/                   |             |
|    fps                  | 3           |
|    iterations           | 195         |
|    time_elapsed         | 32654       |
|    total_timesteps      | 99840       |
| train/                  |             |
|    approx_kl            | 0.010490313 |
|    clip_fraction        | 0.0984      |
|    clip_range           | 0.2         |
|    entropy_loss         | -0.58       |
|    explained_variance   | 0.933       |
|    learning_rate        | 0.0003      |
|    loss                 | 0.0277      |
|    n_updates            | 1940        |
|    policy_gradient_loss | -0.0079     |
|    value_loss           | 0.376       |
-----------------------------------------
-----------------------------------------
| rollout/                |             |
|    ep_len_mean          | 172         |
|    ep_rew_mean          | 0.0455      |
| time/                   |             |
|    fps                  | 3           |
|    iterations           | 196         |
|    time_elapsed         | 32741       |
|    total_timesteps      | 100352      |
| train/                  |             |
|    approx_kl            | 0.009143314 |
|    clip_fraction        | 0.0266      |
|    clip_range           | 0.2         |
|    entropy_loss         | -0.569      |
|    explained_variance   | 0.957       |
|    learning_rate        | 0.0003      |
|    loss                 | 0.0152      |
|    n_updates            | 1950        |
|    policy_gradient_loss | -0.00292    |
|    value_loss           | 0.135       |
-----------------------------------------
------------------------------------------
| rollout/                |              |
|    ep_len_mean          | 172          |
|    ep_rew_mean          | 0.0405       |
| time/                   |              |
|    fps                  | 3            |
|    iterations           | 197          |
|    time_elapsed         | 32829        |
|    total_timesteps      | 100864       |
| train/                  |              |
|    approx_kl            | 0.0062535424 |
|    clip_fraction        | 0.06         |
|    clip_range           | 0.2          |
|    entropy_loss         | -0.626       |
|    explained_variance   | 0.9          |
|    learning_rate        | 0.0003       |
|    loss                 | 0.0481       |
|    n_updates            | 1960         |
|    policy_gradient_loss | -0.000534    |
|    value_loss           | 0.423        |
------------------------------------------
------------------------------------------
| rollout/                |              |
|    ep_len_mean          | 172          |
|    ep_rew_mean          | 0.0735       |
| time/                   |              |
|    fps                  | 3            |
|    iterations           | 198          |
|    time_elapsed         | 32917        |
|    total_timesteps      | 101376       |
| train/                  |              |
|    approx_kl            | 0.0040758518 |
|    clip_fraction        | 0.0428       |
|    clip_range           | 0.2          |
|    entropy_loss         | -0.619       |
|    explained_variance   | 0.811        |
|    learning_rate        | 0.0003       |
|    loss                 | 0.106        |
|    n_updates            | 1970         |
|    policy_gradient_loss | 0.00702      |
|    value_loss           | 0.945        |
------------------------------------------
-----------------------------------------
| rollout/                |             |
|    ep_len_mean          | 174         |
|    ep_rew_mean          | 0.165       |
| time/                   |             |
|    fps                  | 3           |
|    iterations           | 199         |
|    time_elapsed         | 33001       |
|    total_timesteps      | 101888      |
| train/                  |             |
|    approx_kl            | 0.005277896 |
|    clip_fraction        | 0.0289      |
|    clip_range           | 0.2         |
|    entropy_loss         | -0.562      |
|    explained_variance   | 0.928       |
|    learning_rate        | 0.0003      |
|    loss                 | 0.0191      |
|    n_updates            | 1980        |
|    policy_gradient_loss | -0.00331    |
|    value_loss           | 0.218       |
-----------------------------------------
------------------------------------------
| rollout/                |              |
|    ep_len_mean          | 174          |
|    ep_rew_mean          | 0.196        |
| time/                   |              |
|    fps                  | 3            |
|    iterations           | 200          |
|    time_elapsed         | 33087        |
|    total_timesteps      | 102400       |
| train/                  |              |
|    approx_kl            | 0.0049830517 |
|    clip_fraction        | 0.0436       |
|    clip_range           | 0.2          |
|    entropy_loss         | -0.568       |
|    explained_variance   | 0.94         |
|    learning_rate        | 0.0003       |
|    loss                 | 0.18         |
|    n_updates            | 1990         |
|    policy_gradient_loss | -0.00444     |
|    value_loss           | 0.462        |
------------------------------------------
-----------------------------------------
| rollout/                |             |
|    ep_len_mean          | 175         |
|    ep_rew_mean          | 0.273       |
| time/                   |             |
|    fps                  | 3           |
|    iterations           | 201         |
|    time_elapsed         | 33171       |
|    total_timesteps      | 102912      |
| train/                  |             |
|    approx_kl            | 0.008314907 |
|    clip_fraction        | 0.0635      |
|    clip_range           | 0.2         |
|    entropy_loss         | -0.533      |
|    explained_variance   | 0.954       |
|    learning_rate        | 0.0003      |
|    loss                 | -0.00054    |
|    n_updates            | 2000        |
|    policy_gradient_loss | -0.00304    |
|    value_loss           | 0.142       |
-----------------------------------------
------------------------------------------
| rollout/                |              |
|    ep_len_mean          | 176          |
|    ep_rew_mean          | 0.328        |
| time/                   |              |
|    fps                  | 3            |
|    iterations           | 202          |
|    time_elapsed         | 33256        |
|    total_timesteps      | 103424       |
| train/                  |              |
|    approx_kl            | 0.0034501478 |
|    clip_fraction        | 0.0238       |
|    clip_range           | 0.2          |
|    entropy_loss         | -0.596       |
|    explained_variance   | 0.953        |
|    learning_rate        | 0.0003       |
|    loss                 | 0.0246       |
|    n_updates            | 2010         |
|    policy_gradient_loss | -0.000376    |
|    value_loss           | 0.176        |
------------------------------------------
------------------------------------------
| rollout/                |              |
|    ep_len_mean          | 178          |
|    ep_rew_mean          | 0.464        |
| time/                   |              |
|    fps                  | 3            |
|    iterations           | 203          |
|    time_elapsed         | 33340        |
|    total_timesteps      | 103936       |
| train/                  |              |
|    approx_kl            | 0.0060755135 |
|    clip_fraction        | 0.0545       |
|    clip_range           | 0.2          |
|    entropy_loss         | -0.607       |
|    explained_variance   | 0.953        |
|    learning_rate        | 0.0003       |
|    loss                 | 0.0468       |
|    n_updates            | 2020         |
|    policy_gradient_loss | -0.00355     |
|    value_loss           | 0.158        |
------------------------------------------
----------------------------------------
| rollout/                |            |
|    ep_len_mean          | 178        |
|    ep_rew_mean          | 0.465      |
| time/                   |            |
|    fps                  | 3          |
|    iterations           | 204        |
|    time_elapsed         | 33423      |
|    total_timesteps      | 104448     |
| train/                  |            |
|    approx_kl            | 0.00832266 |
|    clip_fraction        | 0.0588     |
|    clip_range           | 0.2        |
|    entropy_loss         | -0.605     |
|    explained_variance   | 0.937      |
|    learning_rate        | 0.0003     |
|    loss                 | 0.00123    |
|    n_updates            | 2030       |
|    policy_gradient_loss | -0.00461   |
|    value_loss           | 0.288      |
----------------------------------------
------------------------------------------
| rollout/                |              |
|    ep_len_mean          | 179          |
|    ep_rew_mean          | 0.547        |
| time/                   |              |
|    fps                  | 3            |
|    iterations           | 205          |
|    time_elapsed         | 33507        |
|    total_timesteps      | 104960       |
| train/                  |              |
|    approx_kl            | 0.0054731388 |
|    clip_fraction        | 0.0258       |
|    clip_range           | 0.2          |
|    entropy_loss         | -0.605       |
|    explained_variance   | 0.975        |
|    learning_rate        | 0.0003       |
|    loss                 | -0.0069      |
|    n_updates            | 2040         |
|    policy_gradient_loss | -0.00468     |
|    value_loss           | 0.0881       |
------------------------------------------
-----------------------------------------
| rollout/                |             |
|    ep_len_mean          | 181         |
|    ep_rew_mean          | 0.631       |
| time/                   |             |
|    fps                  | 3           |
|    iterations           | 206         |
|    time_elapsed         | 33591       |
|    total_timesteps      | 105472      |
| train/                  |             |
|    approx_kl            | 0.008748094 |
|    clip_fraction        | 0.0813      |
|    clip_range           | 0.2         |
|    entropy_loss         | -0.624      |
|    explained_variance   | 0.971       |
|    learning_rate        | 0.0003      |
|    loss                 | -0.00149    |
|    n_updates            | 2050        |
|    policy_gradient_loss | -0.00923    |
|    value_loss           | 0.112       |
-----------------------------------------
----------------------------------------
| rollout/                |            |
|    ep_len_mean          | 182        |
|    ep_rew_mean          | 0.717      |
| time/                   |            |
|    fps                  | 3          |
|    iterations           | 207        |
|    time_elapsed         | 33676      |
|    total_timesteps      | 105984     |
| train/                  |            |
|    approx_kl            | 0.01349193 |
|    clip_fraction        | 0.0795     |
|    clip_range           | 0.2        |
|    entropy_loss         | -0.523     |
|    explained_variance   | 0.902      |
|    learning_rate        | 0.0003     |
|    loss                 | 0.000923   |
|    n_updates            | 2060       |
|    policy_gradient_loss | 0.00861    |
|    value_loss           | 0.254      |
----------------------------------------
------------------------------------------
| rollout/                |              |
|    ep_len_mean          | 185          |
|    ep_rew_mean          | 0.892        |
| time/                   |              |
|    fps                  | 3            |
|    iterations           | 208          |
|    time_elapsed         | 33764        |
|    total_timesteps      | 106496       |
| train/                  |              |
|    approx_kl            | 0.0048329895 |
|    clip_fraction        | 0.0217       |
|    clip_range           | 0.2          |
|    entropy_loss         | -0.544       |
|    explained_variance   | 0.954        |
|    learning_rate        | 0.0003       |
|    loss                 | -0.00463     |
|    n_updates            | 2070         |
|    policy_gradient_loss | -0.00226     |
|    value_loss           | 0.143        |
------------------------------------------
------------------------------------------
| rollout/                |              |
|    ep_len_mean          | 187          |
|    ep_rew_mean          | 1.03         |
| time/                   |              |
|    fps                  | 3            |
|    iterations           | 209          |
|    time_elapsed         | 33850        |
|    total_timesteps      | 107008       |
| train/                  |              |
|    approx_kl            | 0.0054554017 |
|    clip_fraction        | 0.0396       |
|    clip_range           | 0.2          |
|    entropy_loss         | -0.44        |
|    explained_variance   | 0.961        |
|    learning_rate        | 0.0003       |
|    loss                 | 0.00033      |
|    n_updates            | 2080         |
|    policy_gradient_loss | -0.00854     |
|    value_loss           | 0.106        |
------------------------------------------
------------------------------------------
| rollout/                |              |
|    ep_len_mean          | 186          |
|    ep_rew_mean          | 0.948        |
| time/                   |              |
|    fps                  | 3            |
|    iterations           | 210          |
|    time_elapsed         | 33936        |
|    total_timesteps      | 107520       |
| train/                  |              |
|    approx_kl            | 0.0049922843 |
|    clip_fraction        | 0.0215       |
|    clip_range           | 0.2          |
|    entropy_loss         | -0.458       |
|    explained_variance   | 0.967        |
|    learning_rate        | 0.0003       |
|    loss                 | 0.00823      |
|    n_updates            | 2090         |
|    policy_gradient_loss | -0.00418     |
|    value_loss           | 0.127        |
------------------------------------------
------------------------------------------
| rollout/                |              |
|    ep_len_mean          | 185          |
|    ep_rew_mean          | 0.899        |
| time/                   |              |
|    fps                  | 3            |
|    iterations           | 211          |
|    time_elapsed         | 34022        |
|    total_timesteps      | 108032       |
| train/                  |              |
|    approx_kl            | 0.0066290246 |
|    clip_fraction        | 0.0305       |
|    clip_range           | 0.2          |
|    entropy_loss         | -0.389       |
|    explained_variance   | 0.497        |
|    learning_rate        | 0.0003       |
|    loss                 | 0.319        |
|    n_updates            | 2100         |
|    policy_gradient_loss | 0.000947     |
|    value_loss           | 3.35         |
------------------------------------------
-----------------------------------------
| rollout/                |             |
|    ep_len_mean          | 187         |
|    ep_rew_mean          | 1.03        |
| time/                   |             |
|    fps                  | 3           |
|    iterations           | 212         |
|    time_elapsed         | 34109       |
|    total_timesteps      | 108544      |
| train/                  |             |
|    approx_kl            | 0.010868918 |
|    clip_fraction        | 0.0707      |
|    clip_range           | 0.2         |
|    entropy_loss         | -0.524      |
|    explained_variance   | 0.686       |
|    learning_rate        | 0.0003      |
|    loss                 | 0.0516      |
|    n_updates            | 2110        |
|    policy_gradient_loss | 0.00321     |
|    value_loss           | 1.05        |
-----------------------------------------
------------------------------------------
| rollout/                |              |
|    ep_len_mean          | 189          |
|    ep_rew_mean          | 1.14         |
| time/                   |              |
|    fps                  | 3            |
|    iterations           | 213          |
|    time_elapsed         | 34195        |
|    total_timesteps      | 109056       |
| train/                  |              |
|    approx_kl            | 0.0073756143 |
|    clip_fraction        | 0.0514       |
|    clip_range           | 0.2          |
|    entropy_loss         | -0.555       |
|    explained_variance   | 0.86         |
|    learning_rate        | 0.0003       |
|    loss                 | 0.0275       |
|    n_updates            | 2120         |
|    policy_gradient_loss | -0.00108     |
|    value_loss           | 0.391        |
------------------------------------------
------------------------------------------
| rollout/                |              |
|    ep_len_mean          | 191          |
|    ep_rew_mean          | 1.23         |
| time/                   |              |
|    fps                  | 3            |
|    iterations           | 214          |
|    time_elapsed         | 34282        |
|    total_timesteps      | 109568       |
| train/                  |              |
|    approx_kl            | 0.0013125843 |
|    clip_fraction        | 0.0152       |
|    clip_range           | 0.2          |
|    entropy_loss         | -0.512       |
|    explained_variance   | 0.916        |
|    learning_rate        | 0.0003       |
|    loss                 | 0.0746       |
|    n_updates            | 2130         |
|    policy_gradient_loss | -0.00147     |
|    value_loss           | 0.441        |
------------------------------------------
-----------------------------------------
| rollout/                |             |
|    ep_len_mean          | 193         |
|    ep_rew_mean          | 1.39        |
| time/                   |             |
|    fps                  | 3           |
|    iterations           | 215         |
|    time_elapsed         | 34372       |
|    total_timesteps      | 110080      |
| train/                  |             |
|    approx_kl            | 0.009802131 |
|    clip_fraction        | 0.0631      |
|    clip_range           | 0.2         |
|    entropy_loss         | -0.483      |
|    explained_variance   | 0.969       |
|    learning_rate        | 0.0003      |
|    loss                 | 0.0247      |
|    n_updates            | 2140        |
|    policy_gradient_loss | -0.00445    |
|    value_loss           | 0.121       |
-----------------------------------------
------------------------------------------
| rollout/                |              |
|    ep_len_mean          | 195          |
|    ep_rew_mean          | 1.51         |
| time/                   |              |
|    fps                  | 3            |
|    iterations           | 216          |
|    time_elapsed         | 34459        |
|    total_timesteps      | 110592       |
| train/                  |              |
|    approx_kl            | 0.0043845987 |
|    clip_fraction        | 0.0164       |
|    clip_range           | 0.2          |
|    entropy_loss         | -0.539       |
|    explained_variance   | 0.939        |
|    learning_rate        | 0.0003       |
|    loss                 | 0.00229      |
|    n_updates            | 2150         |
|    policy_gradient_loss | -0.00375     |
|    value_loss           | 0.164        |
------------------------------------------
------------------------------------------
| rollout/                |              |
|    ep_len_mean          | 195          |
|    ep_rew_mean          | 1.48         |
| time/                   |              |
|    fps                  | 3            |
|    iterations           | 217          |
|    time_elapsed         | 34544        |
|    total_timesteps      | 111104       |
| train/                  |              |
|    approx_kl            | 0.0029427335 |
|    clip_fraction        | 0.00547      |
|    clip_range           | 0.2          |
|    entropy_loss         | -0.431       |
|    explained_variance   | 0.888        |
|    learning_rate        | 0.0003       |
|    loss                 | 0.123        |
|    n_updates            | 2160         |
|    policy_gradient_loss | 0.00142      |
|    value_loss           | 0.727        |
------------------------------------------
------------------------------------------
| rollout/                |              |
|    ep_len_mean          | 197          |
|    ep_rew_mean          | 1.63         |
| time/                   |              |
|    fps                  | 3            |
|    iterations           | 218          |
|    time_elapsed         | 34631        |
|    total_timesteps      | 111616       |
| train/                  |              |
|    approx_kl            | 0.0063686557 |
|    clip_fraction        | 0.0186       |
|    clip_range           | 0.2          |
|    entropy_loss         | -0.397       |
|    explained_variance   | 0.665        |
|    learning_rate        | 0.0003       |
|    loss                 | 0.146        |
|    n_updates            | 2170         |
|    policy_gradient_loss | 0.000765     |
|    value_loss           | 1.89         |
------------------------------------------
-----------------------------------------
| rollout/                |             |
|    ep_len_mean          | 198         |
|    ep_rew_mean          | 1.67        |
| time/                   |             |
|    fps                  | 3           |
|    iterations           | 219         |
|    time_elapsed         | 34717       |
|    total_timesteps      | 112128      |
| train/                  |             |
|    approx_kl            | 0.003654481 |
|    clip_fraction        | 0.0244      |
|    clip_range           | 0.2         |
|    entropy_loss         | -0.359      |
|    explained_variance   | 0.857       |
|    learning_rate        | 0.0003      |
|    loss                 | 0.0316      |
|    n_updates            | 2180        |
|    policy_gradient_loss | -0.00321    |
|    value_loss           | 0.487       |
-----------------------------------------
------------------------------------------
| rollout/                |              |
|    ep_len_mean          | 199          |
|    ep_rew_mean          | 1.73         |
| time/                   |              |
|    fps                  | 3            |
|    iterations           | 220          |
|    time_elapsed         | 34805        |
|    total_timesteps      | 112640       |
| train/                  |              |
|    approx_kl            | 0.0040975837 |
|    clip_fraction        | 0.027        |
|    clip_range           | 0.2          |
|    entropy_loss         | -0.402       |
|    explained_variance   | 0.769        |
|    learning_rate        | 0.0003       |
|    loss                 | 0.0782       |
|    n_updates            | 2190         |
|    policy_gradient_loss | -0.000305    |
|    value_loss           | 0.961        |
------------------------------------------
------------------------------------------
| rollout/                |              |
|    ep_len_mean          | 199          |
|    ep_rew_mean          | 1.73         |
| time/                   |              |
|    fps                  | 3            |
|    iterations           | 221          |
|    time_elapsed         | 34894        |
|    total_timesteps      | 113152       |
| train/                  |              |
|    approx_kl            | 0.0027878322 |
|    clip_fraction        | 0.0266       |
|    clip_range           | 0.2          |
|    entropy_loss         | -0.303       |
|    explained_variance   | 0.629        |
|    learning_rate        | 0.0003       |
|    loss                 | 0.107        |
|    n_updates            | 2200         |
|    policy_gradient_loss | 0.00399      |
|    value_loss           | 0.904        |
------------------------------------------
------------------------------------------
| rollout/                |              |
|    ep_len_mean          | 199          |
|    ep_rew_mean          | 1.75         |
| time/                   |              |
|    fps                  | 3            |
|    iterations           | 222          |
|    time_elapsed         | 34981        |
|    total_timesteps      | 113664       |
| train/                  |              |
|    approx_kl            | 0.0017819472 |
|    clip_fraction        | 0.016        |
|    clip_range           | 0.2          |
|    entropy_loss         | -0.292       |
|    explained_variance   | 0.836        |
|    learning_rate        | 0.0003       |
|    loss                 | 0.122        |
|    n_updates            | 2210         |
|    policy_gradient_loss | -0.00204     |
|    value_loss           | 0.837        |
------------------------------------------
-----------------------------------------
| rollout/                |             |
|    ep_len_mean          | 200         |
|    ep_rew_mean          | 1.78        |
| time/                   |             |
|    fps                  | 3           |
|    iterations           | 223         |
|    time_elapsed         | 35068       |
|    total_timesteps      | 114176      |
| train/                  |             |
|    approx_kl            | 0.014456304 |
|    clip_fraction        | 0.051       |
|    clip_range           | 0.2         |
|    entropy_loss         | -0.372      |
|    explained_variance   | 0.77        |
|    learning_rate        | 0.0003      |
|    loss                 | 0.213       |
|    n_updates            | 2220        |
|    policy_gradient_loss | -0.00786    |
|    value_loss           | 0.728       |
-----------------------------------------
------------------------------------------
| rollout/                |              |
|    ep_len_mean          | 198          |
|    ep_rew_mean          | 1.71         |
| time/                   |              |
|    fps                  | 3            |
|    iterations           | 224          |
|    time_elapsed         | 35154        |
|    total_timesteps      | 114688       |
| train/                  |              |
|    approx_kl            | 0.0053884946 |
|    clip_fraction        | 0.0807       |
|    clip_range           | 0.2          |
|    entropy_loss         | -0.471       |
|    explained_variance   | 0.871        |
|    learning_rate        | 0.0003       |
|    loss                 | 0.027        |
|    n_updates            | 2230         |
|    policy_gradient_loss | 0.00117      |
|    value_loss           | 0.318        |
------------------------------------------
------------------------------------------
| rollout/                |              |
|    ep_len_mean          | 199          |
|    ep_rew_mean          | 1.76         |
| time/                   |              |
|    fps                  | 3            |
|    iterations           | 225          |
|    time_elapsed         | 35241        |
|    total_timesteps      | 115200       |
| train/                  |              |
|    approx_kl            | 0.0041327947 |
|    clip_fraction        | 0.0287       |
|    clip_range           | 0.2          |
|    entropy_loss         | -0.386       |
|    explained_variance   | 0.781        |
|    learning_rate        | 0.0003       |
|    loss                 | 0.29         |
|    n_updates            | 2240         |
|    policy_gradient_loss | -0.0105      |
|    value_loss           | 0.882        |
------------------------------------------
------------------------------------------
| rollout/                |              |
|    ep_len_mean          | 199          |
|    ep_rew_mean          | 1.75         |
| time/                   |              |
|    fps                  | 3            |
|    iterations           | 226          |
|    time_elapsed         | 35328        |
|    total_timesteps      | 115712       |
| train/                  |              |
|    approx_kl            | 0.0071263053 |
|    clip_fraction        | 0.0697       |
|    clip_range           | 0.2          |
|    entropy_loss         | -0.481       |
|    explained_variance   | 0.901        |
|    learning_rate        | 0.0003       |
|    loss                 | 0.0499       |
|    n_updates            | 2250         |
|    policy_gradient_loss | -0.00303     |
|    value_loss           | 0.301        |
------------------------------------------
------------------------------------------
| rollout/                |              |
|    ep_len_mean          | 200          |
|    ep_rew_mean          | 1.8          |
| time/                   |              |
|    fps                  | 3            |
|    iterations           | 227          |
|    time_elapsed         | 35414        |
|    total_timesteps      | 116224       |
| train/                  |              |
|    approx_kl            | 0.0066123754 |
|    clip_fraction        | 0.0443       |
|    clip_range           | 0.2          |
|    entropy_loss         | -0.399       |
|    explained_variance   | 0.907        |
|    learning_rate        | 0.0003       |
|    loss                 | 0.0298       |
|    n_updates            | 2260         |
|    policy_gradient_loss | -0.00406     |
|    value_loss           | 0.275        |
------------------------------------------
---------------------------------------
| rollout/                |           |
|    ep_len_mean          | 201       |
|    ep_rew_mean          | 1.9       |
| time/                   |           |
|    fps                  | 3         |
|    iterations           | 228       |
|    time_elapsed         | 35502     |
|    total_timesteps      | 116736    |
| train/                  |           |
|    approx_kl            | 0.0157828 |
|    clip_fraction        | 0.076     |
|    clip_range           | 0.2       |
|    entropy_loss         | -0.46     |
|    explained_variance   | 0.946     |
|    learning_rate        | 0.0003    |
|    loss                 | 0.0058    |
|    n_updates            | 2270      |
|    policy_gradient_loss | -0.00502  |
|    value_loss           | 0.229     |
---------------------------------------
-----------------------------------------
| rollout/                |             |
|    ep_len_mean          | 201         |
|    ep_rew_mean          | 1.89        |
| time/                   |             |
|    fps                  | 3           |
|    iterations           | 229         |
|    time_elapsed         | 35591       |
|    total_timesteps      | 117248      |
| train/                  |             |
|    approx_kl            | 0.008924145 |
|    clip_fraction        | 0.0719      |
|    clip_range           | 0.2         |
|    entropy_loss         | -0.595      |
|    explained_variance   | 0.964       |
|    learning_rate        | 0.0003      |
|    loss                 | -0.0389     |
|    n_updates            | 2280        |
|    policy_gradient_loss | -0.00717    |
|    value_loss           | 0.116       |
-----------------------------------------
------------------------------------------
| rollout/                |              |
|    ep_len_mean          | 200          |
|    ep_rew_mean          | 1.84         |
| time/                   |              |
|    fps                  | 3            |
|    iterations           | 230          |
|    time_elapsed         | 35681        |
|    total_timesteps      | 117760       |
| train/                  |              |
|    approx_kl            | 0.0049396474 |
|    clip_fraction        | 0.0182       |
|    clip_range           | 0.2          |
|    entropy_loss         | -0.56        |
|    explained_variance   | 0.914        |
|    learning_rate        | 0.0003       |
|    loss                 | 0.0121       |
|    n_updates            | 2290         |
|    policy_gradient_loss | -0.00216     |
|    value_loss           | 0.217        |
------------------------------------------
-----------------------------------------
| rollout/                |             |
|    ep_len_mean          | 198         |
|    ep_rew_mean          | 1.71        |
| time/                   |             |
|    fps                  | 3           |
|    iterations           | 231         |
|    time_elapsed         | 35769       |
|    total_timesteps      | 118272      |
| train/                  |             |
|    approx_kl            | 0.009330361 |
|    clip_fraction        | 0.0961      |
|    clip_range           | 0.2         |
|    entropy_loss         | -0.602      |
|    explained_variance   | 0.938       |
|    learning_rate        | 0.0003      |
|    loss                 | 0.00365     |
|    n_updates            | 2300        |
|    policy_gradient_loss | -0.0135     |
|    value_loss           | 0.237       |
-----------------------------------------
-----------------------------------------
| rollout/                |             |
|    ep_len_mean          | 199         |
|    ep_rew_mean          | 1.78        |
| time/                   |             |
|    fps                  | 3           |
|    iterations           | 232         |
|    time_elapsed         | 35855       |
|    total_timesteps      | 118784      |
| train/                  |             |
|    approx_kl            | 0.014485784 |
|    clip_fraction        | 0.0561      |
|    clip_range           | 0.2         |
|    entropy_loss         | -0.57       |
|    explained_variance   | 0.827       |
|    learning_rate        | 0.0003      |
|    loss                 | 0.105       |
|    n_updates            | 2310        |
|    policy_gradient_loss | -0.00747    |
|    value_loss           | 1.31        |
-----------------------------------------
-----------------------------------------
| rollout/                |             |
|    ep_len_mean          | 198         |
|    ep_rew_mean          | 1.68        |
| time/                   |             |
|    fps                  | 3           |
|    iterations           | 233         |
|    time_elapsed         | 35944       |
|    total_timesteps      | 119296      |
| train/                  |             |
|    approx_kl            | 0.004698527 |
|    clip_fraction        | 0.0408      |
|    clip_range           | 0.2         |
|    entropy_loss         | -0.58       |
|    explained_variance   | 0.884       |
|    learning_rate        | 0.0003      |
|    loss                 | 0.0261      |
|    n_updates            | 2320        |
|    policy_gradient_loss | -0.000777   |
|    value_loss           | 0.354       |
-----------------------------------------
-----------------------------------------
| rollout/                |             |
|    ep_len_mean          | 196         |
|    ep_rew_mean          | 1.53        |
| time/                   |             |
|    fps                  | 3           |
|    iterations           | 234         |
|    time_elapsed         | 36032       |
|    total_timesteps      | 119808      |
| train/                  |             |
|    approx_kl            | 0.005235724 |
|    clip_fraction        | 0.0598      |
|    clip_range           | 0.2         |
|    entropy_loss         | -0.661      |
|    explained_variance   | 0.932       |
|    learning_rate        | 0.0003      |
|    loss                 | 0.0459      |
|    n_updates            | 2330        |
|    policy_gradient_loss | -0.00615    |
|    value_loss           | 0.247       |
-----------------------------------------
-----------------------------------------
| rollout/                |             |
|    ep_len_mean          | 195         |
|    ep_rew_mean          | 1.47        |
| time/                   |             |
|    fps                  | 3           |
|    iterations           | 235         |
|    time_elapsed         | 36119       |
|    total_timesteps      | 120320      |
| train/                  |             |
|    approx_kl            | 0.013498651 |
|    clip_fraction        | 0.118       |
|    clip_range           | 0.2         |
|    entropy_loss         | -0.671      |
|    explained_variance   | 0.937       |
|    learning_rate        | 0.0003      |
|    loss                 | -0.014      |
|    n_updates            | 2340        |
|    policy_gradient_loss | -0.00932    |
|    value_loss           | 0.177       |
-----------------------------------------
-----------------------------------------
| rollout/                |             |
|    ep_len_mean          | 192         |
|    ep_rew_mean          | 1.31        |
| time/                   |             |
|    fps                  | 3           |
|    iterations           | 236         |
|    time_elapsed         | 36208       |
|    total_timesteps      | 120832      |
| train/                  |             |
|    approx_kl            | 0.012222569 |
|    clip_fraction        | 0.0592      |
|    clip_range           | 0.2         |
|    entropy_loss         | -0.662      |
|    explained_variance   | 0.939       |
|    learning_rate        | 0.0003      |
|    loss                 | 0.0358      |
|    n_updates            | 2350        |
|    policy_gradient_loss | -0.00342    |
|    value_loss           | 0.142       |
-----------------------------------------
-----------------------------------------
| rollout/                |             |
|    ep_len_mean          | 190         |
|    ep_rew_mean          | 1.18        |
| time/                   |             |
|    fps                  | 3           |
|    iterations           | 237         |
|    time_elapsed         | 36295       |
|    total_timesteps      | 121344      |
| train/                  |             |
|    approx_kl            | 0.005442369 |
|    clip_fraction        | 0.0254      |
|    clip_range           | 0.2         |
|    entropy_loss         | -0.669      |
|    explained_variance   | 0.907       |
|    learning_rate        | 0.0003      |
|    loss                 | 0.0365      |
|    n_updates            | 2360        |
|    policy_gradient_loss | 0.000775    |
|    value_loss           | 0.259       |
-----------------------------------------
-----------------------------------------
| rollout/                |             |
|    ep_len_mean          | 189         |
|    ep_rew_mean          | 1.09        |
| time/                   |             |
|    fps                  | 3           |
|    iterations           | 238         |
|    time_elapsed         | 36381       |
|    total_timesteps      | 121856      |
| train/                  |             |
|    approx_kl            | 0.007883638 |
|    clip_fraction        | 0.057       |
|    clip_range           | 0.2         |
|    entropy_loss         | -0.649      |
|    explained_variance   | 0.889       |
|    learning_rate        | 0.0003      |
|    loss                 | 0.038       |
|    n_updates            | 2370        |
|    policy_gradient_loss | -0.00166    |
|    value_loss           | 0.271       |
-----------------------------------------
------------------------------------------
| rollout/                |              |
|    ep_len_mean          | 189          |
|    ep_rew_mean          | 1.1          |
| time/                   |              |
|    fps                  | 3            |
|    iterations           | 239          |
|    time_elapsed         | 36468        |
|    total_timesteps      | 122368       |
| train/                  |              |
|    approx_kl            | 0.0058408706 |
|    clip_fraction        | 0.0529       |
|    clip_range           | 0.2          |
|    entropy_loss         | -0.623       |
|    explained_variance   | 0.897        |
|    learning_rate        | 0.0003       |
|    loss                 | 0.0872       |
|    n_updates            | 2380         |
|    policy_gradient_loss | -0.00276     |
|    value_loss           | 0.425        |
------------------------------------------
------------------------------------------
| rollout/                |              |
|    ep_len_mean          | 190          |
|    ep_rew_mean          | 1.13         |
| time/                   |              |
|    fps                  | 3            |
|    iterations           | 240          |
|    time_elapsed         | 36555        |
|    total_timesteps      | 122880       |
| train/                  |              |
|    approx_kl            | 0.0055722464 |
|    clip_fraction        | 0.0287       |
|    clip_range           | 0.2          |
|    entropy_loss         | -0.536       |
|    explained_variance   | 0.927        |
|    learning_rate        | 0.0003       |
|    loss                 | 0.0286       |
|    n_updates            | 2390         |
|    policy_gradient_loss | 0.00251      |
|    value_loss           | 0.245        |
------------------------------------------
-----------------------------------------
| rollout/                |             |
|    ep_len_mean          | 189         |
|    ep_rew_mean          | 1.09        |
| time/                   |             |
|    fps                  | 3           |
|    iterations           | 241         |
|    time_elapsed         | 36641       |
|    total_timesteps      | 123392      |
| train/                  |             |
|    approx_kl            | 0.007982258 |
|    clip_fraction        | 0.0447      |
|    clip_range           | 0.2         |
|    entropy_loss         | -0.616      |
|    explained_variance   | 0.929       |
|    learning_rate        | 0.0003      |
|    loss                 | 0.0443      |
|    n_updates            | 2400        |
|    policy_gradient_loss | 0.00047     |
|    value_loss           | 0.25        |
-----------------------------------------
-----------------------------------------
| rollout/                |             |
|    ep_len_mean          | 187         |
|    ep_rew_mean          | 0.992       |
| time/                   |             |
|    fps                  | 3           |
|    iterations           | 242         |
|    time_elapsed         | 36727       |
|    total_timesteps      | 123904      |
| train/                  |             |
|    approx_kl            | 0.004656531 |
|    clip_fraction        | 0.0326      |
|    clip_range           | 0.2         |
|    entropy_loss         | -0.609      |
|    explained_variance   | 0.899       |
|    learning_rate        | 0.0003      |
|    loss                 | 0.047       |
|    n_updates            | 2410        |
|    policy_gradient_loss | -0.00234    |
|    value_loss           | 0.325       |
-----------------------------------------
----------------------------------------
| rollout/                |            |
|    ep_len_mean          | 186        |
|    ep_rew_mean          | 0.93       |
| time/                   |            |
|    fps                  | 3          |
|    iterations           | 243        |
|    time_elapsed         | 36813      |
|    total_timesteps      | 124416     |
| train/                  |            |
|    approx_kl            | 0.00787282 |
|    clip_fraction        | 0.0416     |
|    clip_range           | 0.2        |
|    entropy_loss         | -0.653     |
|    explained_variance   | 0.95       |
|    learning_rate        | 0.0003     |
|    loss                 | 0.019      |
|    n_updates            | 2420       |
|    policy_gradient_loss | -0.00848   |
|    value_loss           | 0.186      |
----------------------------------------
------------------------------------------
| rollout/                |              |
|    ep_len_mean          | 183          |
|    ep_rew_mean          | 0.757        |
| time/                   |              |
|    fps                  | 3            |
|    iterations           | 244          |
|    time_elapsed         | 36900        |
|    total_timesteps      | 124928       |
| train/                  |              |
|    approx_kl            | 0.0055347625 |
|    clip_fraction        | 0.0424       |
|    clip_range           | 0.2          |
|    entropy_loss         | -0.636       |
|    explained_variance   | 0.893        |
|    learning_rate        | 0.0003       |
|    loss                 | 0.0464       |
|    n_updates            | 2430         |
|    policy_gradient_loss | -0.00235     |
|    value_loss           | 0.316        |
------------------------------------------
------------------------------------------
| rollout/                |              |
|    ep_len_mean          | 183          |
|    ep_rew_mean          | 0.763        |
| time/                   |              |
|    fps                  | 3            |
|    iterations           | 245          |
|    time_elapsed         | 36988        |
|    total_timesteps      | 125440       |
| train/                  |              |
|    approx_kl            | 0.0023881171 |
|    clip_fraction        | 0.00371      |
|    clip_range           | 0.2          |
|    entropy_loss         | -0.68        |
|    explained_variance   | 0.917        |
|    learning_rate        | 0.0003       |
|    loss                 | 0.00934      |
|    n_updates            | 2440         |
|    policy_gradient_loss | -0.000313    |
|    value_loss           | 0.153        |
------------------------------------------
------------------------------------------
| rollout/                |              |
|    ep_len_mean          | 184          |
|    ep_rew_mean          | 0.834        |
| time/                   |              |
|    fps                  | 3            |
|    iterations           | 246          |
|    time_elapsed         | 37073        |
|    total_timesteps      | 125952       |
| train/                  |              |
|    approx_kl            | 0.0045125056 |
|    clip_fraction        | 0.0223       |
|    clip_range           | 0.2          |
|    entropy_loss         | -0.615       |
|    explained_variance   | 0.98         |
|    learning_rate        | 0.0003       |
|    loss                 | -0.0143      |
|    n_updates            | 2450         |
|    policy_gradient_loss | -0.00623     |
|    value_loss           | 0.134        |
------------------------------------------
-----------------------------------------
| rollout/                |             |
|    ep_len_mean          | 186         |
|    ep_rew_mean          | 0.951       |
| time/                   |             |
|    fps                  | 3           |
|    iterations           | 247         |
|    time_elapsed         | 37160       |
|    total_timesteps      | 126464      |
| train/                  |             |
|    approx_kl            | 0.003685024 |
|    clip_fraction        | 0.0295      |
|    clip_range           | 0.2         |
|    entropy_loss         | -0.637      |
|    explained_variance   | 0.952       |
|    learning_rate        | 0.0003      |
|    loss                 | -0.00667    |
|    n_updates            | 2460        |
|    policy_gradient_loss | -0.000955   |
|    value_loss           | 0.126       |
-----------------------------------------
------------------------------------------
| rollout/                |              |
|    ep_len_mean          | 187          |
|    ep_rew_mean          | 1.01         |
| time/                   |              |
|    fps                  | 3            |
|    iterations           | 248          |
|    time_elapsed         | 37246        |
|    total_timesteps      | 126976       |
| train/                  |              |
|    approx_kl            | 0.0073712696 |
|    clip_fraction        | 0.0529       |
|    clip_range           | 0.2          |
|    entropy_loss         | -0.666       |
|    explained_variance   | 0.961        |
|    learning_rate        | 0.0003       |
|    loss                 | 0.0145       |
|    n_updates            | 2470         |
|    policy_gradient_loss | -0.00606     |
|    value_loss           | 0.108        |
------------------------------------------
------------------------------------------
| rollout/                |              |
|    ep_len_mean          | 186          |
|    ep_rew_mean          | 0.94         |
| time/                   |              |
|    fps                  | 3            |
|    iterations           | 249          |
|    time_elapsed         | 37333        |
|    total_timesteps      | 127488       |
| train/                  |              |
|    approx_kl            | 0.0064307163 |
|    clip_fraction        | 0.051        |
|    clip_range           | 0.2          |
|    entropy_loss         | -0.662       |
|    explained_variance   | 0.921        |
|    learning_rate        | 0.0003       |
|    loss                 | -0.00454     |
|    n_updates            | 2480         |
|    policy_gradient_loss | -0.00113     |
|    value_loss           | 0.296        |
------------------------------------------
----------------------------------------
| rollout/                |            |
|    ep_len_mean          | 184        |
|    ep_rew_mean          | 0.778      |
| time/                   |            |
|    fps                  | 3          |
|    iterations           | 250        |
|    time_elapsed         | 37418      |
|    total_timesteps      | 128000     |
| train/                  |            |
|    approx_kl            | 0.00288405 |
|    clip_fraction        | 0.0234     |
|    clip_range           | 0.2        |
|    entropy_loss         | -0.613     |
|    explained_variance   | 0.935      |
|    learning_rate        | 0.0003     |
|    loss                 | 0.00126    |
|    n_updates            | 2490       |
|    policy_gradient_loss | -0.000954  |
|    value_loss           | 0.171      |
----------------------------------------
----------------------------------------
| rollout/                |            |
|    ep_len_mean          | 182        |
|    ep_rew_mean          | 0.669      |
| time/                   |            |
|    fps                  | 3          |
|    iterations           | 251        |
|    time_elapsed         | 37505      |
|    total_timesteps      | 128512     |
| train/                  |            |
|    approx_kl            | 0.00951741 |
|    clip_fraction        | 0.0643     |
|    clip_range           | 0.2        |
|    entropy_loss         | -0.653     |
|    explained_variance   | 0.964      |
|    learning_rate        | 0.0003     |
|    loss                 | -2.62e-05  |
|    n_updates            | 2500       |
|    policy_gradient_loss | -0.00636   |
|    value_loss           | 0.0909     |
----------------------------------------
-----------------------------------------
| rollout/                |             |
|    ep_len_mean          | 182         |
|    ep_rew_mean          | 0.659       |
| time/                   |             |
|    fps                  | 3           |
|    iterations           | 252         |
|    time_elapsed         | 37593       |
|    total_timesteps      | 129024      |
| train/                  |             |
|    approx_kl            | 0.004021286 |
|    clip_fraction        | 0.0139      |
|    clip_range           | 0.2         |
|    entropy_loss         | -0.599      |
|    explained_variance   | 0.948       |
|    learning_rate        | 0.0003      |
|    loss                 | 0.00942     |
|    n_updates            | 2510        |
|    policy_gradient_loss | -0.00365    |
|    value_loss           | 0.139       |
-----------------------------------------
------------------------------------------
| rollout/                |              |
|    ep_len_mean          | 180          |
|    ep_rew_mean          | 0.55         |
| time/                   |              |
|    fps                  | 3            |
|    iterations           | 253          |
|    time_elapsed         | 37679        |
|    total_timesteps      | 129536       |
| train/                  |              |
|    approx_kl            | 0.0038191676 |
|    clip_fraction        | 0.0211       |
|    clip_range           | 0.2          |
|    entropy_loss         | -0.641       |
|    explained_variance   | 0.905        |
|    learning_rate        | 0.0003       |
|    loss                 | 0.03         |
|    n_updates            | 2520         |
|    policy_gradient_loss | 0.000134     |
|    value_loss           | 0.277        |
------------------------------------------
-----------------------------------------
| rollout/                |             |
|    ep_len_mean          | 179         |
|    ep_rew_mean          | 0.502       |
| time/                   |             |
|    fps                  | 3           |
|    iterations           | 254         |
|    time_elapsed         | 37765       |
|    total_timesteps      | 130048      |
| train/                  |             |
|    approx_kl            | 0.011849706 |
|    clip_fraction        | 0.09        |
|    clip_range           | 0.2         |
|    entropy_loss         | -0.617      |
|    explained_variance   | 0.923       |
|    learning_rate        | 0.0003      |
|    loss                 | 0.065       |
|    n_updates            | 2530        |
|    policy_gradient_loss | -0.000324   |
|    value_loss           | 0.482       |
-----------------------------------------
-----------------------------------------
| rollout/                |             |
|    ep_len_mean          | 178         |
|    ep_rew_mean          | 0.468       |
| time/                   |             |
|    fps                  | 3           |
|    iterations           | 255         |
|    time_elapsed         | 37852       |
|    total_timesteps      | 130560      |
| train/                  |             |
|    approx_kl            | 0.008781552 |
|    clip_fraction        | 0.0443      |
|    clip_range           | 0.2         |
|    entropy_loss         | -0.637      |
|    explained_variance   | 0.909       |
|    learning_rate        | 0.0003      |
|    loss                 | 0.0467      |
|    n_updates            | 2540        |
|    policy_gradient_loss | -0.000427   |
|    value_loss           | 0.275       |
-----------------------------------------
-----------------------------------------
| rollout/                |             |
|    ep_len_mean          | 180         |
|    ep_rew_mean          | 0.556       |
| time/                   |             |
|    fps                  | 3           |
|    iterations           | 256         |
|    time_elapsed         | 37937       |
|    total_timesteps      | 131072      |
| train/                  |             |
|    approx_kl            | 0.005069874 |
|    clip_fraction        | 0.0418      |
|    clip_range           | 0.2         |
|    entropy_loss         | -0.629      |
|    explained_variance   | 0.93        |
|    learning_rate        | 0.0003      |
|    loss                 | 0.00167     |
|    n_updates            | 2550        |
|    policy_gradient_loss | 0.00214     |
|    value_loss           | 0.204       |
-----------------------------------------
------------------------------------------
| rollout/                |              |
|    ep_len_mean          | 180          |
|    ep_rew_mean          | 0.55         |
| time/                   |              |
|    fps                  | 3            |
|    iterations           | 257          |
|    time_elapsed         | 38024        |
|    total_timesteps      | 131584       |
| train/                  |              |
|    approx_kl            | 0.0032762466 |
|    clip_fraction        | 0.0137       |
|    clip_range           | 0.2          |
|    entropy_loss         | -0.615       |
|    explained_variance   | 0.955        |
|    learning_rate        | 0.0003       |
|    loss                 | 0.0201       |
|    n_updates            | 2560         |
|    policy_gradient_loss | -0.00301     |
|    value_loss           | 0.176        |
------------------------------------------
------------------------------------------
| rollout/                |              |
|    ep_len_mean          | 179          |
|    ep_rew_mean          | 0.524        |
| time/                   |              |
|    fps                  | 3            |
|    iterations           | 258          |
|    time_elapsed         | 38111        |
|    total_timesteps      | 132096       |
| train/                  |              |
|    approx_kl            | 0.0020136437 |
|    clip_fraction        | 0.00859      |
|    clip_range           | 0.2          |
|    entropy_loss         | -0.633       |
|    explained_variance   | 0.94         |
|    learning_rate        | 0.0003       |
|    loss                 | 0.0143       |
|    n_updates            | 2570         |
|    policy_gradient_loss | -6.59e-05    |
|    value_loss           | 0.156        |
------------------------------------------
-----------------------------------------
| rollout/                |             |
|    ep_len_mean          | 179         |
|    ep_rew_mean          | 0.538       |
| time/                   |             |
|    fps                  | 3           |
|    iterations           | 259         |
|    time_elapsed         | 38198       |
|    total_timesteps      | 132608      |
| train/                  |             |
|    approx_kl            | 0.004528696 |
|    clip_fraction        | 0.0146      |
|    clip_range           | 0.2         |
|    entropy_loss         | -0.6        |
|    explained_variance   | 0.908       |
|    learning_rate        | 0.0003      |
|    loss                 | 0.0767      |
|    n_updates            | 2580        |
|    policy_gradient_loss | 0.00035     |
|    value_loss           | 0.486       |
-----------------------------------------
------------------------------------------
| rollout/                |              |
|    ep_len_mean          | 180          |
|    ep_rew_mean          | 0.568        |
| time/                   |              |
|    fps                  | 3            |
|    iterations           | 260          |
|    time_elapsed         | 38285        |
|    total_timesteps      | 133120       |
| train/                  |              |
|    approx_kl            | 0.0033614957 |
|    clip_fraction        | 0.0191       |
|    clip_range           | 0.2          |
|    entropy_loss         | -0.566       |
|    explained_variance   | 0.944        |
|    learning_rate        | 0.0003       |
|    loss                 | 0.0583       |
|    n_updates            | 2590         |
|    policy_gradient_loss | -0.0028      |
|    value_loss           | 0.293        |
------------------------------------------
-----------------------------------------
| rollout/                |             |
|    ep_len_mean          | 180         |
|    ep_rew_mean          | 0.601       |
| time/                   |             |
|    fps                  | 3           |
|    iterations           | 261         |
|    time_elapsed         | 38372       |
|    total_timesteps      | 133632      |
| train/                  |             |
|    approx_kl            | 0.007915048 |
|    clip_fraction        | 0.0539      |
|    clip_range           | 0.2         |
|    entropy_loss         | -0.57       |
|    explained_variance   | 0.979       |
|    learning_rate        | 0.0003      |
|    loss                 | 0.0138      |
|    n_updates            | 2600        |
|    policy_gradient_loss | -0.00547    |
|    value_loss           | 0.0684      |
-----------------------------------------
----------------------------------------
| rollout/                |            |
|    ep_len_mean          | 183        |
|    ep_rew_mean          | 0.77       |
| time/                   |            |
|    fps                  | 3          |
|    iterations           | 262        |
|    time_elapsed         | 38459      |
|    total_timesteps      | 134144     |
| train/                  |            |
|    approx_kl            | 0.00492061 |
|    clip_fraction        | 0.0246     |
|    clip_range           | 0.2        |
|    entropy_loss         | -0.518     |
|    explained_variance   | 0.984      |
|    learning_rate        | 0.0003     |
|    loss                 | -0.0147    |
|    n_updates            | 2610       |
|    policy_gradient_loss | -0.00281   |
|    value_loss           | 0.0436     |
----------------------------------------
-----------------------------------------
| rollout/                |             |
|    ep_len_mean          | 180         |
|    ep_rew_mean          | 0.541       |
| time/                   |             |
|    fps                  | 3           |
|    iterations           | 263         |
|    time_elapsed         | 38544       |
|    total_timesteps      | 134656      |
| train/                  |             |
|    approx_kl            | 0.013032146 |
|    clip_fraction        | 0.0967      |
|    clip_range           | 0.2         |
|    entropy_loss         | -0.556      |
|    explained_variance   | 0.943       |
|    learning_rate        | 0.0003      |
|    loss                 | 0.00926     |
|    n_updates            | 2620        |
|    policy_gradient_loss | -0.00935    |
|    value_loss           | 0.22        |
-----------------------------------------
------------------------------------------
| rollout/                |              |
|    ep_len_mean          | 180          |
|    ep_rew_mean          | 0.568        |
| time/                   |              |
|    fps                  | 3            |
|    iterations           | 264          |
|    time_elapsed         | 38630        |
|    total_timesteps      | 135168       |
| train/                  |              |
|    approx_kl            | 0.0058696154 |
|    clip_fraction        | 0.0186       |
|    clip_range           | 0.2          |
|    entropy_loss         | -0.47        |
|    explained_variance   | 0.648        |
|    learning_rate        | 0.0003       |
|    loss                 | 0.162        |
|    n_updates            | 2630         |
|    policy_gradient_loss | -0.00555     |
|    value_loss           | 1.21         |
------------------------------------------
------------------------------------------
| rollout/                |              |
|    ep_len_mean          | 180          |
|    ep_rew_mean          | 0.585        |
| time/                   |              |
|    fps                  | 3            |
|    iterations           | 265          |
|    time_elapsed         | 38716        |
|    total_timesteps      | 135680       |
| train/                  |              |
|    approx_kl            | 0.0073346607 |
|    clip_fraction        | 0.0434       |
|    clip_range           | 0.2          |
|    entropy_loss         | -0.497       |
|    explained_variance   | 0.917        |
|    learning_rate        | 0.0003       |
|    loss                 | 0.0833       |
|    n_updates            | 2640         |
|    policy_gradient_loss | -0.00153     |
|    value_loss           | 0.234        |
------------------------------------------
----------------------------------------
| rollout/                |            |
|    ep_len_mean          | 183        |
|    ep_rew_mean          | 0.75       |
| time/                   |            |
|    fps                  | 3          |
|    iterations           | 266        |
|    time_elapsed         | 38802      |
|    total_timesteps      | 136192     |
| train/                  |            |
|    approx_kl            | 0.00835336 |
|    clip_fraction        | 0.018      |
|    clip_range           | 0.2        |
|    entropy_loss         | -0.439     |
|    explained_variance   | 0.817      |
|    learning_rate        | 0.0003     |
|    loss                 | 0.101      |
|    n_updates            | 2650       |
|    policy_gradient_loss | -0.00427   |
|    value_loss           | 0.826      |
----------------------------------------
-----------------------------------------
| rollout/                |             |
|    ep_len_mean          | 184         |
|    ep_rew_mean          | 0.799       |
| time/                   |             |
|    fps                  | 3           |
|    iterations           | 267         |
|    time_elapsed         | 38890       |
|    total_timesteps      | 136704      |
| train/                  |             |
|    approx_kl            | 0.003891814 |
|    clip_fraction        | 0.0223      |
|    clip_range           | 0.2         |
|    entropy_loss         | -0.549      |
|    explained_variance   | 0.944       |
|    learning_rate        | 0.0003      |
|    loss                 | -0.00124    |
|    n_updates            | 2660        |
|    policy_gradient_loss | -0.00416    |
|    value_loss           | 0.157       |
-----------------------------------------
------------------------------------------
| rollout/                |              |
|    ep_len_mean          | 183          |
|    ep_rew_mean          | 0.79         |
| time/                   |              |
|    fps                  | 3            |
|    iterations           | 268          |
|    time_elapsed         | 38977        |
|    total_timesteps      | 137216       |
| train/                  |              |
|    approx_kl            | 0.0052132346 |
|    clip_fraction        | 0.0123       |
|    clip_range           | 0.2          |
|    entropy_loss         | -0.508       |
|    explained_variance   | 0.966        |
|    learning_rate        | 0.0003       |
|    loss                 | 0.0205       |
|    n_updates            | 2670         |
|    policy_gradient_loss | -0.00116     |
|    value_loss           | 0.105        |
------------------------------------------
------------------------------------------
| rollout/                |              |
|    ep_len_mean          | 184          |
|    ep_rew_mean          | 0.824        |
| time/                   |              |
|    fps                  | 3            |
|    iterations           | 269          |
|    time_elapsed         | 39064        |
|    total_timesteps      | 137728       |
| train/                  |              |
|    approx_kl            | 0.0074088364 |
|    clip_fraction        | 0.0486       |
|    clip_range           | 0.2          |
|    entropy_loss         | -0.57        |
|    explained_variance   | 0.959        |
|    learning_rate        | 0.0003       |
|    loss                 | 0.0266       |
|    n_updates            | 2680         |
|    policy_gradient_loss | -0.00499     |
|    value_loss           | 0.129        |
------------------------------------------
------------------------------------------
| rollout/                |              |
|    ep_len_mean          | 185          |
|    ep_rew_mean          | 0.908        |
| time/                   |              |
|    fps                  | 3            |
|    iterations           | 270          |
|    time_elapsed         | 39150        |
|    total_timesteps      | 138240       |
| train/                  |              |
|    approx_kl            | 0.0063180802 |
|    clip_fraction        | 0.0184       |
|    clip_range           | 0.2          |
|    entropy_loss         | -0.559       |
|    explained_variance   | 0.989        |
|    learning_rate        | 0.0003       |
|    loss                 | -0.014       |
|    n_updates            | 2690         |
|    policy_gradient_loss | -0.00451     |
|    value_loss           | 0.0323       |
------------------------------------------
-----------------------------------------
| rollout/                |             |
|    ep_len_mean          | 187         |
|    ep_rew_mean          | 1.04        |
| time/                   |             |
|    fps                  | 3           |
|    iterations           | 271         |
|    time_elapsed         | 39237       |
|    total_timesteps      | 138752      |
| train/                  |             |
|    approx_kl            | 0.012104137 |
|    clip_fraction        | 0.143       |
|    clip_range           | 0.2         |
|    entropy_loss         | -0.489      |
|    explained_variance   | 0.991       |
|    learning_rate        | 0.0003      |
|    loss                 | -0.0277     |
|    n_updates            | 2700        |
|    policy_gradient_loss | -0.0113     |
|    value_loss           | 0.0578      |
-----------------------------------------
------------------------------------------
| rollout/                |              |
|    ep_len_mean          | 188          |
|    ep_rew_mean          | 1.08         |
| time/                   |              |
|    fps                  | 3            |
|    iterations           | 272          |
|    time_elapsed         | 39322        |
|    total_timesteps      | 139264       |
| train/                  |              |
|    approx_kl            | 0.0032545826 |
|    clip_fraction        | 0.00273      |
|    clip_range           | 0.2          |
|    entropy_loss         | -0.534       |
|    explained_variance   | 0.987        |
|    learning_rate        | 0.0003       |
|    loss                 | 0.0201       |
|    n_updates            | 2710         |
|    policy_gradient_loss | -0.00358     |
|    value_loss           | 0.0432       |
------------------------------------------
------------------------------------------
| rollout/                |              |
|    ep_len_mean          | 190          |
|    ep_rew_mean          | 1.21         |
| time/                   |              |
|    fps                  | 3            |
|    iterations           | 273          |
|    time_elapsed         | 39409        |
|    total_timesteps      | 139776       |
| train/                  |              |
|    approx_kl            | 0.0056901723 |
|    clip_fraction        | 0.0518       |
|    clip_range           | 0.2          |
|    entropy_loss         | -0.42        |
|    explained_variance   | 0.977        |
|    learning_rate        | 0.0003       |
|    loss                 | 0.0111       |
|    n_updates            | 2720         |
|    policy_gradient_loss | -0.0036      |
|    value_loss           | 0.0657       |
------------------------------------------
------------------------------------------
| rollout/                |              |
|    ep_len_mean          | 191          |
|    ep_rew_mean          | 1.24         |
| time/                   |              |
|    fps                  | 3            |
|    iterations           | 274          |
|    time_elapsed         | 39496        |
|    total_timesteps      | 140288       |
| train/                  |              |
|    approx_kl            | 0.0056325695 |
|    clip_fraction        | 0.0582       |
|    clip_range           | 0.2          |
|    entropy_loss         | -0.487       |
|    explained_variance   | 0.96         |
|    learning_rate        | 0.0003       |
|    loss                 | 0.00954      |
|    n_updates            | 2730         |
|    policy_gradient_loss | -0.0103      |
|    value_loss           | 0.111        |
------------------------------------------
-----------------------------------------
| rollout/                |             |
|    ep_len_mean          | 193         |
|    ep_rew_mean          | 1.4         |
| time/                   |             |
|    fps                  | 3           |
|    iterations           | 275         |
|    time_elapsed         | 39584       |
|    total_timesteps      | 140800      |
| train/                  |             |
|    approx_kl            | 0.007138348 |
|    clip_fraction        | 0.0277      |
|    clip_range           | 0.2         |
|    entropy_loss         | -0.516      |
|    explained_variance   | 0.803       |
|    learning_rate        | 0.0003      |
|    loss                 | 0.24        |
|    n_updates            | 2740        |
|    policy_gradient_loss | -0.00429    |
|    value_loss           | 0.98        |
-----------------------------------------
-----------------------------------------
| rollout/                |             |
|    ep_len_mean          | 194         |
|    ep_rew_mean          | 1.46        |
| time/                   |             |
|    fps                  | 3           |
|    iterations           | 276         |
|    time_elapsed         | 39670       |
|    total_timesteps      | 141312      |
| train/                  |             |
|    approx_kl            | 0.006243226 |
|    clip_fraction        | 0.0604      |
|    clip_range           | 0.2         |
|    entropy_loss         | -0.495      |
|    explained_variance   | 0.972       |
|    learning_rate        | 0.0003      |
|    loss                 | 0.00582     |
|    n_updates            | 2750        |
|    policy_gradient_loss | -0.0033     |
|    value_loss           | 0.0794      |
-----------------------------------------
------------------------------------------
| rollout/                |              |
|    ep_len_mean          | 194          |
|    ep_rew_mean          | 1.43         |
| time/                   |              |
|    fps                  | 3            |
|    iterations           | 277          |
|    time_elapsed         | 39755        |
|    total_timesteps      | 141824       |
| train/                  |              |
|    approx_kl            | 0.0024077012 |
|    clip_fraction        | 0.0115       |
|    clip_range           | 0.2          |
|    entropy_loss         | -0.558       |
|    explained_variance   | 0.893        |
|    learning_rate        | 0.0003       |
|    loss                 | 0.0333       |
|    n_updates            | 2760         |
|    policy_gradient_loss | 0.00365      |
|    value_loss           | 0.322        |
------------------------------------------
----------------------------------------
| rollout/                |            |
|    ep_len_mean          | 193        |
|    ep_rew_mean          | 1.39       |
| time/                   |            |
|    fps                  | 3          |
|    iterations           | 278        |
|    time_elapsed         | 39841      |
|    total_timesteps      | 142336     |
| train/                  |            |
|    approx_kl            | 0.00942952 |
|    clip_fraction        | 0.0549     |
|    clip_range           | 0.2        |
|    entropy_loss         | -0.58      |
|    explained_variance   | 0.959      |
|    learning_rate        | 0.0003     |
|    loss                 | -0.0164    |
|    n_updates            | 2770       |
|    policy_gradient_loss | -0.00313   |
|    value_loss           | 0.12       |
----------------------------------------
------------------------------------------
| rollout/                |              |
|    ep_len_mean          | 192          |
|    ep_rew_mean          | 1.36         |
| time/                   |              |
|    fps                  | 3            |
|    iterations           | 279          |
|    time_elapsed         | 39927        |
|    total_timesteps      | 142848       |
| train/                  |              |
|    approx_kl            | 0.0036345501 |
|    clip_fraction        | 0.0529       |
|    clip_range           | 0.2          |
|    entropy_loss         | -0.58        |
|    explained_variance   | 0.944        |
|    learning_rate        | 0.0003       |
|    loss                 | 0.00461      |
|    n_updates            | 2780         |
|    policy_gradient_loss | -0.00729     |
|    value_loss           | 0.13         |
------------------------------------------
-----------------------------------------
| rollout/                |             |
|    ep_len_mean          | 193         |
|    ep_rew_mean          | 1.42        |
| time/                   |             |
|    fps                  | 3           |
|    iterations           | 280         |
|    time_elapsed         | 40014       |
|    total_timesteps      | 143360      |
| train/                  |             |
|    approx_kl            | 0.005487987 |
|    clip_fraction        | 0.035       |
|    clip_range           | 0.2         |
|    entropy_loss         | -0.484      |
|    explained_variance   | 0.853       |
|    learning_rate        | 0.0003      |
|    loss                 | 0.0574      |
|    n_updates            | 2790        |
|    policy_gradient_loss | -0.0078     |
|    value_loss           | 0.619       |
-----------------------------------------
-----------------------------------------
| rollout/                |             |
|    ep_len_mean          | 194         |
|    ep_rew_mean          | 1.42        |
| time/                   |             |
|    fps                  | 3           |
|    iterations           | 281         |
|    time_elapsed         | 40101       |
|    total_timesteps      | 143872      |
| train/                  |             |
|    approx_kl            | 0.007613956 |
|    clip_fraction        | 0.041       |
|    clip_range           | 0.2         |
|    entropy_loss         | -0.573      |
|    explained_variance   | 0.821       |
|    learning_rate        | 0.0003      |
|    loss                 | -0.0222     |
|    n_updates            | 2800        |
|    policy_gradient_loss | -0.00692    |
|    value_loss           | 0.627       |
-----------------------------------------
-----------------------------------------
| rollout/                |             |
|    ep_len_mean          | 194         |
|    ep_rew_mean          | 1.47        |
| time/                   |             |
|    fps                  | 3           |
|    iterations           | 282         |
|    time_elapsed         | 40188       |
|    total_timesteps      | 144384      |
| train/                  |             |
|    approx_kl            | 0.007982409 |
|    clip_fraction        | 0.048       |
|    clip_range           | 0.2         |
|    entropy_loss         | -0.575      |
|    explained_variance   | 0.953       |
|    learning_rate        | 0.0003      |
|    loss                 | -0.00962    |
|    n_updates            | 2810        |
|    policy_gradient_loss | -0.00289    |
|    value_loss           | 0.111       |
-----------------------------------------
------------------------------------------
| rollout/                |              |
|    ep_len_mean          | 193          |
|    ep_rew_mean          | 1.38         |
| time/                   |              |
|    fps                  | 3            |
|    iterations           | 283          |
|    time_elapsed         | 40275        |
|    total_timesteps      | 144896       |
| train/                  |              |
|    approx_kl            | 0.0026733514 |
|    clip_fraction        | 0.0115       |
|    clip_range           | 0.2          |
|    entropy_loss         | -0.582       |
|    explained_variance   | 0.926        |
|    learning_rate        | 0.0003       |
|    loss                 | 0.115        |
|    n_updates            | 2820         |
|    policy_gradient_loss | -0.00248     |
|    value_loss           | 0.399        |
------------------------------------------
-----------------------------------------
| rollout/                |             |
|    ep_len_mean          | 193         |
|    ep_rew_mean          | 1.43        |
| time/                   |             |
|    fps                  | 3           |
|    iterations           | 284         |
|    time_elapsed         | 40360       |
|    total_timesteps      | 145408      |
| train/                  |             |
|    approx_kl            | 0.008678213 |
|    clip_fraction        | 0.0783      |
|    clip_range           | 0.2         |
|    entropy_loss         | -0.617      |
|    explained_variance   | 0.915       |
|    learning_rate        | 0.0003      |
|    loss                 | -0.0162     |
|    n_updates            | 2830        |
|    policy_gradient_loss | -0.0227     |
|    value_loss           | 0.355       |
-----------------------------------------
------------------------------------------
| rollout/                |              |
|    ep_len_mean          | 193          |
|    ep_rew_mean          | 1.4          |
| time/                   |              |
|    fps                  | 3            |
|    iterations           | 285          |
|    time_elapsed         | 40447        |
|    total_timesteps      | 145920       |
| train/                  |              |
|    approx_kl            | 0.0046014357 |
|    clip_fraction        | 0.0289       |
|    clip_range           | 0.2          |
|    entropy_loss         | -0.618       |
|    explained_variance   | 0.962        |
|    learning_rate        | 0.0003       |
|    loss                 | -0.0136      |
|    n_updates            | 2840         |
|    policy_gradient_loss | -0.0072      |
|    value_loss           | 0.164        |
------------------------------------------
------------------------------------------
| rollout/                |              |
|    ep_len_mean          | 195          |
|    ep_rew_mean          | 1.51         |
| time/                   |              |
|    fps                  | 3            |
|    iterations           | 286          |
|    time_elapsed         | 40535        |
|    total_timesteps      | 146432       |
| train/                  |              |
|    approx_kl            | 0.0050400244 |
|    clip_fraction        | 0.0227       |
|    clip_range           | 0.2          |
|    entropy_loss         | -0.619       |
|    explained_variance   | 0.963        |
|    learning_rate        | 0.0003       |
|    loss                 | 0.0077       |
|    n_updates            | 2850         |
|    policy_gradient_loss | -0.00381     |
|    value_loss           | 0.126        |
------------------------------------------
------------------------------------------
| rollout/                |              |
|    ep_len_mean          | 194          |
|    ep_rew_mean          | 1.47         |
| time/                   |              |
|    fps                  | 3            |
|    iterations           | 287          |
|    time_elapsed         | 40621        |
|    total_timesteps      | 146944       |
| train/                  |              |
|    approx_kl            | 0.0068946052 |
|    clip_fraction        | 0.0303       |
|    clip_range           | 0.2          |
|    entropy_loss         | -0.614       |
|    explained_variance   | 0.955        |
|    learning_rate        | 0.0003       |
|    loss                 | 0.00572      |
|    n_updates            | 2860         |
|    policy_gradient_loss | -0.00327     |
|    value_loss           | 0.2          |
------------------------------------------
-----------------------------------------
| rollout/                |             |
|    ep_len_mean          | 195         |
|    ep_rew_mean          | 1.56        |
| time/                   |             |
|    fps                  | 3           |
|    iterations           | 288         |
|    time_elapsed         | 40707       |
|    total_timesteps      | 147456      |
| train/                  |             |
|    approx_kl            | 0.011561921 |
|    clip_fraction        | 0.0588      |
|    clip_range           | 0.2         |
|    entropy_loss         | -0.608      |
|    explained_variance   | 0.948       |
|    learning_rate        | 0.0003      |
|    loss                 | 0.0158      |
|    n_updates            | 2870        |
|    policy_gradient_loss | -0.00452    |
|    value_loss           | 0.168       |
-----------------------------------------
-----------------------------------------
| rollout/                |             |
|    ep_len_mean          | 197         |
|    ep_rew_mean          | 1.7         |
| time/                   |             |
|    fps                  | 3           |
|    iterations           | 289         |
|    time_elapsed         | 40795       |
|    total_timesteps      | 147968      |
| train/                  |             |
|    approx_kl            | 0.011024028 |
|    clip_fraction        | 0.0605      |
|    clip_range           | 0.2         |
|    entropy_loss         | -0.562      |
|    explained_variance   | 0.955       |
|    learning_rate        | 0.0003      |
|    loss                 | 0.0534      |
|    n_updates            | 2880        |
|    policy_gradient_loss | -0.011      |
|    value_loss           | 0.162       |
-----------------------------------------
-----------------------------------------
| rollout/                |             |
|    ep_len_mean          | 198         |
|    ep_rew_mean          | 1.72        |
| time/                   |             |
|    fps                  | 3           |
|    iterations           | 290         |
|    time_elapsed         | 40881       |
|    total_timesteps      | 148480      |
| train/                  |             |
|    approx_kl            | 0.003914885 |
|    clip_fraction        | 0.025       |
|    clip_range           | 0.2         |
|    entropy_loss         | -0.542      |
|    explained_variance   | 0.953       |
|    learning_rate        | 0.0003      |
|    loss                 | 0.00427     |
|    n_updates            | 2890        |
|    policy_gradient_loss | -0.00309    |
|    value_loss           | 0.0955      |
-----------------------------------------
------------------------------------------
| rollout/                |              |
|    ep_len_mean          | 201          |
|    ep_rew_mean          | 1.92         |
| time/                   |              |
|    fps                  | 3            |
|    iterations           | 291          |
|    time_elapsed         | 40967        |
|    total_timesteps      | 148992       |
| train/                  |              |
|    approx_kl            | 0.0056072176 |
|    clip_fraction        | 0.0291       |
|    clip_range           | 0.2          |
|    entropy_loss         | -0.486       |
|    explained_variance   | 0.911        |
|    learning_rate        | 0.0003       |
|    loss                 | 0.0505       |
|    n_updates            | 2900         |
|    policy_gradient_loss | -0.00279     |
|    value_loss           | 0.261        |
------------------------------------------
------------------------------------------
| rollout/                |              |
|    ep_len_mean          | 200          |
|    ep_rew_mean          | 1.87         |
| time/                   |              |
|    fps                  | 3            |
|    iterations           | 292          |
|    time_elapsed         | 41052        |
|    total_timesteps      | 149504       |
| train/                  |              |
|    approx_kl            | 0.0038759015 |
|    clip_fraction        | 0.032        |
|    clip_range           | 0.2          |
|    entropy_loss         | -0.544       |
|    explained_variance   | 0.986        |
|    learning_rate        | 0.0003       |
|    loss                 | 0.0085       |
|    n_updates            | 2910         |
|    policy_gradient_loss | -0.00577     |
|    value_loss           | 0.0906       |
------------------------------------------
-----------------------------------------
| rollout/                |             |
|    ep_len_mean          | 201         |
|    ep_rew_mean          | 1.95        |
| time/                   |             |
|    fps                  | 3           |
|    iterations           | 293         |
|    time_elapsed         | 41120       |
|    total_timesteps      | 150016      |
| train/                  |             |
|    approx_kl            | 0.008416098 |
|    clip_fraction        | 0.075       |
|    clip_range           | 0.2         |
|    entropy_loss         | -0.59       |
|    explained_variance   | 0.881       |
|    learning_rate        | 0.0003      |
|    loss                 | 0.0291      |
|    n_updates            | 2920        |
|    policy_gradient_loss | -0.0129     |
|    value_loss           | 0.825       |
-----------------------------------------
Saved trained model to data/processed/models/ppo_baseline_seed1.zip
