<frozen importlib._bootstrap>:491: RuntimeWarning: Your system is avx2 capable but pygame was not built with support for it. The performance of some of your blits could be adversely affected. Consider enabling compile time detection with environment variables like PYGAME_DETECT_AVX2=1 if you are compiling without cross compilation.
/home/masasa23/projects/personal/oink-oink/oink/network.py:72: UserWarning: Sparse invariant checks are implicitly disabled. Memory errors (e.g. SEGFAULT) will occur when operating on a sparse tensor which violates the invariants, but checks incur performance overhead. To silence this warning, explicitly opt in or out. See `torch.sparse.check_sparse_tensor_invariants.__doc__` for guidance.  (Triggered internally at /__w/pytorch/pytorch/aten/src/ATen/Context.cpp:848.)
  weight = torch.sparse_coo_tensor(self.indices, self.values, self.shape)
Using cpu device
---------------------------------
| rollout/           |          |
|    ep_len_mean     | 130      |
|    ep_rew_mean     | -2.6     |
| time/              |          |
|    fps             | 292      |
|    iterations      | 1        |
|    time_elapsed    | 1        |
|    total_timesteps | 512      |
---------------------------------
-------------------------------------------
| rollout/                |               |
|    ep_len_mean          | 140           |
|    ep_rew_mean          | -1.94         |
| time/                   |               |
|    fps                  | 10            |
|    iterations           | 2             |
|    time_elapsed         | 95            |
|    total_timesteps      | 1024          |
| train/                  |               |
|    approx_kl            | 0.00023204286 |
|    clip_fraction        | 0             |
|    clip_range           | 0.2           |
|    entropy_loss         | -1.1          |
|    explained_variance   | 0.000291      |
|    learning_rate        | 0.0003        |
|    loss                 | 0.993         |
|    n_updates            | 10            |
|    policy_gradient_loss | -0.000542     |
|    value_loss           | 4.71          |
-------------------------------------------
------------------------------------------
| rollout/                |              |
|    ep_len_mean          | 153          |
|    ep_rew_mean          | -1.18        |
| time/                   |              |
|    fps                  | 8            |
|    iterations           | 3            |
|    time_elapsed         | 187          |
|    total_timesteps      | 1536         |
| train/                  |              |
|    approx_kl            | 0.0051179146 |
|    clip_fraction        | 0.0273       |
|    clip_range           | 0.2          |
|    entropy_loss         | -1.09        |
|    explained_variance   | 0.179        |
|    learning_rate        | 0.0003       |
|    loss                 | 1.49         |
|    n_updates            | 20           |
|    policy_gradient_loss | -0.00444     |
|    value_loss           | 4.11         |
------------------------------------------
------------------------------------------
| rollout/                |              |
|    ep_len_mean          | 142          |
|    ep_rew_mean          | -1.77        |
| time/                   |              |
|    fps                  | 7            |
|    iterations           | 4            |
|    time_elapsed         | 274          |
|    total_timesteps      | 2048         |
| train/                  |              |
|    approx_kl            | 0.0056585795 |
|    clip_fraction        | 0.0123       |
|    clip_range           | 0.2          |
|    entropy_loss         | -1.09        |
|    explained_variance   | 0.278        |
|    learning_rate        | 0.0003       |
|    loss                 | 2.68         |
|    n_updates            | 30           |
|    policy_gradient_loss | -0.0021      |
|    value_loss           | 5.01         |
------------------------------------------
------------------------------------------
| rollout/                |              |
|    ep_len_mean          | 133          |
|    ep_rew_mean          | -2.41        |
| time/                   |              |
|    fps                  | 7            |
|    iterations           | 5            |
|    time_elapsed         | 364          |
|    total_timesteps      | 2560         |
| train/                  |              |
|    approx_kl            | 0.0033188951 |
|    clip_fraction        | 0.00527      |
|    clip_range           | 0.2          |
|    entropy_loss         | -1.1         |
|    explained_variance   | 0.176        |
|    learning_rate        | 0.0003       |
|    loss                 | 1.79         |
|    n_updates            | 40           |
|    policy_gradient_loss | -0.00264     |
|    value_loss           | 4.59         |
------------------------------------------
------------------------------------------
| rollout/                |              |
|    ep_len_mean          | 144          |
|    ep_rew_mean          | -1.69        |
| time/                   |              |
|    fps                  | 6            |
|    iterations           | 6            |
|    time_elapsed         | 453          |
|    total_timesteps      | 3072         |
| train/                  |              |
|    approx_kl            | 0.0018186722 |
|    clip_fraction        | 0            |
|    clip_range           | 0.2          |
|    entropy_loss         | -1.1         |
|    explained_variance   | 0.207        |
|    learning_rate        | 0.0003       |
|    loss                 | 1.92         |
|    n_updates            | 50           |
|    policy_gradient_loss | -0.00216     |
|    value_loss           | 3.99         |
------------------------------------------
------------------------------------------
| rollout/                |              |
|    ep_len_mean          | 156          |
|    ep_rew_mean          | -0.98        |
| time/                   |              |
|    fps                  | 6            |
|    iterations           | 7            |
|    time_elapsed         | 543          |
|    total_timesteps      | 3584         |
| train/                  |              |
|    approx_kl            | 0.0008026137 |
|    clip_fraction        | 0            |
|    clip_range           | 0.2          |
|    entropy_loss         | -1.1         |
|    explained_variance   | 0.135        |
|    learning_rate        | 0.0003       |
|    loss                 | 1.55         |
|    n_updates            | 60           |
|    policy_gradient_loss | -0.000468    |
|    value_loss           | 3.95         |
------------------------------------------
-------------------------------------------
| rollout/                |               |
|    ep_len_mean          | 150           |
|    ep_rew_mean          | -1.3          |
| time/                   |               |
|    fps                  | 6             |
|    iterations           | 8             |
|    time_elapsed         | 631           |
|    total_timesteps      | 4096          |
| train/                  |               |
|    approx_kl            | 0.00012026937 |
|    clip_fraction        | 0             |
|    clip_range           | 0.2           |
|    entropy_loss         | -1.1          |
|    explained_variance   | 0.0188        |
|    learning_rate        | 0.0003        |
|    loss                 | 0.763         |
|    n_updates            | 70            |
|    policy_gradient_loss | 3.7e-05       |
|    value_loss           | 3.47          |
-------------------------------------------
-------------------------------------------
| rollout/                |               |
|    ep_len_mean          | 155           |
|    ep_rew_mean          | -1.02         |
| time/                   |               |
|    fps                  | 6             |
|    iterations           | 9             |
|    time_elapsed         | 720           |
|    total_timesteps      | 4608          |
| train/                  |               |
|    approx_kl            | 4.0593673e-05 |
|    clip_fraction        | 0             |
|    clip_range           | 0.2           |
|    entropy_loss         | -1.1          |
|    explained_variance   | 0.344         |
|    learning_rate        | 0.0003        |
|    loss                 | 2.32          |
|    n_updates            | 80            |
|    policy_gradient_loss | 0.00073       |
|    value_loss           | 4.95          |
-------------------------------------------
-------------------------------------------
| rollout/                |               |
|    ep_len_mean          | 166           |
|    ep_rew_mean          | -0.315        |
| time/                   |               |
|    fps                  | 6             |
|    iterations           | 10            |
|    time_elapsed         | 808           |
|    total_timesteps      | 5120          |
| train/                  |               |
|    approx_kl            | 0.00054511265 |
|    clip_fraction        | 0             |
|    clip_range           | 0.2           |
|    entropy_loss         | -1.1          |
|    explained_variance   | 0.493         |
|    learning_rate        | 0.0003        |
|    loss                 | 1.34          |
|    n_updates            | 90            |
|    policy_gradient_loss | -7.18e-05     |
|    value_loss           | 2.32          |
-------------------------------------------
-------------------------------------------
| rollout/                |               |
|    ep_len_mean          | 169           |
|    ep_rew_mean          | -0.0953       |
| time/                   |               |
|    fps                  | 6             |
|    iterations           | 11            |
|    time_elapsed         | 898           |
|    total_timesteps      | 5632          |
| train/                  |               |
|    approx_kl            | 0.00036795717 |
|    clip_fraction        | 0             |
|    clip_range           | 0.2           |
|    entropy_loss         | -1.1          |
|    explained_variance   | 0.266         |
|    learning_rate        | 0.0003        |
|    loss                 | 1.5           |
|    n_updates            | 100           |
|    policy_gradient_loss | 0.000634      |
|    value_loss           | 2.32          |
-------------------------------------------
------------------------------------------
| rollout/                |              |
|    ep_len_mean          | 174          |
|    ep_rew_mean          | 0.249        |
| time/                   |              |
|    fps                  | 6            |
|    iterations           | 12           |
|    time_elapsed         | 986          |
|    total_timesteps      | 6144         |
| train/                  |              |
|    approx_kl            | 0.0024660793 |
|    clip_fraction        | 0.00273      |
|    clip_range           | 0.2          |
|    entropy_loss         | -1.1         |
|    explained_variance   | 0.54         |
|    learning_rate        | 0.0003       |
|    loss                 | 0.44         |
|    n_updates            | 110          |
|    policy_gradient_loss | -0.00417     |
|    value_loss           | 1.78         |
------------------------------------------
------------------------------------------
| rollout/                |              |
|    ep_len_mean          | 162          |
|    ep_rew_mean          | -0.552       |
| time/                   |              |
|    fps                  | 6            |
|    iterations           | 13           |
|    time_elapsed         | 1074         |
|    total_timesteps      | 6656         |
| train/                  |              |
|    approx_kl            | 0.0018611766 |
|    clip_fraction        | 0            |
|    clip_range           | 0.2          |
|    entropy_loss         | -1.09        |
|    explained_variance   | 0.228        |
|    learning_rate        | 0.0003       |
|    loss                 | 3.03         |
|    n_updates            | 120          |
|    policy_gradient_loss | -0.00219     |
|    value_loss           | 4.76         |
------------------------------------------
------------------------------------------
| rollout/                |              |
|    ep_len_mean          | 163          |
|    ep_rew_mean          | -0.53        |
| time/                   |              |
|    fps                  | 6            |
|    iterations           | 14           |
|    time_elapsed         | 1162         |
|    total_timesteps      | 7168         |
| train/                  |              |
|    approx_kl            | 0.0041053584 |
|    clip_fraction        | 0.0217       |
|    clip_range           | 0.2          |
|    entropy_loss         | -1.09        |
|    explained_variance   | 0.551        |
|    learning_rate        | 0.0003       |
|    loss                 | 0.951        |
|    n_updates            | 130          |
|    policy_gradient_loss | 0.00216      |
|    value_loss           | 3.99         |
------------------------------------------
------------------------------------------
| rollout/                |              |
|    ep_len_mean          | 167          |
|    ep_rew_mean          | -0.241       |
| time/                   |              |
|    fps                  | 6            |
|    iterations           | 15           |
|    time_elapsed         | 1248         |
|    total_timesteps      | 7680         |
| train/                  |              |
|    approx_kl            | 0.0044991504 |
|    clip_fraction        | 0.0137       |
|    clip_range           | 0.2          |
|    entropy_loss         | -1.09        |
|    explained_variance   | -0.1         |
|    learning_rate        | 0.0003       |
|    loss                 | 1.71         |
|    n_updates            | 140          |
|    policy_gradient_loss | -0.00429     |
|    value_loss           | 6.67         |
------------------------------------------
-----------------------------------------
| rollout/                |             |
|    ep_len_mean          | 168         |
|    ep_rew_mean          | -0.162      |
| time/                   |             |
|    fps                  | 6           |
|    iterations           | 16          |
|    time_elapsed         | 1334        |
|    total_timesteps      | 8192        |
| train/                  |             |
|    approx_kl            | 0.005550158 |
|    clip_fraction        | 0.0137      |
|    clip_range           | 0.2         |
|    entropy_loss         | -1.09       |
|    explained_variance   | 0.33        |
|    learning_rate        | 0.0003      |
|    loss                 | 1.87        |
|    n_updates            | 150         |
|    policy_gradient_loss | -0.00556    |
|    value_loss           | 3.96        |
-----------------------------------------
------------------------------------------
| rollout/                |              |
|    ep_len_mean          | 170          |
|    ep_rew_mean          | 0.175        |
| time/                   |              |
|    fps                  | 6            |
|    iterations           | 17           |
|    time_elapsed         | 1421         |
|    total_timesteps      | 8704         |
| train/                  |              |
|    approx_kl            | 0.0055580093 |
|    clip_fraction        | 0.00625      |
|    clip_range           | 0.2          |
|    entropy_loss         | -1.08        |
|    explained_variance   | 0.343        |
|    learning_rate        | 0.0003       |
|    loss                 | 0.579        |
|    n_updates            | 160          |
|    policy_gradient_loss | -0.000952    |
|    value_loss           | 1.94         |
------------------------------------------
------------------------------------------
| rollout/                |              |
|    ep_len_mean          | 168          |
|    ep_rew_mean          | 0.0148       |
| time/                   |              |
|    fps                  | 6            |
|    iterations           | 18           |
|    time_elapsed         | 1508         |
|    total_timesteps      | 9216         |
| train/                  |              |
|    approx_kl            | 0.0038972062 |
|    clip_fraction        | 0            |
|    clip_range           | 0.2          |
|    entropy_loss         | -1.09        |
|    explained_variance   | 0.302        |
|    learning_rate        | 0.0003       |
|    loss                 | 2.49         |
|    n_updates            | 170          |
|    policy_gradient_loss | -0.00197     |
|    value_loss           | 5.2          |
------------------------------------------
-----------------------------------------
| rollout/                |             |
|    ep_len_mean          | 170         |
|    ep_rew_mean          | 0.126       |
| time/                   |             |
|    fps                  | 6           |
|    iterations           | 19          |
|    time_elapsed         | 1595        |
|    total_timesteps      | 9728        |
| train/                  |             |
|    approx_kl            | 0.003973785 |
|    clip_fraction        | 0.0217      |
|    clip_range           | 0.2         |
|    entropy_loss         | -1.08       |
|    explained_variance   | 0.323       |
|    learning_rate        | 0.0003      |
|    loss                 | 1.94        |
|    n_updates            | 180         |
|    policy_gradient_loss | 0.00279     |
|    value_loss           | 3.91        |
-----------------------------------------
------------------------------------------
| rollout/                |              |
|    ep_len_mean          | 174          |
|    ep_rew_mean          | 0.36         |
| time/                   |              |
|    fps                  | 3            |
|    iterations           | 20           |
|    time_elapsed         | 3118         |
|    total_timesteps      | 10240        |
| train/                  |              |
|    approx_kl            | 0.0060450435 |
|    clip_fraction        | 0.0146       |
|    clip_range           | 0.2          |
|    entropy_loss         | -1.09        |
|    explained_variance   | 0.00137      |
|    learning_rate        | 0.0003       |
|    loss                 | 0.264        |
|    n_updates            | 190          |
|    policy_gradient_loss | 0.000244     |
|    value_loss           | 1.75         |
------------------------------------------
------------------------------------------
| rollout/                |              |
|    ep_len_mean          | 178          |
|    ep_rew_mean          | 0.636        |
| time/                   |              |
|    fps                  | 3            |
|    iterations           | 21           |
|    time_elapsed         | 3202         |
|    total_timesteps      | 10752        |
| train/                  |              |
|    approx_kl            | 0.0027287998 |
|    clip_fraction        | 0.00801      |
|    clip_range           | 0.2          |
|    entropy_loss         | -1.08        |
|    explained_variance   | 0.25         |
|    learning_rate        | 0.0003       |
|    loss                 | 2.36         |
|    n_updates            | 200          |
|    policy_gradient_loss | -0.00159     |
|    value_loss           | 3.6          |
------------------------------------------
------------------------------------------
| rollout/                |              |
|    ep_len_mean          | 183          |
|    ep_rew_mean          | 0.954        |
| time/                   |              |
|    fps                  | 3            |
|    iterations           | 22           |
|    time_elapsed         | 3288         |
|    total_timesteps      | 11264        |
| train/                  |              |
|    approx_kl            | 0.0029848306 |
|    clip_fraction        | 0.0195       |
|    clip_range           | 0.2          |
|    entropy_loss         | -1.08        |
|    explained_variance   | 0.167        |
|    learning_rate        | 0.0003       |
|    loss                 | 0.676        |
|    n_updates            | 210          |
|    policy_gradient_loss | -0.000841    |
|    value_loss           | 2.06         |
------------------------------------------
------------------------------------------
| rollout/                |              |
|    ep_len_mean          | 185          |
|    ep_rew_mean          | 1.04         |
| time/                   |              |
|    fps                  | 3            |
|    iterations           | 23           |
|    time_elapsed         | 3376         |
|    total_timesteps      | 11776        |
| train/                  |              |
|    approx_kl            | 0.0017114859 |
|    clip_fraction        | 0.00234      |
|    clip_range           | 0.2          |
|    entropy_loss         | -1.08        |
|    explained_variance   | 0.302        |
|    learning_rate        | 0.0003       |
|    loss                 | 0.482        |
|    n_updates            | 220          |
|    policy_gradient_loss | -0.00451     |
|    value_loss           | 1.58         |
------------------------------------------
-----------------------------------------
| rollout/                |             |
|    ep_len_mean          | 185         |
|    ep_rew_mean          | 1.07        |
| time/                   |             |
|    fps                  | 0           |
|    iterations           | 24          |
|    time_elapsed         | 18096       |
|    total_timesteps      | 12288       |
| train/                  |             |
|    approx_kl            | 0.006622334 |
|    clip_fraction        | 0.0256      |
|    clip_range           | 0.2         |
|    entropy_loss         | -1.07       |
|    explained_variance   | 0.494       |
|    learning_rate        | 0.0003      |
|    loss                 | 0.448       |
|    n_updates            | 230         |
|    policy_gradient_loss | -0.00342    |
|    value_loss           | 2.49        |
-----------------------------------------
-----------------------------------------
| rollout/                |             |
|    ep_len_mean          | 190         |
|    ep_rew_mean          | 1.52        |
| time/                   |             |
|    fps                  | 0           |
|    iterations           | 25          |
|    time_elapsed         | 18178       |
|    total_timesteps      | 12800       |
| train/                  |             |
|    approx_kl            | 0.004211316 |
|    clip_fraction        | 0.00156     |
|    clip_range           | 0.2         |
|    entropy_loss         | -1.05       |
|    explained_variance   | 0.362       |
|    learning_rate        | 0.0003      |
|    loss                 | 1.73        |
|    n_updates            | 240         |
|    policy_gradient_loss | -0.00628    |
|    value_loss           | 3.76        |
-----------------------------------------
----------------------------------------
| rollout/                |            |
|    ep_len_mean          | 193        |
|    ep_rew_mean          | 1.83       |
| time/                   |            |
|    fps                  | 0          |
|    iterations           | 26         |
|    time_elapsed         | 18263      |
|    total_timesteps      | 13312      |
| train/                  |            |
|    approx_kl            | 0.01656248 |
|    clip_fraction        | 0.117      |
|    clip_range           | 0.2        |
|    entropy_loss         | -1.07      |
|    explained_variance   | -0.184     |
|    learning_rate        | 0.0003     |
|    loss                 | 0.15       |
|    n_updates            | 250        |
|    policy_gradient_loss | 0.00772    |
|    value_loss           | 1.05       |
----------------------------------------
-----------------------------------------
| rollout/                |             |
|    ep_len_mean          | 196         |
|    ep_rew_mean          | 2.02        |
| time/                   |             |
|    fps                  | 0           |
|    iterations           | 27          |
|    time_elapsed         | 18347       |
|    total_timesteps      | 13824       |
| train/                  |             |
|    approx_kl            | 0.004160602 |
|    clip_fraction        | 0.0119      |
|    clip_range           | 0.2         |
|    entropy_loss         | -1.08       |
|    explained_variance   | 0.266       |
|    learning_rate        | 0.0003      |
|    loss                 | 0.72        |
|    n_updates            | 260         |
|    policy_gradient_loss | -0.00515    |
|    value_loss           | 3.68        |
-----------------------------------------
-----------------------------------------
| rollout/                |             |
|    ep_len_mean          | 197         |
|    ep_rew_mean          | 2.08        |
| time/                   |             |
|    fps                  | 0           |
|    iterations           | 28          |
|    time_elapsed         | 18430       |
|    total_timesteps      | 14336       |
| train/                  |             |
|    approx_kl            | 0.004905742 |
|    clip_fraction        | 0.0191      |
|    clip_range           | 0.2         |
|    entropy_loss         | -1.08       |
|    explained_variance   | 0.162       |
|    learning_rate        | 0.0003      |
|    loss                 | 0.994       |
|    n_updates            | 270         |
|    policy_gradient_loss | -0.000524   |
|    value_loss           | 2.63        |
-----------------------------------------
------------------------------------------
| rollout/                |              |
|    ep_len_mean          | 197          |
|    ep_rew_mean          | 2.07         |
| time/                   |              |
|    fps                  | 0            |
|    iterations           | 29           |
|    time_elapsed         | 18514        |
|    total_timesteps      | 14848        |
| train/                  |              |
|    approx_kl            | 0.0047981953 |
|    clip_fraction        | 0.0141       |
|    clip_range           | 0.2          |
|    entropy_loss         | -1.05        |
|    explained_variance   | 0.465        |
|    learning_rate        | 0.0003       |
|    loss                 | 1.31         |
|    n_updates            | 280          |
|    policy_gradient_loss | -0.00384     |
|    value_loss           | 3.11         |
------------------------------------------
-----------------------------------------
| rollout/                |             |
|    ep_len_mean          | 201         |
|    ep_rew_mean          | 2.45        |
| time/                   |             |
|    fps                  | 0           |
|    iterations           | 30          |
|    time_elapsed         | 18598       |
|    total_timesteps      | 15360       |
| train/                  |             |
|    approx_kl            | 0.001392738 |
|    clip_fraction        | 0.00371     |
|    clip_range           | 0.2         |
|    entropy_loss         | -1.05       |
|    explained_variance   | 0.502       |
|    learning_rate        | 0.0003      |
|    loss                 | 1.55        |
|    n_updates            | 290         |
|    policy_gradient_loss | -0.00492    |
|    value_loss           | 3.09        |
-----------------------------------------
------------------------------------------
| rollout/                |              |
|    ep_len_mean          | 200          |
|    ep_rew_mean          | 2.42         |
| time/                   |              |
|    fps                  | 0            |
|    iterations           | 31           |
|    time_elapsed         | 18682        |
|    total_timesteps      | 15872        |
| train/                  |              |
|    approx_kl            | 0.0063408157 |
|    clip_fraction        | 0.0482       |
|    clip_range           | 0.2          |
|    entropy_loss         | -1.06        |
|    explained_variance   | 0.421        |
|    learning_rate        | 0.0003       |
|    loss                 | 0.661        |
|    n_updates            | 300          |
|    policy_gradient_loss | 0.000938     |
|    value_loss           | 2.07         |
------------------------------------------
-----------------------------------------
| rollout/                |             |
|    ep_len_mean          | 204         |
|    ep_rew_mean          | 2.62        |
| time/                   |             |
|    fps                  | 0           |
|    iterations           | 32          |
|    time_elapsed         | 18765       |
|    total_timesteps      | 16384       |
| train/                  |             |
|    approx_kl            | 0.010947755 |
|    clip_fraction        | 0.0563      |
|    clip_range           | 0.2         |
|    entropy_loss         | -1.08       |
|    explained_variance   | 0.0233      |
|    learning_rate        | 0.0003      |
|    loss                 | 0.915       |
|    n_updates            | 310         |
|    policy_gradient_loss | 0.0283      |
|    value_loss           | 3.15        |
-----------------------------------------
-----------------------------------------
| rollout/                |             |
|    ep_len_mean          | 203         |
|    ep_rew_mean          | 2.55        |
| time/                   |             |
|    fps                  | 0           |
|    iterations           | 33          |
|    time_elapsed         | 18849       |
|    total_timesteps      | 16896       |
| train/                  |             |
|    approx_kl            | 0.009453278 |
|    clip_fraction        | 0.0527      |
|    clip_range           | 0.2         |
|    entropy_loss         | -1.07       |
|    explained_variance   | -0.224      |
|    learning_rate        | 0.0003      |
|    loss                 | 1.59        |
|    n_updates            | 320         |
|    policy_gradient_loss | -0.00731    |
|    value_loss           | 3.1         |
-----------------------------------------
----------------------------------------
| rollout/                |            |
|    ep_len_mean          | 204        |
|    ep_rew_mean          | 2.62       |
| time/                   |            |
|    fps                  | 0          |
|    iterations           | 34         |
|    time_elapsed         | 18931      |
|    total_timesteps      | 17408      |
| train/                  |            |
|    approx_kl            | 0.00461254 |
|    clip_fraction        | 0.0922     |
|    clip_range           | 0.2        |
|    entropy_loss         | -1.07      |
|    explained_variance   | 0.307      |
|    learning_rate        | 0.0003     |
|    loss                 | 1.01       |
|    n_updates            | 330        |
|    policy_gradient_loss | 0.00559    |
|    value_loss           | 4.75       |
----------------------------------------
------------------------------------------
| rollout/                |              |
|    ep_len_mean          | 208          |
|    ep_rew_mean          | 2.97         |
| time/                   |              |
|    fps                  | 0            |
|    iterations           | 35           |
|    time_elapsed         | 19012        |
|    total_timesteps      | 17920        |
| train/                  |              |
|    approx_kl            | 0.0083554145 |
|    clip_fraction        | 0.0547       |
|    clip_range           | 0.2          |
|    entropy_loss         | -1.07        |
|    explained_variance   | -0.014       |
|    learning_rate        | 0.0003       |
|    loss                 | 0.389        |
|    n_updates            | 340          |
|    policy_gradient_loss | -0.00284     |
|    value_loss           | 2.35         |
------------------------------------------
-----------------------------------------
| rollout/                |             |
|    ep_len_mean          | 208         |
|    ep_rew_mean          | 2.96        |
| time/                   |             |
|    fps                  | 0           |
|    iterations           | 36          |
|    time_elapsed         | 19095       |
|    total_timesteps      | 18432       |
| train/                  |             |
|    approx_kl            | 0.014465188 |
|    clip_fraction        | 0.0605      |
|    clip_range           | 0.2         |
|    entropy_loss         | -1.05       |
|    explained_variance   | -1.17       |
|    learning_rate        | 0.0003      |
|    loss                 | 0.0868      |
|    n_updates            | 350         |
|    policy_gradient_loss | -0.000671   |
|    value_loss           | 0.593       |
-----------------------------------------
-----------------------------------------
| rollout/                |             |
|    ep_len_mean          | 209         |
|    ep_rew_mean          | 3.03        |
| time/                   |             |
|    fps                  | 0           |
|    iterations           | 37          |
|    time_elapsed         | 19179       |
|    total_timesteps      | 18944       |
| train/                  |             |
|    approx_kl            | 0.004320302 |
|    clip_fraction        | 0.0305      |
|    clip_range           | 0.2         |
|    entropy_loss         | -1.04       |
|    explained_variance   | 0.19        |
|    learning_rate        | 0.0003      |
|    loss                 | 1.83        |
|    n_updates            | 360         |
|    policy_gradient_loss | -0.00348    |
|    value_loss           | 3.12        |
-----------------------------------------
-----------------------------------------
| rollout/                |             |
|    ep_len_mean          | 209         |
|    ep_rew_mean          | 2.98        |
| time/                   |             |
|    fps                  | 1           |
|    iterations           | 38          |
|    time_elapsed         | 19262       |
|    total_timesteps      | 19456       |
| train/                  |             |
|    approx_kl            | 0.006763151 |
|    clip_fraction        | 0.0402      |
|    clip_range           | 0.2         |
|    entropy_loss         | -1.05       |
|    explained_variance   | -0.0382     |
|    learning_rate        | 0.0003      |
|    loss                 | 0.446       |
|    n_updates            | 370         |
|    policy_gradient_loss | -0.00346    |
|    value_loss           | 2.84        |
-----------------------------------------
-----------------------------------------
| rollout/                |             |
|    ep_len_mean          | 207         |
|    ep_rew_mean          | 2.85        |
| time/                   |             |
|    fps                  | 1           |
|    iterations           | 39          |
|    time_elapsed         | 19345       |
|    total_timesteps      | 19968       |
| train/                  |             |
|    approx_kl            | 0.007390595 |
|    clip_fraction        | 0.0709      |
|    clip_range           | 0.2         |
|    entropy_loss         | -1.04       |
|    explained_variance   | 0.346       |
|    learning_rate        | 0.0003      |
|    loss                 | 0.853       |
|    n_updates            | 380         |
|    policy_gradient_loss | 0.00124     |
|    value_loss           | 3.93        |
-----------------------------------------
-----------------------------------------
| rollout/                |             |
|    ep_len_mean          | 209         |
|    ep_rew_mean          | 2.95        |
| time/                   |             |
|    fps                  | 1           |
|    iterations           | 40          |
|    time_elapsed         | 19427       |
|    total_timesteps      | 20480       |
| train/                  |             |
|    approx_kl            | 0.006694499 |
|    clip_fraction        | 0.0344      |
|    clip_range           | 0.2         |
|    entropy_loss         | -1.04       |
|    explained_variance   | 0.339       |
|    learning_rate        | 0.0003      |
|    loss                 | 0.584       |
|    n_updates            | 390         |
|    policy_gradient_loss | -0.00286    |
|    value_loss           | 3.31        |
-----------------------------------------
-----------------------------------------
| rollout/                |             |
|    ep_len_mean          | 211         |
|    ep_rew_mean          | 3.08        |
| time/                   |             |
|    fps                  | 1           |
|    iterations           | 41          |
|    time_elapsed         | 19510       |
|    total_timesteps      | 20992       |
| train/                  |             |
|    approx_kl            | 0.010847559 |
|    clip_fraction        | 0.0258      |
|    clip_range           | 0.2         |
|    entropy_loss         | -1.03       |
|    explained_variance   | 0.562       |
|    learning_rate        | 0.0003      |
|    loss                 | 0.284       |
|    n_updates            | 400         |
|    policy_gradient_loss | -0.00834    |
|    value_loss           | 1.74        |
-----------------------------------------
-----------------------------------------
| rollout/                |             |
|    ep_len_mean          | 209         |
|    ep_rew_mean          | 2.94        |
| time/                   |             |
|    fps                  | 1           |
|    iterations           | 42          |
|    time_elapsed         | 19594       |
|    total_timesteps      | 21504       |
| train/                  |             |
|    approx_kl            | 0.004874763 |
|    clip_fraction        | 0.041       |
|    clip_range           | 0.2         |
|    entropy_loss         | -1.02       |
|    explained_variance   | 0.187       |
|    learning_rate        | 0.0003      |
|    loss                 | 0.28        |
|    n_updates            | 410         |
|    policy_gradient_loss | 0.00215     |
|    value_loss           | 1.12        |
-----------------------------------------
------------------------------------------
| rollout/                |              |
|    ep_len_mean          | 212          |
|    ep_rew_mean          | 3.28         |
| time/                   |              |
|    fps                  | 1            |
|    iterations           | 43           |
|    time_elapsed         | 19677        |
|    total_timesteps      | 22016        |
| train/                  |              |
|    approx_kl            | 0.0058616195 |
|    clip_fraction        | 0.0289       |
|    clip_range           | 0.2          |
|    entropy_loss         | -1.03        |
|    explained_variance   | 0.15         |
|    learning_rate        | 0.0003       |
|    loss                 | 1.53         |
|    n_updates            | 420          |
|    policy_gradient_loss | -0.00581     |
|    value_loss           | 5.56         |
------------------------------------------
----------------------------------------
| rollout/                |            |
|    ep_len_mean          | 216        |
|    ep_rew_mean          | 3.61       |
| time/                   |            |
|    fps                  | 1          |
|    iterations           | 44         |
|    time_elapsed         | 19765      |
|    total_timesteps      | 22528      |
| train/                  |            |
|    approx_kl            | 0.00439989 |
|    clip_fraction        | 0.0186     |
|    clip_range           | 0.2        |
|    entropy_loss         | -0.974     |
|    explained_variance   | -0.966     |
|    learning_rate        | 0.0003     |
|    loss                 | 0.0462     |
|    n_updates            | 430        |
|    policy_gradient_loss | 0.000837   |
|    value_loss           | 0.532      |
----------------------------------------
-----------------------------------------
| rollout/                |             |
|    ep_len_mean          | 218         |
|    ep_rew_mean          | 3.83        |
| time/                   |             |
|    fps                  | 1           |
|    iterations           | 45          |
|    time_elapsed         | 19850       |
|    total_timesteps      | 23040       |
| train/                  |             |
|    approx_kl            | 0.014806008 |
|    clip_fraction        | 0.0604      |
|    clip_range           | 0.2         |
|    entropy_loss         | -0.994      |
|    explained_variance   | -0.817      |
|    learning_rate        | 0.0003      |
|    loss                 | 0.0989      |
|    n_updates            | 440         |
|    policy_gradient_loss | -0.0041     |
|    value_loss           | 0.47        |
-----------------------------------------
------------------------------------------
| rollout/                |              |
|    ep_len_mean          | 219          |
|    ep_rew_mean          | 3.87         |
| time/                   |              |
|    fps                  | 1            |
|    iterations           | 46           |
|    time_elapsed         | 19936        |
|    total_timesteps      | 23552        |
| train/                  |              |
|    approx_kl            | 0.0049202573 |
|    clip_fraction        | 0.0484       |
|    clip_range           | 0.2          |
|    entropy_loss         | -1.01        |
|    explained_variance   | 0.865        |
|    learning_rate        | 0.0003       |
|    loss                 | 0.00747      |
|    n_updates            | 450          |
|    policy_gradient_loss | -0.00848     |
|    value_loss           | 0.0933       |
------------------------------------------
------------------------------------------
| rollout/                |              |
|    ep_len_mean          | 221          |
|    ep_rew_mean          | 4.03         |
| time/                   |              |
|    fps                  | 1            |
|    iterations           | 47           |
|    time_elapsed         | 20022        |
|    total_timesteps      | 24064        |
| train/                  |              |
|    approx_kl            | 0.0027668797 |
|    clip_fraction        | 0.0221       |
|    clip_range           | 0.2          |
|    entropy_loss         | -1.03        |
|    explained_variance   | 0.413        |
|    learning_rate        | 0.0003       |
|    loss                 | 0.268        |
|    n_updates            | 460          |
|    policy_gradient_loss | -0.000565    |
|    value_loss           | 1.22         |
------------------------------------------
------------------------------------------
| rollout/                |              |
|    ep_len_mean          | 226          |
|    ep_rew_mean          | 4.42         |
| time/                   |              |
|    fps                  | 1            |
|    iterations           | 48           |
|    time_elapsed         | 20111        |
|    total_timesteps      | 24576        |
| train/                  |              |
|    approx_kl            | 0.0051290533 |
|    clip_fraction        | 0.0203       |
|    clip_range           | 0.2          |
|    entropy_loss         | -1.03        |
|    explained_variance   | 0.79         |
|    learning_rate        | 0.0003       |
|    loss                 | 0.553        |
|    n_updates            | 470          |
|    policy_gradient_loss | -0.000715    |
|    value_loss           | 1.87         |
------------------------------------------
-----------------------------------------
| rollout/                |             |
|    ep_len_mean          | 226         |
|    ep_rew_mean          | 4.47        |
| time/                   |             |
|    fps                  | 1           |
|    iterations           | 49          |
|    time_elapsed         | 20199       |
|    total_timesteps      | 25088       |
| train/                  |             |
|    approx_kl            | 0.008261621 |
|    clip_fraction        | 0.0229      |
|    clip_range           | 0.2         |
|    entropy_loss         | -1.03       |
|    explained_variance   | 0.37        |
|    learning_rate        | 0.0003      |
|    loss                 | 0.0205      |
|    n_updates            | 480         |
|    policy_gradient_loss | -0.00661    |
|    value_loss           | 0.138       |
-----------------------------------------
-----------------------------------------
| rollout/                |             |
|    ep_len_mean          | 231         |
|    ep_rew_mean          | 4.85        |
| time/                   |             |
|    fps                  | 1           |
|    iterations           | 50          |
|    time_elapsed         | 20288       |
|    total_timesteps      | 25600       |
| train/                  |             |
|    approx_kl            | 0.020156546 |
|    clip_fraction        | 0.139       |
|    clip_range           | 0.2         |
|    entropy_loss         | -0.993      |
|    explained_variance   | 0.885       |
|    learning_rate        | 0.0003      |
|    loss                 | -0.0222     |
|    n_updates            | 490         |
|    policy_gradient_loss | -0.0109     |
|    value_loss           | 0.227       |
-----------------------------------------
-----------------------------------------
| rollout/                |             |
|    ep_len_mean          | 233         |
|    ep_rew_mean          | 5.02        |
| time/                   |             |
|    fps                  | 1           |
|    iterations           | 51          |
|    time_elapsed         | 20374       |
|    total_timesteps      | 26112       |
| train/                  |             |
|    approx_kl            | 0.004736897 |
|    clip_fraction        | 0.0428      |
|    clip_range           | 0.2         |
|    entropy_loss         | -0.959      |
|    explained_variance   | 0.726       |
|    learning_rate        | 0.0003      |
|    loss                 | 0.122       |
|    n_updates            | 500         |
|    policy_gradient_loss | 0.00573     |
|    value_loss           | 0.519       |
-----------------------------------------
-----------------------------------------
| rollout/                |             |
|    ep_len_mean          | 236         |
|    ep_rew_mean          | 5.33        |
| time/                   |             |
|    fps                  | 1           |
|    iterations           | 52          |
|    time_elapsed         | 20461       |
|    total_timesteps      | 26624       |
| train/                  |             |
|    approx_kl            | 0.003048339 |
|    clip_fraction        | 0.00645     |
|    clip_range           | 0.2         |
|    entropy_loss         | -0.982      |
|    explained_variance   | -0.171      |
|    learning_rate        | 0.0003      |
|    loss                 | 1.39        |
|    n_updates            | 510         |
|    policy_gradient_loss | -0.00292    |
|    value_loss           | 4.21        |
-----------------------------------------
----------------------------------------
| rollout/                |            |
|    ep_len_mean          | 237        |
|    ep_rew_mean          | 5.34       |
| time/                   |            |
|    fps                  | 1          |
|    iterations           | 53         |
|    time_elapsed         | 20548      |
|    total_timesteps      | 27136      |
| train/                  |            |
|    approx_kl            | 0.00589164 |
|    clip_fraction        | 0.0127     |
|    clip_range           | 0.2        |
|    entropy_loss         | -0.936     |
|    explained_variance   | 0.0217     |
|    learning_rate        | 0.0003     |
|    loss                 | 0.0852     |
|    n_updates            | 520        |
|    policy_gradient_loss | -0.00407   |
|    value_loss           | 2.09       |
----------------------------------------
------------------------------------------
| rollout/                |              |
|    ep_len_mean          | 239          |
|    ep_rew_mean          | 5.47         |
| time/                   |              |
|    fps                  | 1            |
|    iterations           | 54           |
|    time_elapsed         | 20638        |
|    total_timesteps      | 27648        |
| train/                  |              |
|    approx_kl            | 0.0058344696 |
|    clip_fraction        | 0.0512       |
|    clip_range           | 0.2          |
|    entropy_loss         | -0.962       |
|    explained_variance   | 0.0474       |
|    learning_rate        | 0.0003       |
|    loss                 | 0.419        |
|    n_updates            | 530          |
|    policy_gradient_loss | -0.00552     |
|    value_loss           | 2.34         |
------------------------------------------
-----------------------------------------
| rollout/                |             |
|    ep_len_mean          | 241         |
|    ep_rew_mean          | 5.73        |
| time/                   |             |
|    fps                  | 1           |
|    iterations           | 55          |
|    time_elapsed         | 20727       |
|    total_timesteps      | 28160       |
| train/                  |             |
|    approx_kl            | 0.008475879 |
|    clip_fraction        | 0.0588      |
|    clip_range           | 0.2         |
|    entropy_loss         | -1.01       |
|    explained_variance   | -0.231      |
|    learning_rate        | 0.0003      |
|    loss                 | 0.8         |
|    n_updates            | 540         |
|    policy_gradient_loss | -0.00956    |
|    value_loss           | 2.43        |
-----------------------------------------
------------------------------------------
| rollout/                |              |
|    ep_len_mean          | 243          |
|    ep_rew_mean          | 5.83         |
| time/                   |              |
|    fps                  | 1            |
|    iterations           | 56           |
|    time_elapsed         | 20815        |
|    total_timesteps      | 28672        |
| train/                  |              |
|    approx_kl            | 0.0069405725 |
|    clip_fraction        | 0.0469       |
|    clip_range           | 0.2          |
|    entropy_loss         | -0.944       |
|    explained_variance   | 0.529        |
|    learning_rate        | 0.0003       |
|    loss                 | 1            |
|    n_updates            | 550          |
|    policy_gradient_loss | -0.00432     |
|    value_loss           | 3.78         |
------------------------------------------
-----------------------------------------
| rollout/                |             |
|    ep_len_mean          | 246         |
|    ep_rew_mean          | 6.15        |
| time/                   |             |
|    fps                  | 1           |
|    iterations           | 57          |
|    time_elapsed         | 20899       |
|    total_timesteps      | 29184       |
| train/                  |             |
|    approx_kl            | 0.004392037 |
|    clip_fraction        | 0.024       |
|    clip_range           | 0.2         |
|    entropy_loss         | -0.949      |
|    explained_variance   | 0.259       |
|    learning_rate        | 0.0003      |
|    loss                 | 0.582       |
|    n_updates            | 560         |
|    policy_gradient_loss | 0.00216     |
|    value_loss           | 2.31        |
-----------------------------------------
-----------------------------------------
| rollout/                |             |
|    ep_len_mean          | 245         |
|    ep_rew_mean          | 6.21        |
| time/                   |             |
|    fps                  | 1           |
|    iterations           | 58          |
|    time_elapsed         | 20984       |
|    total_timesteps      | 29696       |
| train/                  |             |
|    approx_kl            | 0.003930028 |
|    clip_fraction        | 0.0273      |
|    clip_range           | 0.2         |
|    entropy_loss         | -0.984      |
|    explained_variance   | 0.261       |
|    learning_rate        | 0.0003      |
|    loss                 | 0.0529      |
|    n_updates            | 570         |
|    policy_gradient_loss | -0.00524    |
|    value_loss           | 0.416       |
-----------------------------------------
-----------------------------------------
| rollout/                |             |
|    ep_len_mean          | 249         |
|    ep_rew_mean          | 6.55        |
| time/                   |             |
|    fps                  | 1           |
|    iterations           | 59          |
|    time_elapsed         | 21066       |
|    total_timesteps      | 30208       |
| train/                  |             |
|    approx_kl            | 0.009297585 |
|    clip_fraction        | 0.0984      |
|    clip_range           | 0.2         |
|    entropy_loss         | -0.973      |
|    explained_variance   | 0.297       |
|    learning_rate        | 0.0003      |
|    loss                 | 0.611       |
|    n_updates            | 580         |
|    policy_gradient_loss | -0.00617    |
|    value_loss           | 1.24        |
-----------------------------------------
------------------------------------------
| rollout/                |              |
|    ep_len_mean          | 245          |
|    ep_rew_mean          | 6.31         |
| time/                   |              |
|    fps                  | 1            |
|    iterations           | 60           |
|    time_elapsed         | 21152        |
|    total_timesteps      | 30720        |
| train/                  |              |
|    approx_kl            | 0.0065563275 |
|    clip_fraction        | 0.0262       |
|    clip_range           | 0.2          |
|    entropy_loss         | -0.98        |
|    explained_variance   | -0.285       |
|    learning_rate        | 0.0003       |
|    loss                 | 0.0631       |
|    n_updates            | 590          |
|    policy_gradient_loss | -0.00308     |
|    value_loss           | 0.417        |
------------------------------------------
-----------------------------------------
| rollout/                |             |
|    ep_len_mean          | 248         |
|    ep_rew_mean          | 6.62        |
| time/                   |             |
|    fps                  | 1           |
|    iterations           | 61          |
|    time_elapsed         | 21237       |
|    total_timesteps      | 31232       |
| train/                  |             |
|    approx_kl            | 0.009439116 |
|    clip_fraction        | 0.0578      |
|    clip_range           | 0.2         |
|    entropy_loss         | -0.998      |
|    explained_variance   | 0.186       |
|    learning_rate        | 0.0003      |
|    loss                 | 0.193       |
|    n_updates            | 600         |
|    policy_gradient_loss | 0.00932     |
|    value_loss           | 2.67        |
-----------------------------------------
-----------------------------------------
| rollout/                |             |
|    ep_len_mean          | 252         |
|    ep_rew_mean          | 6.96        |
| time/                   |             |
|    fps                  | 1           |
|    iterations           | 62          |
|    time_elapsed         | 21320       |
|    total_timesteps      | 31744       |
| train/                  |             |
|    approx_kl            | 0.011326003 |
|    clip_fraction        | 0.0922      |
|    clip_range           | 0.2         |
|    entropy_loss         | -0.962      |
|    explained_variance   | 0.375       |
|    learning_rate        | 0.0003      |
|    loss                 | 0.0254      |
|    n_updates            | 610         |
|    policy_gradient_loss | -0.00569    |
|    value_loss           | 0.499       |
-----------------------------------------
-----------------------------------------
| rollout/                |             |
|    ep_len_mean          | 256         |
|    ep_rew_mean          | 7.35        |
| time/                   |             |
|    fps                  | 1           |
|    iterations           | 63          |
|    time_elapsed         | 21408       |
|    total_timesteps      | 32256       |
| train/                  |             |
|    approx_kl            | 0.008174034 |
|    clip_fraction        | 0.0123      |
|    clip_range           | 0.2         |
|    entropy_loss         | -0.901      |
|    explained_variance   | -0.0878     |
|    learning_rate        | 0.0003      |
|    loss                 | 0.0317      |
|    n_updates            | 620         |
|    policy_gradient_loss | -0.0038     |
|    value_loss           | 0.359       |
-----------------------------------------
-----------------------------------------
| rollout/                |             |
|    ep_len_mean          | 260         |
|    ep_rew_mean          | 7.68        |
| time/                   |             |
|    fps                  | 1           |
|    iterations           | 64          |
|    time_elapsed         | 21495       |
|    total_timesteps      | 32768       |
| train/                  |             |
|    approx_kl            | 0.004310004 |
|    clip_fraction        | 0.0137      |
|    clip_range           | 0.2         |
|    entropy_loss         | -0.921      |
|    explained_variance   | -0.714      |
|    learning_rate        | 0.0003      |
|    loss                 | 0.0529      |
|    n_updates            | 630         |
|    policy_gradient_loss | 0.000908    |
|    value_loss           | 0.211       |
-----------------------------------------
-----------------------------------------
| rollout/                |             |
|    ep_len_mean          | 264         |
|    ep_rew_mean          | 8.06        |
| time/                   |             |
|    fps                  | 1           |
|    iterations           | 65          |
|    time_elapsed         | 21581       |
|    total_timesteps      | 33280       |
| train/                  |             |
|    approx_kl            | 0.007911547 |
|    clip_fraction        | 0.0352      |
|    clip_range           | 0.2         |
|    entropy_loss         | -0.893      |
|    explained_variance   | 0.0555      |
|    learning_rate        | 0.0003      |
|    loss                 | 0.0119      |
|    n_updates            | 640         |
|    policy_gradient_loss | -0.0115     |
|    value_loss           | 0.0757      |
-----------------------------------------
-----------------------------------------
| rollout/                |             |
|    ep_len_mean          | 272         |
|    ep_rew_mean          | 8.64        |
| time/                   |             |
|    fps                  | 1           |
|    iterations           | 66          |
|    time_elapsed         | 21663       |
|    total_timesteps      | 33792       |
| train/                  |             |
|    approx_kl            | 0.004291849 |
|    clip_fraction        | 0.0234      |
|    clip_range           | 0.2         |
|    entropy_loss         | -0.85       |
|    explained_variance   | 0.141       |
|    learning_rate        | 0.0003      |
|    loss                 | -0.0101     |
|    n_updates            | 650         |
|    policy_gradient_loss | -0.00439    |
|    value_loss           | 0.115       |
-----------------------------------------
-----------------------------------------
| rollout/                |             |
|    ep_len_mean          | 274         |
|    ep_rew_mean          | 8.77        |
| time/                   |             |
|    fps                  | 1           |
|    iterations           | 67          |
|    time_elapsed         | 21745       |
|    total_timesteps      | 34304       |
| train/                  |             |
|    approx_kl            | 0.009691193 |
|    clip_fraction        | 0.09        |
|    clip_range           | 0.2         |
|    entropy_loss         | -0.878      |
|    explained_variance   | -0.184      |
|    learning_rate        | 0.0003      |
|    loss                 | 0.862       |
|    n_updates            | 660         |
|    policy_gradient_loss | 0.00227     |
|    value_loss           | 2.63        |
-----------------------------------------
------------------------------------------
| rollout/                |              |
|    ep_len_mean          | 278          |
|    ep_rew_mean          | 9.16         |
| time/                   |              |
|    fps                  | 1            |
|    iterations           | 68           |
|    time_elapsed         | 21828        |
|    total_timesteps      | 34816        |
| train/                  |              |
|    approx_kl            | 0.0047864183 |
|    clip_fraction        | 0.0354       |
|    clip_range           | 0.2          |
|    entropy_loss         | -0.864       |
|    explained_variance   | 0.396        |
|    learning_rate        | 0.0003       |
|    loss                 | 1.87         |
|    n_updates            | 670          |
|    policy_gradient_loss | -0.00154     |
|    value_loss           | 3.55         |
------------------------------------------
-----------------------------------------
| rollout/                |             |
|    ep_len_mean          | 278         |
|    ep_rew_mean          | 9.13        |
| time/                   |             |
|    fps                  | 1           |
|    iterations           | 69          |
|    time_elapsed         | 21912       |
|    total_timesteps      | 35328       |
| train/                  |             |
|    approx_kl            | 0.007487402 |
|    clip_fraction        | 0.0432      |
|    clip_range           | 0.2         |
|    entropy_loss         | -0.809      |
|    explained_variance   | -0.774      |
|    learning_rate        | 0.0003      |
|    loss                 | 0.0689      |
|    n_updates            | 680         |
|    policy_gradient_loss | 0.00349     |
|    value_loss           | 0.373       |
-----------------------------------------
-----------------------------------------
| rollout/                |             |
|    ep_len_mean          | 281         |
|    ep_rew_mean          | 9.42        |
| time/                   |             |
|    fps                  | 1           |
|    iterations           | 70          |
|    time_elapsed         | 21996       |
|    total_timesteps      | 35840       |
| train/                  |             |
|    approx_kl            | 0.005939096 |
|    clip_fraction        | 0.041       |
|    clip_range           | 0.2         |
|    entropy_loss         | -0.859      |
|    explained_variance   | 0.101       |
|    learning_rate        | 0.0003      |
|    loss                 | 0.27        |
|    n_updates            | 690         |
|    policy_gradient_loss | -0.00494    |
|    value_loss           | 1.82        |
-----------------------------------------
-----------------------------------------
| rollout/                |             |
|    ep_len_mean          | 283         |
|    ep_rew_mean          | 9.71        |
| time/                   |             |
|    fps                  | 1           |
|    iterations           | 71          |
|    time_elapsed         | 22079       |
|    total_timesteps      | 36352       |
| train/                  |             |
|    approx_kl            | 0.010206017 |
|    clip_fraction        | 0.0609      |
|    clip_range           | 0.2         |
|    entropy_loss         | -0.908      |
|    explained_variance   | 0.731       |
|    learning_rate        | 0.0003      |
|    loss                 | 0.0783      |
|    n_updates            | 700         |
|    policy_gradient_loss | -0.0032     |
|    value_loss           | 0.205       |
-----------------------------------------
------------------------------------------
| rollout/                |              |
|    ep_len_mean          | 283          |
|    ep_rew_mean          | 9.71         |
| time/                   |              |
|    fps                  | 1            |
|    iterations           | 72           |
|    time_elapsed         | 22164        |
|    total_timesteps      | 36864        |
| train/                  |              |
|    approx_kl            | 0.0052948454 |
|    clip_fraction        | 0.0187       |
|    clip_range           | 0.2          |
|    entropy_loss         | -0.898       |
|    explained_variance   | -0.144       |
|    learning_rate        | 0.0003       |
|    loss                 | 0.0248       |
|    n_updates            | 710          |
|    policy_gradient_loss | -0.00726     |
|    value_loss           | 0.188        |
------------------------------------------
-----------------------------------------
| rollout/                |             |
|    ep_len_mean          | 287         |
|    ep_rew_mean          | 10.1        |
| time/                   |             |
|    fps                  | 1           |
|    iterations           | 73          |
|    time_elapsed         | 22248       |
|    total_timesteps      | 37376       |
| train/                  |             |
|    approx_kl            | 0.011884669 |
|    clip_fraction        | 0.144       |
|    clip_range           | 0.2         |
|    entropy_loss         | -0.979      |
|    explained_variance   | -0.578      |
|    learning_rate        | 0.0003      |
|    loss                 | -0.0162     |
|    n_updates            | 720         |
|    policy_gradient_loss | -0.000602   |
|    value_loss           | 0.15        |
-----------------------------------------
-----------------------------------------
| rollout/                |             |
|    ep_len_mean          | 291         |
|    ep_rew_mean          | 10.4        |
| time/                   |             |
|    fps                  | 1           |
|    iterations           | 74          |
|    time_elapsed         | 22332       |
|    total_timesteps      | 37888       |
| train/                  |             |
|    approx_kl            | 0.012307188 |
|    clip_fraction        | 0.0986      |
|    clip_range           | 0.2         |
|    entropy_loss         | -0.883      |
|    explained_variance   | -0.252      |
|    learning_rate        | 0.0003      |
|    loss                 | 0.0137      |
|    n_updates            | 730         |
|    policy_gradient_loss | -0.00968    |
|    value_loss           | 0.0667      |
-----------------------------------------
-----------------------------------------
| rollout/                |             |
|    ep_len_mean          | 295         |
|    ep_rew_mean          | 10.7        |
| time/                   |             |
|    fps                  | 1           |
|    iterations           | 75          |
|    time_elapsed         | 22418       |
|    total_timesteps      | 38400       |
| train/                  |             |
|    approx_kl            | 0.010201855 |
|    clip_fraction        | 0.0877      |
|    clip_range           | 0.2         |
|    entropy_loss         | -0.902      |
|    explained_variance   | -0.156      |
|    learning_rate        | 0.0003      |
|    loss                 | 0.000604    |
|    n_updates            | 740         |
|    policy_gradient_loss | -0.00397    |
|    value_loss           | 0.0797      |
-----------------------------------------
-----------------------------------------
| rollout/                |             |
|    ep_len_mean          | 299         |
|    ep_rew_mean          | 11.1        |
| time/                   |             |
|    fps                  | 1           |
|    iterations           | 76          |
|    time_elapsed         | 22502       |
|    total_timesteps      | 38912       |
| train/                  |             |
|    approx_kl            | 0.005901803 |
|    clip_fraction        | 0.0299      |
|    clip_range           | 0.2         |
|    entropy_loss         | -0.871      |
|    explained_variance   | -0.0638     |
|    learning_rate        | 0.0003      |
|    loss                 | 0.167       |
|    n_updates            | 750         |
|    policy_gradient_loss | -0.00157    |
|    value_loss           | 1.94        |
-----------------------------------------
-----------------------------------------
| rollout/                |             |
|    ep_len_mean          | 303         |
|    ep_rew_mean          | 11.5        |
| time/                   |             |
|    fps                  | 1           |
|    iterations           | 77          |
|    time_elapsed         | 22587       |
|    total_timesteps      | 39424       |
| train/                  |             |
|    approx_kl            | 0.015073303 |
|    clip_fraction        | 0.0844      |
|    clip_range           | 0.2         |
|    entropy_loss         | -0.821      |
|    explained_variance   | -0.12       |
|    learning_rate        | 0.0003      |
|    loss                 | 0.0166      |
|    n_updates            | 760         |
|    policy_gradient_loss | -0.00541    |
|    value_loss           | 0.103       |
-----------------------------------------
------------------------------------------
| rollout/                |              |
|    ep_len_mean          | 306          |
|    ep_rew_mean          | 11.8         |
| time/                   |              |
|    fps                  | 1            |
|    iterations           | 78           |
|    time_elapsed         | 22671        |
|    total_timesteps      | 39936        |
| train/                  |              |
|    approx_kl            | 0.0087866075 |
|    clip_fraction        | 0.057        |
|    clip_range           | 0.2          |
|    entropy_loss         | -0.854       |
|    explained_variance   | 0.196        |
|    learning_rate        | 0.0003       |
|    loss                 | 0.0313       |
|    n_updates            | 770          |
|    policy_gradient_loss | -0.0048      |
|    value_loss           | 0.143        |
------------------------------------------
-----------------------------------------
| rollout/                |             |
|    ep_len_mean          | 308         |
|    ep_rew_mean          | 12          |
| time/                   |             |
|    fps                  | 1           |
|    iterations           | 79          |
|    time_elapsed         | 22756       |
|    total_timesteps      | 40448       |
| train/                  |             |
|    approx_kl            | 0.008806899 |
|    clip_fraction        | 0.0236      |
|    clip_range           | 0.2         |
|    entropy_loss         | -0.83       |
|    explained_variance   | 0.423       |
|    learning_rate        | 0.0003      |
|    loss                 | -0.00593    |
|    n_updates            | 780         |
|    policy_gradient_loss | -0.00576    |
|    value_loss           | 0.0287      |
-----------------------------------------
------------------------------------------
| rollout/                |              |
|    ep_len_mean          | 308          |
|    ep_rew_mean          | 12.1         |
| time/                   |              |
|    fps                  | 1            |
|    iterations           | 80           |
|    time_elapsed         | 22841        |
|    total_timesteps      | 40960        |
| train/                  |              |
|    approx_kl            | 0.0033313856 |
|    clip_fraction        | 0.00605      |
|    clip_range           | 0.2          |
|    entropy_loss         | -0.854       |
|    explained_variance   | 0.248        |
|    learning_rate        | 0.0003       |
|    loss                 | 0.00412      |
|    n_updates            | 790          |
|    policy_gradient_loss | -0.00292     |
|    value_loss           | 0.0353       |
------------------------------------------
------------------------------------------
| rollout/                |              |
|    ep_len_mean          | 312          |
|    ep_rew_mean          | 12.3         |
| time/                   |              |
|    fps                  | 1            |
|    iterations           | 81           |
|    time_elapsed         | 22927        |
|    total_timesteps      | 41472        |
| train/                  |              |
|    approx_kl            | 0.0112588005 |
|    clip_fraction        | 0.0889       |
|    clip_range           | 0.2          |
|    entropy_loss         | -0.801       |
|    explained_variance   | 0.543        |
|    learning_rate        | 0.0003       |
|    loss                 | 0.00156      |
|    n_updates            | 800          |
|    policy_gradient_loss | -0.00883     |
|    value_loss           | 0.0477       |
------------------------------------------
-----------------------------------------
| rollout/                |             |
|    ep_len_mean          | 312         |
|    ep_rew_mean          | 12.5        |
| time/                   |             |
|    fps                  | 1           |
|    iterations           | 82          |
|    time_elapsed         | 23013       |
|    total_timesteps      | 41984       |
| train/                  |             |
|    approx_kl            | 0.014098309 |
|    clip_fraction        | 0.0551      |
|    clip_range           | 0.2         |
|    entropy_loss         | -0.786      |
|    explained_variance   | -0.134      |
|    learning_rate        | 0.0003      |
|    loss                 | 1.95        |
|    n_updates            | 810         |
|    policy_gradient_loss | 0.0194      |
|    value_loss           | 4.59        |
-----------------------------------------
------------------------------------------
| rollout/                |              |
|    ep_len_mean          | 313          |
|    ep_rew_mean          | 12.6         |
| time/                   |              |
|    fps                  | 1            |
|    iterations           | 83           |
|    time_elapsed         | 23096        |
|    total_timesteps      | 42496        |
| train/                  |              |
|    approx_kl            | 0.0023399799 |
|    clip_fraction        | 0.0164       |
|    clip_range           | 0.2          |
|    entropy_loss         | -0.835       |
|    explained_variance   | 0.594        |
|    learning_rate        | 0.0003       |
|    loss                 | 0.045        |
|    n_updates            | 820          |
|    policy_gradient_loss | 0.00204      |
|    value_loss           | 0.227        |
------------------------------------------
-----------------------------------------
| rollout/                |             |
|    ep_len_mean          | 314         |
|    ep_rew_mean          | 12.8        |
| time/                   |             |
|    fps                  | 1           |
|    iterations           | 84          |
|    time_elapsed         | 23180       |
|    total_timesteps      | 43008       |
| train/                  |             |
|    approx_kl            | 0.005696906 |
|    clip_fraction        | 0.0244      |
|    clip_range           | 0.2         |
|    entropy_loss         | -0.801      |
|    explained_variance   | 0.465       |
|    learning_rate        | 0.0003      |
|    loss                 | 0.0713      |
|    n_updates            | 830         |
|    policy_gradient_loss | -0.00538    |
|    value_loss           | 0.271       |
-----------------------------------------
------------------------------------------
| rollout/                |              |
|    ep_len_mean          | 315          |
|    ep_rew_mean          | 12.9         |
| time/                   |              |
|    fps                  | 1            |
|    iterations           | 85           |
|    time_elapsed         | 23265        |
|    total_timesteps      | 43520        |
| train/                  |              |
|    approx_kl            | 0.0053467387 |
|    clip_fraction        | 0.0465       |
|    clip_range           | 0.2          |
|    entropy_loss         | -0.686       |
|    explained_variance   | 0.213        |
|    learning_rate        | 0.0003       |
|    loss                 | 0.0028       |
|    n_updates            | 840          |
|    policy_gradient_loss | -0.00632     |
|    value_loss           | 0.0647       |
------------------------------------------
-----------------------------------------
| rollout/                |             |
|    ep_len_mean          | 314         |
|    ep_rew_mean          | 12.8        |
| time/                   |             |
|    fps                  | 1           |
|    iterations           | 86          |
|    time_elapsed         | 23349       |
|    total_timesteps      | 44032       |
| train/                  |             |
|    approx_kl            | 0.014986095 |
|    clip_fraction        | 0.0953      |
|    clip_range           | 0.2         |
|    entropy_loss         | -0.758      |
|    explained_variance   | -0.356      |
|    learning_rate        | 0.0003      |
|    loss                 | 1.42        |
|    n_updates            | 850         |
|    policy_gradient_loss | -5.59e-05   |
|    value_loss           | 6.02        |
-----------------------------------------
-----------------------------------------
| rollout/                |             |
|    ep_len_mean          | 311         |
|    ep_rew_mean          | 12.5        |
| time/                   |             |
|    fps                  | 1           |
|    iterations           | 87          |
|    time_elapsed         | 23433       |
|    total_timesteps      | 44544       |
| train/                  |             |
|    approx_kl            | 0.008761782 |
|    clip_fraction        | 0.0449      |
|    clip_range           | 0.2         |
|    entropy_loss         | -0.805      |
|    explained_variance   | 0.429       |
|    learning_rate        | 0.0003      |
|    loss                 | 1.22        |
|    n_updates            | 860         |
|    policy_gradient_loss | -0.000239   |
|    value_loss           | 3.57        |
-----------------------------------------
-----------------------------------------
| rollout/                |             |
|    ep_len_mean          | 317         |
|    ep_rew_mean          | 12.8        |
| time/                   |             |
|    fps                  | 1           |
|    iterations           | 88          |
|    time_elapsed         | 23517       |
|    total_timesteps      | 45056       |
| train/                  |             |
|    approx_kl            | 0.009338373 |
|    clip_fraction        | 0.0789      |
|    clip_range           | 0.2         |
|    entropy_loss         | -0.789      |
|    explained_variance   | 0.548       |
|    learning_rate        | 0.0003      |
|    loss                 | 1.1         |
|    n_updates            | 870         |
|    policy_gradient_loss | -0.011      |
|    value_loss           | 1.6         |
-----------------------------------------
-----------------------------------------
| rollout/                |             |
|    ep_len_mean          | 316         |
|    ep_rew_mean          | 12.8        |
| time/                   |             |
|    fps                  | 1           |
|    iterations           | 89          |
|    time_elapsed         | 23600       |
|    total_timesteps      | 45568       |
| train/                  |             |
|    approx_kl            | 0.009690935 |
|    clip_fraction        | 0.135       |
|    clip_range           | 0.2         |
|    entropy_loss         | -0.867      |
|    explained_variance   | 0.525       |
|    learning_rate        | 0.0003      |
|    loss                 | 0.823       |
|    n_updates            | 880         |
|    policy_gradient_loss | 0.00113     |
|    value_loss           | 2.83        |
-----------------------------------------
-----------------------------------------
| rollout/                |             |
|    ep_len_mean          | 319         |
|    ep_rew_mean          | 13.1        |
| time/                   |             |
|    fps                  | 1           |
|    iterations           | 90          |
|    time_elapsed         | 23685       |
|    total_timesteps      | 46080       |
| train/                  |             |
|    approx_kl            | 0.011025386 |
|    clip_fraction        | 0.0832      |
|    clip_range           | 0.2         |
|    entropy_loss         | -0.809      |
|    explained_variance   | 0.51        |
|    learning_rate        | 0.0003      |
|    loss                 | 0.305       |
|    n_updates            | 890         |
|    policy_gradient_loss | 0.0158      |
|    value_loss           | 1.14        |
-----------------------------------------
----------------------------------------
| rollout/                |            |
|    ep_len_mean          | 321        |
|    ep_rew_mean          | 13.2       |
| time/                   |            |
|    fps                  | 1          |
|    iterations           | 91         |
|    time_elapsed         | 23770      |
|    total_timesteps      | 46592      |
| train/                  |            |
|    approx_kl            | 0.00440618 |
|    clip_fraction        | 0.0189     |
|    clip_range           | 0.2        |
|    entropy_loss         | -0.795     |
|    explained_variance   | -0.0579    |
|    learning_rate        | 0.0003     |
|    loss                 | 0.665      |
|    n_updates            | 900        |
|    policy_gradient_loss | -0.00133   |
|    value_loss           | 2.24       |
----------------------------------------
------------------------------------------
| rollout/                |              |
|    ep_len_mean          | 320          |
|    ep_rew_mean          | 13.1         |
| time/                   |              |
|    fps                  | 1            |
|    iterations           | 92           |
|    time_elapsed         | 23853        |
|    total_timesteps      | 47104        |
| train/                  |              |
|    approx_kl            | 0.0066854623 |
|    clip_fraction        | 0.0379       |
|    clip_range           | 0.2          |
|    entropy_loss         | -0.761       |
|    explained_variance   | 0.397        |
|    learning_rate        | 0.0003       |
|    loss                 | 0.294        |
|    n_updates            | 910          |
|    policy_gradient_loss | 0.00445      |
|    value_loss           | 1.38         |
------------------------------------------
-----------------------------------------
| rollout/                |             |
|    ep_len_mean          | 316         |
|    ep_rew_mean          | 12.9        |
| time/                   |             |
|    fps                  | 1           |
|    iterations           | 93          |
|    time_elapsed         | 23938       |
|    total_timesteps      | 47616       |
| train/                  |             |
|    approx_kl            | 0.009185741 |
|    clip_fraction        | 0.0445      |
|    clip_range           | 0.2         |
|    entropy_loss         | -0.773      |
|    explained_variance   | 0.14        |
|    learning_rate        | 0.0003      |
|    loss                 | 0.631       |
|    n_updates            | 920         |
|    policy_gradient_loss | 0.00377     |
|    value_loss           | 2.38        |
-----------------------------------------
-----------------------------------------
| rollout/                |             |
|    ep_len_mean          | 321         |
|    ep_rew_mean          | 13.3        |
| time/                   |             |
|    fps                  | 2           |
|    iterations           | 94          |
|    time_elapsed         | 24024       |
|    total_timesteps      | 48128       |
| train/                  |             |
|    approx_kl            | 0.004690037 |
|    clip_fraction        | 0.0273      |
|    clip_range           | 0.2         |
|    entropy_loss         | -0.75       |
|    explained_variance   | 0.0507      |
|    learning_rate        | 0.0003      |
|    loss                 | 0.158       |
|    n_updates            | 930         |
|    policy_gradient_loss | 0.00158     |
|    value_loss           | 2.84        |
-----------------------------------------
-----------------------------------------
| rollout/                |             |
|    ep_len_mean          | 321         |
|    ep_rew_mean          | 13.4        |
| time/                   |             |
|    fps                  | 2           |
|    iterations           | 95          |
|    time_elapsed         | 24109       |
|    total_timesteps      | 48640       |
| train/                  |             |
|    approx_kl            | 0.006440954 |
|    clip_fraction        | 0.0428      |
|    clip_range           | 0.2         |
|    entropy_loss         | -0.722      |
|    explained_variance   | -0.861      |
|    learning_rate        | 0.0003      |
|    loss                 | 0.0562      |
|    n_updates            | 940         |
|    policy_gradient_loss | -0.00219    |
|    value_loss           | 0.288       |
-----------------------------------------
-----------------------------------------
| rollout/                |             |
|    ep_len_mean          | 322         |
|    ep_rew_mean          | 13.6        |
| time/                   |             |
|    fps                  | 2           |
|    iterations           | 96          |
|    time_elapsed         | 24194       |
|    total_timesteps      | 49152       |
| train/                  |             |
|    approx_kl            | 0.012447604 |
|    clip_fraction        | 0.0607      |
|    clip_range           | 0.2         |
|    entropy_loss         | -0.744      |
|    explained_variance   | 0.0522      |
|    learning_rate        | 0.0003      |
|    loss                 | -0.00667    |
|    n_updates            | 950         |
|    policy_gradient_loss | -0.00799    |
|    value_loss           | 0.0649      |
-----------------------------------------
-----------------------------------------
| rollout/                |             |
|    ep_len_mean          | 325         |
|    ep_rew_mean          | 13.9        |
| time/                   |             |
|    fps                  | 2           |
|    iterations           | 97          |
|    time_elapsed         | 24279       |
|    total_timesteps      | 49664       |
| train/                  |             |
|    approx_kl            | 0.010621518 |
|    clip_fraction        | 0.0674      |
|    clip_range           | 0.2         |
|    entropy_loss         | -0.81       |
|    explained_variance   | -0.128      |
|    learning_rate        | 0.0003      |
|    loss                 | 0.00533     |
|    n_updates            | 960         |
|    policy_gradient_loss | -0.00528    |
|    value_loss           | 0.106       |
-----------------------------------------
------------------------------------------
| rollout/                |              |
|    ep_len_mean          | 329          |
|    ep_rew_mean          | 14.3         |
| time/                   |              |
|    fps                  | 2            |
|    iterations           | 98           |
|    time_elapsed         | 24365        |
|    total_timesteps      | 50176        |
| train/                  |              |
|    approx_kl            | 0.0062611173 |
|    clip_fraction        | 0.0227       |
|    clip_range           | 0.2          |
|    entropy_loss         | -0.788       |
|    explained_variance   | 0.401        |
|    learning_rate        | 0.0003       |
|    loss                 | -0.0261      |
|    n_updates            | 970          |
|    policy_gradient_loss | -0.00424     |
|    value_loss           | 0.0717       |
------------------------------------------
------------------------------------------
| rollout/                |              |
|    ep_len_mean          | 332          |
|    ep_rew_mean          | 14.5         |
| time/                   |              |
|    fps                  | 2            |
|    iterations           | 99           |
|    time_elapsed         | 24449        |
|    total_timesteps      | 50688        |
| train/                  |              |
|    approx_kl            | 0.0118398545 |
|    clip_fraction        | 0.0613       |
|    clip_range           | 0.2          |
|    entropy_loss         | -0.76        |
|    explained_variance   | 0.386        |
|    learning_rate        | 0.0003       |
|    loss                 | 0.0421       |
|    n_updates            | 980          |
|    policy_gradient_loss | -0.00717     |
|    value_loss           | 0.0643       |
------------------------------------------
------------------------------------------
| rollout/                |              |
|    ep_len_mean          | 332          |
|    ep_rew_mean          | 14.5         |
| time/                   |              |
|    fps                  | 2            |
|    iterations           | 100          |
|    time_elapsed         | 24533        |
|    total_timesteps      | 51200        |
| train/                  |              |
|    approx_kl            | 0.0108410185 |
|    clip_fraction        | 0.0209       |
|    clip_range           | 0.2          |
|    entropy_loss         | -0.777       |
|    explained_variance   | -0.0345      |
|    learning_rate        | 0.0003       |
|    loss                 | 0.242        |
|    n_updates            | 990          |
|    policy_gradient_loss | 0.0145       |
|    value_loss           | 2.63         |
------------------------------------------
-----------------------------------------
| rollout/                |             |
|    ep_len_mean          | 334         |
|    ep_rew_mean          | 14.8        |
| time/                   |             |
|    fps                  | 2           |
|    iterations           | 101         |
|    time_elapsed         | 24617       |
|    total_timesteps      | 51712       |
| train/                  |             |
|    approx_kl            | 0.008495232 |
|    clip_fraction        | 0.0707      |
|    clip_range           | 0.2         |
|    entropy_loss         | -0.777      |
|    explained_variance   | -1.06       |
|    learning_rate        | 0.0003      |
|    loss                 | 6.16e-05    |
|    n_updates            | 1000        |
|    policy_gradient_loss | -0.0137     |
|    value_loss           | 0.0944      |
-----------------------------------------
-----------------------------------------
| rollout/                |             |
|    ep_len_mean          | 335         |
|    ep_rew_mean          | 14.9        |
| time/                   |             |
|    fps                  | 2           |
|    iterations           | 102         |
|    time_elapsed         | 24702       |
|    total_timesteps      | 52224       |
| train/                  |             |
|    approx_kl            | 0.007481347 |
|    clip_fraction        | 0.033       |
|    clip_range           | 0.2         |
|    entropy_loss         | -0.797      |
|    explained_variance   | 0.546       |
|    learning_rate        | 0.0003      |
|    loss                 | 0.278       |
|    n_updates            | 1010        |
|    policy_gradient_loss | 0.0155      |
|    value_loss           | 1.75        |
-----------------------------------------
-----------------------------------------
| rollout/                |             |
|    ep_len_mean          | 335         |
|    ep_rew_mean          | 15.1        |
| time/                   |             |
|    fps                  | 2           |
|    iterations           | 103         |
|    time_elapsed         | 24787       |
|    total_timesteps      | 52736       |
| train/                  |             |
|    approx_kl            | 0.010558644 |
|    clip_fraction        | 0.0963      |
|    clip_range           | 0.2         |
|    entropy_loss         | -0.839      |
|    explained_variance   | 0.0248      |
|    learning_rate        | 0.0003      |
|    loss                 | 0.00125     |
|    n_updates            | 1020        |
|    policy_gradient_loss | -0.0101     |
|    value_loss           | 0.206       |
-----------------------------------------
------------------------------------------
| rollout/                |              |
|    ep_len_mean          | 340          |
|    ep_rew_mean          | 15.5         |
| time/                   |              |
|    fps                  | 2            |
|    iterations           | 104          |
|    time_elapsed         | 24872        |
|    total_timesteps      | 53248        |
| train/                  |              |
|    approx_kl            | 0.0089878235 |
|    clip_fraction        | 0.0641       |
|    clip_range           | 0.2          |
|    entropy_loss         | -0.837       |
|    explained_variance   | 0.0939       |
|    learning_rate        | 0.0003       |
|    loss                 | 0.972        |
|    n_updates            | 1030         |
|    policy_gradient_loss | -0.013       |
|    value_loss           | 2.52         |
------------------------------------------
-----------------------------------------
| rollout/                |             |
|    ep_len_mean          | 343         |
|    ep_rew_mean          | 15.8        |
| time/                   |             |
|    fps                  | 2           |
|    iterations           | 105         |
|    time_elapsed         | 24957       |
|    total_timesteps      | 53760       |
| train/                  |             |
|    approx_kl            | 0.008523323 |
|    clip_fraction        | 0.0334      |
|    clip_range           | 0.2         |
|    entropy_loss         | -0.754      |
|    explained_variance   | -0.503      |
|    learning_rate        | 0.0003      |
|    loss                 | 0.00439     |
|    n_updates            | 1040        |
|    policy_gradient_loss | -0.00214    |
|    value_loss           | 0.126       |
-----------------------------------------
-----------------------------------------
| rollout/                |             |
|    ep_len_mean          | 346         |
|    ep_rew_mean          | 16.1        |
| time/                   |             |
|    fps                  | 2           |
|    iterations           | 106         |
|    time_elapsed         | 25041       |
|    total_timesteps      | 54272       |
| train/                  |             |
|    approx_kl            | 0.008672746 |
|    clip_fraction        | 0.024       |
|    clip_range           | 0.2         |
|    entropy_loss         | -0.694      |
|    explained_variance   | 0.317       |
|    learning_rate        | 0.0003      |
|    loss                 | 0.0277      |
|    n_updates            | 1050        |
|    policy_gradient_loss | -0.000162   |
|    value_loss           | 0.0937      |
-----------------------------------------
-----------------------------------------
| rollout/                |             |
|    ep_len_mean          | 350         |
|    ep_rew_mean          | 16.4        |
| time/                   |             |
|    fps                  | 2           |
|    iterations           | 107         |
|    time_elapsed         | 25126       |
|    total_timesteps      | 54784       |
| train/                  |             |
|    approx_kl            | 0.008135222 |
|    clip_fraction        | 0.0609      |
|    clip_range           | 0.2         |
|    entropy_loss         | -0.601      |
|    explained_variance   | 0.483       |
|    learning_rate        | 0.0003      |
|    loss                 | 0.00582     |
|    n_updates            | 1060        |
|    policy_gradient_loss | -0.00355    |
|    value_loss           | 0.0613      |
-----------------------------------------
-----------------------------------------
| rollout/                |             |
|    ep_len_mean          | 353         |
|    ep_rew_mean          | 16.7        |
| time/                   |             |
|    fps                  | 2           |
|    iterations           | 108         |
|    time_elapsed         | 25212       |
|    total_timesteps      | 55296       |
| train/                  |             |
|    approx_kl            | 0.008717365 |
|    clip_fraction        | 0.0455      |
|    clip_range           | 0.2         |
|    entropy_loss         | -0.652      |
|    explained_variance   | 0.662       |
|    learning_rate        | 0.0003      |
|    loss                 | 1.6         |
|    n_updates            | 1070        |
|    policy_gradient_loss | 0.00062     |
|    value_loss           | 1.31        |
-----------------------------------------
-----------------------------------------
| rollout/                |             |
|    ep_len_mean          | 356         |
|    ep_rew_mean          | 17          |
| time/                   |             |
|    fps                  | 2           |
|    iterations           | 109         |
|    time_elapsed         | 25297       |
|    total_timesteps      | 55808       |
| train/                  |             |
|    approx_kl            | 0.024189442 |
|    clip_fraction        | 0.108       |
|    clip_range           | 0.2         |
|    entropy_loss         | -0.694      |
|    explained_variance   | -0.535      |
|    learning_rate        | 0.0003      |
|    loss                 | 0.0179      |
|    n_updates            | 1080        |
|    policy_gradient_loss | -0.00529    |
|    value_loss           | 0.0616      |
-----------------------------------------
------------------------------------------
| rollout/                |              |
|    ep_len_mean          | 357          |
|    ep_rew_mean          | 17.2         |
| time/                   |              |
|    fps                  | 2            |
|    iterations           | 110          |
|    time_elapsed         | 25382        |
|    total_timesteps      | 56320        |
| train/                  |              |
|    approx_kl            | 0.0064424407 |
|    clip_fraction        | 0.0389       |
|    clip_range           | 0.2          |
|    entropy_loss         | -0.739       |
|    explained_variance   | 0.551        |
|    learning_rate        | 0.0003       |
|    loss                 | -0.0216      |
|    n_updates            | 1090         |
|    policy_gradient_loss | -0.0114      |
|    value_loss           | 0.022        |
------------------------------------------
-----------------------------------------
| rollout/                |             |
|    ep_len_mean          | 358         |
|    ep_rew_mean          | 17.3        |
| time/                   |             |
|    fps                  | 2           |
|    iterations           | 111         |
|    time_elapsed         | 25467       |
|    total_timesteps      | 56832       |
| train/                  |             |
|    approx_kl            | 0.008279316 |
|    clip_fraction        | 0.0727      |
|    clip_range           | 0.2         |
|    entropy_loss         | -0.737      |
|    explained_variance   | -0.55       |
|    learning_rate        | 0.0003      |
|    loss                 | 0.0378      |
|    n_updates            | 1100        |
|    policy_gradient_loss | -0.00657    |
|    value_loss           | 0.104       |
-----------------------------------------
-----------------------------------------
| rollout/                |             |
|    ep_len_mean          | 361         |
|    ep_rew_mean          | 17.6        |
| time/                   |             |
|    fps                  | 2           |
|    iterations           | 112         |
|    time_elapsed         | 25552       |
|    total_timesteps      | 57344       |
| train/                  |             |
|    approx_kl            | 0.010285201 |
|    clip_fraction        | 0.0807      |
|    clip_range           | 0.2         |
|    entropy_loss         | -0.73       |
|    explained_variance   | -1.27       |
|    learning_rate        | 0.0003      |
|    loss                 | -0.00176    |
|    n_updates            | 1110        |
|    policy_gradient_loss | -0.0102     |
|    value_loss           | 0.0578      |
-----------------------------------------
-----------------------------------------
| rollout/                |             |
|    ep_len_mean          | 365         |
|    ep_rew_mean          | 18          |
| time/                   |             |
|    fps                  | 2           |
|    iterations           | 113         |
|    time_elapsed         | 25638       |
|    total_timesteps      | 57856       |
| train/                  |             |
|    approx_kl            | 0.019750899 |
|    clip_fraction        | 0.124       |
|    clip_range           | 0.2         |
|    entropy_loss         | -0.794      |
|    explained_variance   | 0.396       |
|    learning_rate        | 0.0003      |
|    loss                 | 0.0297      |
|    n_updates            | 1120        |
|    policy_gradient_loss | -0.0161     |
|    value_loss           | 0.107       |
-----------------------------------------
-----------------------------------------
| rollout/                |             |
|    ep_len_mean          | 368         |
|    ep_rew_mean          | 18.3        |
| time/                   |             |
|    fps                  | 2           |
|    iterations           | 114         |
|    time_elapsed         | 25723       |
|    total_timesteps      | 58368       |
| train/                  |             |
|    approx_kl            | 0.008125355 |
|    clip_fraction        | 0.0139      |
|    clip_range           | 0.2         |
|    entropy_loss         | -0.78       |
|    explained_variance   | 0.255       |
|    learning_rate        | 0.0003      |
|    loss                 | -0.0219     |
|    n_updates            | 1130        |
|    policy_gradient_loss | -0.00454    |
|    value_loss           | 0.0406      |
-----------------------------------------
-----------------------------------------
| rollout/                |             |
|    ep_len_mean          | 372         |
|    ep_rew_mean          | 18.7        |
| time/                   |             |
|    fps                  | 2           |
|    iterations           | 115         |
|    time_elapsed         | 25806       |
|    total_timesteps      | 58880       |
| train/                  |             |
|    approx_kl            | 0.009122431 |
|    clip_fraction        | 0.0521      |
|    clip_range           | 0.2         |
|    entropy_loss         | -0.753      |
|    explained_variance   | 0.244       |
|    learning_rate        | 0.0003      |
|    loss                 | -0.0236     |
|    n_updates            | 1140        |
|    policy_gradient_loss | -0.00783    |
|    value_loss           | 0.0323      |
-----------------------------------------
-----------------------------------------
| rollout/                |             |
|    ep_len_mean          | 377         |
|    ep_rew_mean          | 19.1        |
| time/                   |             |
|    fps                  | 2           |
|    iterations           | 116         |
|    time_elapsed         | 25889       |
|    total_timesteps      | 59392       |
| train/                  |             |
|    approx_kl            | 0.007008719 |
|    clip_fraction        | 0.0209      |
|    clip_range           | 0.2         |
|    entropy_loss         | -0.806      |
|    explained_variance   | -0.446      |
|    learning_rate        | 0.0003      |
|    loss                 | 0.0381      |
|    n_updates            | 1150        |
|    policy_gradient_loss | -0.0105     |
|    value_loss           | 0.0468      |
-----------------------------------------
------------------------------------------
| rollout/                |              |
|    ep_len_mean          | 377          |
|    ep_rew_mean          | 19.1         |
| time/                   |              |
|    fps                  | 2            |
|    iterations           | 117          |
|    time_elapsed         | 25973        |
|    total_timesteps      | 59904        |
| train/                  |              |
|    approx_kl            | 0.0066432804 |
|    clip_fraction        | 0.0264       |
|    clip_range           | 0.2          |
|    entropy_loss         | -0.791       |
|    explained_variance   | -0.219       |
|    learning_rate        | 0.0003       |
|    loss                 | -0.0111      |
|    n_updates            | 1160         |
|    policy_gradient_loss | -0.00317     |
|    value_loss           | 0.0238       |
------------------------------------------
-----------------------------------------
| rollout/                |             |
|    ep_len_mean          | 377         |
|    ep_rew_mean          | 19.1        |
| time/                   |             |
|    fps                  | 2           |
|    iterations           | 118         |
|    time_elapsed         | 26057       |
|    total_timesteps      | 60416       |
| train/                  |             |
|    approx_kl            | 0.009014172 |
|    clip_fraction        | 0.0629      |
|    clip_range           | 0.2         |
|    entropy_loss         | -0.811      |
|    explained_variance   | -0.0338     |
|    learning_rate        | 0.0003      |
|    loss                 | -0.00568    |
|    n_updates            | 1170        |
|    policy_gradient_loss | -0.00394    |
|    value_loss           | 0.0272      |
-----------------------------------------
-----------------------------------------
| rollout/                |             |
|    ep_len_mean          | 377         |
|    ep_rew_mean          | 19.1        |
| time/                   |             |
|    fps                  | 2           |
|    iterations           | 119         |
|    time_elapsed         | 26142       |
|    total_timesteps      | 60928       |
| train/                  |             |
|    approx_kl            | 0.016432546 |
|    clip_fraction        | 0.194       |
|    clip_range           | 0.2         |
|    entropy_loss         | -0.842      |
|    explained_variance   | 0.293       |
|    learning_rate        | 0.0003      |
|    loss                 | -0.0159     |
|    n_updates            | 1180        |
|    policy_gradient_loss | -0.0137     |
|    value_loss           | 0.0179      |
-----------------------------------------
------------------------------------------
| rollout/                |              |
|    ep_len_mean          | 380          |
|    ep_rew_mean          | 19.4         |
| time/                   |              |
|    fps                  | 2            |
|    iterations           | 120          |
|    time_elapsed         | 26226        |
|    total_timesteps      | 61440        |
| train/                  |              |
|    approx_kl            | 0.0069009205 |
|    clip_fraction        | 0.0137       |
|    clip_range           | 0.2          |
|    entropy_loss         | -0.844       |
|    explained_variance   | 0.595        |
|    learning_rate        | 0.0003       |
|    loss                 | 0.00546      |
|    n_updates            | 1190         |
|    policy_gradient_loss | -0.00468     |
|    value_loss           | 0.0148       |
------------------------------------------
------------------------------------------
| rollout/                |              |
|    ep_len_mean          | 383          |
|    ep_rew_mean          | 19.7         |
| time/                   |              |
|    fps                  | 2            |
|    iterations           | 121          |
|    time_elapsed         | 26310        |
|    total_timesteps      | 61952        |
| train/                  |              |
|    approx_kl            | 0.0024203663 |
|    clip_fraction        | 0.0115       |
|    clip_range           | 0.2          |
|    entropy_loss         | -0.838       |
|    explained_variance   | -0.175       |
|    learning_rate        | 0.0003       |
|    loss                 | 0.044        |
|    n_updates            | 1200         |
|    policy_gradient_loss | -0.00453     |
|    value_loss           | 0.05         |
------------------------------------------
-----------------------------------------
| rollout/                |             |
|    ep_len_mean          | 385         |
|    ep_rew_mean          | 19.9        |
| time/                   |             |
|    fps                  | 2           |
|    iterations           | 122         |
|    time_elapsed         | 26397       |
|    total_timesteps      | 62464       |
| train/                  |             |
|    approx_kl            | 0.010695274 |
|    clip_fraction        | 0.103       |
|    clip_range           | 0.2         |
|    entropy_loss         | -0.795      |
|    explained_variance   | 0.611       |
|    learning_rate        | 0.0003      |
|    loss                 | 0.00261     |
|    n_updates            | 1210        |
|    policy_gradient_loss | -0.0125     |
|    value_loss           | 0.0636      |
-----------------------------------------
------------------------------------------
| rollout/                |              |
|    ep_len_mean          | 388          |
|    ep_rew_mean          | 20.2         |
| time/                   |              |
|    fps                  | 2            |
|    iterations           | 123          |
|    time_elapsed         | 26482        |
|    total_timesteps      | 62976        |
| train/                  |              |
|    approx_kl            | 0.0027436651 |
|    clip_fraction        | 0.0113       |
|    clip_range           | 0.2          |
|    entropy_loss         | -0.865       |
|    explained_variance   | -0.307       |
|    learning_rate        | 0.0003       |
|    loss                 | -0.0162      |
|    n_updates            | 1220         |
|    policy_gradient_loss | -0.00633     |
|    value_loss           | 0.0541       |
------------------------------------------
-----------------------------------------
| rollout/                |             |
|    ep_len_mean          | 391         |
|    ep_rew_mean          | 20.6        |
| time/                   |             |
|    fps                  | 2           |
|    iterations           | 124         |
|    time_elapsed         | 26569       |
|    total_timesteps      | 63488       |
| train/                  |             |
|    approx_kl            | 0.013290291 |
|    clip_fraction        | 0.0666      |
|    clip_range           | 0.2         |
|    entropy_loss         | -0.891      |
|    explained_variance   | 0.787       |
|    learning_rate        | 0.0003      |
|    loss                 | -0.00622    |
|    n_updates            | 1230        |
|    policy_gradient_loss | -0.0109     |
|    value_loss           | 0.0107      |
-----------------------------------------
-----------------------------------------
| rollout/                |             |
|    ep_len_mean          | 391         |
|    ep_rew_mean          | 20.6        |
| time/                   |             |
|    fps                  | 2           |
|    iterations           | 125         |
|    time_elapsed         | 26654       |
|    total_timesteps      | 64000       |
| train/                  |             |
|    approx_kl            | 0.003769106 |
|    clip_fraction        | 0.0119      |
|    clip_range           | 0.2         |
|    entropy_loss         | -0.963      |
|    explained_variance   | 0.185       |
|    learning_rate        | 0.0003      |
|    loss                 | -0.00125    |
|    n_updates            | 1240        |
|    policy_gradient_loss | -0.00504    |
|    value_loss           | 0.0284      |
-----------------------------------------
-----------------------------------------
| rollout/                |             |
|    ep_len_mean          | 391         |
|    ep_rew_mean          | 20.5        |
| time/                   |             |
|    fps                  | 2           |
|    iterations           | 126         |
|    time_elapsed         | 26739       |
|    total_timesteps      | 64512       |
| train/                  |             |
|    approx_kl            | 0.015280213 |
|    clip_fraction        | 0.155       |
|    clip_range           | 0.2         |
|    entropy_loss         | -0.867      |
|    explained_variance   | -0.0239     |
|    learning_rate        | 0.0003      |
|    loss                 | -0.011      |
|    n_updates            | 1250        |
|    policy_gradient_loss | -0.0133     |
|    value_loss           | 0.0277      |
-----------------------------------------
-----------------------------------------
| rollout/                |             |
|    ep_len_mean          | 391         |
|    ep_rew_mean          | 20.6        |
| time/                   |             |
|    fps                  | 2           |
|    iterations           | 127         |
|    time_elapsed         | 26825       |
|    total_timesteps      | 65024       |
| train/                  |             |
|    approx_kl            | 0.012893064 |
|    clip_fraction        | 0.107       |
|    clip_range           | 0.2         |
|    entropy_loss         | -0.878      |
|    explained_variance   | 0.0727      |
|    learning_rate        | 0.0003      |
|    loss                 | 1.18        |
|    n_updates            | 1260        |
|    policy_gradient_loss | 0.0159      |
|    value_loss           | 2.15        |
-----------------------------------------
-----------------------------------------
| rollout/                |             |
|    ep_len_mean          | 391         |
|    ep_rew_mean          | 20.6        |
| time/                   |             |
|    fps                  | 2           |
|    iterations           | 128         |
|    time_elapsed         | 26912       |
|    total_timesteps      | 65536       |
| train/                  |             |
|    approx_kl            | 0.006312177 |
|    clip_fraction        | 0.0166      |
|    clip_range           | 0.2         |
|    entropy_loss         | -0.88       |
|    explained_variance   | 0.518       |
|    learning_rate        | 0.0003      |
|    loss                 | 0.0965      |
|    n_updates            | 1270        |
|    policy_gradient_loss | -0.0067     |
|    value_loss           | 1.4         |
-----------------------------------------
------------------------------------------
| rollout/                |              |
|    ep_len_mean          | 395          |
|    ep_rew_mean          | 21           |
| time/                   |              |
|    fps                  | 2            |
|    iterations           | 129          |
|    time_elapsed         | 26998        |
|    total_timesteps      | 66048        |
| train/                  |              |
|    approx_kl            | 0.0064615915 |
|    clip_fraction        | 0.0406       |
|    clip_range           | 0.2          |
|    entropy_loss         | -0.884       |
|    explained_variance   | 0.454        |
|    learning_rate        | 0.0003       |
|    loss                 | 0.067        |
|    n_updates            | 1280         |
|    policy_gradient_loss | 0.00161      |
|    value_loss           | 1.14         |
------------------------------------------
-----------------------------------------
| rollout/                |             |
|    ep_len_mean          | 395         |
|    ep_rew_mean          | 21.1        |
| time/                   |             |
|    fps                  | 2           |
|    iterations           | 130         |
|    time_elapsed         | 27086       |
|    total_timesteps      | 66560       |
| train/                  |             |
|    approx_kl            | 0.011842065 |
|    clip_fraction        | 0.0887      |
|    clip_range           | 0.2         |
|    entropy_loss         | -0.797      |
|    explained_variance   | 0.304       |
|    learning_rate        | 0.0003      |
|    loss                 | 0.105       |
|    n_updates            | 1290        |
|    policy_gradient_loss | -0.00771    |
|    value_loss           | 0.263       |
-----------------------------------------
-----------------------------------------
| rollout/                |             |
|    ep_len_mean          | 397         |
|    ep_rew_mean          | 21.4        |
| time/                   |             |
|    fps                  | 2           |
|    iterations           | 131         |
|    time_elapsed         | 27173       |
|    total_timesteps      | 67072       |
| train/                  |             |
|    approx_kl            | 0.006406103 |
|    clip_fraction        | 0.0621      |
|    clip_range           | 0.2         |
|    entropy_loss         | -0.859      |
|    explained_variance   | 0.335       |
|    learning_rate        | 0.0003      |
|    loss                 | -0.00158    |
|    n_updates            | 1300        |
|    policy_gradient_loss | -0.00831    |
|    value_loss           | 0.162       |
-----------------------------------------
------------------------------------------
| rollout/                |              |
|    ep_len_mean          | 397          |
|    ep_rew_mean          | 21.4         |
| time/                   |              |
|    fps                  | 2            |
|    iterations           | 132          |
|    time_elapsed         | 27260        |
|    total_timesteps      | 67584        |
| train/                  |              |
|    approx_kl            | 0.0085526835 |
|    clip_fraction        | 0.0666       |
|    clip_range           | 0.2          |
|    entropy_loss         | -0.89        |
|    explained_variance   | 0.65         |
|    learning_rate        | 0.0003       |
|    loss                 | 0.00178      |
|    n_updates            | 1310         |
|    policy_gradient_loss | -0.00427     |
|    value_loss           | 0.127        |
------------------------------------------
-----------------------------------------
| rollout/                |             |
|    ep_len_mean          | 401         |
|    ep_rew_mean          | 21.7        |
| time/                   |             |
|    fps                  | 2           |
|    iterations           | 133         |
|    time_elapsed         | 27346       |
|    total_timesteps      | 68096       |
| train/                  |             |
|    approx_kl            | 0.006946901 |
|    clip_fraction        | 0.0387      |
|    clip_range           | 0.2         |
|    entropy_loss         | -0.865      |
|    explained_variance   | 0.425       |
|    learning_rate        | 0.0003      |
|    loss                 | -0.0144     |
|    n_updates            | 1320        |
|    policy_gradient_loss | -0.00886    |
|    value_loss           | 0.123       |
-----------------------------------------
-----------------------------------------
| rollout/                |             |
|    ep_len_mean          | 403         |
|    ep_rew_mean          | 21.8        |
| time/                   |             |
|    fps                  | 2           |
|    iterations           | 134         |
|    time_elapsed         | 27432       |
|    total_timesteps      | 68608       |
| train/                  |             |
|    approx_kl            | 0.008749852 |
|    clip_fraction        | 0.0246      |
|    clip_range           | 0.2         |
|    entropy_loss         | -0.828      |
|    explained_variance   | -0.258      |
|    learning_rate        | 0.0003      |
|    loss                 | -0.00288    |
|    n_updates            | 1330        |
|    policy_gradient_loss | 0.00257     |
|    value_loss           | 0.0475      |
-----------------------------------------
------------------------------------------
| rollout/                |              |
|    ep_len_mean          | 407          |
|    ep_rew_mean          | 22.2         |
| time/                   |              |
|    fps                  | 2            |
|    iterations           | 135          |
|    time_elapsed         | 27517        |
|    total_timesteps      | 69120        |
| train/                  |              |
|    approx_kl            | 0.0076879673 |
|    clip_fraction        | 0.0482       |
|    clip_range           | 0.2          |
|    entropy_loss         | -0.791       |
|    explained_variance   | 0.184        |
|    learning_rate        | 0.0003       |
|    loss                 | 0.102        |
|    n_updates            | 1340         |
|    policy_gradient_loss | 0.0174       |
|    value_loss           | 1.78         |
------------------------------------------
----------------------------------------
| rollout/                |            |
|    ep_len_mean          | 410        |
|    ep_rew_mean          | 22.5       |
| time/                   |            |
|    fps                  | 2          |
|    iterations           | 136        |
|    time_elapsed         | 27604      |
|    total_timesteps      | 69632      |
| train/                  |            |
|    approx_kl            | 0.01654376 |
|    clip_fraction        | 0.0563     |
|    clip_range           | 0.2        |
|    entropy_loss         | -0.795     |
|    explained_variance   | 0.313      |
|    learning_rate        | 0.0003     |
|    loss                 | 0.0845     |
|    n_updates            | 1350       |
|    policy_gradient_loss | -0.00587   |
|    value_loss           | 0.485      |
----------------------------------------
------------------------------------------
| rollout/                |              |
|    ep_len_mean          | 410          |
|    ep_rew_mean          | 22.5         |
| time/                   |              |
|    fps                  | 2            |
|    iterations           | 137          |
|    time_elapsed         | 27691        |
|    total_timesteps      | 70144        |
| train/                  |              |
|    approx_kl            | 0.0029170376 |
|    clip_fraction        | 0.00781      |
|    clip_range           | 0.2          |
|    entropy_loss         | -0.772       |
|    explained_variance   | 0.191        |
|    learning_rate        | 0.0003       |
|    loss                 | 0.0335       |
|    n_updates            | 1360         |
|    policy_gradient_loss | -0.00511     |
|    value_loss           | 0.165        |
------------------------------------------
-----------------------------------------
| rollout/                |             |
|    ep_len_mean          | 406         |
|    ep_rew_mean          | 22.1        |
| time/                   |             |
|    fps                  | 2           |
|    iterations           | 138         |
|    time_elapsed         | 27778       |
|    total_timesteps      | 70656       |
| train/                  |             |
|    approx_kl            | 0.004275072 |
|    clip_fraction        | 0.0361      |
|    clip_range           | 0.2         |
|    entropy_loss         | -0.838      |
|    explained_variance   | -0.306      |
|    learning_rate        | 0.0003      |
|    loss                 | -0.00387    |
|    n_updates            | 1370        |
|    policy_gradient_loss | -0.00166    |
|    value_loss           | 0.117       |
-----------------------------------------
-----------------------------------------
| rollout/                |             |
|    ep_len_mean          | 409         |
|    ep_rew_mean          | 22.4        |
| time/                   |             |
|    fps                  | 2           |
|    iterations           | 139         |
|    time_elapsed         | 27864       |
|    total_timesteps      | 71168       |
| train/                  |             |
|    approx_kl            | 0.008409311 |
|    clip_fraction        | 0.0377      |
|    clip_range           | 0.2         |
|    entropy_loss         | -0.797      |
|    explained_variance   | 0.104       |
|    learning_rate        | 0.0003      |
|    loss                 | 0.859       |
|    n_updates            | 1380        |
|    policy_gradient_loss | -0.00342    |
|    value_loss           | 3.81        |
-----------------------------------------
------------------------------------------
| rollout/                |              |
|    ep_len_mean          | 413          |
|    ep_rew_mean          | 22.6         |
| time/                   |              |
|    fps                  | 2            |
|    iterations           | 140          |
|    time_elapsed         | 27950        |
|    total_timesteps      | 71680        |
| train/                  |              |
|    approx_kl            | 0.0032933617 |
|    clip_fraction        | 0.0131       |
|    clip_range           | 0.2          |
|    entropy_loss         | -0.778       |
|    explained_variance   | 0.388        |
|    learning_rate        | 0.0003       |
|    loss                 | 0.122        |
|    n_updates            | 1390         |
|    policy_gradient_loss | -0.000752    |
|    value_loss           | 0.421        |
------------------------------------------
-----------------------------------------
| rollout/                |             |
|    ep_len_mean          | 413         |
|    ep_rew_mean          | 22.6        |
| time/                   |             |
|    fps                  | 2           |
|    iterations           | 141         |
|    time_elapsed         | 28036       |
|    total_timesteps      | 72192       |
| train/                  |             |
|    approx_kl            | 0.006079402 |
|    clip_fraction        | 0.0525      |
|    clip_range           | 0.2         |
|    entropy_loss         | -0.792      |
|    explained_variance   | -0.391      |
|    learning_rate        | 0.0003      |
|    loss                 | 0.432       |
|    n_updates            | 1400        |
|    policy_gradient_loss | -0.00418    |
|    value_loss           | 3.82        |
-----------------------------------------
------------------------------------------
| rollout/                |              |
|    ep_len_mean          | 413          |
|    ep_rew_mean          | 22.6         |
| time/                   |              |
|    fps                  | 2            |
|    iterations           | 142          |
|    time_elapsed         | 28121        |
|    total_timesteps      | 72704        |
| train/                  |              |
|    approx_kl            | 0.0021874076 |
|    clip_fraction        | 0.0082       |
|    clip_range           | 0.2          |
|    entropy_loss         | -0.776       |
|    explained_variance   | 0.0107       |
|    learning_rate        | 0.0003       |
|    loss                 | 0.00801      |
|    n_updates            | 1410         |
|    policy_gradient_loss | -0.00144     |
|    value_loss           | 0.0581       |
------------------------------------------
------------------------------------------
| rollout/                |              |
|    ep_len_mean          | 413          |
|    ep_rew_mean          | 22.6         |
| time/                   |              |
|    fps                  | 2            |
|    iterations           | 143          |
|    time_elapsed         | 28207        |
|    total_timesteps      | 73216        |
| train/                  |              |
|    approx_kl            | 0.0062701795 |
|    clip_fraction        | 0.065        |
|    clip_range           | 0.2          |
|    entropy_loss         | -0.78        |
|    explained_variance   | 0.0916       |
|    learning_rate        | 0.0003       |
|    loss                 | 0.0517       |
|    n_updates            | 1420         |
|    policy_gradient_loss | -0.00556     |
|    value_loss           | 0.177        |
------------------------------------------
-----------------------------------------
| rollout/                |             |
|    ep_len_mean          | 413         |
|    ep_rew_mean          | 22.6        |
| time/                   |             |
|    fps                  | 2           |
|    iterations           | 144         |
|    time_elapsed         | 28294       |
|    total_timesteps      | 73728       |
| train/                  |             |
|    approx_kl            | 0.008037414 |
|    clip_fraction        | 0.0676      |
|    clip_range           | 0.2         |
|    entropy_loss         | -0.793      |
|    explained_variance   | -0.0912     |
|    learning_rate        | 0.0003      |
|    loss                 | -0.00833    |
|    n_updates            | 1430        |
|    policy_gradient_loss | -0.00968    |
|    value_loss           | 0.0964      |
-----------------------------------------
------------------------------------------
| rollout/                |              |
|    ep_len_mean          | 413          |
|    ep_rew_mean          | 22.6         |
| time/                   |              |
|    fps                  | 2            |
|    iterations           | 145          |
|    time_elapsed         | 28381        |
|    total_timesteps      | 74240        |
| train/                  |              |
|    approx_kl            | 0.0066231675 |
|    clip_fraction        | 0.0479       |
|    clip_range           | 0.2          |
|    entropy_loss         | -0.808       |
|    explained_variance   | 0.552        |
|    learning_rate        | 0.0003       |
|    loss                 | -0.0335      |
|    n_updates            | 1440         |
|    policy_gradient_loss | -0.00842     |
|    value_loss           | 0.0254       |
------------------------------------------
------------------------------------------
| rollout/                |              |
|    ep_len_mean          | 413          |
|    ep_rew_mean          | 22.6         |
| time/                   |              |
|    fps                  | 2            |
|    iterations           | 146          |
|    time_elapsed         | 28464        |
|    total_timesteps      | 74752        |
| train/                  |              |
|    approx_kl            | 0.0029587615 |
|    clip_fraction        | 0.0205       |
|    clip_range           | 0.2          |
|    entropy_loss         | -0.819       |
|    explained_variance   | 0.155        |
|    learning_rate        | 0.0003       |
|    loss                 | 0.0121       |
|    n_updates            | 1450         |
|    policy_gradient_loss | -0.00454     |
|    value_loss           | 0.0642       |
------------------------------------------
------------------------------------------
| rollout/                |              |
|    ep_len_mean          | 413          |
|    ep_rew_mean          | 22.8         |
| time/                   |              |
|    fps                  | 2            |
|    iterations           | 147          |
|    time_elapsed         | 28548        |
|    total_timesteps      | 75264        |
| train/                  |              |
|    approx_kl            | 0.0027881172 |
|    clip_fraction        | 0.00762      |
|    clip_range           | 0.2          |
|    entropy_loss         | -0.793       |
|    explained_variance   | 0.214        |
|    learning_rate        | 0.0003       |
|    loss                 | 0.00903      |
|    n_updates            | 1460         |
|    policy_gradient_loss | -0.000104    |
|    value_loss           | 0.0404       |
------------------------------------------
-----------------------------------------
| rollout/                |             |
|    ep_len_mean          | 417         |
|    ep_rew_mean          | 23.1        |
| time/                   |             |
|    fps                  | 2           |
|    iterations           | 148         |
|    time_elapsed         | 28632       |
|    total_timesteps      | 75776       |
| train/                  |             |
|    approx_kl            | 0.008946309 |
|    clip_fraction        | 0.0887      |
|    clip_range           | 0.2         |
|    entropy_loss         | -0.765      |
|    explained_variance   | 0.43        |
|    learning_rate        | 0.0003      |
|    loss                 | 0.0183      |
|    n_updates            | 1470        |
|    policy_gradient_loss | -0.00679    |
|    value_loss           | 0.0711      |
-----------------------------------------
-----------------------------------------
| rollout/                |             |
|    ep_len_mean          | 418         |
|    ep_rew_mean          | 23.3        |
| time/                   |             |
|    fps                  | 2           |
|    iterations           | 149         |
|    time_elapsed         | 28714       |
|    total_timesteps      | 76288       |
| train/                  |             |
|    approx_kl            | 0.002097669 |
|    clip_fraction        | 0.00996     |
|    clip_range           | 0.2         |
|    entropy_loss         | -0.742      |
|    explained_variance   | 0.664       |
|    learning_rate        | 0.0003      |
|    loss                 | 0.0108      |
|    n_updates            | 1480        |
|    policy_gradient_loss | -0.00522    |
|    value_loss           | 0.0332      |
-----------------------------------------
----------------------------------------
| rollout/                |            |
|    ep_len_mean          | 418        |
|    ep_rew_mean          | 23.3       |
| time/                   |            |
|    fps                  | 2          |
|    iterations           | 150        |
|    time_elapsed         | 28796      |
|    total_timesteps      | 76800      |
| train/                  |            |
|    approx_kl            | 0.00502901 |
|    clip_fraction        | 0.052      |
|    clip_range           | 0.2        |
|    entropy_loss         | -0.74      |
|    explained_variance   | 0.695      |
|    learning_rate        | 0.0003     |
|    loss                 | -0.0123    |
|    n_updates            | 1490       |
|    policy_gradient_loss | -0.00486   |
|    value_loss           | 0.0174     |
----------------------------------------
-----------------------------------------
| rollout/                |             |
|    ep_len_mean          | 420         |
|    ep_rew_mean          | 23.5        |
| time/                   |             |
|    fps                  | 2           |
|    iterations           | 151         |
|    time_elapsed         | 28879       |
|    total_timesteps      | 77312       |
| train/                  |             |
|    approx_kl            | 0.009009318 |
|    clip_fraction        | 0.0557      |
|    clip_range           | 0.2         |
|    entropy_loss         | -0.778      |
|    explained_variance   | 0.574       |
|    learning_rate        | 0.0003      |
|    loss                 | -0.00289    |
|    n_updates            | 1500        |
|    policy_gradient_loss | -0.00526    |
|    value_loss           | 0.0155      |
-----------------------------------------
------------------------------------------
| rollout/                |              |
|    ep_len_mean          | 420          |
|    ep_rew_mean          | 23.5         |
| time/                   |              |
|    fps                  | 2            |
|    iterations           | 152          |
|    time_elapsed         | 28961        |
|    total_timesteps      | 77824        |
| train/                  |              |
|    approx_kl            | 0.0083327275 |
|    clip_fraction        | 0.0223       |
|    clip_range           | 0.2          |
|    entropy_loss         | -0.797       |
|    explained_variance   | 0.288        |
|    learning_rate        | 0.0003       |
|    loss                 | 0.0239       |
|    n_updates            | 1510         |
|    policy_gradient_loss | -0.00666     |
|    value_loss           | 0.0329       |
------------------------------------------
-----------------------------------------
| rollout/                |             |
|    ep_len_mean          | 420         |
|    ep_rew_mean          | 23.5        |
| time/                   |             |
|    fps                  | 2           |
|    iterations           | 153         |
|    time_elapsed         | 29045       |
|    total_timesteps      | 78336       |
| train/                  |             |
|    approx_kl            | 0.010657173 |
|    clip_fraction        | 0.125       |
|    clip_range           | 0.2         |
|    entropy_loss         | -0.807      |
|    explained_variance   | 0.311       |
|    learning_rate        | 0.0003      |
|    loss                 | -0.0282     |
|    n_updates            | 1520        |
|    policy_gradient_loss | -0.0223     |
|    value_loss           | 0.0144      |
-----------------------------------------
-----------------------------------------
| rollout/                |             |
|    ep_len_mean          | 420         |
|    ep_rew_mean          | 23.5        |
| time/                   |             |
|    fps                  | 2           |
|    iterations           | 154         |
|    time_elapsed         | 29126       |
|    total_timesteps      | 78848       |
| train/                  |             |
|    approx_kl            | 0.010264017 |
|    clip_fraction        | 0.059       |
|    clip_range           | 0.2         |
|    entropy_loss         | -0.866      |
|    explained_variance   | 0.474       |
|    learning_rate        | 0.0003      |
|    loss                 | 0.0122      |
|    n_updates            | 1530        |
|    policy_gradient_loss | -0.0134     |
|    value_loss           | 0.0443      |
-----------------------------------------
-----------------------------------------
| rollout/                |             |
|    ep_len_mean          | 420         |
|    ep_rew_mean          | 23.5        |
| time/                   |             |
|    fps                  | 2           |
|    iterations           | 155         |
|    time_elapsed         | 29208       |
|    total_timesteps      | 79360       |
| train/                  |             |
|    approx_kl            | 0.018050283 |
|    clip_fraction        | 0.0547      |
|    clip_range           | 0.2         |
|    entropy_loss         | -0.827      |
|    explained_variance   | 0.591       |
|    learning_rate        | 0.0003      |
|    loss                 | -0.00632    |
|    n_updates            | 1540        |
|    policy_gradient_loss | -0.00527    |
|    value_loss           | 0.0166      |
-----------------------------------------
-----------------------------------------
| rollout/                |             |
|    ep_len_mean          | 420         |
|    ep_rew_mean          | 23.5        |
| time/                   |             |
|    fps                  | 2           |
|    iterations           | 156         |
|    time_elapsed         | 29292       |
|    total_timesteps      | 79872       |
| train/                  |             |
|    approx_kl            | 0.009328488 |
|    clip_fraction        | 0.0484      |
|    clip_range           | 0.2         |
|    entropy_loss         | -0.799      |
|    explained_variance   | 0.683       |
|    learning_rate        | 0.0003      |
|    loss                 | -0.00929    |
|    n_updates            | 1550        |
|    policy_gradient_loss | -0.00797    |
|    value_loss           | 0.0147      |
-----------------------------------------
-----------------------------------------
| rollout/                |             |
|    ep_len_mean          | 420         |
|    ep_rew_mean          | 23.5        |
| time/                   |             |
|    fps                  | 2           |
|    iterations           | 157         |
|    time_elapsed         | 29376       |
|    total_timesteps      | 80384       |
| train/                  |             |
|    approx_kl            | 0.011044711 |
|    clip_fraction        | 0.111       |
|    clip_range           | 0.2         |
|    entropy_loss         | -0.783      |
|    explained_variance   | 0.719       |
|    learning_rate        | 0.0003      |
|    loss                 | -0.0521     |
|    n_updates            | 1560        |
|    policy_gradient_loss | -0.00965    |
|    value_loss           | 0.0101      |
-----------------------------------------
-----------------------------------------
| rollout/                |             |
|    ep_len_mean          | 424         |
|    ep_rew_mean          | 23.9        |
| time/                   |             |
|    fps                  | 2           |
|    iterations           | 158         |
|    time_elapsed         | 29458       |
|    total_timesteps      | 80896       |
| train/                  |             |
|    approx_kl            | 0.008868385 |
|    clip_fraction        | 0.0207      |
|    clip_range           | 0.2         |
|    entropy_loss         | -0.756      |
|    explained_variance   | 0.835       |
|    learning_rate        | 0.0003      |
|    loss                 | -0.0025     |
|    n_updates            | 1570        |
|    policy_gradient_loss | -0.0047     |
|    value_loss           | 0.00895     |
-----------------------------------------
------------------------------------------
| rollout/                |              |
|    ep_len_mean          | 424          |
|    ep_rew_mean          | 23.9         |
| time/                   |              |
|    fps                  | 2            |
|    iterations           | 159          |
|    time_elapsed         | 29543        |
|    total_timesteps      | 81408        |
| train/                  |              |
|    approx_kl            | 0.0029924489 |
|    clip_fraction        | 0.00137      |
|    clip_range           | 0.2          |
|    entropy_loss         | -0.734       |
|    explained_variance   | 0.827        |
|    learning_rate        | 0.0003       |
|    loss                 | 0.000451     |
|    n_updates            | 1580         |
|    policy_gradient_loss | -0.000859    |
|    value_loss           | 0.00848      |
------------------------------------------
------------------------------------------
| rollout/                |              |
|    ep_len_mean          | 424          |
|    ep_rew_mean          | 23.9         |
| time/                   |              |
|    fps                  | 2            |
|    iterations           | 160          |
|    time_elapsed         | 29636        |
|    total_timesteps      | 81920        |
| train/                  |              |
|    approx_kl            | 0.0069947545 |
|    clip_fraction        | 0.0305       |
|    clip_range           | 0.2          |
|    entropy_loss         | -0.689       |
|    explained_variance   | 0.864        |
|    learning_rate        | 0.0003       |
|    loss                 | -0.00403     |
|    n_updates            | 1590         |
|    policy_gradient_loss | -0.00703     |
|    value_loss           | 0.00547      |
------------------------------------------
-----------------------------------------
| rollout/                |             |
|    ep_len_mean          | 424         |
|    ep_rew_mean          | 23.9        |
| time/                   |             |
|    fps                  | 2           |
|    iterations           | 161         |
|    time_elapsed         | 29730       |
|    total_timesteps      | 82432       |
| train/                  |             |
|    approx_kl            | 0.004598291 |
|    clip_fraction        | 0.0195      |
|    clip_range           | 0.2         |
|    entropy_loss         | -0.707      |
|    explained_variance   | 0.884       |
|    learning_rate        | 0.0003      |
|    loss                 | -0.0132     |
|    n_updates            | 1600        |
|    policy_gradient_loss | -0.00403    |
|    value_loss           | 0.00557     |
-----------------------------------------
------------------------------------------
| rollout/                |              |
|    ep_len_mean          | 424          |
|    ep_rew_mean          | 23.9         |
| time/                   |              |
|    fps                  | 2            |
|    iterations           | 162          |
|    time_elapsed         | 29817        |
|    total_timesteps      | 82944        |
| train/                  |              |
|    approx_kl            | 0.0031897682 |
|    clip_fraction        | 0.0143       |
|    clip_range           | 0.2          |
|    entropy_loss         | -0.726       |
|    explained_variance   | 0.167        |
|    learning_rate        | 0.0003       |
|    loss                 | 0.0138       |
|    n_updates            | 1610         |
|    policy_gradient_loss | -0.00384     |
|    value_loss           | 0.0401       |
------------------------------------------
-----------------------------------------
| rollout/                |             |
|    ep_len_mean          | 424         |
|    ep_rew_mean          | 23.9        |
| time/                   |             |
|    fps                  | 2           |
|    iterations           | 163         |
|    time_elapsed         | 29904       |
|    total_timesteps      | 83456       |
| train/                  |             |
|    approx_kl            | 0.007493319 |
|    clip_fraction        | 0.017       |
|    clip_range           | 0.2         |
|    entropy_loss         | -0.692      |
|    explained_variance   | 0.235       |
|    learning_rate        | 0.0003      |
|    loss                 | 0.0375      |
|    n_updates            | 1620        |
|    policy_gradient_loss | -0.00355    |
|    value_loss           | 0.0121      |
-----------------------------------------
-----------------------------------------
| rollout/                |             |
|    ep_len_mean          | 425         |
|    ep_rew_mean          | 24.1        |
| time/                   |             |
|    fps                  | 2           |
|    iterations           | 164         |
|    time_elapsed         | 29990       |
|    total_timesteps      | 83968       |
| train/                  |             |
|    approx_kl            | 0.023439301 |
|    clip_fraction        | 0.0914      |
|    clip_range           | 0.2         |
|    entropy_loss         | -0.742      |
|    explained_variance   | 0.764       |
|    learning_rate        | 0.0003      |
|    loss                 | -0.0114     |
|    n_updates            | 1630        |
|    policy_gradient_loss | -0.0151     |
|    value_loss           | 0.0086      |
-----------------------------------------
------------------------------------------
| rollout/                |              |
|    ep_len_mean          | 428          |
|    ep_rew_mean          | 24.4         |
| time/                   |              |
|    fps                  | 2            |
|    iterations           | 165          |
|    time_elapsed         | 30075        |
|    total_timesteps      | 84480        |
| train/                  |              |
|    approx_kl            | 0.0024768026 |
|    clip_fraction        | 0.00625      |
|    clip_range           | 0.2          |
|    entropy_loss         | -0.732       |
|    explained_variance   | 0.781        |
|    learning_rate        | 0.0003       |
|    loss                 | 0.000427     |
|    n_updates            | 1640         |
|    policy_gradient_loss | -0.00202     |
|    value_loss           | 0.00791      |
------------------------------------------
-----------------------------------------
| rollout/                |             |
|    ep_len_mean          | 428         |
|    ep_rew_mean          | 24.4        |
| time/                   |             |
|    fps                  | 2           |
|    iterations           | 166         |
|    time_elapsed         | 30160       |
|    total_timesteps      | 84992       |
| train/                  |             |
|    approx_kl            | 0.020332092 |
|    clip_fraction        | 0.111       |
|    clip_range           | 0.2         |
|    entropy_loss         | -0.732      |
|    explained_variance   | 0.675       |
|    learning_rate        | 0.0003      |
|    loss                 | -0.0399     |
|    n_updates            | 1650        |
|    policy_gradient_loss | -0.0214     |
|    value_loss           | 0.00605     |
-----------------------------------------
-----------------------------------------
| rollout/                |             |
|    ep_len_mean          | 428         |
|    ep_rew_mean          | 24.4        |
| time/                   |             |
|    fps                  | 2           |
|    iterations           | 167         |
|    time_elapsed         | 30242       |
|    total_timesteps      | 85504       |
| train/                  |             |
|    approx_kl            | 0.002889576 |
|    clip_fraction        | 0.00586     |
|    clip_range           | 0.2         |
|    entropy_loss         | -0.731      |
|    explained_variance   | 0.781       |
|    learning_rate        | 0.0003      |
|    loss                 | 0.00922     |
|    n_updates            | 1660        |
|    policy_gradient_loss | -0.00211    |
|    value_loss           | 0.00652     |
-----------------------------------------
----------------------------------------
| rollout/                |            |
|    ep_len_mean          | 428        |
|    ep_rew_mean          | 24.4       |
| time/                   |            |
|    fps                  | 2          |
|    iterations           | 168        |
|    time_elapsed         | 30325      |
|    total_timesteps      | 86016      |
| train/                  |            |
|    approx_kl            | 0.01971425 |
|    clip_fraction        | 0.159      |
|    clip_range           | 0.2        |
|    entropy_loss         | -0.702     |
|    explained_variance   | 0.892      |
|    learning_rate        | 0.0003     |
|    loss                 | -0.0307    |
|    n_updates            | 1670       |
|    policy_gradient_loss | -0.015     |
|    value_loss           | 0.00669    |
----------------------------------------
------------------------------------------
| rollout/                |              |
|    ep_len_mean          | 428          |
|    ep_rew_mean          | 24.4         |
| time/                   |              |
|    fps                  | 2            |
|    iterations           | 169          |
|    time_elapsed         | 30407        |
|    total_timesteps      | 86528        |
| train/                  |              |
|    approx_kl            | 0.0067817736 |
|    clip_fraction        | 0.0146       |
|    clip_range           | 0.2          |
|    entropy_loss         | -0.685       |
|    explained_variance   | 0.506        |
|    learning_rate        | 0.0003       |
|    loss                 | -0.00768     |
|    n_updates            | 1680         |
|    policy_gradient_loss | -0.00547     |
|    value_loss           | 0.00857      |
------------------------------------------
------------------------------------------
| rollout/                |              |
|    ep_len_mean          | 432          |
|    ep_rew_mean          | 24.8         |
| time/                   |              |
|    fps                  | 2            |
|    iterations           | 170          |
|    time_elapsed         | 30492        |
|    total_timesteps      | 87040        |
| train/                  |              |
|    approx_kl            | 0.0074246004 |
|    clip_fraction        | 0.0566       |
|    clip_range           | 0.2          |
|    entropy_loss         | -0.676       |
|    explained_variance   | 0.464        |
|    learning_rate        | 0.0003       |
|    loss                 | -0.0318      |
|    n_updates            | 1690         |
|    policy_gradient_loss | -0.00802     |
|    value_loss           | 0.0167       |
------------------------------------------
-----------------------------------------
| rollout/                |             |
|    ep_len_mean          | 436         |
|    ep_rew_mean          | 25.1        |
| time/                   |             |
|    fps                  | 2           |
|    iterations           | 171         |
|    time_elapsed         | 30577       |
|    total_timesteps      | 87552       |
| train/                  |             |
|    approx_kl            | 0.002816889 |
|    clip_fraction        | 0.0152      |
|    clip_range           | 0.2         |
|    entropy_loss         | -0.721      |
|    explained_variance   | 0.183       |
|    learning_rate        | 0.0003      |
|    loss                 | 0.00514     |
|    n_updates            | 1700        |
|    policy_gradient_loss | -0.00559    |
|    value_loss           | 0.0191      |
-----------------------------------------
------------------------------------------
| rollout/                |              |
|    ep_len_mean          | 438          |
|    ep_rew_mean          | 25.3         |
| time/                   |              |
|    fps                  | 2            |
|    iterations           | 172          |
|    time_elapsed         | 30662        |
|    total_timesteps      | 88064        |
| train/                  |              |
|    approx_kl            | 0.0042193905 |
|    clip_fraction        | 0.0133       |
|    clip_range           | 0.2          |
|    entropy_loss         | -0.653       |
|    explained_variance   | 0.893        |
|    learning_rate        | 0.0003       |
|    loss                 | -0.0168      |
|    n_updates            | 1710         |
|    policy_gradient_loss | -0.00524     |
|    value_loss           | 0.00647      |
------------------------------------------
----------------------------------------
| rollout/                |            |
|    ep_len_mean          | 441        |
|    ep_rew_mean          | 25.7       |
| time/                   |            |
|    fps                  | 2          |
|    iterations           | 173        |
|    time_elapsed         | 30751      |
|    total_timesteps      | 88576      |
| train/                  |            |
|    approx_kl            | 0.00609784 |
|    clip_fraction        | 0.0326     |
|    clip_range           | 0.2        |
|    entropy_loss         | -0.686     |
|    explained_variance   | 0.735      |
|    learning_rate        | 0.0003     |
|    loss                 | 0.00141    |
|    n_updates            | 1720       |
|    policy_gradient_loss | -0.00825   |
|    value_loss           | 0.00929    |
----------------------------------------
------------------------------------------
| rollout/                |              |
|    ep_len_mean          | 444          |
|    ep_rew_mean          | 26           |
| time/                   |              |
|    fps                  | 2            |
|    iterations           | 174          |
|    time_elapsed         | 30834        |
|    total_timesteps      | 89088        |
| train/                  |              |
|    approx_kl            | 0.0071795676 |
|    clip_fraction        | 0.0785       |
|    clip_range           | 0.2          |
|    entropy_loss         | -0.646       |
|    explained_variance   | 0.892        |
|    learning_rate        | 0.0003       |
|    loss                 | 0.00188      |
|    n_updates            | 1730         |
|    policy_gradient_loss | -0.00708     |
|    value_loss           | 0.00636      |
------------------------------------------
-----------------------------------------
| rollout/                |             |
|    ep_len_mean          | 446         |
|    ep_rew_mean          | 26.3        |
| time/                   |             |
|    fps                  | 2           |
|    iterations           | 175         |
|    time_elapsed         | 30917       |
|    total_timesteps      | 89600       |
| train/                  |             |
|    approx_kl            | 0.004798971 |
|    clip_fraction        | 0.0162      |
|    clip_range           | 0.2         |
|    entropy_loss         | -0.645      |
|    explained_variance   | 0.859       |
|    learning_rate        | 0.0003      |
|    loss                 | -0.0224     |
|    n_updates            | 1740        |
|    policy_gradient_loss | -0.0074     |
|    value_loss           | 0.00619     |
-----------------------------------------
-----------------------------------------
| rollout/                |             |
|    ep_len_mean          | 448         |
|    ep_rew_mean          | 26.5        |
| time/                   |             |
|    fps                  | 2           |
|    iterations           | 176         |
|    time_elapsed         | 31000       |
|    total_timesteps      | 90112       |
| train/                  |             |
|    approx_kl            | 0.006522584 |
|    clip_fraction        | 0.0264      |
|    clip_range           | 0.2         |
|    entropy_loss         | -0.678      |
|    explained_variance   | 0.93        |
|    learning_rate        | 0.0003      |
|    loss                 | -0.0182     |
|    n_updates            | 1750        |
|    policy_gradient_loss | -0.00634    |
|    value_loss           | 0.00286     |
-----------------------------------------
----------------------------------------
| rollout/                |            |
|    ep_len_mean          | 448        |
|    ep_rew_mean          | 26.5       |
| time/                   |            |
|    fps                  | 2          |
|    iterations           | 177        |
|    time_elapsed         | 31085      |
|    total_timesteps      | 90624      |
| train/                  |            |
|    approx_kl            | 0.00900854 |
|    clip_fraction        | 0.0604     |
|    clip_range           | 0.2        |
|    entropy_loss         | -0.713     |
|    explained_variance   | 0.884      |
|    learning_rate        | 0.0003     |
|    loss                 | -0.00525   |
|    n_updates            | 1760       |
|    policy_gradient_loss | -0.00577   |
|    value_loss           | 0.005      |
----------------------------------------
-----------------------------------------
| rollout/                |             |
|    ep_len_mean          | 451         |
|    ep_rew_mean          | 26.8        |
| time/                   |             |
|    fps                  | 2           |
|    iterations           | 178         |
|    time_elapsed         | 31170       |
|    total_timesteps      | 91136       |
| train/                  |             |
|    approx_kl            | 0.005336141 |
|    clip_fraction        | 0.026       |
|    clip_range           | 0.2         |
|    entropy_loss         | -0.762      |
|    explained_variance   | 0.854       |
|    learning_rate        | 0.0003      |
|    loss                 | -0.0102     |
|    n_updates            | 1770        |
|    policy_gradient_loss | -0.0104     |
|    value_loss           | 0.0068      |
-----------------------------------------
-----------------------------------------
| rollout/                |             |
|    ep_len_mean          | 452         |
|    ep_rew_mean          | 27          |
| time/                   |             |
|    fps                  | 2           |
|    iterations           | 179         |
|    time_elapsed         | 31257       |
|    total_timesteps      | 91648       |
| train/                  |             |
|    approx_kl            | 0.008794153 |
|    clip_fraction        | 0.0701      |
|    clip_range           | 0.2         |
|    entropy_loss         | -0.792      |
|    explained_variance   | 0.913       |
|    learning_rate        | 0.0003      |
|    loss                 | -0.0159     |
|    n_updates            | 1780        |
|    policy_gradient_loss | -0.00559    |
|    value_loss           | 0.00531     |
-----------------------------------------
-----------------------------------------
| rollout/                |             |
|    ep_len_mean          | 452         |
|    ep_rew_mean          | 27          |
| time/                   |             |
|    fps                  | 2           |
|    iterations           | 180         |
|    time_elapsed         | 31342       |
|    total_timesteps      | 92160       |
| train/                  |             |
|    approx_kl            | 0.010692275 |
|    clip_fraction        | 0.0486      |
|    clip_range           | 0.2         |
|    entropy_loss         | -0.83       |
|    explained_variance   | 0.849       |
|    learning_rate        | 0.0003      |
|    loss                 | -0.00621    |
|    n_updates            | 1790        |
|    policy_gradient_loss | -0.00731    |
|    value_loss           | 0.0053      |
-----------------------------------------
-----------------------------------------
| rollout/                |             |
|    ep_len_mean          | 455         |
|    ep_rew_mean          | 27.3        |
| time/                   |             |
|    fps                  | 2           |
|    iterations           | 181         |
|    time_elapsed         | 31434       |
|    total_timesteps      | 92672       |
| train/                  |             |
|    approx_kl            | 0.008278666 |
|    clip_fraction        | 0.057       |
|    clip_range           | 0.2         |
|    entropy_loss         | -0.832      |
|    explained_variance   | 0.833       |
|    learning_rate        | 0.0003      |
|    loss                 | 0.0036      |
|    n_updates            | 1800        |
|    policy_gradient_loss | -0.00956    |
|    value_loss           | 0.00608     |
-----------------------------------------
-----------------------------------------
| rollout/                |             |
|    ep_len_mean          | 460         |
|    ep_rew_mean          | 27.7        |
| time/                   |             |
|    fps                  | 2           |
|    iterations           | 182         |
|    time_elapsed         | 31520       |
|    total_timesteps      | 93184       |
| train/                  |             |
|    approx_kl            | 0.007272418 |
|    clip_fraction        | 0.0213      |
|    clip_range           | 0.2         |
|    entropy_loss         | -0.852      |
|    explained_variance   | 0.916       |
|    learning_rate        | 0.0003      |
|    loss                 | -0.019      |
|    n_updates            | 1810        |
|    policy_gradient_loss | -0.00347    |
|    value_loss           | 0.00457     |
-----------------------------------------
-----------------------------------------
| rollout/                |             |
|    ep_len_mean          | 464         |
|    ep_rew_mean          | 28.1        |
| time/                   |             |
|    fps                  | 2           |
|    iterations           | 183         |
|    time_elapsed         | 31605       |
|    total_timesteps      | 93696       |
| train/                  |             |
|    approx_kl            | 0.008725341 |
|    clip_fraction        | 0.068       |
|    clip_range           | 0.2         |
|    entropy_loss         | -0.833      |
|    explained_variance   | 0.719       |
|    learning_rate        | 0.0003      |
|    loss                 | -0.0108     |
|    n_updates            | 1820        |
|    policy_gradient_loss | -0.00865    |
|    value_loss           | 0.00882     |
-----------------------------------------
----------------------------------------
| rollout/                |            |
|    ep_len_mean          | 464        |
|    ep_rew_mean          | 28.1       |
| time/                   |            |
|    fps                  | 2          |
|    iterations           | 184        |
|    time_elapsed         | 31691      |
|    total_timesteps      | 94208      |
| train/                  |            |
|    approx_kl            | 0.00973071 |
|    clip_fraction        | 0.0344     |
|    clip_range           | 0.2        |
|    entropy_loss         | -0.783     |
|    explained_variance   | 0.923      |
|    learning_rate        | 0.0003     |
|    loss                 | -0.00943   |
|    n_updates            | 1830       |
|    policy_gradient_loss | -0.00599   |
|    value_loss           | 0.00487    |
----------------------------------------
-----------------------------------------
| rollout/                |             |
|    ep_len_mean          | 464         |
|    ep_rew_mean          | 28.1        |
| time/                   |             |
|    fps                  | 2           |
|    iterations           | 185         |
|    time_elapsed         | 31778       |
|    total_timesteps      | 94720       |
| train/                  |             |
|    approx_kl            | 0.005349379 |
|    clip_fraction        | 0.017       |
|    clip_range           | 0.2         |
|    entropy_loss         | -0.824      |
|    explained_variance   | 0.886       |
|    learning_rate        | 0.0003      |
|    loss                 | -0.0136     |
|    n_updates            | 1840        |
|    policy_gradient_loss | -0.00301    |
|    value_loss           | 0.00431     |
-----------------------------------------
------------------------------------------
| rollout/                |              |
|    ep_len_mean          | 464          |
|    ep_rew_mean          | 28.1         |
| time/                   |              |
|    fps                  | 2            |
|    iterations           | 186          |
|    time_elapsed         | 31865        |
|    total_timesteps      | 95232        |
| train/                  |              |
|    approx_kl            | 0.0069780983 |
|    clip_fraction        | 0.0654       |
|    clip_range           | 0.2          |
|    entropy_loss         | -0.821       |
|    explained_variance   | 0.779        |
|    learning_rate        | 0.0003       |
|    loss                 | -0.00557     |
|    n_updates            | 1850         |
|    policy_gradient_loss | -0.00952     |
|    value_loss           | 0.0132       |
------------------------------------------
-----------------------------------------
| rollout/                |             |
|    ep_len_mean          | 464         |
|    ep_rew_mean          | 28.1        |
| time/                   |             |
|    fps                  | 2           |
|    iterations           | 187         |
|    time_elapsed         | 31952       |
|    total_timesteps      | 95744       |
| train/                  |             |
|    approx_kl            | 0.005504722 |
|    clip_fraction        | 0.032       |
|    clip_range           | 0.2         |
|    entropy_loss         | -0.843      |
|    explained_variance   | 0.527       |
|    learning_rate        | 0.0003      |
|    loss                 | -0.0102     |
|    n_updates            | 1860        |
|    policy_gradient_loss | -0.00759    |
|    value_loss           | 0.0105      |
-----------------------------------------
----------------------------------------
| rollout/                |            |
|    ep_len_mean          | 464        |
|    ep_rew_mean          | 28.1       |
| time/                   |            |
|    fps                  | 3          |
|    iterations           | 188        |
|    time_elapsed         | 32035      |
|    total_timesteps      | 96256      |
| train/                  |            |
|    approx_kl            | 0.00618683 |
|    clip_fraction        | 0.051      |
|    clip_range           | 0.2        |
|    entropy_loss         | -0.928     |
|    explained_variance   | 0.499      |
|    learning_rate        | 0.0003     |
|    loss                 | -0.00328   |
|    n_updates            | 1870       |
|    policy_gradient_loss | -0.00409   |
|    value_loss           | 0.0198     |
----------------------------------------
-----------------------------------------
| rollout/                |             |
|    ep_len_mean          | 464         |
|    ep_rew_mean          | 28.1        |
| time/                   |             |
|    fps                  | 3           |
|    iterations           | 189         |
|    time_elapsed         | 32119       |
|    total_timesteps      | 96768       |
| train/                  |             |
|    approx_kl            | 0.011951013 |
|    clip_fraction        | 0.0977      |
|    clip_range           | 0.2         |
|    entropy_loss         | -0.885      |
|    explained_variance   | 0.843       |
|    learning_rate        | 0.0003      |
|    loss                 | 0.00932     |
|    n_updates            | 1880        |
|    policy_gradient_loss | -0.00887    |
|    value_loss           | 0.00624     |
-----------------------------------------
-----------------------------------------
| rollout/                |             |
|    ep_len_mean          | 468         |
|    ep_rew_mean          | 28.5        |
| time/                   |             |
|    fps                  | 3           |
|    iterations           | 190         |
|    time_elapsed         | 32203       |
|    total_timesteps      | 97280       |
| train/                  |             |
|    approx_kl            | 0.013265768 |
|    clip_fraction        | 0.0975      |
|    clip_range           | 0.2         |
|    entropy_loss         | -0.938      |
|    explained_variance   | 0.633       |
|    learning_rate        | 0.0003      |
|    loss                 | 0.0173      |
|    n_updates            | 1890        |
|    policy_gradient_loss | -0.0091     |
|    value_loss           | 0.0129      |
-----------------------------------------
-----------------------------------------
| rollout/                |             |
|    ep_len_mean          | 468         |
|    ep_rew_mean          | 28.5        |
| time/                   |             |
|    fps                  | 3           |
|    iterations           | 191         |
|    time_elapsed         | 32289       |
|    total_timesteps      | 97792       |
| train/                  |             |
|    approx_kl            | 0.006976888 |
|    clip_fraction        | 0.0711      |
|    clip_range           | 0.2         |
|    entropy_loss         | -0.828      |
|    explained_variance   | 0.87        |
|    learning_rate        | 0.0003      |
|    loss                 | -0.00791    |
|    n_updates            | 1900        |
|    policy_gradient_loss | -0.0052     |
|    value_loss           | 0.00363     |
-----------------------------------------
-----------------------------------------
| rollout/                |             |
|    ep_len_mean          | 467         |
|    ep_rew_mean          | 28.4        |
| time/                   |             |
|    fps                  | 3           |
|    iterations           | 192         |
|    time_elapsed         | 32374       |
|    total_timesteps      | 98304       |
| train/                  |             |
|    approx_kl            | 0.010778877 |
|    clip_fraction        | 0.0609      |
|    clip_range           | 0.2         |
|    entropy_loss         | -0.939      |
|    explained_variance   | 0.477       |
|    learning_rate        | 0.0003      |
|    loss                 | -0.0169     |
|    n_updates            | 1910        |
|    policy_gradient_loss | -0.0127     |
|    value_loss           | 0.0179      |
-----------------------------------------
-----------------------------------------
| rollout/                |             |
|    ep_len_mean          | 467         |
|    ep_rew_mean          | 28.4        |
| time/                   |             |
|    fps                  | 3           |
|    iterations           | 193         |
|    time_elapsed         | 32461       |
|    total_timesteps      | 98816       |
| train/                  |             |
|    approx_kl            | 0.018496666 |
|    clip_fraction        | 0.111       |
|    clip_range           | 0.2         |
|    entropy_loss         | -0.972      |
|    explained_variance   | -0.0892     |
|    learning_rate        | 0.0003      |
|    loss                 | 0.902       |
|    n_updates            | 1920        |
|    policy_gradient_loss | -0.00393    |
|    value_loss           | 3.55        |
-----------------------------------------
-----------------------------------------
| rollout/                |             |
|    ep_len_mean          | 467         |
|    ep_rew_mean          | 28.4        |
| time/                   |             |
|    fps                  | 3           |
|    iterations           | 194         |
|    time_elapsed         | 32547       |
|    total_timesteps      | 99328       |
| train/                  |             |
|    approx_kl            | 0.012382874 |
|    clip_fraction        | 0.083       |
|    clip_range           | 0.2         |
|    entropy_loss         | -0.845      |
|    explained_variance   | 0.283       |
|    learning_rate        | 0.0003      |
|    loss                 | 0.0118      |
|    n_updates            | 1930        |
|    policy_gradient_loss | -0.0053     |
|    value_loss           | 0.0178      |
-----------------------------------------
------------------------------------------
| rollout/                |              |
|    ep_len_mean          | 472          |
|    ep_rew_mean          | 28.8         |
| time/                   |              |
|    fps                  | 3            |
|    iterations           | 195          |
|    time_elapsed         | 32632        |
|    total_timesteps      | 99840        |
| train/                  |              |
|    approx_kl            | 0.0075262687 |
|    clip_fraction        | 0.0242       |
|    clip_range           | 0.2          |
|    entropy_loss         | -0.834       |
|    explained_variance   | 0.462        |
|    learning_rate        | 0.0003       |
|    loss                 | -0.00904     |
|    n_updates            | 1940         |
|    policy_gradient_loss | -0.00853     |
|    value_loss           | 0.0175       |
------------------------------------------
-----------------------------------------
| rollout/                |             |
|    ep_len_mean          | 467         |
|    ep_rew_mean          | 28.4        |
| time/                   |             |
|    fps                  | 3           |
|    iterations           | 196         |
|    time_elapsed         | 32717       |
|    total_timesteps      | 100352      |
| train/                  |             |
|    approx_kl            | 0.006067789 |
|    clip_fraction        | 0.0174      |
|    clip_range           | 0.2         |
|    entropy_loss         | -0.744      |
|    explained_variance   | 0.473       |
|    learning_rate        | 0.0003      |
|    loss                 | -0.015      |
|    n_updates            | 1950        |
|    policy_gradient_loss | -0.00391    |
|    value_loss           | 0.0439      |
-----------------------------------------
-----------------------------------------
| rollout/                |             |
|    ep_len_mean          | 467         |
|    ep_rew_mean          | 28.4        |
| time/                   |             |
|    fps                  | 3           |
|    iterations           | 197         |
|    time_elapsed         | 32807       |
|    total_timesteps      | 100864      |
| train/                  |             |
|    approx_kl            | 0.001762828 |
|    clip_fraction        | 0.00293     |
|    clip_range           | 0.2         |
|    entropy_loss         | -0.762      |
|    explained_variance   | -0.141      |
|    learning_rate        | 0.0003      |
|    loss                 | 0.754       |
|    n_updates            | 1960        |
|    policy_gradient_loss | 0.00103     |
|    value_loss           | 2.07        |
-----------------------------------------
------------------------------------------
| rollout/                |              |
|    ep_len_mean          | 467          |
|    ep_rew_mean          | 28.4         |
| time/                   |              |
|    fps                  | 3            |
|    iterations           | 198          |
|    time_elapsed         | 32895        |
|    total_timesteps      | 101376       |
| train/                  |              |
|    approx_kl            | 0.0037773186 |
|    clip_fraction        | 0.0139       |
|    clip_range           | 0.2          |
|    entropy_loss         | -0.695       |
|    explained_variance   | 0.27         |
|    learning_rate        | 0.0003       |
|    loss                 | 0.042        |
|    n_updates            | 1970         |
|    policy_gradient_loss | -0.00575     |
|    value_loss           | 0.0441       |
------------------------------------------
------------------------------------------
| rollout/                |              |
|    ep_len_mean          | 471          |
|    ep_rew_mean          | 28.8         |
| time/                   |              |
|    fps                  | 3            |
|    iterations           | 199          |
|    time_elapsed         | 32982        |
|    total_timesteps      | 101888       |
| train/                  |              |
|    approx_kl            | 0.0024680044 |
|    clip_fraction        | 0.0186       |
|    clip_range           | 0.2          |
|    entropy_loss         | -0.705       |
|    explained_variance   | 0.499        |
|    learning_rate        | 0.0003       |
|    loss                 | 0.00483      |
|    n_updates            | 1980         |
|    policy_gradient_loss | -0.00599     |
|    value_loss           | 0.0569       |
------------------------------------------
-----------------------------------------
| rollout/                |             |
|    ep_len_mean          | 471         |
|    ep_rew_mean          | 28.8        |
| time/                   |             |
|    fps                  | 3           |
|    iterations           | 200         |
|    time_elapsed         | 33066       |
|    total_timesteps      | 102400      |
| train/                  |             |
|    approx_kl            | 0.014416204 |
|    clip_fraction        | 0.0867      |
|    clip_range           | 0.2         |
|    entropy_loss         | -0.768      |
|    explained_variance   | -0.208      |
|    learning_rate        | 0.0003      |
|    loss                 | -0.0118     |
|    n_updates            | 1990        |
|    policy_gradient_loss | -0.0073     |
|    value_loss           | 0.172       |
-----------------------------------------
-----------------------------------------
| rollout/                |             |
|    ep_len_mean          | 471         |
|    ep_rew_mean          | 28.8        |
| time/                   |             |
|    fps                  | 3           |
|    iterations           | 201         |
|    time_elapsed         | 33151       |
|    total_timesteps      | 102912      |
| train/                  |             |
|    approx_kl            | 0.007018173 |
|    clip_fraction        | 0.0357      |
|    clip_range           | 0.2         |
|    entropy_loss         | -0.759      |
|    explained_variance   | 0.762       |
|    learning_rate        | 0.0003      |
|    loss                 | -0.0103     |
|    n_updates            | 2000        |
|    policy_gradient_loss | -0.00526    |
|    value_loss           | 0.0115      |
-----------------------------------------
------------------------------------------
| rollout/                |              |
|    ep_len_mean          | 471          |
|    ep_rew_mean          | 28.8         |
| time/                   |              |
|    fps                  | 3            |
|    iterations           | 202          |
|    time_elapsed         | 33236        |
|    total_timesteps      | 103424       |
| train/                  |              |
|    approx_kl            | 0.0038999657 |
|    clip_fraction        | 0.0199       |
|    clip_range           | 0.2          |
|    entropy_loss         | -0.757       |
|    explained_variance   | -0.503       |
|    learning_rate        | 0.0003       |
|    loss                 | 0.00571      |
|    n_updates            | 2010         |
|    policy_gradient_loss | -0.00658     |
|    value_loss           | 0.0431       |
------------------------------------------
-----------------------------------------
| rollout/                |             |
|    ep_len_mean          | 471         |
|    ep_rew_mean          | 28.8        |
| time/                   |             |
|    fps                  | 3           |
|    iterations           | 203         |
|    time_elapsed         | 33322       |
|    total_timesteps      | 103936      |
| train/                  |             |
|    approx_kl            | 0.006998915 |
|    clip_fraction        | 0.0471      |
|    clip_range           | 0.2         |
|    entropy_loss         | -0.769      |
|    explained_variance   | -0.226      |
|    learning_rate        | 0.0003      |
|    loss                 | 0.0163      |
|    n_updates            | 2020        |
|    policy_gradient_loss | -0.00412    |
|    value_loss           | 0.0423      |
-----------------------------------------
----------------------------------------
| rollout/                |            |
|    ep_len_mean          | 471        |
|    ep_rew_mean          | 28.8       |
| time/                   |            |
|    fps                  | 3          |
|    iterations           | 204        |
|    time_elapsed         | 33405      |
|    total_timesteps      | 104448     |
| train/                  |            |
|    approx_kl            | 0.00859967 |
|    clip_fraction        | 0.0355     |
|    clip_range           | 0.2        |
|    entropy_loss         | -0.792     |
|    explained_variance   | 0.786      |
|    learning_rate        | 0.0003     |
|    loss                 | -0.00232   |
|    n_updates            | 2030       |
|    policy_gradient_loss | -0.00637   |
|    value_loss           | 0.00848    |
----------------------------------------
------------------------------------------
| rollout/                |              |
|    ep_len_mean          | 471          |
|    ep_rew_mean          | 28.8         |
| time/                   |              |
|    fps                  | 3            |
|    iterations           | 205          |
|    time_elapsed         | 33489        |
|    total_timesteps      | 104960       |
| train/                  |              |
|    approx_kl            | 0.0052235243 |
|    clip_fraction        | 0.0133       |
|    clip_range           | 0.2          |
|    entropy_loss         | -0.803       |
|    explained_variance   | 0.497        |
|    learning_rate        | 0.0003       |
|    loss                 | -0.0133      |
|    n_updates            | 2040         |
|    policy_gradient_loss | -0.00492     |
|    value_loss           | 0.0203       |
------------------------------------------
-----------------------------------------
| rollout/                |             |
|    ep_len_mean          | 471         |
|    ep_rew_mean          | 28.8        |
| time/                   |             |
|    fps                  | 3           |
|    iterations           | 206         |
|    time_elapsed         | 33574       |
|    total_timesteps      | 105472      |
| train/                  |             |
|    approx_kl            | 0.014259357 |
|    clip_fraction        | 0.175       |
|    clip_range           | 0.2         |
|    entropy_loss         | -0.779      |
|    explained_variance   | 0.653       |
|    learning_rate        | 0.0003      |
|    loss                 | -0.025      |
|    n_updates            | 2050        |
|    policy_gradient_loss | -0.018      |
|    value_loss           | 0.0161      |
-----------------------------------------
------------------------------------------
| rollout/                |              |
|    ep_len_mean          | 471          |
|    ep_rew_mean          | 28.8         |
| time/                   |              |
|    fps                  | 3            |
|    iterations           | 207          |
|    time_elapsed         | 33659        |
|    total_timesteps      | 105984       |
| train/                  |              |
|    approx_kl            | 0.0056088967 |
|    clip_fraction        | 0.0588       |
|    clip_range           | 0.2          |
|    entropy_loss         | -0.789       |
|    explained_variance   | 0.0875       |
|    learning_rate        | 0.0003       |
|    loss                 | 0.0001       |
|    n_updates            | 2060         |
|    policy_gradient_loss | -0.0146      |
|    value_loss           | 0.0353       |
------------------------------------------
-----------------------------------------
| rollout/                |             |
|    ep_len_mean          | 471         |
|    ep_rew_mean          | 28.8        |
| time/                   |             |
|    fps                  | 3           |
|    iterations           | 208         |
|    time_elapsed         | 33745       |
|    total_timesteps      | 106496      |
| train/                  |             |
|    approx_kl            | 0.005142402 |
|    clip_fraction        | 0.032       |
|    clip_range           | 0.2         |
|    entropy_loss         | -0.76       |
|    explained_variance   | 0.882       |
|    learning_rate        | 0.0003      |
|    loss                 | -0.0214     |
|    n_updates            | 2070        |
|    policy_gradient_loss | -0.00897    |
|    value_loss           | 0.00285     |
-----------------------------------------
-----------------------------------------
| rollout/                |             |
|    ep_len_mean          | 471         |
|    ep_rew_mean          | 28.8        |
| time/                   |             |
|    fps                  | 3           |
|    iterations           | 209         |
|    time_elapsed         | 33833       |
|    total_timesteps      | 107008      |
| train/                  |             |
|    approx_kl            | 0.018349592 |
|    clip_fraction        | 0.124       |
|    clip_range           | 0.2         |
|    entropy_loss         | -0.73       |
|    explained_variance   | 0.664       |
|    learning_rate        | 0.0003      |
|    loss                 | -0.0338     |
|    n_updates            | 2080        |
|    policy_gradient_loss | -0.0155     |
|    value_loss           | 0.0216      |
-----------------------------------------
------------------------------------------
| rollout/                |              |
|    ep_len_mean          | 471          |
|    ep_rew_mean          | 28.8         |
| time/                   |              |
|    fps                  | 3            |
|    iterations           | 210          |
|    time_elapsed         | 33920        |
|    total_timesteps      | 107520       |
| train/                  |              |
|    approx_kl            | 0.0026111137 |
|    clip_fraction        | 0.017        |
|    clip_range           | 0.2          |
|    entropy_loss         | -0.733       |
|    explained_variance   | 0.545        |
|    learning_rate        | 0.0003       |
|    loss                 | -0.0188      |
|    n_updates            | 2090         |
|    policy_gradient_loss | -0.00369     |
|    value_loss           | 0.0117       |
------------------------------------------
-----------------------------------------
| rollout/                |             |
|    ep_len_mean          | 471         |
|    ep_rew_mean          | 28.8        |
| time/                   |             |
|    fps                  | 3           |
|    iterations           | 211         |
|    time_elapsed         | 34005       |
|    total_timesteps      | 108032      |
| train/                  |             |
|    approx_kl            | 0.005413086 |
|    clip_fraction        | 0.0199      |
|    clip_range           | 0.2         |
|    entropy_loss         | -0.777      |
|    explained_variance   | 0.412       |
|    learning_rate        | 0.0003      |
|    loss                 | -0.00723    |
|    n_updates            | 2100        |
|    policy_gradient_loss | -0.00513    |
|    value_loss           | 0.011       |
-----------------------------------------
-----------------------------------------
| rollout/                |             |
|    ep_len_mean          | 471         |
|    ep_rew_mean          | 28.8        |
| time/                   |             |
|    fps                  | 3           |
|    iterations           | 212         |
|    time_elapsed         | 34094       |
|    total_timesteps      | 108544      |
| train/                  |             |
|    approx_kl            | 0.013262603 |
|    clip_fraction        | 0.128       |
|    clip_range           | 0.2         |
|    entropy_loss         | -0.725      |
|    explained_variance   | 0.79        |
|    learning_rate        | 0.0003      |
|    loss                 | -0.0359     |
|    n_updates            | 2110        |
|    policy_gradient_loss | -0.011      |
|    value_loss           | 0.00712     |
-----------------------------------------
------------------------------------------
| rollout/                |              |
|    ep_len_mean          | 471          |
|    ep_rew_mean          | 28.8         |
| time/                   |              |
|    fps                  | 3            |
|    iterations           | 213          |
|    time_elapsed         | 34180        |
|    total_timesteps      | 109056       |
| train/                  |              |
|    approx_kl            | 0.0052255085 |
|    clip_fraction        | 0.0148       |
|    clip_range           | 0.2          |
|    entropy_loss         | -0.702       |
|    explained_variance   | 0.65         |
|    learning_rate        | 0.0003       |
|    loss                 | -0.014       |
|    n_updates            | 2120         |
|    policy_gradient_loss | -0.00665     |
|    value_loss           | 0.00681      |
------------------------------------------
------------------------------------------
| rollout/                |              |
|    ep_len_mean          | 471          |
|    ep_rew_mean          | 28.8         |
| time/                   |              |
|    fps                  | 3            |
|    iterations           | 214          |
|    time_elapsed         | 34268        |
|    total_timesteps      | 109568       |
| train/                  |              |
|    approx_kl            | 0.0051185465 |
|    clip_fraction        | 0.059        |
|    clip_range           | 0.2          |
|    entropy_loss         | -0.694       |
|    explained_variance   | 0.742        |
|    learning_rate        | 0.0003       |
|    loss                 | -0.00734     |
|    n_updates            | 2130         |
|    policy_gradient_loss | -0.0122      |
|    value_loss           | 0.00775      |
------------------------------------------
-----------------------------------------
| rollout/                |             |
|    ep_len_mean          | 471         |
|    ep_rew_mean          | 28.8        |
| time/                   |             |
|    fps                  | 3           |
|    iterations           | 215         |
|    time_elapsed         | 34356       |
|    total_timesteps      | 110080      |
| train/                  |             |
|    approx_kl            | 0.008050461 |
|    clip_fraction        | 0.0498      |
|    clip_range           | 0.2         |
|    entropy_loss         | -0.654      |
|    explained_variance   | 0.906       |
|    learning_rate        | 0.0003      |
|    loss                 | -0.022      |
|    n_updates            | 2140        |
|    policy_gradient_loss | -0.00725    |
|    value_loss           | 0.00391     |
-----------------------------------------
------------------------------------------
| rollout/                |              |
|    ep_len_mean          | 471          |
|    ep_rew_mean          | 28.8         |
| time/                   |              |
|    fps                  | 3            |
|    iterations           | 216          |
|    time_elapsed         | 34445        |
|    total_timesteps      | 110592       |
| train/                  |              |
|    approx_kl            | 0.0021568208 |
|    clip_fraction        | 0.00645      |
|    clip_range           | 0.2          |
|    entropy_loss         | -0.607       |
|    explained_variance   | 0.793        |
|    learning_rate        | 0.0003       |
|    loss                 | 0.000421     |
|    n_updates            | 2150         |
|    policy_gradient_loss | -0.00123     |
|    value_loss           | 0.00556      |
------------------------------------------
------------------------------------------
| rollout/                |              |
|    ep_len_mean          | 471          |
|    ep_rew_mean          | 28.8         |
| time/                   |              |
|    fps                  | 3            |
|    iterations           | 217          |
|    time_elapsed         | 34533        |
|    total_timesteps      | 111104       |
| train/                  |              |
|    approx_kl            | 0.0043061287 |
|    clip_fraction        | 0.0289       |
|    clip_range           | 0.2          |
|    entropy_loss         | -0.69        |
|    explained_variance   | 0.499        |
|    learning_rate        | 0.0003       |
|    loss                 | 0.0052       |
|    n_updates            | 2160         |
|    policy_gradient_loss | -0.00684     |
|    value_loss           | 0.0251       |
------------------------------------------
-----------------------------------------
| rollout/                |             |
|    ep_len_mean          | 474         |
|    ep_rew_mean          | 29          |
| time/                   |             |
|    fps                  | 3           |
|    iterations           | 218         |
|    time_elapsed         | 34620       |
|    total_timesteps      | 111616      |
| train/                  |             |
|    approx_kl            | 0.006768734 |
|    clip_fraction        | 0.0285      |
|    clip_range           | 0.2         |
|    entropy_loss         | -0.71       |
|    explained_variance   | 0.911       |
|    learning_rate        | 0.0003      |
|    loss                 | 0.00623     |
|    n_updates            | 2170        |
|    policy_gradient_loss | -0.00633    |
|    value_loss           | 0.00714     |
-----------------------------------------
-----------------------------------------
| rollout/                |             |
|    ep_len_mean          | 474         |
|    ep_rew_mean          | 29          |
| time/                   |             |
|    fps                  | 3           |
|    iterations           | 219         |
|    time_elapsed         | 34706       |
|    total_timesteps      | 112128      |
| train/                  |             |
|    approx_kl            | 0.006687255 |
|    clip_fraction        | 0.034       |
|    clip_range           | 0.2         |
|    entropy_loss         | -0.748      |
|    explained_variance   | -0.141      |
|    learning_rate        | 0.0003      |
|    loss                 | 0.0121      |
|    n_updates            | 2180        |
|    policy_gradient_loss | -0.00905    |
|    value_loss           | 1.27        |
-----------------------------------------
-----------------------------------------
| rollout/                |             |
|    ep_len_mean          | 479         |
|    ep_rew_mean          | 29.4        |
| time/                   |             |
|    fps                  | 3           |
|    iterations           | 220         |
|    time_elapsed         | 34794       |
|    total_timesteps      | 112640      |
| train/                  |             |
|    approx_kl            | 0.010352701 |
|    clip_fraction        | 0.102       |
|    clip_range           | 0.2         |
|    entropy_loss         | -0.706      |
|    explained_variance   | 0.193       |
|    learning_rate        | 0.0003      |
|    loss                 | 0.0403      |
|    n_updates            | 2190        |
|    policy_gradient_loss | -0.0179     |
|    value_loss           | 0.0504      |
-----------------------------------------
------------------------------------------
| rollout/                |              |
|    ep_len_mean          | 481          |
|    ep_rew_mean          | 29.6         |
| time/                   |              |
|    fps                  | 3            |
|    iterations           | 221          |
|    time_elapsed         | 34881        |
|    total_timesteps      | 113152       |
| train/                  |              |
|    approx_kl            | 0.0026686902 |
|    clip_fraction        | 0.00977      |
|    clip_range           | 0.2          |
|    entropy_loss         | -0.723       |
|    explained_variance   | 0.832        |
|    learning_rate        | 0.0003       |
|    loss                 | -0.0059      |
|    n_updates            | 2200         |
|    policy_gradient_loss | -0.00534     |
|    value_loss           | 0.00648      |
------------------------------------------
------------------------------------------
| rollout/                |              |
|    ep_len_mean          | 481          |
|    ep_rew_mean          | 29.6         |
| time/                   |              |
|    fps                  | 3            |
|    iterations           | 222          |
|    time_elapsed         | 34969        |
|    total_timesteps      | 113664       |
| train/                  |              |
|    approx_kl            | 0.0028464417 |
|    clip_fraction        | 0.0223       |
|    clip_range           | 0.2          |
|    entropy_loss         | -0.741       |
|    explained_variance   | 0.25         |
|    learning_rate        | 0.0003       |
|    loss                 | 0.227        |
|    n_updates            | 2210         |
|    policy_gradient_loss | -0.00772     |
|    value_loss           | 0.345        |
------------------------------------------
------------------------------------------
| rollout/                |              |
|    ep_len_mean          | 481          |
|    ep_rew_mean          | 29.6         |
| time/                   |              |
|    fps                  | 3            |
|    iterations           | 223          |
|    time_elapsed         | 35057        |
|    total_timesteps      | 114176       |
| train/                  |              |
|    approx_kl            | 0.0025972796 |
|    clip_fraction        | 0.0139       |
|    clip_range           | 0.2          |
|    entropy_loss         | -0.76        |
|    explained_variance   | 0.436        |
|    learning_rate        | 0.0003       |
|    loss                 | 0.00385      |
|    n_updates            | 2220         |
|    policy_gradient_loss | -0.00564     |
|    value_loss           | 0.0315       |
------------------------------------------
------------------------------------------
| rollout/                |              |
|    ep_len_mean          | 481          |
|    ep_rew_mean          | 29.6         |
| time/                   |              |
|    fps                  | 3            |
|    iterations           | 224          |
|    time_elapsed         | 35144        |
|    total_timesteps      | 114688       |
| train/                  |              |
|    approx_kl            | 0.0012166747 |
|    clip_fraction        | 0.00449      |
|    clip_range           | 0.2          |
|    entropy_loss         | -0.671       |
|    explained_variance   | 0.735        |
|    learning_rate        | 0.0003       |
|    loss                 | 0.00682      |
|    n_updates            | 2230         |
|    policy_gradient_loss | -0.000757    |
|    value_loss           | 0.0125       |
------------------------------------------
-----------------------------------------
| rollout/                |             |
|    ep_len_mean          | 481         |
|    ep_rew_mean          | 29.6        |
| time/                   |             |
|    fps                  | 3           |
|    iterations           | 225         |
|    time_elapsed         | 35230       |
|    total_timesteps      | 115200      |
| train/                  |             |
|    approx_kl            | 0.004264562 |
|    clip_fraction        | 0.0334      |
|    clip_range           | 0.2         |
|    entropy_loss         | -0.618      |
|    explained_variance   | 0.653       |
|    learning_rate        | 0.0003      |
|    loss                 | -0.00642    |
|    n_updates            | 2240        |
|    policy_gradient_loss | -0.012      |
|    value_loss           | 0.069       |
-----------------------------------------
------------------------------------------
| rollout/                |              |
|    ep_len_mean          | 481          |
|    ep_rew_mean          | 29.6         |
| time/                   |              |
|    fps                  | 3            |
|    iterations           | 226          |
|    time_elapsed         | 35317        |
|    total_timesteps      | 115712       |
| train/                  |              |
|    approx_kl            | 0.0018061205 |
|    clip_fraction        | 0.00566      |
|    clip_range           | 0.2          |
|    entropy_loss         | -0.648       |
|    explained_variance   | 0.238        |
|    learning_rate        | 0.0003       |
|    loss                 | -0.00435     |
|    n_updates            | 2250         |
|    policy_gradient_loss | -0.00675     |
|    value_loss           | 0.028        |
------------------------------------------
-----------------------------------------
| rollout/                |             |
|    ep_len_mean          | 481         |
|    ep_rew_mean          | 29.6        |
| time/                   |             |
|    fps                  | 3           |
|    iterations           | 227         |
|    time_elapsed         | 35404       |
|    total_timesteps      | 116224      |
| train/                  |             |
|    approx_kl            | 0.015022509 |
|    clip_fraction        | 0.149       |
|    clip_range           | 0.2         |
|    entropy_loss         | -0.648      |
|    explained_variance   | 0.839       |
|    learning_rate        | 0.0003      |
|    loss                 | -0.0174     |
|    n_updates            | 2260        |
|    policy_gradient_loss | -0.0149     |
|    value_loss           | 0.00904     |
-----------------------------------------
----------------------------------------
| rollout/                |            |
|    ep_len_mean          | 483        |
|    ep_rew_mean          | 29.8       |
| time/                   |            |
|    fps                  | 3          |
|    iterations           | 228        |
|    time_elapsed         | 35490      |
|    total_timesteps      | 116736     |
| train/                  |            |
|    approx_kl            | 0.00165135 |
|    clip_fraction        | 0.00508    |
|    clip_range           | 0.2        |
|    entropy_loss         | -0.719     |
|    explained_variance   | 0.792      |
|    learning_rate        | 0.0003     |
|    loss                 | -0.0055    |
|    n_updates            | 2270       |
|    policy_gradient_loss | -0.00363   |
|    value_loss           | 0.00493    |
----------------------------------------
------------------------------------------
| rollout/                |              |
|    ep_len_mean          | 483          |
|    ep_rew_mean          | 29.8         |
| time/                   |              |
|    fps                  | 3            |
|    iterations           | 229          |
|    time_elapsed         | 35578        |
|    total_timesteps      | 117248       |
| train/                  |              |
|    approx_kl            | 0.0039896546 |
|    clip_fraction        | 0.0137       |
|    clip_range           | 0.2          |
|    entropy_loss         | -0.665       |
|    explained_variance   | 0.666        |
|    learning_rate        | 0.0003       |
|    loss                 | 0.00252      |
|    n_updates            | 2280         |
|    policy_gradient_loss | -0.00821     |
|    value_loss           | 0.0101       |
------------------------------------------
------------------------------------------
| rollout/                |              |
|    ep_len_mean          | 483          |
|    ep_rew_mean          | 29.8         |
| time/                   |              |
|    fps                  | 3            |
|    iterations           | 230          |
|    time_elapsed         | 35667        |
|    total_timesteps      | 117760       |
| train/                  |              |
|    approx_kl            | 0.0029050729 |
|    clip_fraction        | 0.00645      |
|    clip_range           | 0.2          |
|    entropy_loss         | -0.673       |
|    explained_variance   | 0.799        |
|    learning_rate        | 0.0003       |
|    loss                 | -0.0112      |
|    n_updates            | 2290         |
|    policy_gradient_loss | -0.00419     |
|    value_loss           | 0.00907      |
------------------------------------------
-----------------------------------------
| rollout/                |             |
|    ep_len_mean          | 483         |
|    ep_rew_mean          | 29.8        |
| time/                   |             |
|    fps                  | 3           |
|    iterations           | 231         |
|    time_elapsed         | 35755       |
|    total_timesteps      | 118272      |
| train/                  |             |
|    approx_kl            | 0.013171083 |
|    clip_fraction        | 0.0764      |
|    clip_range           | 0.2         |
|    entropy_loss         | -0.66       |
|    explained_variance   | 0.412       |
|    learning_rate        | 0.0003      |
|    loss                 | -0.0497     |
|    n_updates            | 2300        |
|    policy_gradient_loss | -0.0159     |
|    value_loss           | 0.0181      |
-----------------------------------------
------------------------------------------
| rollout/                |              |
|    ep_len_mean          | 483          |
|    ep_rew_mean          | 29.8         |
| time/                   |              |
|    fps                  | 3            |
|    iterations           | 232          |
|    time_elapsed         | 35843        |
|    total_timesteps      | 118784       |
| train/                  |              |
|    approx_kl            | 0.0061764577 |
|    clip_fraction        | 0.0766       |
|    clip_range           | 0.2          |
|    entropy_loss         | -0.653       |
|    explained_variance   | 0.677        |
|    learning_rate        | 0.0003       |
|    loss                 | -0.00845     |
|    n_updates            | 2310         |
|    policy_gradient_loss | -0.00492     |
|    value_loss           | 0.0114       |
------------------------------------------
------------------------------------------
| rollout/                |              |
|    ep_len_mean          | 486          |
|    ep_rew_mean          | 30.1         |
| time/                   |              |
|    fps                  | 3            |
|    iterations           | 233          |
|    time_elapsed         | 35932        |
|    total_timesteps      | 119296       |
| train/                  |              |
|    approx_kl            | 0.0025758715 |
|    clip_fraction        | 0.00586      |
|    clip_range           | 0.2          |
|    entropy_loss         | -0.665       |
|    explained_variance   | 0.747        |
|    learning_rate        | 0.0003       |
|    loss                 | -0.000266    |
|    n_updates            | 2320         |
|    policy_gradient_loss | -0.00216     |
|    value_loss           | 0.00626      |
------------------------------------------
-----------------------------------------
| rollout/                |             |
|    ep_len_mean          | 490         |
|    ep_rew_mean          | 30.5        |
| time/                   |             |
|    fps                  | 3           |
|    iterations           | 234         |
|    time_elapsed         | 36021       |
|    total_timesteps      | 119808      |
| train/                  |             |
|    approx_kl            | 0.003630593 |
|    clip_fraction        | 0.0203      |
|    clip_range           | 0.2         |
|    entropy_loss         | -0.668      |
|    explained_variance   | 0.749       |
|    learning_rate        | 0.0003      |
|    loss                 | -0.0134     |
|    n_updates            | 2330        |
|    policy_gradient_loss | -0.00721    |
|    value_loss           | 0.00976     |
-----------------------------------------
-----------------------------------------
| rollout/                |             |
|    ep_len_mean          | 490         |
|    ep_rew_mean          | 30.5        |
| time/                   |             |
|    fps                  | 3           |
|    iterations           | 235         |
|    time_elapsed         | 36107       |
|    total_timesteps      | 120320      |
| train/                  |             |
|    approx_kl            | 0.007129056 |
|    clip_fraction        | 0.0521      |
|    clip_range           | 0.2         |
|    entropy_loss         | -0.653      |
|    explained_variance   | 0.84        |
|    learning_rate        | 0.0003      |
|    loss                 | -0.0184     |
|    n_updates            | 2340        |
|    policy_gradient_loss | -0.0142     |
|    value_loss           | 0.00448     |
-----------------------------------------
------------------------------------------
| rollout/                |              |
|    ep_len_mean          | 490          |
|    ep_rew_mean          | 30.6         |
| time/                   |              |
|    fps                  | 3            |
|    iterations           | 236          |
|    time_elapsed         | 36195        |
|    total_timesteps      | 120832       |
| train/                  |              |
|    approx_kl            | 0.0071676187 |
|    clip_fraction        | 0.0986       |
|    clip_range           | 0.2          |
|    entropy_loss         | -0.656       |
|    explained_variance   | 0.842        |
|    learning_rate        | 0.0003       |
|    loss                 | -0.0119      |
|    n_updates            | 2350         |
|    policy_gradient_loss | -0.00924     |
|    value_loss           | 0.00522      |
------------------------------------------
-----------------------------------------
| rollout/                |             |
|    ep_len_mean          | 490         |
|    ep_rew_mean          | 30.7        |
| time/                   |             |
|    fps                  | 3           |
|    iterations           | 237         |
|    time_elapsed         | 36283       |
|    total_timesteps      | 121344      |
| train/                  |             |
|    approx_kl            | 0.009157623 |
|    clip_fraction        | 0.0312      |
|    clip_range           | 0.2         |
|    entropy_loss         | -0.715      |
|    explained_variance   | 0.824       |
|    learning_rate        | 0.0003      |
|    loss                 | -0.0215     |
|    n_updates            | 2360        |
|    policy_gradient_loss | -0.00286    |
|    value_loss           | 0.00439     |
-----------------------------------------
-----------------------------------------
| rollout/                |             |
|    ep_len_mean          | 486         |
|    ep_rew_mean          | 30.3        |
| time/                   |             |
|    fps                  | 3           |
|    iterations           | 238         |
|    time_elapsed         | 36370       |
|    total_timesteps      | 121856      |
| train/                  |             |
|    approx_kl            | 0.010078723 |
|    clip_fraction        | 0.175       |
|    clip_range           | 0.2         |
|    entropy_loss         | -0.606      |
|    explained_variance   | 0.705       |
|    learning_rate        | 0.0003      |
|    loss                 | -0.0118     |
|    n_updates            | 2370        |
|    policy_gradient_loss | -0.015      |
|    value_loss           | 0.00697     |
-----------------------------------------
-----------------------------------------
| rollout/                |             |
|    ep_len_mean          | 486         |
|    ep_rew_mean          | 30.3        |
| time/                   |             |
|    fps                  | 3           |
|    iterations           | 239         |
|    time_elapsed         | 36455       |
|    total_timesteps      | 122368      |
| train/                  |             |
|    approx_kl            | 0.062379543 |
|    clip_fraction        | 0.0816      |
|    clip_range           | 0.2         |
|    entropy_loss         | -0.851      |
|    explained_variance   | 0.0748      |
|    learning_rate        | 0.0003      |
|    loss                 | 0.0891      |
|    n_updates            | 2380        |
|    policy_gradient_loss | 0.00501     |
|    value_loss           | 1.96        |
-----------------------------------------
------------------------------------------
| rollout/                |              |
|    ep_len_mean          | 486          |
|    ep_rew_mean          | 30.3         |
| time/                   |              |
|    fps                  | 3            |
|    iterations           | 240          |
|    time_elapsed         | 36544        |
|    total_timesteps      | 122880       |
| train/                  |              |
|    approx_kl            | 0.0070122867 |
|    clip_fraction        | 0.0535       |
|    clip_range           | 0.2          |
|    entropy_loss         | -0.688       |
|    explained_variance   | 0.442        |
|    learning_rate        | 0.0003       |
|    loss                 | -0.013       |
|    n_updates            | 2390         |
|    policy_gradient_loss | -0.00766     |
|    value_loss           | 0.0276       |
------------------------------------------
-----------------------------------------
| rollout/                |             |
|    ep_len_mean          | 486         |
|    ep_rew_mean          | 30.3        |
| time/                   |             |
|    fps                  | 3           |
|    iterations           | 241         |
|    time_elapsed         | 36631       |
|    total_timesteps      | 123392      |
| train/                  |             |
|    approx_kl            | 0.004018761 |
|    clip_fraction        | 0.0133      |
|    clip_range           | 0.2         |
|    entropy_loss         | -0.655      |
|    explained_variance   | 0.238       |
|    learning_rate        | 0.0003      |
|    loss                 | 0.000577    |
|    n_updates            | 2400        |
|    policy_gradient_loss | -0.00679    |
|    value_loss           | 0.0263      |
-----------------------------------------
-----------------------------------------
| rollout/                |             |
|    ep_len_mean          | 486         |
|    ep_rew_mean          | 30.3        |
| time/                   |             |
|    fps                  | 3           |
|    iterations           | 242         |
|    time_elapsed         | 36716       |
|    total_timesteps      | 123904      |
| train/                  |             |
|    approx_kl            | 0.008891398 |
|    clip_fraction        | 0.0666      |
|    clip_range           | 0.2         |
|    entropy_loss         | -0.635      |
|    explained_variance   | 0.0299      |
|    learning_rate        | 0.0003      |
|    loss                 | -0.0257     |
|    n_updates            | 2410        |
|    policy_gradient_loss | -0.0211     |
|    value_loss           | 0.0297      |
-----------------------------------------
-----------------------------------------
| rollout/                |             |
|    ep_len_mean          | 486         |
|    ep_rew_mean          | 30.3        |
| time/                   |             |
|    fps                  | 3           |
|    iterations           | 243         |
|    time_elapsed         | 36802       |
|    total_timesteps      | 124416      |
| train/                  |             |
|    approx_kl            | 0.005384798 |
|    clip_fraction        | 0.0533      |
|    clip_range           | 0.2         |
|    entropy_loss         | -0.708      |
|    explained_variance   | -0.163      |
|    learning_rate        | 0.0003      |
|    loss                 | 0.279       |
|    n_updates            | 2420        |
|    policy_gradient_loss | -0.00258    |
|    value_loss           | 0.416       |
-----------------------------------------
------------------------------------------
| rollout/                |              |
|    ep_len_mean          | 486          |
|    ep_rew_mean          | 30.3         |
| time/                   |              |
|    fps                  | 3            |
|    iterations           | 244          |
|    time_elapsed         | 36890        |
|    total_timesteps      | 124928       |
| train/                  |              |
|    approx_kl            | 0.0021166904 |
|    clip_fraction        | 0.00742      |
|    clip_range           | 0.2          |
|    entropy_loss         | -0.715       |
|    explained_variance   | 0.636        |
|    learning_rate        | 0.0003       |
|    loss                 | 0.00128      |
|    n_updates            | 2430         |
|    policy_gradient_loss | -0.00406     |
|    value_loss           | 0.0114       |
------------------------------------------
-----------------------------------------
| rollout/                |             |
|    ep_len_mean          | 486         |
|    ep_rew_mean          | 30.3        |
| time/                   |             |
|    fps                  | 3           |
|    iterations           | 245         |
|    time_elapsed         | 36977       |
|    total_timesteps      | 125440      |
| train/                  |             |
|    approx_kl            | 0.008271543 |
|    clip_fraction        | 0.0334      |
|    clip_range           | 0.2         |
|    entropy_loss         | -0.699      |
|    explained_variance   | 0.739       |
|    learning_rate        | 0.0003      |
|    loss                 | -0.0135     |
|    n_updates            | 2440        |
|    policy_gradient_loss | -0.0039     |
|    value_loss           | 0.0122      |
-----------------------------------------
-----------------------------------------
| rollout/                |             |
|    ep_len_mean          | 486         |
|    ep_rew_mean          | 30.3        |
| time/                   |             |
|    fps                  | 3           |
|    iterations           | 246         |
|    time_elapsed         | 37063       |
|    total_timesteps      | 125952      |
| train/                  |             |
|    approx_kl            | 0.007586626 |
|    clip_fraction        | 0.0256      |
|    clip_range           | 0.2         |
|    entropy_loss         | -0.755      |
|    explained_variance   | 0.496       |
|    learning_rate        | 0.0003      |
|    loss                 | 0.0572      |
|    n_updates            | 2450        |
|    policy_gradient_loss | 0.00095     |
|    value_loss           | 0.0442      |
-----------------------------------------
-----------------------------------------
| rollout/                |             |
|    ep_len_mean          | 486         |
|    ep_rew_mean          | 30.3        |
| time/                   |             |
|    fps                  | 3           |
|    iterations           | 247         |
|    time_elapsed         | 37150       |
|    total_timesteps      | 126464      |
| train/                  |             |
|    approx_kl            | 0.008467574 |
|    clip_fraction        | 0.033       |
|    clip_range           | 0.2         |
|    entropy_loss         | -0.707      |
|    explained_variance   | 0.584       |
|    learning_rate        | 0.0003      |
|    loss                 | -0.0337     |
|    n_updates            | 2460        |
|    policy_gradient_loss | -0.00837    |
|    value_loss           | 0.0118      |
-----------------------------------------
-----------------------------------------
| rollout/                |             |
|    ep_len_mean          | 486         |
|    ep_rew_mean          | 30.3        |
| time/                   |             |
|    fps                  | 3           |
|    iterations           | 248         |
|    time_elapsed         | 37237       |
|    total_timesteps      | 126976      |
| train/                  |             |
|    approx_kl            | 0.008907527 |
|    clip_fraction        | 0.0918      |
|    clip_range           | 0.2         |
|    entropy_loss         | -0.675      |
|    explained_variance   | 0.625       |
|    learning_rate        | 0.0003      |
|    loss                 | -0.0156     |
|    n_updates            | 2470        |
|    policy_gradient_loss | -0.0104     |
|    value_loss           | 0.0133      |
-----------------------------------------
-----------------------------------------
| rollout/                |             |
|    ep_len_mean          | 486         |
|    ep_rew_mean          | 30.3        |
| time/                   |             |
|    fps                  | 3           |
|    iterations           | 249         |
|    time_elapsed         | 37325       |
|    total_timesteps      | 127488      |
| train/                  |             |
|    approx_kl            | 0.013569708 |
|    clip_fraction        | 0.0639      |
|    clip_range           | 0.2         |
|    entropy_loss         | -0.736      |
|    explained_variance   | 0.317       |
|    learning_rate        | 0.0003      |
|    loss                 | -0.00677    |
|    n_updates            | 2480        |
|    policy_gradient_loss | -0.00927    |
|    value_loss           | 0.0144      |
-----------------------------------------
-----------------------------------------
| rollout/                |             |
|    ep_len_mean          | 486         |
|    ep_rew_mean          | 30.3        |
| time/                   |             |
|    fps                  | 3           |
|    iterations           | 250         |
|    time_elapsed         | 37411       |
|    total_timesteps      | 128000      |
| train/                  |             |
|    approx_kl            | 0.012629718 |
|    clip_fraction        | 0.124       |
|    clip_range           | 0.2         |
|    entropy_loss         | -0.689      |
|    explained_variance   | 0.804       |
|    learning_rate        | 0.0003      |
|    loss                 | -0.0134     |
|    n_updates            | 2490        |
|    policy_gradient_loss | -0.0126     |
|    value_loss           | 0.00568     |
-----------------------------------------
-----------------------------------------
| rollout/                |             |
|    ep_len_mean          | 486         |
|    ep_rew_mean          | 30.3        |
| time/                   |             |
|    fps                  | 3           |
|    iterations           | 251         |
|    time_elapsed         | 37496       |
|    total_timesteps      | 128512      |
| train/                  |             |
|    approx_kl            | 0.010842396 |
|    clip_fraction        | 0.0918      |
|    clip_range           | 0.2         |
|    entropy_loss         | -0.645      |
|    explained_variance   | 0.727       |
|    learning_rate        | 0.0003      |
|    loss                 | -0.0472     |
|    n_updates            | 2500        |
|    policy_gradient_loss | -0.0122     |
|    value_loss           | 0.0121      |
-----------------------------------------
-----------------------------------------
| rollout/                |             |
|    ep_len_mean          | 486         |
|    ep_rew_mean          | 30.3        |
| time/                   |             |
|    fps                  | 3           |
|    iterations           | 252         |
|    time_elapsed         | 37581       |
|    total_timesteps      | 129024      |
| train/                  |             |
|    approx_kl            | 0.004164426 |
|    clip_fraction        | 0.0279      |
|    clip_range           | 0.2         |
|    entropy_loss         | -0.598      |
|    explained_variance   | 0.948       |
|    learning_rate        | 0.0003      |
|    loss                 | -0.0312     |
|    n_updates            | 2510        |
|    policy_gradient_loss | -0.00674    |
|    value_loss           | 0.003       |
-----------------------------------------
-----------------------------------------
| rollout/                |             |
|    ep_len_mean          | 486         |
|    ep_rew_mean          | 30.3        |
| time/                   |             |
|    fps                  | 3           |
|    iterations           | 253         |
|    time_elapsed         | 37668       |
|    total_timesteps      | 129536      |
| train/                  |             |
|    approx_kl            | 0.003472254 |
|    clip_fraction        | 0.00703     |
|    clip_range           | 0.2         |
|    entropy_loss         | -0.647      |
|    explained_variance   | 0.969       |
|    learning_rate        | 0.0003      |
|    loss                 | -1.13e-05   |
|    n_updates            | 2520        |
|    policy_gradient_loss | -0.0028     |
|    value_loss           | 0.00175     |
-----------------------------------------
-----------------------------------------
| rollout/                |             |
|    ep_len_mean          | 486         |
|    ep_rew_mean          | 30.3        |
| time/                   |             |
|    fps                  | 3           |
|    iterations           | 254         |
|    time_elapsed         | 37753       |
|    total_timesteps      | 130048      |
| train/                  |             |
|    approx_kl            | 0.007742778 |
|    clip_fraction        | 0.0586      |
|    clip_range           | 0.2         |
|    entropy_loss         | -0.692      |
|    explained_variance   | 0.93        |
|    learning_rate        | 0.0003      |
|    loss                 | -0.0252     |
|    n_updates            | 2530        |
|    policy_gradient_loss | -0.0121     |
|    value_loss           | 0.00569     |
-----------------------------------------
------------------------------------------
| rollout/                |              |
|    ep_len_mean          | 486          |
|    ep_rew_mean          | 30.3         |
| time/                   |              |
|    fps                  | 3            |
|    iterations           | 255          |
|    time_elapsed         | 37840        |
|    total_timesteps      | 130560       |
| train/                  |              |
|    approx_kl            | 0.0049419035 |
|    clip_fraction        | 0.0143       |
|    clip_range           | 0.2          |
|    entropy_loss         | -0.678       |
|    explained_variance   | 0.901        |
|    learning_rate        | 0.0003       |
|    loss                 | 0.0053       |
|    n_updates            | 2540         |
|    policy_gradient_loss | -0.00441     |
|    value_loss           | 0.00276      |
------------------------------------------
------------------------------------------
| rollout/                |              |
|    ep_len_mean          | 486          |
|    ep_rew_mean          | 30.3         |
| time/                   |              |
|    fps                  | 3            |
|    iterations           | 256          |
|    time_elapsed         | 37928        |
|    total_timesteps      | 131072       |
| train/                  |              |
|    approx_kl            | 0.0047202045 |
|    clip_fraction        | 0.0586       |
|    clip_range           | 0.2          |
|    entropy_loss         | -0.717       |
|    explained_variance   | 0.685        |
|    learning_rate        | 0.0003       |
|    loss                 | -0.0049      |
|    n_updates            | 2550         |
|    policy_gradient_loss | -0.0102      |
|    value_loss           | 0.0123       |
------------------------------------------
-----------------------------------------
| rollout/                |             |
|    ep_len_mean          | 486         |
|    ep_rew_mean          | 30.3        |
| time/                   |             |
|    fps                  | 3           |
|    iterations           | 257         |
|    time_elapsed         | 38014       |
|    total_timesteps      | 131584      |
| train/                  |             |
|    approx_kl            | 0.010428928 |
|    clip_fraction        | 0.101       |
|    clip_range           | 0.2         |
|    entropy_loss         | -0.659      |
|    explained_variance   | 0.901       |
|    learning_rate        | 0.0003      |
|    loss                 | -0.0489     |
|    n_updates            | 2560        |
|    policy_gradient_loss | -0.01       |
|    value_loss           | 0.00398     |
-----------------------------------------
------------------------------------------
| rollout/                |              |
|    ep_len_mean          | 486          |
|    ep_rew_mean          | 30.3         |
| time/                   |              |
|    fps                  | 3            |
|    iterations           | 258          |
|    time_elapsed         | 38099        |
|    total_timesteps      | 132096       |
| train/                  |              |
|    approx_kl            | 0.0020990216 |
|    clip_fraction        | 0.0238       |
|    clip_range           | 0.2          |
|    entropy_loss         | -0.737       |
|    explained_variance   | 0.967        |
|    learning_rate        | 0.0003       |
|    loss                 | -0.00875     |
|    n_updates            | 2570         |
|    policy_gradient_loss | -0.00384     |
|    value_loss           | 0.00223      |
------------------------------------------
------------------------------------------
| rollout/                |              |
|    ep_len_mean          | 486          |
|    ep_rew_mean          | 30.3         |
| time/                   |              |
|    fps                  | 3            |
|    iterations           | 259          |
|    time_elapsed         | 38187        |
|    total_timesteps      | 132608       |
| train/                  |              |
|    approx_kl            | 0.0015253756 |
|    clip_fraction        | 0.0082       |
|    clip_range           | 0.2          |
|    entropy_loss         | -0.706       |
|    explained_variance   | 0.827        |
|    learning_rate        | 0.0003       |
|    loss                 | -0.0196      |
|    n_updates            | 2580         |
|    policy_gradient_loss | -0.00551     |
|    value_loss           | 0.00506      |
------------------------------------------
-----------------------------------------
| rollout/                |             |
|    ep_len_mean          | 486         |
|    ep_rew_mean          | 30.3        |
| time/                   |             |
|    fps                  | 3           |
|    iterations           | 260         |
|    time_elapsed         | 38274       |
|    total_timesteps      | 133120      |
| train/                  |             |
|    approx_kl            | 0.011906195 |
|    clip_fraction        | 0.142       |
|    clip_range           | 0.2         |
|    entropy_loss         | -0.714      |
|    explained_variance   | 0.957       |
|    learning_rate        | 0.0003      |
|    loss                 | -0.0357     |
|    n_updates            | 2590        |
|    policy_gradient_loss | -0.0118     |
|    value_loss           | 0.00299     |
-----------------------------------------
-----------------------------------------
| rollout/                |             |
|    ep_len_mean          | 486         |
|    ep_rew_mean          | 30.3        |
| time/                   |             |
|    fps                  | 3           |
|    iterations           | 261         |
|    time_elapsed         | 38362       |
|    total_timesteps      | 133632      |
| train/                  |             |
|    approx_kl            | 0.008384172 |
|    clip_fraction        | 0.042       |
|    clip_range           | 0.2         |
|    entropy_loss         | -0.666      |
|    explained_variance   | 0.709       |
|    learning_rate        | 0.0003      |
|    loss                 | -0.00784    |
|    n_updates            | 2600        |
|    policy_gradient_loss | -0.00529    |
|    value_loss           | 0.00851     |
-----------------------------------------
------------------------------------------
| rollout/                |              |
|    ep_len_mean          | 486          |
|    ep_rew_mean          | 30.3         |
| time/                   |              |
|    fps                  | 3            |
|    iterations           | 262          |
|    time_elapsed         | 38451        |
|    total_timesteps      | 134144       |
| train/                  |              |
|    approx_kl            | 0.0061377604 |
|    clip_fraction        | 0.023        |
|    clip_range           | 0.2          |
|    entropy_loss         | -0.721       |
|    explained_variance   | 0.928        |
|    learning_rate        | 0.0003       |
|    loss                 | -0.0284      |
|    n_updates            | 2610         |
|    policy_gradient_loss | -0.00498     |
|    value_loss           | 0.00329      |
------------------------------------------
----------------------------------------
| rollout/                |            |
|    ep_len_mean          | 486        |
|    ep_rew_mean          | 30.2       |
| time/                   |            |
|    fps                  | 3          |
|    iterations           | 263        |
|    time_elapsed         | 38536      |
|    total_timesteps      | 134656     |
| train/                  |            |
|    approx_kl            | 0.00526396 |
|    clip_fraction        | 0.0295     |
|    clip_range           | 0.2        |
|    entropy_loss         | -0.713     |
|    explained_variance   | 0.947      |
|    learning_rate        | 0.0003     |
|    loss                 | -0.0465    |
|    n_updates            | 2620       |
|    policy_gradient_loss | -0.0066    |
|    value_loss           | 0.00245    |
----------------------------------------
-----------------------------------------
| rollout/                |             |
|    ep_len_mean          | 486         |
|    ep_rew_mean          | 30.2        |
| time/                   |             |
|    fps                  | 3           |
|    iterations           | 264         |
|    time_elapsed         | 38623       |
|    total_timesteps      | 135168      |
| train/                  |             |
|    approx_kl            | 0.005157049 |
|    clip_fraction        | 0.0307      |
|    clip_range           | 0.2         |
|    entropy_loss         | -0.698      |
|    explained_variance   | 0.887       |
|    learning_rate        | 0.0003      |
|    loss                 | 0.0104      |
|    n_updates            | 2630        |
|    policy_gradient_loss | -0.00403    |
|    value_loss           | 0.00299     |
-----------------------------------------
------------------------------------------
| rollout/                |              |
|    ep_len_mean          | 486          |
|    ep_rew_mean          | 30.2         |
| time/                   |              |
|    fps                  | 3            |
|    iterations           | 265          |
|    time_elapsed         | 38711        |
|    total_timesteps      | 135680       |
| train/                  |              |
|    approx_kl            | 0.0028760107 |
|    clip_fraction        | 0.0316       |
|    clip_range           | 0.2          |
|    entropy_loss         | -0.72        |
|    explained_variance   | 0.834        |
|    learning_rate        | 0.0003       |
|    loss                 | -0.0214      |
|    n_updates            | 2640         |
|    policy_gradient_loss | -0.0125      |
|    value_loss           | 0.00474      |
------------------------------------------
-----------------------------------------
| rollout/                |             |
|    ep_len_mean          | 486         |
|    ep_rew_mean          | 30.2        |
| time/                   |             |
|    fps                  | 3           |
|    iterations           | 266         |
|    time_elapsed         | 38797       |
|    total_timesteps      | 136192      |
| train/                  |             |
|    approx_kl            | 0.004893027 |
|    clip_fraction        | 0.0262      |
|    clip_range           | 0.2         |
|    entropy_loss         | -0.71       |
|    explained_variance   | 0.899       |
|    learning_rate        | 0.0003      |
|    loss                 | -0.0245     |
|    n_updates            | 2650        |
|    policy_gradient_loss | -0.00581    |
|    value_loss           | 0.0033      |
-----------------------------------------
------------------------------------------
| rollout/                |              |
|    ep_len_mean          | 486          |
|    ep_rew_mean          | 30.2         |
| time/                   |              |
|    fps                  | 3            |
|    iterations           | 267          |
|    time_elapsed         | 38885        |
|    total_timesteps      | 136704       |
| train/                  |              |
|    approx_kl            | 0.0005896131 |
|    clip_fraction        | 0.000391     |
|    clip_range           | 0.2          |
|    entropy_loss         | -0.651       |
|    explained_variance   | 0.963        |
|    learning_rate        | 0.0003       |
|    loss                 | 0.00714      |
|    n_updates            | 2660         |
|    policy_gradient_loss | -0.000626    |
|    value_loss           | 0.00147      |
------------------------------------------
-----------------------------------------
| rollout/                |             |
|    ep_len_mean          | 486         |
|    ep_rew_mean          | 30.2        |
| time/                   |             |
|    fps                  | 3           |
|    iterations           | 268         |
|    time_elapsed         | 38972       |
|    total_timesteps      | 137216      |
| train/                  |             |
|    approx_kl            | 0.002204765 |
|    clip_fraction        | 0.0293      |
|    clip_range           | 0.2         |
|    entropy_loss         | -0.693      |
|    explained_variance   | 0.96        |
|    learning_rate        | 0.0003      |
|    loss                 | 0.00237     |
|    n_updates            | 2670        |
|    policy_gradient_loss | -0.00583    |
|    value_loss           | 0.00251     |
-----------------------------------------
------------------------------------------
| rollout/                |              |
|    ep_len_mean          | 486          |
|    ep_rew_mean          | 30.2         |
| time/                   |              |
|    fps                  | 3            |
|    iterations           | 269          |
|    time_elapsed         | 39059        |
|    total_timesteps      | 137728       |
| train/                  |              |
|    approx_kl            | 0.0026255092 |
|    clip_fraction        | 0.0281       |
|    clip_range           | 0.2          |
|    entropy_loss         | -0.661       |
|    explained_variance   | 0.913        |
|    learning_rate        | 0.0003       |
|    loss                 | -0.044       |
|    n_updates            | 2680         |
|    policy_gradient_loss | -0.0109      |
|    value_loss           | 0.00233      |
------------------------------------------
------------------------------------------
| rollout/                |              |
|    ep_len_mean          | 486          |
|    ep_rew_mean          | 30.2         |
| time/                   |              |
|    fps                  | 3            |
|    iterations           | 270          |
|    time_elapsed         | 39146        |
|    total_timesteps      | 138240       |
| train/                  |              |
|    approx_kl            | 0.0023887097 |
|    clip_fraction        | 0.0195       |
|    clip_range           | 0.2          |
|    entropy_loss         | -0.701       |
|    explained_variance   | 0.894        |
|    learning_rate        | 0.0003       |
|    loss                 | 0.00295      |
|    n_updates            | 2690         |
|    policy_gradient_loss | -0.00263     |
|    value_loss           | 0.00431      |
------------------------------------------
------------------------------------------
| rollout/                |              |
|    ep_len_mean          | 486          |
|    ep_rew_mean          | 30.2         |
| time/                   |              |
|    fps                  | 3            |
|    iterations           | 271          |
|    time_elapsed         | 39232        |
|    total_timesteps      | 138752       |
| train/                  |              |
|    approx_kl            | 0.0034064306 |
|    clip_fraction        | 0.0182       |
|    clip_range           | 0.2          |
|    entropy_loss         | -0.684       |
|    explained_variance   | 0.96         |
|    learning_rate        | 0.0003       |
|    loss                 | -0.0223      |
|    n_updates            | 2700         |
|    policy_gradient_loss | -0.00661     |
|    value_loss           | 0.0027       |
------------------------------------------
-----------------------------------------
| rollout/                |             |
|    ep_len_mean          | 486         |
|    ep_rew_mean          | 30.2        |
| time/                   |             |
|    fps                  | 3           |
|    iterations           | 272         |
|    time_elapsed         | 39318       |
|    total_timesteps      | 139264      |
| train/                  |             |
|    approx_kl            | 0.009668065 |
|    clip_fraction        | 0.0406      |
|    clip_range           | 0.2         |
|    entropy_loss         | -0.664      |
|    explained_variance   | 0.961       |
|    learning_rate        | 0.0003      |
|    loss                 | 0.0149      |
|    n_updates            | 2710        |
|    policy_gradient_loss | -0.00529    |
|    value_loss           | 0.00221     |
-----------------------------------------
-----------------------------------------
| rollout/                |             |
|    ep_len_mean          | 484         |
|    ep_rew_mean          | 30          |
| time/                   |             |
|    fps                  | 3           |
|    iterations           | 273         |
|    time_elapsed         | 39406       |
|    total_timesteps      | 139776      |
| train/                  |             |
|    approx_kl            | 0.004909594 |
|    clip_fraction        | 0.0598      |
|    clip_range           | 0.2         |
|    entropy_loss         | -0.688      |
|    explained_variance   | 0.844       |
|    learning_rate        | 0.0003      |
|    loss                 | -0.011      |
|    n_updates            | 2720        |
|    policy_gradient_loss | -0.00986    |
|    value_loss           | 0.00423     |
-----------------------------------------
------------------------------------------
| rollout/                |              |
|    ep_len_mean          | 484          |
|    ep_rew_mean          | 30           |
| time/                   |              |
|    fps                  | 3            |
|    iterations           | 274          |
|    time_elapsed         | 39491        |
|    total_timesteps      | 140288       |
| train/                  |              |
|    approx_kl            | 0.0041775266 |
|    clip_fraction        | 0.0176       |
|    clip_range           | 0.2          |
|    entropy_loss         | -0.701       |
|    explained_variance   | -0.0603      |
|    learning_rate        | 0.0003       |
|    loss                 | 0.168        |
|    n_updates            | 2730         |
|    policy_gradient_loss | -0.00664     |
|    value_loss           | 3.58         |
------------------------------------------
------------------------------------------
| rollout/                |              |
|    ep_len_mean          | 484          |
|    ep_rew_mean          | 30           |
| time/                   |              |
|    fps                  | 3            |
|    iterations           | 275          |
|    time_elapsed         | 39578        |
|    total_timesteps      | 140800       |
| train/                  |              |
|    approx_kl            | 0.0064171464 |
|    clip_fraction        | 0.0275       |
|    clip_range           | 0.2          |
|    entropy_loss         | -0.643       |
|    explained_variance   | 0.0213       |
|    learning_rate        | 0.0003       |
|    loss                 | 0.0459       |
|    n_updates            | 2740         |
|    policy_gradient_loss | -0.00715     |
|    value_loss           | 0.0757       |
------------------------------------------
------------------------------------------
| rollout/                |              |
|    ep_len_mean          | 483          |
|    ep_rew_mean          | 29.9         |
| time/                   |              |
|    fps                  | 3            |
|    iterations           | 276          |
|    time_elapsed         | 39664        |
|    total_timesteps      | 141312       |
| train/                  |              |
|    approx_kl            | 0.0040490786 |
|    clip_fraction        | 0.0043       |
|    clip_range           | 0.2          |
|    entropy_loss         | -0.689       |
|    explained_variance   | 0.817        |
|    learning_rate        | 0.0003       |
|    loss                 | 0.0171       |
|    n_updates            | 2750         |
|    policy_gradient_loss | -0.00463     |
|    value_loss           | 0.0235       |
------------------------------------------
----------------------------------------
| rollout/                |            |
|    ep_len_mean          | 483        |
|    ep_rew_mean          | 29.9       |
| time/                   |            |
|    fps                  | 3          |
|    iterations           | 277        |
|    time_elapsed         | 39752      |
|    total_timesteps      | 141824     |
| train/                  |            |
|    approx_kl            | 0.00460389 |
|    clip_fraction        | 0.0342     |
|    clip_range           | 0.2        |
|    entropy_loss         | -0.644     |
|    explained_variance   | 0.0398     |
|    learning_rate        | 0.0003     |
|    loss                 | 0.334      |
|    n_updates            | 2760       |
|    policy_gradient_loss | -0.0158    |
|    value_loss           | 2.45       |
----------------------------------------
-----------------------------------------
| rollout/                |             |
|    ep_len_mean          | 483         |
|    ep_rew_mean          | 29.9        |
| time/                   |             |
|    fps                  | 3           |
|    iterations           | 278         |
|    time_elapsed         | 39839       |
|    total_timesteps      | 142336      |
| train/                  |             |
|    approx_kl            | 0.004222788 |
|    clip_fraction        | 0.0232      |
|    clip_range           | 0.2         |
|    entropy_loss         | -0.577      |
|    explained_variance   | 0.206       |
|    learning_rate        | 0.0003      |
|    loss                 | -0.00283    |
|    n_updates            | 2770        |
|    policy_gradient_loss | -0.00882    |
|    value_loss           | 0.0451      |
-----------------------------------------
-----------------------------------------
| rollout/                |             |
|    ep_len_mean          | 483         |
|    ep_rew_mean          | 29.9        |
| time/                   |             |
|    fps                  | 3           |
|    iterations           | 279         |
|    time_elapsed         | 39924       |
|    total_timesteps      | 142848      |
| train/                  |             |
|    approx_kl            | 0.007399829 |
|    clip_fraction        | 0.0613      |
|    clip_range           | 0.2         |
|    entropy_loss         | -0.681      |
|    explained_variance   | 0.226       |
|    learning_rate        | 0.0003      |
|    loss                 | 0.0106      |
|    n_updates            | 2780        |
|    policy_gradient_loss | -0.00303    |
|    value_loss           | 0.068       |
-----------------------------------------
-----------------------------------------
| rollout/                |             |
|    ep_len_mean          | 483         |
|    ep_rew_mean          | 29.9        |
| time/                   |             |
|    fps                  | 3           |
|    iterations           | 280         |
|    time_elapsed         | 40010       |
|    total_timesteps      | 143360      |
| train/                  |             |
|    approx_kl            | 0.014292985 |
|    clip_fraction        | 0.142       |
|    clip_range           | 0.2         |
|    entropy_loss         | -0.682      |
|    explained_variance   | 0.235       |
|    learning_rate        | 0.0003      |
|    loss                 | 0.00137     |
|    n_updates            | 2790        |
|    policy_gradient_loss | -0.00835    |
|    value_loss           | 0.0414      |
-----------------------------------------
------------------------------------------
| rollout/                |              |
|    ep_len_mean          | 483          |
|    ep_rew_mean          | 29.9         |
| time/                   |              |
|    fps                  | 3            |
|    iterations           | 281          |
|    time_elapsed         | 40097        |
|    total_timesteps      | 143872       |
| train/                  |              |
|    approx_kl            | 0.0054021007 |
|    clip_fraction        | 0.0463       |
|    clip_range           | 0.2          |
|    entropy_loss         | -0.675       |
|    explained_variance   | 0.733        |
|    learning_rate        | 0.0003       |
|    loss                 | -0.0195      |
|    n_updates            | 2800         |
|    policy_gradient_loss | -0.0131      |
|    value_loss           | 0.0101       |
------------------------------------------
-----------------------------------------
| rollout/                |             |
|    ep_len_mean          | 483         |
|    ep_rew_mean          | 29.9        |
| time/                   |             |
|    fps                  | 3           |
|    iterations           | 282         |
|    time_elapsed         | 40185       |
|    total_timesteps      | 144384      |
| train/                  |             |
|    approx_kl            | 0.013034499 |
|    clip_fraction        | 0.0371      |
|    clip_range           | 0.2         |
|    entropy_loss         | -0.737      |
|    explained_variance   | 0.652       |
|    learning_rate        | 0.0003      |
|    loss                 | -0.0477     |
|    n_updates            | 2810        |
|    policy_gradient_loss | -0.0126     |
|    value_loss           | 0.0154      |
-----------------------------------------
-----------------------------------------
| rollout/                |             |
|    ep_len_mean          | 479         |
|    ep_rew_mean          | 29.5        |
| time/                   |             |
|    fps                  | 3           |
|    iterations           | 283         |
|    time_elapsed         | 40273       |
|    total_timesteps      | 144896      |
| train/                  |             |
|    approx_kl            | 0.006536725 |
|    clip_fraction        | 0.0309      |
|    clip_range           | 0.2         |
|    entropy_loss         | -0.691      |
|    explained_variance   | 0.683       |
|    learning_rate        | 0.0003      |
|    loss                 | -0.00581    |
|    n_updates            | 2820        |
|    policy_gradient_loss | -0.00956    |
|    value_loss           | 0.0137      |
-----------------------------------------
----------------------------------------
| rollout/                |            |
|    ep_len_mean          | 479        |
|    ep_rew_mean          | 29.5       |
| time/                   |            |
|    fps                  | 3          |
|    iterations           | 284        |
|    time_elapsed         | 40361      |
|    total_timesteps      | 145408     |
| train/                  |            |
|    approx_kl            | 0.01699198 |
|    clip_fraction        | 0.0938     |
|    clip_range           | 0.2        |
|    entropy_loss         | -0.743     |
|    explained_variance   | -0.195     |
|    learning_rate        | 0.0003     |
|    loss                 | 0.0916     |
|    n_updates            | 2830       |
|    policy_gradient_loss | 0.0161     |
|    value_loss           | 1.79       |
----------------------------------------
-----------------------------------------
| rollout/                |             |
|    ep_len_mean          | 479         |
|    ep_rew_mean          | 29.5        |
| time/                   |             |
|    fps                  | 3           |
|    iterations           | 285         |
|    time_elapsed         | 40447       |
|    total_timesteps      | 145920      |
| train/                  |             |
|    approx_kl            | 0.006860453 |
|    clip_fraction        | 0.0863      |
|    clip_range           | 0.2         |
|    entropy_loss         | -0.727      |
|    explained_variance   | -0.0557     |
|    learning_rate        | 0.0003      |
|    loss                 | 0.0478      |
|    n_updates            | 2840        |
|    policy_gradient_loss | -0.0105     |
|    value_loss           | 0.26        |
-----------------------------------------
----------------------------------------
| rollout/                |            |
|    ep_len_mean          | 479        |
|    ep_rew_mean          | 29.5       |
| time/                   |            |
|    fps                  | 3          |
|    iterations           | 286        |
|    time_elapsed         | 40534      |
|    total_timesteps      | 146432     |
| train/                  |            |
|    approx_kl            | 0.00501426 |
|    clip_fraction        | 0.0389     |
|    clip_range           | 0.2        |
|    entropy_loss         | -0.69      |
|    explained_variance   | -0.342     |
|    learning_rate        | 0.0003     |
|    loss                 | -0.0164    |
|    n_updates            | 2850       |
|    policy_gradient_loss | -0.00479   |
|    value_loss           | 0.0759     |
----------------------------------------
-----------------------------------------
| rollout/                |             |
|    ep_len_mean          | 483         |
|    ep_rew_mean          | 29.9        |
| time/                   |             |
|    fps                  | 3           |
|    iterations           | 287         |
|    time_elapsed         | 40621       |
|    total_timesteps      | 146944      |
| train/                  |             |
|    approx_kl            | 0.008235286 |
|    clip_fraction        | 0.112       |
|    clip_range           | 0.2         |
|    entropy_loss         | -0.745      |
|    explained_variance   | 0.632       |
|    learning_rate        | 0.0003      |
|    loss                 | -0.00836    |
|    n_updates            | 2860        |
|    policy_gradient_loss | -0.0122     |
|    value_loss           | 0.036       |
-----------------------------------------
-----------------------------------------
| rollout/                |             |
|    ep_len_mean          | 483         |
|    ep_rew_mean          | 29.9        |
| time/                   |             |
|    fps                  | 3           |
|    iterations           | 288         |
|    time_elapsed         | 40707       |
|    total_timesteps      | 147456      |
| train/                  |             |
|    approx_kl            | 0.003920147 |
|    clip_fraction        | 0.0361      |
|    clip_range           | 0.2         |
|    entropy_loss         | -0.739      |
|    explained_variance   | 0.326       |
|    learning_rate        | 0.0003      |
|    loss                 | -0.00248    |
|    n_updates            | 2870        |
|    policy_gradient_loss | -0.00519    |
|    value_loss           | 0.0519      |
-----------------------------------------
-----------------------------------------
| rollout/                |             |
|    ep_len_mean          | 483         |
|    ep_rew_mean          | 29.9        |
| time/                   |             |
|    fps                  | 3           |
|    iterations           | 289         |
|    time_elapsed         | 40794       |
|    total_timesteps      | 147968      |
| train/                  |             |
|    approx_kl            | 0.005357232 |
|    clip_fraction        | 0.0324      |
|    clip_range           | 0.2         |
|    entropy_loss         | -0.668      |
|    explained_variance   | 0.63        |
|    learning_rate        | 0.0003      |
|    loss                 | -0.0369     |
|    n_updates            | 2880        |
|    policy_gradient_loss | -0.00957    |
|    value_loss           | 0.0167      |
-----------------------------------------
-----------------------------------------
| rollout/                |             |
|    ep_len_mean          | 483         |
|    ep_rew_mean          | 29.9        |
| time/                   |             |
|    fps                  | 3           |
|    iterations           | 290         |
|    time_elapsed         | 40881       |
|    total_timesteps      | 148480      |
| train/                  |             |
|    approx_kl            | 0.010550054 |
|    clip_fraction        | 0.0984      |
|    clip_range           | 0.2         |
|    entropy_loss         | -0.615      |
|    explained_variance   | 0.763       |
|    learning_rate        | 0.0003      |
|    loss                 | 0.0041      |
|    n_updates            | 2890        |
|    policy_gradient_loss | -0.00897    |
|    value_loss           | 0.0149      |
-----------------------------------------
-----------------------------------------
| rollout/                |             |
|    ep_len_mean          | 483         |
|    ep_rew_mean          | 29.9        |
| time/                   |             |
|    fps                  | 3           |
|    iterations           | 291         |
|    time_elapsed         | 40968       |
|    total_timesteps      | 148992      |
| train/                  |             |
|    approx_kl            | 0.003937688 |
|    clip_fraction        | 0.015       |
|    clip_range           | 0.2         |
|    entropy_loss         | -0.594      |
|    explained_variance   | 0.212       |
|    learning_rate        | 0.0003      |
|    loss                 | -0.0416     |
|    n_updates            | 2900        |
|    policy_gradient_loss | -0.00919    |
|    value_loss           | 0.0194      |
-----------------------------------------
-----------------------------------------
| rollout/                |             |
|    ep_len_mean          | 488         |
|    ep_rew_mean          | 30.3        |
| time/                   |             |
|    fps                  | 3           |
|    iterations           | 292         |
|    time_elapsed         | 41054       |
|    total_timesteps      | 149504      |
| train/                  |             |
|    approx_kl            | 0.012221474 |
|    clip_fraction        | 0.0752      |
|    clip_range           | 0.2         |
|    entropy_loss         | -0.664      |
|    explained_variance   | 0.616       |
|    learning_rate        | 0.0003      |
|    loss                 | -0.0351     |
|    n_updates            | 2910        |
|    policy_gradient_loss | -0.0159     |
|    value_loss           | 0.00923     |
-----------------------------------------
-----------------------------------------
| rollout/                |             |
|    ep_len_mean          | 488         |
|    ep_rew_mean          | 30.3        |
| time/                   |             |
|    fps                  | 3           |
|    iterations           | 293         |
|    time_elapsed         | 41122       |
|    total_timesteps      | 150016      |
| train/                  |             |
|    approx_kl            | 0.004121867 |
|    clip_fraction        | 0.0229      |
|    clip_range           | 0.2         |
|    entropy_loss         | -0.686      |
|    explained_variance   | 0.144       |
|    learning_rate        | 0.0003      |
|    loss                 | -0.00633    |
|    n_updates            | 2920        |
|    policy_gradient_loss | -0.00221    |
|    value_loss           | 0.0135      |
-----------------------------------------
Saved trained model to data/processed/models/ppo_baseline_seed0.zip
