<frozen importlib._bootstrap>:491: RuntimeWarning: Your system is avx2 capable but pygame was not built with support for it. The performance of some of your blits could be adversely affected. Consider enabling compile time detection with environment variables like PYGAME_DETECT_AVX2=1 if you are compiling without cross compilation.
/home/masasa23/projects/personal/oink-oink/oink/network.py:72: UserWarning: Sparse invariant checks are implicitly disabled. Memory errors (e.g. SEGFAULT) will occur when operating on a sparse tensor which violates the invariants, but checks incur performance overhead. To silence this warning, explicitly opt in or out. See `torch.sparse.check_sparse_tensor_invariants.__doc__` for guidance.  (Triggered internally at /__w/pytorch/pytorch/aten/src/ATen/Context.cpp:848.)
  weight = torch.sparse_coo_tensor(self.indices, self.values, self.shape)
Using cpu device
---------------------------------
| rollout/           |          |
|    ep_len_mean     | 234      |
|    ep_rew_mean     | 4.05     |
| time/              |          |
|    fps             | 357      |
|    iterations      | 1        |
|    time_elapsed    | 1        |
|    total_timesteps | 512      |
---------------------------------
-----------------------------------------
| rollout/                |             |
|    ep_len_mean          | 228         |
|    ep_rew_mean          | 3.74        |
| time/                   |             |
|    fps                  | 11          |
|    iterations           | 2           |
|    time_elapsed         | 92          |
|    total_timesteps      | 1024        |
| train/                  |             |
|    approx_kl            | 0.009416617 |
|    clip_fraction        | 0.0352      |
|    clip_range           | 0.2         |
|    entropy_loss         | -1.09       |
|    explained_variance   | -0.0113     |
|    learning_rate        | 0.0003      |
|    loss                 | 1           |
|    n_updates            | 10          |
|    policy_gradient_loss | -0.00879    |
|    value_loss           | 2.02        |
-----------------------------------------
-----------------------------------------
| rollout/                |             |
|    ep_len_mean          | 281         |
|    ep_rew_mean          | 7.23        |
| time/                   |             |
|    fps                  | 8           |
|    iterations           | 3           |
|    time_elapsed         | 183         |
|    total_timesteps      | 1536        |
| train/                  |             |
|    approx_kl            | 0.009127304 |
|    clip_fraction        | 0.0623      |
|    clip_range           | 0.2         |
|    entropy_loss         | -1.1        |
|    explained_variance   | 0.144       |
|    learning_rate        | 0.0003      |
|    loss                 | 0.698       |
|    n_updates            | 20          |
|    policy_gradient_loss | -0.00688    |
|    value_loss           | 2.93        |
-----------------------------------------
-----------------------------------------
| rollout/                |             |
|    ep_len_mean          | 255         |
|    ep_rew_mean          | 5.55        |
| time/                   |             |
|    fps                  | 7           |
|    iterations           | 4           |
|    time_elapsed         | 268         |
|    total_timesteps      | 2048        |
| train/                  |             |
|    approx_kl            | 0.012202902 |
|    clip_fraction        | 0.145       |
|    clip_range           | 0.2         |
|    entropy_loss         | -1.09       |
|    explained_variance   | -0.344      |
|    learning_rate        | 0.0003      |
|    loss                 | 1.38        |
|    n_updates            | 30          |
|    policy_gradient_loss | -0.0119     |
|    value_loss           | 1.85        |
-----------------------------------------
-----------------------------------------
| rollout/                |             |
|    ep_len_mean          | 276         |
|    ep_rew_mean          | 8.06        |
| time/                   |             |
|    fps                  | 7           |
|    iterations           | 5           |
|    time_elapsed         | 355         |
|    total_timesteps      | 2560        |
| train/                  |             |
|    approx_kl            | 0.009126814 |
|    clip_fraction        | 0.0705      |
|    clip_range           | 0.2         |
|    entropy_loss         | -1.08       |
|    explained_variance   | 0.231       |
|    learning_rate        | 0.0003      |
|    loss                 | 1.76        |
|    n_updates            | 40          |
|    policy_gradient_loss | -0.00715    |
|    value_loss           | 2.43        |
-----------------------------------------
------------------------------------------
| rollout/                |              |
|    ep_len_mean          | 282          |
|    ep_rew_mean          | 8.3          |
| time/                   |              |
|    fps                  | 6            |
|    iterations           | 6            |
|    time_elapsed         | 444          |
|    total_timesteps      | 3072         |
| train/                  |              |
|    approx_kl            | 0.0046381066 |
|    clip_fraction        | 0.00723      |
|    clip_range           | 0.2          |
|    entropy_loss         | -1.08        |
|    explained_variance   | 0.0707       |
|    learning_rate        | 0.0003       |
|    loss                 | 0.743        |
|    n_updates            | 50           |
|    policy_gradient_loss | -0.00655     |
|    value_loss           | 1.93         |
------------------------------------------
------------------------------------------
| rollout/                |              |
|    ep_len_mean          | 302          |
|    ep_rew_mean          | 10.3         |
| time/                   |              |
|    fps                  | 6            |
|    iterations           | 7            |
|    time_elapsed         | 535          |
|    total_timesteps      | 3584         |
| train/                  |              |
|    approx_kl            | 0.0079098465 |
|    clip_fraction        | 0.0277       |
|    clip_range           | 0.2          |
|    entropy_loss         | -1.07        |
|    explained_variance   | 0.421        |
|    learning_rate        | 0.0003       |
|    loss                 | 0.342        |
|    n_updates            | 60           |
|    policy_gradient_loss | -0.00418     |
|    value_loss           | 1.38         |
------------------------------------------
-----------------------------------------
| rollout/                |             |
|    ep_len_mean          | 319         |
|    ep_rew_mean          | 12.1        |
| time/                   |             |
|    fps                  | 6           |
|    iterations           | 8           |
|    time_elapsed         | 620         |
|    total_timesteps      | 4096        |
| train/                  |             |
|    approx_kl            | 0.010128647 |
|    clip_fraction        | 0.0711      |
|    clip_range           | 0.2         |
|    entropy_loss         | -1.06       |
|    explained_variance   | 0.188       |
|    learning_rate        | 0.0003      |
|    loss                 | 0.0175      |
|    n_updates            | 70          |
|    policy_gradient_loss | -0.00247    |
|    value_loss           | 0.263       |
-----------------------------------------
-----------------------------------------
| rollout/                |             |
|    ep_len_mean          | 333         |
|    ep_rew_mean          | 13.6        |
| time/                   |             |
|    fps                  | 6           |
|    iterations           | 9           |
|    time_elapsed         | 709         |
|    total_timesteps      | 4608        |
| train/                  |             |
|    approx_kl            | 0.018795613 |
|    clip_fraction        | 0.178       |
|    clip_range           | 0.2         |
|    entropy_loss         | -0.983      |
|    explained_variance   | 0.362       |
|    learning_rate        | 0.0003      |
|    loss                 | 0.000922    |
|    n_updates            | 80          |
|    policy_gradient_loss | -0.00864    |
|    value_loss           | 0.142       |
-----------------------------------------
-----------------------------------------
| rollout/                |             |
|    ep_len_mean          | 344         |
|    ep_rew_mean          | 14.9        |
| time/                   |             |
|    fps                  | 6           |
|    iterations           | 10          |
|    time_elapsed         | 797         |
|    total_timesteps      | 5120        |
| train/                  |             |
|    approx_kl            | 0.005126245 |
|    clip_fraction        | 0.0602      |
|    clip_range           | 0.2         |
|    entropy_loss         | -0.978      |
|    explained_variance   | 0.378       |
|    learning_rate        | 0.0003      |
|    loss                 | 0.00584     |
|    n_updates            | 90          |
|    policy_gradient_loss | -0.013      |
|    value_loss           | 0.11        |
-----------------------------------------
------------------------------------------
| rollout/                |              |
|    ep_len_mean          | 355          |
|    ep_rew_mean          | 16           |
| time/                   |              |
|    fps                  | 6            |
|    iterations           | 11           |
|    time_elapsed         | 885          |
|    total_timesteps      | 5632         |
| train/                  |              |
|    approx_kl            | 0.0135409795 |
|    clip_fraction        | 0.131        |
|    clip_range           | 0.2          |
|    entropy_loss         | -0.985       |
|    explained_variance   | 0.175        |
|    learning_rate        | 0.0003       |
|    loss                 | 0.0212       |
|    n_updates            | 100          |
|    policy_gradient_loss | -0.00635     |
|    value_loss           | 0.129        |
------------------------------------------
-----------------------------------------
| rollout/                |             |
|    ep_len_mean          | 360         |
|    ep_rew_mean          | 15.8        |
| time/                   |             |
|    fps                  | 6           |
|    iterations           | 12          |
|    time_elapsed         | 973         |
|    total_timesteps      | 6144        |
| train/                  |             |
|    approx_kl            | 0.007888689 |
|    clip_fraction        | 0.0508      |
|    clip_range           | 0.2         |
|    entropy_loss         | -1          |
|    explained_variance   | 0.728       |
|    learning_rate        | 0.0003      |
|    loss                 | 0.00171     |
|    n_updates            | 110         |
|    policy_gradient_loss | -0.00391    |
|    value_loss           | 0.0458      |
-----------------------------------------
-----------------------------------------
| rollout/                |             |
|    ep_len_mean          | 323         |
|    ep_rew_mean          | 12.9        |
| time/                   |             |
|    fps                  | 6           |
|    iterations           | 13          |
|    time_elapsed         | 1062        |
|    total_timesteps      | 6656        |
| train/                  |             |
|    approx_kl            | 0.009098916 |
|    clip_fraction        | 0.0318      |
|    clip_range           | 0.2         |
|    entropy_loss         | -1.01       |
|    explained_variance   | -0.00955    |
|    learning_rate        | 0.0003      |
|    loss                 | 2.18        |
|    n_updates            | 120         |
|    policy_gradient_loss | -0.00151    |
|    value_loss           | 5.75        |
-----------------------------------------
-----------------------------------------
| rollout/                |             |
|    ep_len_mean          | 290         |
|    ep_rew_mean          | 10.2        |
| time/                   |             |
|    fps                  | 6           |
|    iterations           | 14          |
|    time_elapsed         | 1149        |
|    total_timesteps      | 7168        |
| train/                  |             |
|    approx_kl            | 0.013997411 |
|    clip_fraction        | 0.0453      |
|    clip_range           | 0.2         |
|    entropy_loss         | -1.02       |
|    explained_variance   | -0.00707    |
|    learning_rate        | 0.0003      |
|    loss                 | 2.99        |
|    n_updates            | 130         |
|    policy_gradient_loss | -0.000325   |
|    value_loss           | 7.48        |
-----------------------------------------
-----------------------------------------
| rollout/                |             |
|    ep_len_mean          | 273         |
|    ep_rew_mean          | 8.74        |
| time/                   |             |
|    fps                  | 6           |
|    iterations           | 15          |
|    time_elapsed         | 1233        |
|    total_timesteps      | 7680        |
| train/                  |             |
|    approx_kl            | 0.011637164 |
|    clip_fraction        | 0.0281      |
|    clip_range           | 0.2         |
|    entropy_loss         | -0.989      |
|    explained_variance   | 0.218       |
|    learning_rate        | 0.0003      |
|    loss                 | 2.71        |
|    n_updates            | 140         |
|    policy_gradient_loss | -0.00564    |
|    value_loss           | 7.11        |
-----------------------------------------
-----------------------------------------
| rollout/                |             |
|    ep_len_mean          | 256         |
|    ep_rew_mean          | 7.36        |
| time/                   |             |
|    fps                  | 6           |
|    iterations           | 16          |
|    time_elapsed         | 1318        |
|    total_timesteps      | 8192        |
| train/                  |             |
|    approx_kl            | 0.008252246 |
|    clip_fraction        | 0.0404      |
|    clip_range           | 0.2         |
|    entropy_loss         | -0.954      |
|    explained_variance   | 0.377       |
|    learning_rate        | 0.0003      |
|    loss                 | 1.58        |
|    n_updates            | 150         |
|    policy_gradient_loss | 0.00391     |
|    value_loss           | 3.9         |
-----------------------------------------
------------------------------------------
| rollout/                |              |
|    ep_len_mean          | 241          |
|    ep_rew_mean          | 6.23         |
| time/                   |              |
|    fps                  | 6            |
|    iterations           | 17           |
|    time_elapsed         | 1405         |
|    total_timesteps      | 8704         |
| train/                  |              |
|    approx_kl            | 0.0075514494 |
|    clip_fraction        | 0.0336       |
|    clip_range           | 0.2          |
|    entropy_loss         | -0.913       |
|    explained_variance   | 0.787        |
|    learning_rate        | 0.0003       |
|    loss                 | 0.271        |
|    n_updates            | 160          |
|    policy_gradient_loss | -0.00149     |
|    value_loss           | 1.54         |
------------------------------------------
-----------------------------------------
| rollout/                |             |
|    ep_len_mean          | 234         |
|    ep_rew_mean          | 5.6         |
| time/                   |             |
|    fps                  | 6           |
|    iterations           | 18          |
|    time_elapsed         | 1491        |
|    total_timesteps      | 9216        |
| train/                  |             |
|    approx_kl            | 0.004351573 |
|    clip_fraction        | 0.0123      |
|    clip_range           | 0.2         |
|    entropy_loss         | -0.867      |
|    explained_variance   | 0.936       |
|    learning_rate        | 0.0003      |
|    loss                 | 0.123       |
|    n_updates            | 170         |
|    policy_gradient_loss | -0.0012     |
|    value_loss           | 0.546       |
-----------------------------------------
-----------------------------------------
| rollout/                |             |
|    ep_len_mean          | 225         |
|    ep_rew_mean          | 4.88        |
| time/                   |             |
|    fps                  | 6           |
|    iterations           | 19          |
|    time_elapsed         | 1577        |
|    total_timesteps      | 9728        |
| train/                  |             |
|    approx_kl            | 0.005899031 |
|    clip_fraction        | 0.0277      |
|    clip_range           | 0.2         |
|    entropy_loss         | -0.834      |
|    explained_variance   | 0.976       |
|    learning_rate        | 0.0003      |
|    loss                 | 0.023       |
|    n_updates            | 180         |
|    policy_gradient_loss | -0.00572    |
|    value_loss           | 0.178       |
-----------------------------------------
------------------------------------------
| rollout/                |              |
|    ep_len_mean          | 219          |
|    ep_rew_mean          | 4.39         |
| time/                   |              |
|    fps                  | 3            |
|    iterations           | 20           |
|    time_elapsed         | 3101         |
|    total_timesteps      | 10240        |
| train/                  |              |
|    approx_kl            | 0.0068643787 |
|    clip_fraction        | 0.0783       |
|    clip_range           | 0.2          |
|    entropy_loss         | -0.795       |
|    explained_variance   | 0.992        |
|    learning_rate        | 0.0003       |
|    loss                 | 0.00717      |
|    n_updates            | 190          |
|    policy_gradient_loss | -0.00637     |
|    value_loss           | 0.0871       |
------------------------------------------
-----------------------------------------
| rollout/                |             |
|    ep_len_mean          | 214         |
|    ep_rew_mean          | 3.97        |
| time/                   |             |
|    fps                  | 3           |
|    iterations           | 21          |
|    time_elapsed         | 3185        |
|    total_timesteps      | 10752       |
| train/                  |             |
|    approx_kl            | 0.007043438 |
|    clip_fraction        | 0.0637      |
|    clip_range           | 0.2         |
|    entropy_loss         | -0.763      |
|    explained_variance   | 0.914       |
|    learning_rate        | 0.0003      |
|    loss                 | 0.155       |
|    n_updates            | 200         |
|    policy_gradient_loss | -0.00144    |
|    value_loss           | 0.883       |
-----------------------------------------
-----------------------------------------
| rollout/                |             |
|    ep_len_mean          | 208         |
|    ep_rew_mean          | 3.51        |
| time/                   |             |
|    fps                  | 3           |
|    iterations           | 22          |
|    time_elapsed         | 3268        |
|    total_timesteps      | 11264       |
| train/                  |             |
|    approx_kl            | 0.006163641 |
|    clip_fraction        | 0.0398      |
|    clip_range           | 0.2         |
|    entropy_loss         | -0.738      |
|    explained_variance   | 0.989       |
|    learning_rate        | 0.0003      |
|    loss                 | 0.00148     |
|    n_updates            | 210         |
|    policy_gradient_loss | -0.00418    |
|    value_loss           | 0.0792      |
-----------------------------------------
-----------------------------------------
| rollout/                |             |
|    ep_len_mean          | 203         |
|    ep_rew_mean          | 3.07        |
| time/                   |             |
|    fps                  | 3           |
|    iterations           | 23          |
|    time_elapsed         | 3355        |
|    total_timesteps      | 11776       |
| train/                  |             |
|    approx_kl            | 0.008251417 |
|    clip_fraction        | 0.0717      |
|    clip_range           | 0.2         |
|    entropy_loss         | -0.691      |
|    explained_variance   | 0.994       |
|    learning_rate        | 0.0003      |
|    loss                 | -0.0113     |
|    n_updates            | 220         |
|    policy_gradient_loss | -0.0139     |
|    value_loss           | 0.0366      |
-----------------------------------------
------------------------------------------
| rollout/                |              |
|    ep_len_mean          | 198          |
|    ep_rew_mean          | 2.71         |
| time/                   |              |
|    fps                  | 0            |
|    iterations           | 24           |
|    time_elapsed         | 18076        |
|    total_timesteps      | 12288        |
| train/                  |              |
|    approx_kl            | 0.0061511137 |
|    clip_fraction        | 0.048        |
|    clip_range           | 0.2          |
|    entropy_loss         | -0.765       |
|    explained_variance   | 0.981        |
|    learning_rate        | 0.0003       |
|    loss                 | 0.0048       |
|    n_updates            | 230          |
|    policy_gradient_loss | -0.00544     |
|    value_loss           | 0.0828       |
------------------------------------------
----------------------------------------
| rollout/                |            |
|    ep_len_mean          | 195        |
|    ep_rew_mean          | 2.48       |
| time/                   |            |
|    fps                  | 0          |
|    iterations           | 25         |
|    time_elapsed         | 18158      |
|    total_timesteps      | 12800      |
| train/                  |            |
|    approx_kl            | 0.00545949 |
|    clip_fraction        | 0.0383     |
|    clip_range           | 0.2        |
|    entropy_loss         | -0.69      |
|    explained_variance   | 0.987      |
|    learning_rate        | 0.0003     |
|    loss                 | -0.0151    |
|    n_updates            | 240        |
|    policy_gradient_loss | -0.000529  |
|    value_loss           | 0.0362     |
----------------------------------------
-----------------------------------------
| rollout/                |             |
|    ep_len_mean          | 191         |
|    ep_rew_mean          | 2.17        |
| time/                   |             |
|    fps                  | 0           |
|    iterations           | 26          |
|    time_elapsed         | 18242       |
|    total_timesteps      | 13312       |
| train/                  |             |
|    approx_kl            | 0.005556478 |
|    clip_fraction        | 0.0531      |
|    clip_range           | 0.2         |
|    entropy_loss         | -0.729      |
|    explained_variance   | 0.991       |
|    learning_rate        | 0.0003      |
|    loss                 | -0.0187     |
|    n_updates            | 250         |
|    policy_gradient_loss | -0.00842    |
|    value_loss           | 0.0514      |
-----------------------------------------
-----------------------------------------
| rollout/                |             |
|    ep_len_mean          | 189         |
|    ep_rew_mean          | 1.99        |
| time/                   |             |
|    fps                  | 0           |
|    iterations           | 27          |
|    time_elapsed         | 18325       |
|    total_timesteps      | 13824       |
| train/                  |             |
|    approx_kl            | 0.003490826 |
|    clip_fraction        | 0.0369      |
|    clip_range           | 0.2         |
|    entropy_loss         | -0.663      |
|    explained_variance   | 0.995       |
|    learning_rate        | 0.0003      |
|    loss                 | -0.00627    |
|    n_updates            | 260         |
|    policy_gradient_loss | -0.00609    |
|    value_loss           | 0.0242      |
-----------------------------------------
------------------------------------------
| rollout/                |              |
|    ep_len_mean          | 187          |
|    ep_rew_mean          | 1.82         |
| time/                   |              |
|    fps                  | 0            |
|    iterations           | 28           |
|    time_elapsed         | 18407        |
|    total_timesteps      | 14336        |
| train/                  |              |
|    approx_kl            | 0.0050048074 |
|    clip_fraction        | 0.0689       |
|    clip_range           | 0.2          |
|    entropy_loss         | -0.777       |
|    explained_variance   | 0.9          |
|    learning_rate        | 0.0003       |
|    loss                 | 0.525        |
|    n_updates            | 270          |
|    policy_gradient_loss | 0.00217      |
|    value_loss           | 0.54         |
------------------------------------------
-----------------------------------------
| rollout/                |             |
|    ep_len_mean          | 185         |
|    ep_rew_mean          | 1.63        |
| time/                   |             |
|    fps                  | 0           |
|    iterations           | 29          |
|    time_elapsed         | 18491       |
|    total_timesteps      | 14848       |
| train/                  |             |
|    approx_kl            | 0.012091933 |
|    clip_fraction        | 0.0775      |
|    clip_range           | 0.2         |
|    entropy_loss         | -0.768      |
|    explained_variance   | 0.962       |
|    learning_rate        | 0.0003      |
|    loss                 | 0.0301      |
|    n_updates            | 280         |
|    policy_gradient_loss | -0.00616    |
|    value_loss           | 0.108       |
-----------------------------------------
-----------------------------------------
| rollout/                |             |
|    ep_len_mean          | 182         |
|    ep_rew_mean          | 1.42        |
| time/                   |             |
|    fps                  | 0           |
|    iterations           | 30          |
|    time_elapsed         | 18574       |
|    total_timesteps      | 15360       |
| train/                  |             |
|    approx_kl            | 0.007567395 |
|    clip_fraction        | 0.0389      |
|    clip_range           | 0.2         |
|    entropy_loss         | -0.649      |
|    explained_variance   | 0.983       |
|    learning_rate        | 0.0003      |
|    loss                 | 0.0247      |
|    n_updates            | 290         |
|    policy_gradient_loss | -0.00366    |
|    value_loss           | 0.0459      |
-----------------------------------------
------------------------------------------
| rollout/                |              |
|    ep_len_mean          | 181          |
|    ep_rew_mean          | 1.3          |
| time/                   |              |
|    fps                  | 0            |
|    iterations           | 31           |
|    time_elapsed         | 18657        |
|    total_timesteps      | 15872        |
| train/                  |              |
|    approx_kl            | 0.0068969997 |
|    clip_fraction        | 0.0436       |
|    clip_range           | 0.2          |
|    entropy_loss         | -0.684       |
|    explained_variance   | 0.987        |
|    learning_rate        | 0.0003       |
|    loss                 | 0.01         |
|    n_updates            | 300          |
|    policy_gradient_loss | -0.00846     |
|    value_loss           | 0.0312       |
------------------------------------------
-----------------------------------------
| rollout/                |             |
|    ep_len_mean          | 181         |
|    ep_rew_mean          | 1.29        |
| time/                   |             |
|    fps                  | 0           |
|    iterations           | 32          |
|    time_elapsed         | 18739       |
|    total_timesteps      | 16384       |
| train/                  |             |
|    approx_kl            | 0.015797231 |
|    clip_fraction        | 0.154       |
|    clip_range           | 0.2         |
|    entropy_loss         | -0.742      |
|    explained_variance   | 0.815       |
|    learning_rate        | 0.0003      |
|    loss                 | 0.0939      |
|    n_updates            | 310         |
|    policy_gradient_loss | -0.00522    |
|    value_loss           | 0.991       |
-----------------------------------------
------------------------------------------
| rollout/                |              |
|    ep_len_mean          | 184          |
|    ep_rew_mean          | 1.44         |
| time/                   |              |
|    fps                  | 0            |
|    iterations           | 33           |
|    time_elapsed         | 18821        |
|    total_timesteps      | 16896        |
| train/                  |              |
|    approx_kl            | 0.0056499224 |
|    clip_fraction        | 0.0508       |
|    clip_range           | 0.2          |
|    entropy_loss         | -0.811       |
|    explained_variance   | 0.51         |
|    learning_rate        | 0.0003       |
|    loss                 | 0.385        |
|    n_updates            | 320          |
|    policy_gradient_loss | -0.000554    |
|    value_loss           | 1.84         |
------------------------------------------
------------------------------------------
| rollout/                |              |
|    ep_len_mean          | 184          |
|    ep_rew_mean          | 1.46         |
| time/                   |              |
|    fps                  | 0            |
|    iterations           | 34           |
|    time_elapsed         | 18903        |
|    total_timesteps      | 17408        |
| train/                  |              |
|    approx_kl            | 0.0048936876 |
|    clip_fraction        | 0.0668       |
|    clip_range           | 0.2          |
|    entropy_loss         | -0.751       |
|    explained_variance   | 0.712        |
|    learning_rate        | 0.0003       |
|    loss                 | 0.519        |
|    n_updates            | 330          |
|    policy_gradient_loss | -0.00432     |
|    value_loss           | 1.49         |
------------------------------------------
------------------------------------------
| rollout/                |              |
|    ep_len_mean          | 187          |
|    ep_rew_mean          | 1.78         |
| time/                   |              |
|    fps                  | 0            |
|    iterations           | 35           |
|    time_elapsed         | 18983        |
|    total_timesteps      | 17920        |
| train/                  |              |
|    approx_kl            | 0.0078035896 |
|    clip_fraction        | 0.04         |
|    clip_range           | 0.2          |
|    entropy_loss         | -0.631       |
|    explained_variance   | 0.76         |
|    learning_rate        | 0.0003       |
|    loss                 | 0.813        |
|    n_updates            | 340          |
|    policy_gradient_loss | -0.00217     |
|    value_loss           | 1.01         |
------------------------------------------
------------------------------------------
| rollout/                |              |
|    ep_len_mean          | 188          |
|    ep_rew_mean          | 1.82         |
| time/                   |              |
|    fps                  | 0            |
|    iterations           | 36           |
|    time_elapsed         | 19064        |
|    total_timesteps      | 18432        |
| train/                  |              |
|    approx_kl            | 0.0054990905 |
|    clip_fraction        | 0.0855       |
|    clip_range           | 0.2          |
|    entropy_loss         | -0.791       |
|    explained_variance   | -0.208       |
|    learning_rate        | 0.0003       |
|    loss                 | 0.0918       |
|    n_updates            | 350          |
|    policy_gradient_loss | 0.000992     |
|    value_loss           | 1.16         |
------------------------------------------
-----------------------------------------
| rollout/                |             |
|    ep_len_mean          | 191         |
|    ep_rew_mean          | 2.09        |
| time/                   |             |
|    fps                  | 0           |
|    iterations           | 37          |
|    time_elapsed         | 19148       |
|    total_timesteps      | 18944       |
| train/                  |             |
|    approx_kl            | 0.015726048 |
|    clip_fraction        | 0.118       |
|    clip_range           | 0.2         |
|    entropy_loss         | -0.687      |
|    explained_variance   | 0.391       |
|    learning_rate        | 0.0003      |
|    loss                 | 0.638       |
|    n_updates            | 360         |
|    policy_gradient_loss | -0.00839    |
|    value_loss           | 1.28        |
-----------------------------------------
-----------------------------------------
| rollout/                |             |
|    ep_len_mean          | 194         |
|    ep_rew_mean          | 2.38        |
| time/                   |             |
|    fps                  | 1           |
|    iterations           | 38          |
|    time_elapsed         | 19231       |
|    total_timesteps      | 19456       |
| train/                  |             |
|    approx_kl            | 0.006756908 |
|    clip_fraction        | 0.073       |
|    clip_range           | 0.2         |
|    entropy_loss         | -0.7        |
|    explained_variance   | 0.265       |
|    learning_rate        | 0.0003      |
|    loss                 | 0.117       |
|    n_updates            | 370         |
|    policy_gradient_loss | -0.00733    |
|    value_loss           | 1.03        |
-----------------------------------------
-----------------------------------------
| rollout/                |             |
|    ep_len_mean          | 194         |
|    ep_rew_mean          | 2.37        |
| time/                   |             |
|    fps                  | 1           |
|    iterations           | 39          |
|    time_elapsed         | 19314       |
|    total_timesteps      | 19968       |
| train/                  |             |
|    approx_kl            | 0.010217865 |
|    clip_fraction        | 0.0598      |
|    clip_range           | 0.2         |
|    entropy_loss         | -0.646      |
|    explained_variance   | 0.595       |
|    learning_rate        | 0.0003      |
|    loss                 | 0.0162      |
|    n_updates            | 380         |
|    policy_gradient_loss | -0.00398    |
|    value_loss           | 0.219       |
-----------------------------------------
-----------------------------------------
| rollout/                |             |
|    ep_len_mean          | 197         |
|    ep_rew_mean          | 2.66        |
| time/                   |             |
|    fps                  | 1           |
|    iterations           | 40          |
|    time_elapsed         | 19396       |
|    total_timesteps      | 20480       |
| train/                  |             |
|    approx_kl            | 0.021901228 |
|    clip_fraction        | 0.155       |
|    clip_range           | 0.2         |
|    entropy_loss         | -0.61       |
|    explained_variance   | 0.314       |
|    learning_rate        | 0.0003      |
|    loss                 | 2.32        |
|    n_updates            | 390         |
|    policy_gradient_loss | 0.000826    |
|    value_loss           | 3.03        |
-----------------------------------------
-----------------------------------------
| rollout/                |             |
|    ep_len_mean          | 200         |
|    ep_rew_mean          | 2.93        |
| time/                   |             |
|    fps                  | 1           |
|    iterations           | 41          |
|    time_elapsed         | 19479       |
|    total_timesteps      | 20992       |
| train/                  |             |
|    approx_kl            | 0.005201672 |
|    clip_fraction        | 0.0633      |
|    clip_range           | 0.2         |
|    entropy_loss         | -0.52       |
|    explained_variance   | 0.339       |
|    learning_rate        | 0.0003      |
|    loss                 | 0.054       |
|    n_updates            | 400         |
|    policy_gradient_loss | 0.00238     |
|    value_loss           | 0.428       |
-----------------------------------------
------------------------------------------
| rollout/                |              |
|    ep_len_mean          | 200          |
|    ep_rew_mean          | 3.04         |
| time/                   |              |
|    fps                  | 1            |
|    iterations           | 42           |
|    time_elapsed         | 19561        |
|    total_timesteps      | 21504        |
| train/                  |              |
|    approx_kl            | 0.0069144126 |
|    clip_fraction        | 0.082        |
|    clip_range           | 0.2          |
|    entropy_loss         | -0.52        |
|    explained_variance   | -0.236       |
|    learning_rate        | 0.0003       |
|    loss                 | -0.0208      |
|    n_updates            | 410          |
|    policy_gradient_loss | -0.0157      |
|    value_loss           | 0.213        |
------------------------------------------
-----------------------------------------
| rollout/                |             |
|    ep_len_mean          | 203         |
|    ep_rew_mean          | 3.34        |
| time/                   |             |
|    fps                  | 1           |
|    iterations           | 43          |
|    time_elapsed         | 19644       |
|    total_timesteps      | 22016       |
| train/                  |             |
|    approx_kl            | 0.008494303 |
|    clip_fraction        | 0.0643      |
|    clip_range           | 0.2         |
|    entropy_loss         | -0.521      |
|    explained_variance   | 0.0786      |
|    learning_rate        | 0.0003      |
|    loss                 | -0.0188     |
|    n_updates            | 420         |
|    policy_gradient_loss | -0.00692    |
|    value_loss           | 0.133       |
-----------------------------------------
------------------------------------------
| rollout/                |              |
|    ep_len_mean          | 206          |
|    ep_rew_mean          | 3.64         |
| time/                   |              |
|    fps                  | 1            |
|    iterations           | 44           |
|    time_elapsed         | 19730        |
|    total_timesteps      | 22528        |
| train/                  |              |
|    approx_kl            | 0.0035084998 |
|    clip_fraction        | 0.0498       |
|    clip_range           | 0.2          |
|    entropy_loss         | -0.449       |
|    explained_variance   | 0.579        |
|    learning_rate        | 0.0003       |
|    loss                 | 0.019        |
|    n_updates            | 430          |
|    policy_gradient_loss | -0.00724     |
|    value_loss           | 0.125        |
------------------------------------------
----------------------------------------
| rollout/                |            |
|    ep_len_mean          | 206        |
|    ep_rew_mean          | 3.64       |
| time/                   |            |
|    fps                  | 1          |
|    iterations           | 45         |
|    time_elapsed         | 19817      |
|    total_timesteps      | 23040      |
| train/                  |            |
|    approx_kl            | 0.00400544 |
|    clip_fraction        | 0.0459     |
|    clip_range           | 0.2        |
|    entropy_loss         | -0.48      |
|    explained_variance   | 0.452      |
|    learning_rate        | 0.0003     |
|    loss                 | 0.0135     |
|    n_updates            | 440        |
|    policy_gradient_loss | -0.00494   |
|    value_loss           | 0.0455     |
----------------------------------------
-----------------------------------------
| rollout/                |             |
|    ep_len_mean          | 209         |
|    ep_rew_mean          | 3.94        |
| time/                   |             |
|    fps                  | 1           |
|    iterations           | 46          |
|    time_elapsed         | 19902       |
|    total_timesteps      | 23552       |
| train/                  |             |
|    approx_kl            | 0.005080015 |
|    clip_fraction        | 0.0467      |
|    clip_range           | 0.2         |
|    entropy_loss         | -0.549      |
|    explained_variance   | 0.584       |
|    learning_rate        | 0.0003      |
|    loss                 | -0.00575    |
|    n_updates            | 450         |
|    policy_gradient_loss | -0.00759    |
|    value_loss           | 0.0501      |
-----------------------------------------
-----------------------------------------
| rollout/                |             |
|    ep_len_mean          | 210         |
|    ep_rew_mean          | 4.15        |
| time/                   |             |
|    fps                  | 1           |
|    iterations           | 47          |
|    time_elapsed         | 19991       |
|    total_timesteps      | 24064       |
| train/                  |             |
|    approx_kl            | 0.005110196 |
|    clip_fraction        | 0.0488      |
|    clip_range           | 0.2         |
|    entropy_loss         | -0.524      |
|    explained_variance   | 0.347       |
|    learning_rate        | 0.0003      |
|    loss                 | 0.0193      |
|    n_updates            | 460         |
|    policy_gradient_loss | -0.00259    |
|    value_loss           | 0.0757      |
-----------------------------------------
------------------------------------------
| rollout/                |              |
|    ep_len_mean          | 210          |
|    ep_rew_mean          | 4.16         |
| time/                   |              |
|    fps                  | 1            |
|    iterations           | 48           |
|    time_elapsed         | 20075        |
|    total_timesteps      | 24576        |
| train/                  |              |
|    approx_kl            | 0.0031325212 |
|    clip_fraction        | 0.027        |
|    clip_range           | 0.2          |
|    entropy_loss         | -0.54        |
|    explained_variance   | 0.339        |
|    learning_rate        | 0.0003       |
|    loss                 | 0.0131       |
|    n_updates            | 470          |
|    policy_gradient_loss | -0.000535    |
|    value_loss           | 0.0815       |
------------------------------------------
-----------------------------------------
| rollout/                |             |
|    ep_len_mean          | 210         |
|    ep_rew_mean          | 4.16        |
| time/                   |             |
|    fps                  | 1           |
|    iterations           | 49          |
|    time_elapsed         | 20164       |
|    total_timesteps      | 25088       |
| train/                  |             |
|    approx_kl            | 0.008851761 |
|    clip_fraction        | 0.105       |
|    clip_range           | 0.2         |
|    entropy_loss         | -0.485      |
|    explained_variance   | 0.667       |
|    learning_rate        | 0.0003      |
|    loss                 | -0.0485     |
|    n_updates            | 480         |
|    policy_gradient_loss | -0.0153     |
|    value_loss           | 0.0217      |
-----------------------------------------
-----------------------------------------
| rollout/                |             |
|    ep_len_mean          | 210         |
|    ep_rew_mean          | 4.16        |
| time/                   |             |
|    fps                  | 1           |
|    iterations           | 50          |
|    time_elapsed         | 20251       |
|    total_timesteps      | 25600       |
| train/                  |             |
|    approx_kl            | 0.004610009 |
|    clip_fraction        | 0.0555      |
|    clip_range           | 0.2         |
|    entropy_loss         | -0.561      |
|    explained_variance   | 0.135       |
|    learning_rate        | 0.0003      |
|    loss                 | 0.0129      |
|    n_updates            | 490         |
|    policy_gradient_loss | -0.00582    |
|    value_loss           | 0.0312      |
-----------------------------------------
------------------------------------------
| rollout/                |              |
|    ep_len_mean          | 210          |
|    ep_rew_mean          | 4.16         |
| time/                   |              |
|    fps                  | 1            |
|    iterations           | 51           |
|    time_elapsed         | 20336        |
|    total_timesteps      | 26112        |
| train/                  |              |
|    approx_kl            | 0.0047965953 |
|    clip_fraction        | 0.0311       |
|    clip_range           | 0.2          |
|    entropy_loss         | -0.567       |
|    explained_variance   | 0.545        |
|    learning_rate        | 0.0003       |
|    loss                 | -0.0125      |
|    n_updates            | 500          |
|    policy_gradient_loss | -0.00642     |
|    value_loss           | 0.0256       |
------------------------------------------
-----------------------------------------
| rollout/                |             |
|    ep_len_mean          | 206         |
|    ep_rew_mean          | 3.91        |
| time/                   |             |
|    fps                  | 1           |
|    iterations           | 52          |
|    time_elapsed         | 20423       |
|    total_timesteps      | 26624       |
| train/                  |             |
|    approx_kl            | 0.008897189 |
|    clip_fraction        | 0.082       |
|    clip_range           | 0.2         |
|    entropy_loss         | -0.581      |
|    explained_variance   | 0.39        |
|    learning_rate        | 0.0003      |
|    loss                 | 0.0127      |
|    n_updates            | 510         |
|    policy_gradient_loss | -0.0089     |
|    value_loss           | 0.0294      |
-----------------------------------------
-----------------------------------------
| rollout/                |             |
|    ep_len_mean          | 208         |
|    ep_rew_mean          | 4.13        |
| time/                   |             |
|    fps                  | 1           |
|    iterations           | 53          |
|    time_elapsed         | 20508       |
|    total_timesteps      | 27136       |
| train/                  |             |
|    approx_kl            | 0.018552262 |
|    clip_fraction        | 0.0836      |
|    clip_range           | 0.2         |
|    entropy_loss         | -0.415      |
|    explained_variance   | -0.0868     |
|    learning_rate        | 0.0003      |
|    loss                 | 1.25        |
|    n_updates            | 520         |
|    policy_gradient_loss | -0.00441    |
|    value_loss           | 2.67        |
-----------------------------------------
------------------------------------------
| rollout/                |              |
|    ep_len_mean          | 212          |
|    ep_rew_mean          | 4.46         |
| time/                   |              |
|    fps                  | 1            |
|    iterations           | 54           |
|    time_elapsed         | 20593        |
|    total_timesteps      | 27648        |
| train/                  |              |
|    approx_kl            | 0.0071766777 |
|    clip_fraction        | 0.0535       |
|    clip_range           | 0.2          |
|    entropy_loss         | -0.57        |
|    explained_variance   | -0.459       |
|    learning_rate        | 0.0003       |
|    loss                 | 0.0197       |
|    n_updates            | 530          |
|    policy_gradient_loss | 0.00349      |
|    value_loss           | 0.104        |
------------------------------------------
-----------------------------------------
| rollout/                |             |
|    ep_len_mean          | 215         |
|    ep_rew_mean          | 4.81        |
| time/                   |             |
|    fps                  | 1           |
|    iterations           | 55          |
|    time_elapsed         | 20682       |
|    total_timesteps      | 28160       |
| train/                  |             |
|    approx_kl            | 0.009455332 |
|    clip_fraction        | 0.112       |
|    clip_range           | 0.2         |
|    entropy_loss         | -0.514      |
|    explained_variance   | 0.773       |
|    learning_rate        | 0.0003      |
|    loss                 | -0.0237     |
|    n_updates            | 540         |
|    policy_gradient_loss | -0.00789    |
|    value_loss           | 0.0186      |
-----------------------------------------
-----------------------------------------
| rollout/                |             |
|    ep_len_mean          | 218         |
|    ep_rew_mean          | 4.99        |
| time/                   |             |
|    fps                  | 1           |
|    iterations           | 56          |
|    time_elapsed         | 20769       |
|    total_timesteps      | 28672       |
| train/                  |             |
|    approx_kl            | 0.021498114 |
|    clip_fraction        | 0.129       |
|    clip_range           | 0.2         |
|    entropy_loss         | -0.566      |
|    explained_variance   | 0.391       |
|    learning_rate        | 0.0003      |
|    loss                 | 0.00217     |
|    n_updates            | 550         |
|    policy_gradient_loss | -0.0123     |
|    value_loss           | 0.0235      |
-----------------------------------------
-----------------------------------------
| rollout/                |             |
|    ep_len_mean          | 224         |
|    ep_rew_mean          | 5.33        |
| time/                   |             |
|    fps                  | 1           |
|    iterations           | 57          |
|    time_elapsed         | 20855       |
|    total_timesteps      | 29184       |
| train/                  |             |
|    approx_kl            | 0.013595238 |
|    clip_fraction        | 0.0984      |
|    clip_range           | 0.2         |
|    entropy_loss         | -0.728      |
|    explained_variance   | -0.123      |
|    learning_rate        | 0.0003      |
|    loss                 | 3.12        |
|    n_updates            | 560         |
|    policy_gradient_loss | 0.00531     |
|    value_loss           | 3.07        |
-----------------------------------------
-----------------------------------------
| rollout/                |             |
|    ep_len_mean          | 225         |
|    ep_rew_mean          | 5.4         |
| time/                   |             |
|    fps                  | 1           |
|    iterations           | 58          |
|    time_elapsed         | 20939       |
|    total_timesteps      | 29696       |
| train/                  |             |
|    approx_kl            | 0.006804519 |
|    clip_fraction        | 0.067       |
|    clip_range           | 0.2         |
|    entropy_loss         | -0.688      |
|    explained_variance   | 0.437       |
|    learning_rate        | 0.0003      |
|    loss                 | 0.155       |
|    n_updates            | 570         |
|    policy_gradient_loss | 0.00571     |
|    value_loss           | 1.77        |
-----------------------------------------
---------------------------------------
| rollout/                |           |
|    ep_len_mean          | 228       |
|    ep_rew_mean          | 5.69      |
| time/                   |           |
|    fps                  | 1         |
|    iterations           | 59        |
|    time_elapsed         | 21021     |
|    total_timesteps      | 30208     |
| train/                  |           |
|    approx_kl            | 0.0244614 |
|    clip_fraction        | 0.15      |
|    clip_range           | 0.2       |
|    entropy_loss         | -0.624    |
|    explained_variance   | 0.768     |
|    learning_rate        | 0.0003    |
|    loss                 | 0.868     |
|    n_updates            | 580       |
|    policy_gradient_loss | 0.0112    |
|    value_loss           | 2.27      |
---------------------------------------
-----------------------------------------
| rollout/                |             |
|    ep_len_mean          | 231         |
|    ep_rew_mean          | 6.02        |
| time/                   |             |
|    fps                  | 1           |
|    iterations           | 60          |
|    time_elapsed         | 21106       |
|    total_timesteps      | 30720       |
| train/                  |             |
|    approx_kl            | 0.007169309 |
|    clip_fraction        | 0.0662      |
|    clip_range           | 0.2         |
|    entropy_loss         | -0.626      |
|    explained_variance   | 0.369       |
|    learning_rate        | 0.0003      |
|    loss                 | 0.0704      |
|    n_updates            | 590         |
|    policy_gradient_loss | -0.00367    |
|    value_loss           | 0.401       |
-----------------------------------------
-----------------------------------------
| rollout/                |             |
|    ep_len_mean          | 235         |
|    ep_rew_mean          | 6.37        |
| time/                   |             |
|    fps                  | 1           |
|    iterations           | 61          |
|    time_elapsed         | 21190       |
|    total_timesteps      | 31232       |
| train/                  |             |
|    approx_kl            | 0.005989305 |
|    clip_fraction        | 0.067       |
|    clip_range           | 0.2         |
|    entropy_loss         | -0.521      |
|    explained_variance   | 0.665       |
|    learning_rate        | 0.0003      |
|    loss                 | 0.00034     |
|    n_updates            | 600         |
|    policy_gradient_loss | -0.00678    |
|    value_loss           | 0.177       |
-----------------------------------------
-----------------------------------------
| rollout/                |             |
|    ep_len_mean          | 238         |
|    ep_rew_mean          | 6.7         |
| time/                   |             |
|    fps                  | 1           |
|    iterations           | 62          |
|    time_elapsed         | 21274       |
|    total_timesteps      | 31744       |
| train/                  |             |
|    approx_kl            | 0.011864873 |
|    clip_fraction        | 0.0758      |
|    clip_range           | 0.2         |
|    entropy_loss         | -0.646      |
|    explained_variance   | 0.431       |
|    learning_rate        | 0.0003      |
|    loss                 | 0.0803      |
|    n_updates            | 610         |
|    policy_gradient_loss | -0.00595    |
|    value_loss           | 0.19        |
-----------------------------------------
------------------------------------------
| rollout/                |              |
|    ep_len_mean          | 242          |
|    ep_rew_mean          | 7.04         |
| time/                   |              |
|    fps                  | 1            |
|    iterations           | 63           |
|    time_elapsed         | 21360        |
|    total_timesteps      | 32256        |
| train/                  |              |
|    approx_kl            | 0.0042986725 |
|    clip_fraction        | 0.0311       |
|    clip_range           | 0.2          |
|    entropy_loss         | -0.55        |
|    explained_variance   | 0.882        |
|    learning_rate        | 0.0003       |
|    loss                 | -0.000379    |
|    n_updates            | 620          |
|    policy_gradient_loss | -0.00694     |
|    value_loss           | 0.043        |
------------------------------------------
------------------------------------------
| rollout/                |              |
|    ep_len_mean          | 246          |
|    ep_rew_mean          | 7.38         |
| time/                   |              |
|    fps                  | 1            |
|    iterations           | 64           |
|    time_elapsed         | 21447        |
|    total_timesteps      | 32768        |
| train/                  |              |
|    approx_kl            | 0.0055869296 |
|    clip_fraction        | 0.0316       |
|    clip_range           | 0.2          |
|    entropy_loss         | -0.6         |
|    explained_variance   | 0.37         |
|    learning_rate        | 0.0003       |
|    loss                 | -0.00616     |
|    n_updates            | 630          |
|    policy_gradient_loss | -0.00622     |
|    value_loss           | 0.052        |
------------------------------------------
-----------------------------------------
| rollout/                |             |
|    ep_len_mean          | 249         |
|    ep_rew_mean          | 7.71        |
| time/                   |             |
|    fps                  | 1           |
|    iterations           | 65          |
|    time_elapsed         | 21531       |
|    total_timesteps      | 33280       |
| train/                  |             |
|    approx_kl            | 0.004247956 |
|    clip_fraction        | 0.0375      |
|    clip_range           | 0.2         |
|    entropy_loss         | -0.646      |
|    explained_variance   | 0.366       |
|    learning_rate        | 0.0003      |
|    loss                 | 0.0186      |
|    n_updates            | 640         |
|    policy_gradient_loss | -0.00337    |
|    value_loss           | 0.0291      |
-----------------------------------------
------------------------------------------
| rollout/                |              |
|    ep_len_mean          | 253          |
|    ep_rew_mean          | 8.06         |
| time/                   |              |
|    fps                  | 1            |
|    iterations           | 66           |
|    time_elapsed         | 21616        |
|    total_timesteps      | 33792        |
| train/                  |              |
|    approx_kl            | 0.0047173314 |
|    clip_fraction        | 0.0502       |
|    clip_range           | 0.2          |
|    entropy_loss         | -0.578       |
|    explained_variance   | 0.6          |
|    learning_rate        | 0.0003       |
|    loss                 | -0.0102      |
|    n_updates            | 650          |
|    policy_gradient_loss | -0.0087      |
|    value_loss           | 0.0243       |
------------------------------------------
------------------------------------------
| rollout/                |              |
|    ep_len_mean          | 257          |
|    ep_rew_mean          | 8.4          |
| time/                   |              |
|    fps                  | 1            |
|    iterations           | 67           |
|    time_elapsed         | 21699        |
|    total_timesteps      | 34304        |
| train/                  |              |
|    approx_kl            | 0.0065193484 |
|    clip_fraction        | 0.0814       |
|    clip_range           | 0.2          |
|    entropy_loss         | -0.58        |
|    explained_variance   | 0.65         |
|    learning_rate        | 0.0003       |
|    loss                 | -0.0112      |
|    n_updates            | 660          |
|    policy_gradient_loss | -0.00479     |
|    value_loss           | 0.0221       |
------------------------------------------
------------------------------------------
| rollout/                |              |
|    ep_len_mean          | 261          |
|    ep_rew_mean          | 8.74         |
| time/                   |              |
|    fps                  | 1            |
|    iterations           | 68           |
|    time_elapsed         | 21782        |
|    total_timesteps      | 34816        |
| train/                  |              |
|    approx_kl            | 0.0042504715 |
|    clip_fraction        | 0.0293       |
|    clip_range           | 0.2          |
|    entropy_loss         | -0.564       |
|    explained_variance   | 0.622        |
|    learning_rate        | 0.0003       |
|    loss                 | 0.00593      |
|    n_updates            | 670          |
|    policy_gradient_loss | -0.00237     |
|    value_loss           | 0.0237       |
------------------------------------------
-----------------------------------------
| rollout/                |             |
|    ep_len_mean          | 264         |
|    ep_rew_mean          | 8.96        |
| time/                   |             |
|    fps                  | 1           |
|    iterations           | 69          |
|    time_elapsed         | 21865       |
|    total_timesteps      | 35328       |
| train/                  |             |
|    approx_kl            | 0.010906858 |
|    clip_fraction        | 0.102       |
|    clip_range           | 0.2         |
|    entropy_loss         | -0.692      |
|    explained_variance   | 0.142       |
|    learning_rate        | 0.0003      |
|    loss                 | -0.00198    |
|    n_updates            | 680         |
|    policy_gradient_loss | -0.00817    |
|    value_loss           | 0.0693      |
-----------------------------------------
-----------------------------------------
| rollout/                |             |
|    ep_len_mean          | 268         |
|    ep_rew_mean          | 9.31        |
| time/                   |             |
|    fps                  | 1           |
|    iterations           | 70          |
|    time_elapsed         | 21948       |
|    total_timesteps      | 35840       |
| train/                  |             |
|    approx_kl            | 0.016031686 |
|    clip_fraction        | 0.0838      |
|    clip_range           | 0.2         |
|    entropy_loss         | -0.6        |
|    explained_variance   | 0.349       |
|    learning_rate        | 0.0003      |
|    loss                 | 0.182       |
|    n_updates            | 690         |
|    policy_gradient_loss | 0.00342     |
|    value_loss           | 1.66        |
-----------------------------------------
------------------------------------------
| rollout/                |              |
|    ep_len_mean          | 271          |
|    ep_rew_mean          | 9.64         |
| time/                   |              |
|    fps                  | 1            |
|    iterations           | 71           |
|    time_elapsed         | 22030        |
|    total_timesteps      | 36352        |
| train/                  |              |
|    approx_kl            | 0.0066068973 |
|    clip_fraction        | 0.0582       |
|    clip_range           | 0.2          |
|    entropy_loss         | -0.74        |
|    explained_variance   | -0.737       |
|    learning_rate        | 0.0003       |
|    loss                 | -0.00225     |
|    n_updates            | 700          |
|    policy_gradient_loss | -0.00614     |
|    value_loss           | 0.1          |
------------------------------------------
------------------------------------------
| rollout/                |              |
|    ep_len_mean          | 275          |
|    ep_rew_mean          | 9.97         |
| time/                   |              |
|    fps                  | 1            |
|    iterations           | 72           |
|    time_elapsed         | 22114        |
|    total_timesteps      | 36864        |
| train/                  |              |
|    approx_kl            | 0.0045348746 |
|    clip_fraction        | 0.0459       |
|    clip_range           | 0.2          |
|    entropy_loss         | -0.692       |
|    explained_variance   | 0.444        |
|    learning_rate        | 0.0003       |
|    loss                 | -0.0118      |
|    n_updates            | 710          |
|    policy_gradient_loss | -0.012       |
|    value_loss           | 0.0262       |
------------------------------------------
-----------------------------------------
| rollout/                |             |
|    ep_len_mean          | 279         |
|    ep_rew_mean          | 10.3        |
| time/                   |             |
|    fps                  | 1           |
|    iterations           | 73          |
|    time_elapsed         | 22198       |
|    total_timesteps      | 37376       |
| train/                  |             |
|    approx_kl            | 0.008019295 |
|    clip_fraction        | 0.0711      |
|    clip_range           | 0.2         |
|    entropy_loss         | -0.696      |
|    explained_variance   | 0.718       |
|    learning_rate        | 0.0003      |
|    loss                 | -0.0254     |
|    n_updates            | 720         |
|    policy_gradient_loss | -0.0132     |
|    value_loss           | 0.0169      |
-----------------------------------------
------------------------------------------
| rollout/                |              |
|    ep_len_mean          | 280          |
|    ep_rew_mean          | 10.4         |
| time/                   |              |
|    fps                  | 1            |
|    iterations           | 74           |
|    time_elapsed         | 22282        |
|    total_timesteps      | 37888        |
| train/                  |              |
|    approx_kl            | 0.0048677893 |
|    clip_fraction        | 0.0322       |
|    clip_range           | 0.2          |
|    entropy_loss         | -0.677       |
|    explained_variance   | 0.695        |
|    learning_rate        | 0.0003       |
|    loss                 | -0.00333     |
|    n_updates            | 730          |
|    policy_gradient_loss | -0.00504     |
|    value_loss           | 0.0194       |
------------------------------------------
------------------------------------------
| rollout/                |              |
|    ep_len_mean          | 284          |
|    ep_rew_mean          | 10.8         |
| time/                   |              |
|    fps                  | 1            |
|    iterations           | 75           |
|    time_elapsed         | 22366        |
|    total_timesteps      | 38400        |
| train/                  |              |
|    approx_kl            | 0.0061567896 |
|    clip_fraction        | 0.057        |
|    clip_range           | 0.2          |
|    entropy_loss         | -0.699       |
|    explained_variance   | -0.0356      |
|    learning_rate        | 0.0003       |
|    loss                 | 0.846        |
|    n_updates            | 740          |
|    policy_gradient_loss | -0.0158      |
|    value_loss           | 3.3          |
------------------------------------------
-----------------------------------------
| rollout/                |             |
|    ep_len_mean          | 291         |
|    ep_rew_mean          | 11.3        |
| time/                   |             |
|    fps                  | 1           |
|    iterations           | 76          |
|    time_elapsed         | 22450       |
|    total_timesteps      | 38912       |
| train/                  |             |
|    approx_kl            | 0.008131258 |
|    clip_fraction        | 0.0441      |
|    clip_range           | 0.2         |
|    entropy_loss         | -0.683      |
|    explained_variance   | 0.657       |
|    learning_rate        | 0.0003      |
|    loss                 | -0.000131   |
|    n_updates            | 750         |
|    policy_gradient_loss | -0.00435    |
|    value_loss           | 0.0378      |
-----------------------------------------
-----------------------------------------
| rollout/                |             |
|    ep_len_mean          | 291         |
|    ep_rew_mean          | 11.3        |
| time/                   |             |
|    fps                  | 1           |
|    iterations           | 77          |
|    time_elapsed         | 22535       |
|    total_timesteps      | 39424       |
| train/                  |             |
|    approx_kl            | 0.014705709 |
|    clip_fraction        | 0.111       |
|    clip_range           | 0.2         |
|    entropy_loss         | -0.811      |
|    explained_variance   | 0.414       |
|    learning_rate        | 0.0003      |
|    loss                 | 1.77        |
|    n_updates            | 760         |
|    policy_gradient_loss | 0.00394     |
|    value_loss           | 2.1         |
-----------------------------------------
-----------------------------------------
| rollout/                |             |
|    ep_len_mean          | 294         |
|    ep_rew_mean          | 11.7        |
| time/                   |             |
|    fps                  | 1           |
|    iterations           | 78          |
|    time_elapsed         | 22618       |
|    total_timesteps      | 39936       |
| train/                  |             |
|    approx_kl            | 0.011268128 |
|    clip_fraction        | 0.0646      |
|    clip_range           | 0.2         |
|    entropy_loss         | -0.745      |
|    explained_variance   | 0.0562      |
|    learning_rate        | 0.0003      |
|    loss                 | 0.202       |
|    n_updates            | 770         |
|    policy_gradient_loss | 0.00506     |
|    value_loss           | 0.86        |
-----------------------------------------
-----------------------------------------
| rollout/                |             |
|    ep_len_mean          | 297         |
|    ep_rew_mean          | 12          |
| time/                   |             |
|    fps                  | 1           |
|    iterations           | 79          |
|    time_elapsed         | 22703       |
|    total_timesteps      | 40448       |
| train/                  |             |
|    approx_kl            | 0.012497183 |
|    clip_fraction        | 0.0934      |
|    clip_range           | 0.2         |
|    entropy_loss         | -0.877      |
|    explained_variance   | 0.631       |
|    learning_rate        | 0.0003      |
|    loss                 | 0.0152      |
|    n_updates            | 780         |
|    policy_gradient_loss | -0.00432    |
|    value_loss           | 0.103       |
-----------------------------------------
----------------------------------------
| rollout/                |            |
|    ep_len_mean          | 301        |
|    ep_rew_mean          | 12.3       |
| time/                   |            |
|    fps                  | 1          |
|    iterations           | 80         |
|    time_elapsed         | 22787      |
|    total_timesteps      | 40960      |
| train/                  |            |
|    approx_kl            | 0.00680897 |
|    clip_fraction        | 0.0682     |
|    clip_range           | 0.2        |
|    entropy_loss         | -0.602     |
|    explained_variance   | 0.79       |
|    learning_rate        | 0.0003     |
|    loss                 | 0.00835    |
|    n_updates            | 790        |
|    policy_gradient_loss | -0.00241   |
|    value_loss           | 0.0296     |
----------------------------------------
----------------------------------------
| rollout/                |            |
|    ep_len_mean          | 305        |
|    ep_rew_mean          | 12.6       |
| time/                   |            |
|    fps                  | 1          |
|    iterations           | 81         |
|    time_elapsed         | 22873      |
|    total_timesteps      | 41472      |
| train/                  |            |
|    approx_kl            | 0.00605662 |
|    clip_fraction        | 0.0623     |
|    clip_range           | 0.2        |
|    entropy_loss         | -0.66      |
|    explained_variance   | 0.218      |
|    learning_rate        | 0.0003     |
|    loss                 | 0.0144     |
|    n_updates            | 800        |
|    policy_gradient_loss | -0.00663   |
|    value_loss           | 0.158      |
----------------------------------------
-----------------------------------------
| rollout/                |             |
|    ep_len_mean          | 308         |
|    ep_rew_mean          | 12.9        |
| time/                   |             |
|    fps                  | 1           |
|    iterations           | 82          |
|    time_elapsed         | 22959       |
|    total_timesteps      | 41984       |
| train/                  |             |
|    approx_kl            | 0.006966001 |
|    clip_fraction        | 0.0752      |
|    clip_range           | 0.2         |
|    entropy_loss         | -0.563      |
|    explained_variance   | 0.558       |
|    learning_rate        | 0.0003      |
|    loss                 | 0.00535     |
|    n_updates            | 810         |
|    policy_gradient_loss | -0.00616    |
|    value_loss           | 0.061       |
-----------------------------------------
-----------------------------------------
| rollout/                |             |
|    ep_len_mean          | 312         |
|    ep_rew_mean          | 13.3        |
| time/                   |             |
|    fps                  | 1           |
|    iterations           | 83          |
|    time_elapsed         | 23044       |
|    total_timesteps      | 42496       |
| train/                  |             |
|    approx_kl            | 0.003773312 |
|    clip_fraction        | 0.0295      |
|    clip_range           | 0.2         |
|    entropy_loss         | -0.547      |
|    explained_variance   | 0.349       |
|    learning_rate        | 0.0003      |
|    loss                 | -0.0031     |
|    n_updates            | 820         |
|    policy_gradient_loss | -0.00197    |
|    value_loss           | 0.0254      |
-----------------------------------------
------------------------------------------
| rollout/                |              |
|    ep_len_mean          | 316          |
|    ep_rew_mean          | 13.6         |
| time/                   |              |
|    fps                  | 1            |
|    iterations           | 84           |
|    time_elapsed         | 23128        |
|    total_timesteps      | 43008        |
| train/                  |              |
|    approx_kl            | 0.0050174007 |
|    clip_fraction        | 0.0361       |
|    clip_range           | 0.2          |
|    entropy_loss         | -0.622       |
|    explained_variance   | 0.575        |
|    learning_rate        | 0.0003       |
|    loss                 | -0.00112     |
|    n_updates            | 830          |
|    policy_gradient_loss | -0.00569     |
|    value_loss           | 0.0442       |
------------------------------------------
------------------------------------------
| rollout/                |              |
|    ep_len_mean          | 323          |
|    ep_rew_mean          | 14.3         |
| time/                   |              |
|    fps                  | 1            |
|    iterations           | 85           |
|    time_elapsed         | 23212        |
|    total_timesteps      | 43520        |
| train/                  |              |
|    approx_kl            | 0.0041382127 |
|    clip_fraction        | 0.0295       |
|    clip_range           | 0.2          |
|    entropy_loss         | -0.572       |
|    explained_variance   | 0.71         |
|    learning_rate        | 0.0003       |
|    loss                 | 0.0109       |
|    n_updates            | 840          |
|    policy_gradient_loss | -0.00178     |
|    value_loss           | 0.0108       |
------------------------------------------
------------------------------------------
| rollout/                |              |
|    ep_len_mean          | 326          |
|    ep_rew_mean          | 14.6         |
| time/                   |              |
|    fps                  | 1            |
|    iterations           | 86           |
|    time_elapsed         | 23296        |
|    total_timesteps      | 44032        |
| train/                  |              |
|    approx_kl            | 0.0058173467 |
|    clip_fraction        | 0.0375       |
|    clip_range           | 0.2          |
|    entropy_loss         | -0.658       |
|    explained_variance   | 0.217        |
|    learning_rate        | 0.0003       |
|    loss                 | 0.0128       |
|    n_updates            | 850          |
|    policy_gradient_loss | -0.00865     |
|    value_loss           | 0.0307       |
------------------------------------------
-----------------------------------------
| rollout/                |             |
|    ep_len_mean          | 330         |
|    ep_rew_mean          | 15          |
| time/                   |             |
|    fps                  | 1           |
|    iterations           | 87          |
|    time_elapsed         | 23381       |
|    total_timesteps      | 44544       |
| train/                  |             |
|    approx_kl            | 0.007899622 |
|    clip_fraction        | 0.0863      |
|    clip_range           | 0.2         |
|    entropy_loss         | -0.5        |
|    explained_variance   | 0.809       |
|    learning_rate        | 0.0003      |
|    loss                 | -0.00914    |
|    n_updates            | 860         |
|    policy_gradient_loss | -0.00711    |
|    value_loss           | 0.011       |
-----------------------------------------
-----------------------------------------
| rollout/                |             |
|    ep_len_mean          | 334         |
|    ep_rew_mean          | 15.3        |
| time/                   |             |
|    fps                  | 1           |
|    iterations           | 88          |
|    time_elapsed         | 23466       |
|    total_timesteps      | 45056       |
| train/                  |             |
|    approx_kl            | 0.010592405 |
|    clip_fraction        | 0.083       |
|    clip_range           | 0.2         |
|    entropy_loss         | -0.714      |
|    explained_variance   | 0.692       |
|    learning_rate        | 0.0003      |
|    loss                 | 0.0124      |
|    n_updates            | 870         |
|    policy_gradient_loss | -0.0101     |
|    value_loss           | 0.0246      |
-----------------------------------------
-----------------------------------------
| rollout/                |             |
|    ep_len_mean          | 338         |
|    ep_rew_mean          | 15.7        |
| time/                   |             |
|    fps                  | 1           |
|    iterations           | 89          |
|    time_elapsed         | 23551       |
|    total_timesteps      | 45568       |
| train/                  |             |
|    approx_kl            | 0.016224114 |
|    clip_fraction        | 0.0959      |
|    clip_range           | 0.2         |
|    entropy_loss         | -0.625      |
|    explained_variance   | 0.314       |
|    learning_rate        | 0.0003      |
|    loss                 | 0.0689      |
|    n_updates            | 880         |
|    policy_gradient_loss | -0.00804    |
|    value_loss           | 0.0219      |
-----------------------------------------
-----------------------------------------
| rollout/                |             |
|    ep_len_mean          | 341         |
|    ep_rew_mean          | 16          |
| time/                   |             |
|    fps                  | 1           |
|    iterations           | 90          |
|    time_elapsed         | 23633       |
|    total_timesteps      | 46080       |
| train/                  |             |
|    approx_kl            | 0.008845779 |
|    clip_fraction        | 0.0514      |
|    clip_range           | 0.2         |
|    entropy_loss         | -0.678      |
|    explained_variance   | 0.681       |
|    learning_rate        | 0.0003      |
|    loss                 | -0.000878   |
|    n_updates            | 890         |
|    policy_gradient_loss | -0.00517    |
|    value_loss           | 0.0154      |
-----------------------------------------
-----------------------------------------
| rollout/                |             |
|    ep_len_mean          | 345         |
|    ep_rew_mean          | 16.3        |
| time/                   |             |
|    fps                  | 1           |
|    iterations           | 91          |
|    time_elapsed         | 23717       |
|    total_timesteps      | 46592       |
| train/                  |             |
|    approx_kl            | 0.050032727 |
|    clip_fraction        | 0.289       |
|    clip_range           | 0.2         |
|    entropy_loss         | -0.712      |
|    explained_variance   | 0.593       |
|    learning_rate        | 0.0003      |
|    loss                 | 0.00158     |
|    n_updates            | 900         |
|    policy_gradient_loss | -0.0272     |
|    value_loss           | 0.0197      |
-----------------------------------------
-----------------------------------------
| rollout/                |             |
|    ep_len_mean          | 349         |
|    ep_rew_mean          | 16.7        |
| time/                   |             |
|    fps                  | 1           |
|    iterations           | 92          |
|    time_elapsed         | 23800       |
|    total_timesteps      | 47104       |
| train/                  |             |
|    approx_kl            | 0.010423994 |
|    clip_fraction        | 0.101       |
|    clip_range           | 0.2         |
|    entropy_loss         | -0.673      |
|    explained_variance   | 0.776       |
|    learning_rate        | 0.0003      |
|    loss                 | -0.0321     |
|    n_updates            | 910         |
|    policy_gradient_loss | -0.0163     |
|    value_loss           | 0.00949     |
-----------------------------------------
-----------------------------------------
| rollout/                |             |
|    ep_len_mean          | 352         |
|    ep_rew_mean          | 17          |
| time/                   |             |
|    fps                  | 1           |
|    iterations           | 93          |
|    time_elapsed         | 23885       |
|    total_timesteps      | 47616       |
| train/                  |             |
|    approx_kl            | 0.005876943 |
|    clip_fraction        | 0.0254      |
|    clip_range           | 0.2         |
|    entropy_loss         | -0.61       |
|    explained_variance   | 0.326       |
|    learning_rate        | 0.0003      |
|    loss                 | 0.00616     |
|    n_updates            | 920         |
|    policy_gradient_loss | -0.00293    |
|    value_loss           | 0.0582      |
-----------------------------------------
-----------------------------------------
| rollout/                |             |
|    ep_len_mean          | 355         |
|    ep_rew_mean          | 17.2        |
| time/                   |             |
|    fps                  | 2           |
|    iterations           | 94          |
|    time_elapsed         | 23969       |
|    total_timesteps      | 48128       |
| train/                  |             |
|    approx_kl            | 0.015412033 |
|    clip_fraction        | 0.102       |
|    clip_range           | 0.2         |
|    entropy_loss         | -0.599      |
|    explained_variance   | 0.0906      |
|    learning_rate        | 0.0003      |
|    loss                 | -0.0178     |
|    n_updates            | 930         |
|    policy_gradient_loss | -0.0114     |
|    value_loss           | 0.0382      |
-----------------------------------------
-----------------------------------------
| rollout/                |             |
|    ep_len_mean          | 359         |
|    ep_rew_mean          | 17.5        |
| time/                   |             |
|    fps                  | 2           |
|    iterations           | 95          |
|    time_elapsed         | 24053       |
|    total_timesteps      | 48640       |
| train/                  |             |
|    approx_kl            | 0.031883873 |
|    clip_fraction        | 0.188       |
|    clip_range           | 0.2         |
|    entropy_loss         | -0.714      |
|    explained_variance   | -0.113      |
|    learning_rate        | 0.0003      |
|    loss                 | 0.428       |
|    n_updates            | 940         |
|    policy_gradient_loss | 0.000502    |
|    value_loss           | 2.86        |
-----------------------------------------
-----------------------------------------
| rollout/                |             |
|    ep_len_mean          | 363         |
|    ep_rew_mean          | 17.9        |
| time/                   |             |
|    fps                  | 2           |
|    iterations           | 96          |
|    time_elapsed         | 24138       |
|    total_timesteps      | 49152       |
| train/                  |             |
|    approx_kl            | 0.008101632 |
|    clip_fraction        | 0.0639      |
|    clip_range           | 0.2         |
|    entropy_loss         | -0.696      |
|    explained_variance   | 0.236       |
|    learning_rate        | 0.0003      |
|    loss                 | -0.0127     |
|    n_updates            | 950         |
|    policy_gradient_loss | -0.0173     |
|    value_loss           | 0.0576      |
-----------------------------------------
-----------------------------------------
| rollout/                |             |
|    ep_len_mean          | 366         |
|    ep_rew_mean          | 18.2        |
| time/                   |             |
|    fps                  | 2           |
|    iterations           | 97          |
|    time_elapsed         | 24222       |
|    total_timesteps      | 49664       |
| train/                  |             |
|    approx_kl            | 0.008986801 |
|    clip_fraction        | 0.0359      |
|    clip_range           | 0.2         |
|    entropy_loss         | -0.651      |
|    explained_variance   | 0.691       |
|    learning_rate        | 0.0003      |
|    loss                 | -0.00482    |
|    n_updates            | 960         |
|    policy_gradient_loss | -0.00715    |
|    value_loss           | 0.0136      |
-----------------------------------------
------------------------------------------
| rollout/                |              |
|    ep_len_mean          | 370          |
|    ep_rew_mean          | 18.6         |
| time/                   |              |
|    fps                  | 2            |
|    iterations           | 98           |
|    time_elapsed         | 24306        |
|    total_timesteps      | 50176        |
| train/                  |              |
|    approx_kl            | 0.0054498753 |
|    clip_fraction        | 0.0437       |
|    clip_range           | 0.2          |
|    entropy_loss         | -0.583       |
|    explained_variance   | 0.593        |
|    learning_rate        | 0.0003       |
|    loss                 | 0.0227       |
|    n_updates            | 970          |
|    policy_gradient_loss | -0.00387     |
|    value_loss           | 0.018        |
------------------------------------------
-----------------------------------------
| rollout/                |             |
|    ep_len_mean          | 374         |
|    ep_rew_mean          | 18.9        |
| time/                   |             |
|    fps                  | 2           |
|    iterations           | 99          |
|    time_elapsed         | 24392       |
|    total_timesteps      | 50688       |
| train/                  |             |
|    approx_kl            | 0.011817275 |
|    clip_fraction        | 0.0979      |
|    clip_range           | 0.2         |
|    entropy_loss         | -0.557      |
|    explained_variance   | 0.7         |
|    learning_rate        | 0.0003      |
|    loss                 | -0.0119     |
|    n_updates            | 980         |
|    policy_gradient_loss | -0.00743    |
|    value_loss           | 0.0124      |
-----------------------------------------
------------------------------------------
| rollout/                |              |
|    ep_len_mean          | 377          |
|    ep_rew_mean          | 19.3         |
| time/                   |              |
|    fps                  | 2            |
|    iterations           | 100          |
|    time_elapsed         | 24475        |
|    total_timesteps      | 51200        |
| train/                  |              |
|    approx_kl            | 0.0021703583 |
|    clip_fraction        | 0.026        |
|    clip_range           | 0.2          |
|    entropy_loss         | -0.52        |
|    explained_variance   | 0.407        |
|    learning_rate        | 0.0003       |
|    loss                 | -0.0205      |
|    n_updates            | 990          |
|    policy_gradient_loss | -0.00232     |
|    value_loss           | 0.0138       |
------------------------------------------
-----------------------------------------
| rollout/                |             |
|    ep_len_mean          | 380         |
|    ep_rew_mean          | 19.6        |
| time/                   |             |
|    fps                  | 2           |
|    iterations           | 101         |
|    time_elapsed         | 24560       |
|    total_timesteps      | 51712       |
| train/                  |             |
|    approx_kl            | 0.004827601 |
|    clip_fraction        | 0.0344      |
|    clip_range           | 0.2         |
|    entropy_loss         | -0.542      |
|    explained_variance   | 0.635       |
|    learning_rate        | 0.0003      |
|    loss                 | -0.0115     |
|    n_updates            | 1000        |
|    policy_gradient_loss | -0.0038     |
|    value_loss           | 0.0114      |
-----------------------------------------
------------------------------------------
| rollout/                |              |
|    ep_len_mean          | 384          |
|    ep_rew_mean          | 19.9         |
| time/                   |              |
|    fps                  | 2            |
|    iterations           | 102          |
|    time_elapsed         | 24644        |
|    total_timesteps      | 52224        |
| train/                  |              |
|    approx_kl            | 0.0058327746 |
|    clip_fraction        | 0.0645       |
|    clip_range           | 0.2          |
|    entropy_loss         | -0.482       |
|    explained_variance   | 0.685        |
|    learning_rate        | 0.0003       |
|    loss                 | -0.00364     |
|    n_updates            | 1010         |
|    policy_gradient_loss | -0.00647     |
|    value_loss           | 0.016        |
------------------------------------------
-----------------------------------------
| rollout/                |             |
|    ep_len_mean          | 388         |
|    ep_rew_mean          | 20.2        |
| time/                   |             |
|    fps                  | 2           |
|    iterations           | 103         |
|    time_elapsed         | 24727       |
|    total_timesteps      | 52736       |
| train/                  |             |
|    approx_kl            | 0.002640678 |
|    clip_fraction        | 0.041       |
|    clip_range           | 0.2         |
|    entropy_loss         | -0.464      |
|    explained_variance   | 0.395       |
|    learning_rate        | 0.0003      |
|    loss                 | -0.00647    |
|    n_updates            | 1020        |
|    policy_gradient_loss | -0.00396    |
|    value_loss           | 0.018       |
-----------------------------------------
------------------------------------------
| rollout/                |              |
|    ep_len_mean          | 391          |
|    ep_rew_mean          | 20.6         |
| time/                   |              |
|    fps                  | 2            |
|    iterations           | 104          |
|    time_elapsed         | 24812        |
|    total_timesteps      | 53248        |
| train/                  |              |
|    approx_kl            | 0.0048410418 |
|    clip_fraction        | 0.041        |
|    clip_range           | 0.2          |
|    entropy_loss         | -0.34        |
|    explained_variance   | 0.44         |
|    learning_rate        | 0.0003       |
|    loss                 | -0.0136      |
|    n_updates            | 1030         |
|    policy_gradient_loss | -0.00578     |
|    value_loss           | 0.0113       |
------------------------------------------
-------------------------------------------
| rollout/                |               |
|    ep_len_mean          | 395           |
|    ep_rew_mean          | 20.9          |
| time/                   |               |
|    fps                  | 2             |
|    iterations           | 105           |
|    time_elapsed         | 24896         |
|    total_timesteps      | 53760         |
| train/                  |               |
|    approx_kl            | 0.00063171645 |
|    clip_fraction        | 0.00996       |
|    clip_range           | 0.2           |
|    entropy_loss         | -0.408        |
|    explained_variance   | 0.792         |
|    learning_rate        | 0.0003        |
|    loss                 | 0.00344       |
|    n_updates            | 1040          |
|    policy_gradient_loss | -0.000381     |
|    value_loss           | 0.00714       |
-------------------------------------------
-----------------------------------------
| rollout/                |             |
|    ep_len_mean          | 399         |
|    ep_rew_mean          | 21.2        |
| time/                   |             |
|    fps                  | 2           |
|    iterations           | 106         |
|    time_elapsed         | 24979       |
|    total_timesteps      | 54272       |
| train/                  |             |
|    approx_kl            | 0.005092782 |
|    clip_fraction        | 0.0406      |
|    clip_range           | 0.2         |
|    entropy_loss         | -0.364      |
|    explained_variance   | 0.727       |
|    learning_rate        | 0.0003      |
|    loss                 | -0.0107     |
|    n_updates            | 1050        |
|    policy_gradient_loss | -0.00506    |
|    value_loss           | 0.00963     |
-----------------------------------------
------------------------------------------
| rollout/                |              |
|    ep_len_mean          | 402          |
|    ep_rew_mean          | 21.6         |
| time/                   |              |
|    fps                  | 2            |
|    iterations           | 107          |
|    time_elapsed         | 25062        |
|    total_timesteps      | 54784        |
| train/                  |              |
|    approx_kl            | 0.0018833176 |
|    clip_fraction        | 0.0199       |
|    clip_range           | 0.2          |
|    entropy_loss         | -0.336       |
|    explained_variance   | 0.89         |
|    learning_rate        | 0.0003       |
|    loss                 | -0.00189     |
|    n_updates            | 1060         |
|    policy_gradient_loss | -0.00476     |
|    value_loss           | 0.0064       |
------------------------------------------
------------------------------------------
| rollout/                |              |
|    ep_len_mean          | 406          |
|    ep_rew_mean          | 21.9         |
| time/                   |              |
|    fps                  | 2            |
|    iterations           | 108          |
|    time_elapsed         | 25144        |
|    total_timesteps      | 55296        |
| train/                  |              |
|    approx_kl            | 0.0045971936 |
|    clip_fraction        | 0.043        |
|    clip_range           | 0.2          |
|    entropy_loss         | -0.356       |
|    explained_variance   | 0.678        |
|    learning_rate        | 0.0003       |
|    loss                 | 0.0126       |
|    n_updates            | 1070         |
|    policy_gradient_loss | -0.00393     |
|    value_loss           | 0.00709      |
------------------------------------------
------------------------------------------
| rollout/                |              |
|    ep_len_mean          | 409          |
|    ep_rew_mean          | 22.3         |
| time/                   |              |
|    fps                  | 2            |
|    iterations           | 109          |
|    time_elapsed         | 25230        |
|    total_timesteps      | 55808        |
| train/                  |              |
|    approx_kl            | 0.0056682555 |
|    clip_fraction        | 0.027        |
|    clip_range           | 0.2          |
|    entropy_loss         | -0.333       |
|    explained_variance   | 0.458        |
|    learning_rate        | 0.0003       |
|    loss                 | -0.00475     |
|    n_updates            | 1080         |
|    policy_gradient_loss | -0.00136     |
|    value_loss           | 0.0506       |
------------------------------------------
------------------------------------------
| rollout/                |              |
|    ep_len_mean          | 413          |
|    ep_rew_mean          | 22.6         |
| time/                   |              |
|    fps                  | 2            |
|    iterations           | 110          |
|    time_elapsed         | 25313        |
|    total_timesteps      | 56320        |
| train/                  |              |
|    approx_kl            | 0.0083801225 |
|    clip_fraction        | 0.0406       |
|    clip_range           | 0.2          |
|    entropy_loss         | -0.28        |
|    explained_variance   | 0.902        |
|    learning_rate        | 0.0003       |
|    loss                 | -0.00319     |
|    n_updates            | 1090         |
|    policy_gradient_loss | -0.00669     |
|    value_loss           | 0.00365      |
------------------------------------------
------------------------------------------
| rollout/                |              |
|    ep_len_mean          | 417          |
|    ep_rew_mean          | 22.9         |
| time/                   |              |
|    fps                  | 2            |
|    iterations           | 111          |
|    time_elapsed         | 25397        |
|    total_timesteps      | 56832        |
| train/                  |              |
|    approx_kl            | 0.0029892097 |
|    clip_fraction        | 0.0234       |
|    clip_range           | 0.2          |
|    entropy_loss         | -0.33        |
|    explained_variance   | 0.648        |
|    learning_rate        | 0.0003       |
|    loss                 | -0.00334     |
|    n_updates            | 1100         |
|    policy_gradient_loss | -0.00342     |
|    value_loss           | 0.0101       |
------------------------------------------
------------------------------------------
| rollout/                |              |
|    ep_len_mean          | 420          |
|    ep_rew_mean          | 23.3         |
| time/                   |              |
|    fps                  | 2            |
|    iterations           | 112          |
|    time_elapsed         | 25483        |
|    total_timesteps      | 57344        |
| train/                  |              |
|    approx_kl            | 0.0038126847 |
|    clip_fraction        | 0.0328       |
|    clip_range           | 0.2          |
|    entropy_loss         | -0.388       |
|    explained_variance   | 0.838        |
|    learning_rate        | 0.0003       |
|    loss                 | 2.53e-05     |
|    n_updates            | 1110         |
|    policy_gradient_loss | -0.0071      |
|    value_loss           | 0.00893      |
------------------------------------------
------------------------------------------
| rollout/                |              |
|    ep_len_mean          | 424          |
|    ep_rew_mean          | 23.6         |
| time/                   |              |
|    fps                  | 2            |
|    iterations           | 113          |
|    time_elapsed         | 25569        |
|    total_timesteps      | 57856        |
| train/                  |              |
|    approx_kl            | 0.0053528864 |
|    clip_fraction        | 0.0629       |
|    clip_range           | 0.2          |
|    entropy_loss         | -0.385       |
|    explained_variance   | 0.572        |
|    learning_rate        | 0.0003       |
|    loss                 | -0.0143      |
|    n_updates            | 1120         |
|    policy_gradient_loss | -0.011       |
|    value_loss           | 0.00967      |
------------------------------------------
------------------------------------------
| rollout/                |              |
|    ep_len_mean          | 428          |
|    ep_rew_mean          | 24           |
| time/                   |              |
|    fps                  | 2            |
|    iterations           | 114          |
|    time_elapsed         | 25653        |
|    total_timesteps      | 58368        |
| train/                  |              |
|    approx_kl            | 0.0019087321 |
|    clip_fraction        | 0.0111       |
|    clip_range           | 0.2          |
|    entropy_loss         | -0.335       |
|    explained_variance   | 0.8          |
|    learning_rate        | 0.0003       |
|    loss                 | 0.0244       |
|    n_updates            | 1130         |
|    policy_gradient_loss | -0.00517     |
|    value_loss           | 0.00737      |
------------------------------------------
----------------------------------------
| rollout/                |            |
|    ep_len_mean          | 432        |
|    ep_rew_mean          | 24.3       |
| time/                   |            |
|    fps                  | 2          |
|    iterations           | 115        |
|    time_elapsed         | 25737      |
|    total_timesteps      | 58880      |
| train/                  |            |
|    approx_kl            | 0.01390009 |
|    clip_fraction        | 0.0688     |
|    clip_range           | 0.2        |
|    entropy_loss         | -0.516     |
|    explained_variance   | 0.788      |
|    learning_rate        | 0.0003     |
|    loss                 | -0.0103    |
|    n_updates            | 1140       |
|    policy_gradient_loss | -0.0129    |
|    value_loss           | 0.00638    |
----------------------------------------
------------------------------------------
| rollout/                |              |
|    ep_len_mean          | 435          |
|    ep_rew_mean          | 24.6         |
| time/                   |              |
|    fps                  | 2            |
|    iterations           | 116          |
|    time_elapsed         | 25821        |
|    total_timesteps      | 59392        |
| train/                  |              |
|    approx_kl            | 0.0029978175 |
|    clip_fraction        | 0.0211       |
|    clip_range           | 0.2          |
|    entropy_loss         | -0.421       |
|    explained_variance   | 0.555        |
|    learning_rate        | 0.0003       |
|    loss                 | -0.00791     |
|    n_updates            | 1150         |
|    policy_gradient_loss | -0.00335     |
|    value_loss           | 0.0121       |
------------------------------------------
----------------------------------------
| rollout/                |            |
|    ep_len_mean          | 439        |
|    ep_rew_mean          | 25         |
| time/                   |            |
|    fps                  | 2          |
|    iterations           | 117        |
|    time_elapsed         | 25904      |
|    total_timesteps      | 59904      |
| train/                  |            |
|    approx_kl            | 0.01973885 |
|    clip_fraction        | 0.161      |
|    clip_range           | 0.2        |
|    entropy_loss         | -0.474     |
|    explained_variance   | 0.333      |
|    learning_rate        | 0.0003     |
|    loss                 | 0.00874    |
|    n_updates            | 1160       |
|    policy_gradient_loss | -0.0185    |
|    value_loss           | 0.0208     |
----------------------------------------
-----------------------------------------
| rollout/                |             |
|    ep_len_mean          | 441         |
|    ep_rew_mean          | 25.2        |
| time/                   |             |
|    fps                  | 2           |
|    iterations           | 118         |
|    time_elapsed         | 25989       |
|    total_timesteps      | 60416       |
| train/                  |             |
|    approx_kl            | 0.007097073 |
|    clip_fraction        | 0.0572      |
|    clip_range           | 0.2         |
|    entropy_loss         | -0.6        |
|    explained_variance   | 0.286       |
|    learning_rate        | 0.0003      |
|    loss                 | -0.00124    |
|    n_updates            | 1170        |
|    policy_gradient_loss | -0.00526    |
|    value_loss           | 0.0171      |
-----------------------------------------
-----------------------------------------
| rollout/                |             |
|    ep_len_mean          | 445         |
|    ep_rew_mean          | 25.6        |
| time/                   |             |
|    fps                  | 2           |
|    iterations           | 119         |
|    time_elapsed         | 26071       |
|    total_timesteps      | 60928       |
| train/                  |             |
|    approx_kl            | 0.005580416 |
|    clip_fraction        | 0.0389      |
|    clip_range           | 0.2         |
|    entropy_loss         | -0.56       |
|    explained_variance   | 0.524       |
|    learning_rate        | 0.0003      |
|    loss                 | -0.00104    |
|    n_updates            | 1180        |
|    policy_gradient_loss | -0.00144    |
|    value_loss           | 0.0193      |
-----------------------------------------
-----------------------------------------
| rollout/                |             |
|    ep_len_mean          | 446         |
|    ep_rew_mean          | 25.8        |
| time/                   |             |
|    fps                  | 2           |
|    iterations           | 120         |
|    time_elapsed         | 26157       |
|    total_timesteps      | 61440       |
| train/                  |             |
|    approx_kl            | 0.005991728 |
|    clip_fraction        | 0.0768      |
|    clip_range           | 0.2         |
|    entropy_loss         | -0.429      |
|    explained_variance   | 0.864       |
|    learning_rate        | 0.0003      |
|    loss                 | 0.00209     |
|    n_updates            | 1190        |
|    policy_gradient_loss | -0.00477    |
|    value_loss           | 0.00648     |
-----------------------------------------
------------------------------------------
| rollout/                |              |
|    ep_len_mean          | 450          |
|    ep_rew_mean          | 26.1         |
| time/                   |              |
|    fps                  | 2            |
|    iterations           | 121          |
|    time_elapsed         | 26240        |
|    total_timesteps      | 61952        |
| train/                  |              |
|    approx_kl            | 0.0062241266 |
|    clip_fraction        | 0.0346       |
|    clip_range           | 0.2          |
|    entropy_loss         | -0.493       |
|    explained_variance   | 0.666        |
|    learning_rate        | 0.0003       |
|    loss                 | -0.0136      |
|    n_updates            | 1200         |
|    policy_gradient_loss | -0.00579     |
|    value_loss           | 0.0111       |
------------------------------------------
-----------------------------------------
| rollout/                |             |
|    ep_len_mean          | 452         |
|    ep_rew_mean          | 26.4        |
| time/                   |             |
|    fps                  | 2           |
|    iterations           | 122         |
|    time_elapsed         | 26325       |
|    total_timesteps      | 62464       |
| train/                  |             |
|    approx_kl            | 0.017305732 |
|    clip_fraction        | 0.144       |
|    clip_range           | 0.2         |
|    entropy_loss         | -0.484      |
|    explained_variance   | 0.798       |
|    learning_rate        | 0.0003      |
|    loss                 | -0.00849    |
|    n_updates            | 1210        |
|    policy_gradient_loss | -0.0173     |
|    value_loss           | 0.0106      |
-----------------------------------------
------------------------------------------
| rollout/                |              |
|    ep_len_mean          | 454          |
|    ep_rew_mean          | 26.6         |
| time/                   |              |
|    fps                  | 2            |
|    iterations           | 123          |
|    time_elapsed         | 26411        |
|    total_timesteps      | 62976        |
| train/                  |              |
|    approx_kl            | 0.0018933355 |
|    clip_fraction        | 0.0102       |
|    clip_range           | 0.2          |
|    entropy_loss         | -0.298       |
|    explained_variance   | 0.823        |
|    learning_rate        | 0.0003       |
|    loss                 | 0.0196       |
|    n_updates            | 1220         |
|    policy_gradient_loss | -0.00231     |
|    value_loss           | 0.00503      |
------------------------------------------
-----------------------------------------
| rollout/                |             |
|    ep_len_mean          | 458         |
|    ep_rew_mean          | 26.9        |
| time/                   |             |
|    fps                  | 2           |
|    iterations           | 124         |
|    time_elapsed         | 26497       |
|    total_timesteps      | 63488       |
| train/                  |             |
|    approx_kl            | 0.002061279 |
|    clip_fraction        | 0.0176      |
|    clip_range           | 0.2         |
|    entropy_loss         | -0.233      |
|    explained_variance   | 0.697       |
|    learning_rate        | 0.0003      |
|    loss                 | -0.00369    |
|    n_updates            | 1230        |
|    policy_gradient_loss | -0.0022     |
|    value_loss           | 0.0109      |
-----------------------------------------
-----------------------------------------
| rollout/                |             |
|    ep_len_mean          | 458         |
|    ep_rew_mean          | 26.9        |
| time/                   |             |
|    fps                  | 2           |
|    iterations           | 125         |
|    time_elapsed         | 26583       |
|    total_timesteps      | 64000       |
| train/                  |             |
|    approx_kl            | 0.002694445 |
|    clip_fraction        | 0.0221      |
|    clip_range           | 0.2         |
|    entropy_loss         | -0.347      |
|    explained_variance   | 0.876       |
|    learning_rate        | 0.0003      |
|    loss                 | -0.00306    |
|    n_updates            | 1240        |
|    policy_gradient_loss | -0.00197    |
|    value_loss           | 0.00689     |
-----------------------------------------
-----------------------------------------
| rollout/                |             |
|    ep_len_mean          | 460         |
|    ep_rew_mean          | 27.2        |
| time/                   |             |
|    fps                  | 2           |
|    iterations           | 126         |
|    time_elapsed         | 26668       |
|    total_timesteps      | 64512       |
| train/                  |             |
|    approx_kl            | 0.008414976 |
|    clip_fraction        | 0.099       |
|    clip_range           | 0.2         |
|    entropy_loss         | -0.386      |
|    explained_variance   | 0.587       |
|    learning_rate        | 0.0003      |
|    loss                 | -0.0243     |
|    n_updates            | 1250        |
|    policy_gradient_loss | -0.0321     |
|    value_loss           | 0.0119      |
-----------------------------------------
------------------------------------------
| rollout/                |              |
|    ep_len_mean          | 460          |
|    ep_rew_mean          | 27.2         |
| time/                   |              |
|    fps                  | 2            |
|    iterations           | 127          |
|    time_elapsed         | 26755        |
|    total_timesteps      | 65024        |
| train/                  |              |
|    approx_kl            | 0.0016031353 |
|    clip_fraction        | 0.0111       |
|    clip_range           | 0.2          |
|    entropy_loss         | -0.29        |
|    explained_variance   | 0.33         |
|    learning_rate        | 0.0003       |
|    loss                 | 0.00143      |
|    n_updates            | 1260         |
|    policy_gradient_loss | -0.00099     |
|    value_loss           | 0.0097       |
------------------------------------------
-----------------------------------------
| rollout/                |             |
|    ep_len_mean          | 464         |
|    ep_rew_mean          | 27.5        |
| time/                   |             |
|    fps                  | 2           |
|    iterations           | 128         |
|    time_elapsed         | 26842       |
|    total_timesteps      | 65536       |
| train/                  |             |
|    approx_kl            | 0.010046294 |
|    clip_fraction        | 0.043       |
|    clip_range           | 0.2         |
|    entropy_loss         | -0.268      |
|    explained_variance   | 0.911       |
|    learning_rate        | 0.0003      |
|    loss                 | -0.0053     |
|    n_updates            | 1270        |
|    policy_gradient_loss | -0.00577    |
|    value_loss           | 0.00378     |
-----------------------------------------
-----------------------------------------
| rollout/                |             |
|    ep_len_mean          | 464         |
|    ep_rew_mean          | 27.5        |
| time/                   |             |
|    fps                  | 2           |
|    iterations           | 129         |
|    time_elapsed         | 26928       |
|    total_timesteps      | 66048       |
| train/                  |             |
|    approx_kl            | 0.009348874 |
|    clip_fraction        | 0.04        |
|    clip_range           | 0.2         |
|    entropy_loss         | -0.273      |
|    explained_variance   | 0.821       |
|    learning_rate        | 0.0003      |
|    loss                 | -0.0019     |
|    n_updates            | 1280        |
|    policy_gradient_loss | -0.00458    |
|    value_loss           | 0.00671     |
-----------------------------------------
------------------------------------------
| rollout/                |              |
|    ep_len_mean          | 465          |
|    ep_rew_mean          | 27.8         |
| time/                   |              |
|    fps                  | 2            |
|    iterations           | 130          |
|    time_elapsed         | 27013        |
|    total_timesteps      | 66560        |
| train/                  |              |
|    approx_kl            | 0.0015422639 |
|    clip_fraction        | 0.0186       |
|    clip_range           | 0.2          |
|    entropy_loss         | -0.254       |
|    explained_variance   | 0.953        |
|    learning_rate        | 0.0003       |
|    loss                 | -0.00136     |
|    n_updates            | 1290         |
|    policy_gradient_loss | -0.00368     |
|    value_loss           | 0.00223      |
------------------------------------------
----------------------------------------
| rollout/                |            |
|    ep_len_mean          | 472        |
|    ep_rew_mean          | 28.4       |
| time/                   |            |
|    fps                  | 2          |
|    iterations           | 131        |
|    time_elapsed         | 27098      |
|    total_timesteps      | 67072      |
| train/                  |            |
|    approx_kl            | 0.00662001 |
|    clip_fraction        | 0.0793     |
|    clip_range           | 0.2        |
|    entropy_loss         | -0.282     |
|    explained_variance   | 0.59       |
|    learning_rate        | 0.0003     |
|    loss                 | -0.0201    |
|    n_updates            | 1300       |
|    policy_gradient_loss | -0.0301    |
|    value_loss           | 0.0105     |
----------------------------------------
------------------------------------------
| rollout/                |              |
|    ep_len_mean          | 472          |
|    ep_rew_mean          | 28.4         |
| time/                   |              |
|    fps                  | 2            |
|    iterations           | 132          |
|    time_elapsed         | 27183        |
|    total_timesteps      | 67584        |
| train/                  |              |
|    approx_kl            | 0.0010664838 |
|    clip_fraction        | 0.00879      |
|    clip_range           | 0.2          |
|    entropy_loss         | -0.192       |
|    explained_variance   | 0.947        |
|    learning_rate        | 0.0003       |
|    loss                 | -0.00375     |
|    n_updates            | 1310         |
|    policy_gradient_loss | -0.00331     |
|    value_loss           | 0.00322      |
------------------------------------------
------------------------------------------
| rollout/                |              |
|    ep_len_mean          | 472          |
|    ep_rew_mean          | 28.4         |
| time/                   |              |
|    fps                  | 2            |
|    iterations           | 133          |
|    time_elapsed         | 27268        |
|    total_timesteps      | 68096        |
| train/                  |              |
|    approx_kl            | 0.0038809143 |
|    clip_fraction        | 0.0516       |
|    clip_range           | 0.2          |
|    entropy_loss         | -0.23        |
|    explained_variance   | 0.95         |
|    learning_rate        | 0.0003       |
|    loss                 | -0.00822     |
|    n_updates            | 1320         |
|    policy_gradient_loss | -0.00637     |
|    value_loss           | 0.00346      |
------------------------------------------
-----------------------------------------
| rollout/                |             |
|    ep_len_mean          | 472         |
|    ep_rew_mean          | 28.4        |
| time/                   |             |
|    fps                  | 2           |
|    iterations           | 134         |
|    time_elapsed         | 27354       |
|    total_timesteps      | 68608       |
| train/                  |             |
|    approx_kl            | 0.011496691 |
|    clip_fraction        | 0.0334      |
|    clip_range           | 0.2         |
|    entropy_loss         | -0.266      |
|    explained_variance   | 0.967       |
|    learning_rate        | 0.0003      |
|    loss                 | 0.0337      |
|    n_updates            | 1330        |
|    policy_gradient_loss | -0.00726    |
|    value_loss           | 0.0016      |
-----------------------------------------
-----------------------------------------
| rollout/                |             |
|    ep_len_mean          | 472         |
|    ep_rew_mean          | 28.4        |
| time/                   |             |
|    fps                  | 2           |
|    iterations           | 135         |
|    time_elapsed         | 27440       |
|    total_timesteps      | 69120       |
| train/                  |             |
|    approx_kl            | 0.004222343 |
|    clip_fraction        | 0.0324      |
|    clip_range           | 0.2         |
|    entropy_loss         | -0.32       |
|    explained_variance   | 0.801       |
|    learning_rate        | 0.0003      |
|    loss                 | -0.0243     |
|    n_updates            | 1340        |
|    policy_gradient_loss | -0.00461    |
|    value_loss           | 0.00425     |
-----------------------------------------
------------------------------------------
| rollout/                |              |
|    ep_len_mean          | 472          |
|    ep_rew_mean          | 28.4         |
| time/                   |              |
|    fps                  | 2            |
|    iterations           | 136          |
|    time_elapsed         | 27524        |
|    total_timesteps      | 69632        |
| train/                  |              |
|    approx_kl            | 0.0010361713 |
|    clip_fraction        | 0.017        |
|    clip_range           | 0.2          |
|    entropy_loss         | -0.292       |
|    explained_variance   | 0.844        |
|    learning_rate        | 0.0003       |
|    loss                 | -0.0037      |
|    n_updates            | 1350         |
|    policy_gradient_loss | -0.0028      |
|    value_loss           | 0.00549      |
------------------------------------------
------------------------------------------
| rollout/                |              |
|    ep_len_mean          | 472          |
|    ep_rew_mean          | 28.4         |
| time/                   |              |
|    fps                  | 2            |
|    iterations           | 137          |
|    time_elapsed         | 27611        |
|    total_timesteps      | 70144        |
| train/                  |              |
|    approx_kl            | 0.0051506483 |
|    clip_fraction        | 0.0482       |
|    clip_range           | 0.2          |
|    entropy_loss         | -0.34        |
|    explained_variance   | 0.934        |
|    learning_rate        | 0.0003       |
|    loss                 | -0.0253      |
|    n_updates            | 1360         |
|    policy_gradient_loss | -0.0103      |
|    value_loss           | 0.004        |
------------------------------------------
------------------------------------------
| rollout/                |              |
|    ep_len_mean          | 472          |
|    ep_rew_mean          | 28.4         |
| time/                   |              |
|    fps                  | 2            |
|    iterations           | 138          |
|    time_elapsed         | 27696        |
|    total_timesteps      | 70656        |
| train/                  |              |
|    approx_kl            | 0.0039098803 |
|    clip_fraction        | 0.0236       |
|    clip_range           | 0.2          |
|    entropy_loss         | -0.309       |
|    explained_variance   | 0.695        |
|    learning_rate        | 0.0003       |
|    loss                 | -0.0236      |
|    n_updates            | 1370         |
|    policy_gradient_loss | 0.00067      |
|    value_loss           | 0.00777      |
------------------------------------------
------------------------------------------
| rollout/                |              |
|    ep_len_mean          | 471          |
|    ep_rew_mean          | 28.2         |
| time/                   |              |
|    fps                  | 2            |
|    iterations           | 139          |
|    time_elapsed         | 27783        |
|    total_timesteps      | 71168        |
| train/                  |              |
|    approx_kl            | 0.0056750905 |
|    clip_fraction        | 0.0373       |
|    clip_range           | 0.2          |
|    entropy_loss         | -0.297       |
|    explained_variance   | 0.85         |
|    learning_rate        | 0.0003       |
|    loss                 | -0.0189      |
|    n_updates            | 1380         |
|    policy_gradient_loss | -0.0128      |
|    value_loss           | 0.00477      |
------------------------------------------
-----------------------------------------
| rollout/                |             |
|    ep_len_mean          | 466         |
|    ep_rew_mean          | 27.8        |
| time/                   |             |
|    fps                  | 2           |
|    iterations           | 140         |
|    time_elapsed         | 27870       |
|    total_timesteps      | 71680       |
| train/                  |             |
|    approx_kl            | 0.015877703 |
|    clip_fraction        | 0.112       |
|    clip_range           | 0.2         |
|    entropy_loss         | -0.511      |
|    explained_variance   | -0.063      |
|    learning_rate        | 0.0003      |
|    loss                 | 1.98        |
|    n_updates            | 1390        |
|    policy_gradient_loss | 0.00584     |
|    value_loss           | 4.31        |
-----------------------------------------
-----------------------------------------
| rollout/                |             |
|    ep_len_mean          | 466         |
|    ep_rew_mean          | 27.8        |
| time/                   |             |
|    fps                  | 2           |
|    iterations           | 141         |
|    time_elapsed         | 27956       |
|    total_timesteps      | 72192       |
| train/                  |             |
|    approx_kl            | 0.013523121 |
|    clip_fraction        | 0.0701      |
|    clip_range           | 0.2         |
|    entropy_loss         | -0.406      |
|    explained_variance   | -0.0813     |
|    learning_rate        | 0.0003      |
|    loss                 | 0.241       |
|    n_updates            | 1400        |
|    policy_gradient_loss | 0.00787     |
|    value_loss           | 2.54        |
-----------------------------------------
-----------------------------------------
| rollout/                |             |
|    ep_len_mean          | 466         |
|    ep_rew_mean          | 27.8        |
| time/                   |             |
|    fps                  | 2           |
|    iterations           | 142         |
|    time_elapsed         | 28040       |
|    total_timesteps      | 72704       |
| train/                  |             |
|    approx_kl            | 0.015930159 |
|    clip_fraction        | 0.0908      |
|    clip_range           | 0.2         |
|    entropy_loss         | -0.405      |
|    explained_variance   | -0.571      |
|    learning_rate        | 0.0003      |
|    loss                 | 0.016       |
|    n_updates            | 1410        |
|    policy_gradient_loss | -0.00864    |
|    value_loss           | 0.0885      |
-----------------------------------------
-----------------------------------------
| rollout/                |             |
|    ep_len_mean          | 466         |
|    ep_rew_mean          | 27.8        |
| time/                   |             |
|    fps                  | 2           |
|    iterations           | 143         |
|    time_elapsed         | 28126       |
|    total_timesteps      | 73216       |
| train/                  |             |
|    approx_kl            | 0.023550065 |
|    clip_fraction        | 0.0703      |
|    clip_range           | 0.2         |
|    entropy_loss         | -0.276      |
|    explained_variance   | 0.357       |
|    learning_rate        | 0.0003      |
|    loss                 | 0.00649     |
|    n_updates            | 1420        |
|    policy_gradient_loss | -0.000313   |
|    value_loss           | 0.0299      |
-----------------------------------------
------------------------------------------
| rollout/                |              |
|    ep_len_mean          | 471          |
|    ep_rew_mean          | 28.2         |
| time/                   |              |
|    fps                  | 2            |
|    iterations           | 144          |
|    time_elapsed         | 28212        |
|    total_timesteps      | 73728        |
| train/                  |              |
|    approx_kl            | 0.0012025214 |
|    clip_fraction        | 0.0131       |
|    clip_range           | 0.2          |
|    entropy_loss         | -0.242       |
|    explained_variance   | 0.473        |
|    learning_rate        | 0.0003       |
|    loss                 | -0.0119      |
|    n_updates            | 1430         |
|    policy_gradient_loss | -0.00431     |
|    value_loss           | 0.0269       |
------------------------------------------
-----------------------------------------
| rollout/                |             |
|    ep_len_mean          | 471         |
|    ep_rew_mean          | 28.2        |
| time/                   |             |
|    fps                  | 2           |
|    iterations           | 145         |
|    time_elapsed         | 28300       |
|    total_timesteps      | 74240       |
| train/                  |             |
|    approx_kl            | 0.006937152 |
|    clip_fraction        | 0.0695      |
|    clip_range           | 0.2         |
|    entropy_loss         | -0.281      |
|    explained_variance   | 0.178       |
|    learning_rate        | 0.0003      |
|    loss                 | -0.0393     |
|    n_updates            | 1440        |
|    policy_gradient_loss | -0.0175     |
|    value_loss           | 0.0366      |
-----------------------------------------
-----------------------------------------
| rollout/                |             |
|    ep_len_mean          | 471         |
|    ep_rew_mean          | 28.2        |
| time/                   |             |
|    fps                  | 2           |
|    iterations           | 146         |
|    time_elapsed         | 28387       |
|    total_timesteps      | 74752       |
| train/                  |             |
|    approx_kl            | 0.005015822 |
|    clip_fraction        | 0.0443      |
|    clip_range           | 0.2         |
|    entropy_loss         | -0.286      |
|    explained_variance   | 0.431       |
|    learning_rate        | 0.0003      |
|    loss                 | -0.0186     |
|    n_updates            | 1450        |
|    policy_gradient_loss | -0.00908    |
|    value_loss           | 0.0231      |
-----------------------------------------
------------------------------------------
| rollout/                |              |
|    ep_len_mean          | 471          |
|    ep_rew_mean          | 28.2         |
| time/                   |              |
|    fps                  | 2            |
|    iterations           | 147          |
|    time_elapsed         | 28468        |
|    total_timesteps      | 75264        |
| train/                  |              |
|    approx_kl            | 0.0024268199 |
|    clip_fraction        | 0.00977      |
|    clip_range           | 0.2          |
|    entropy_loss         | -0.185       |
|    explained_variance   | 0.343        |
|    learning_rate        | 0.0003       |
|    loss                 | 0.00109      |
|    n_updates            | 1460         |
|    policy_gradient_loss | -0.00272     |
|    value_loss           | 0.0178       |
------------------------------------------
------------------------------------------
| rollout/                |              |
|    ep_len_mean          | 472          |
|    ep_rew_mean          | 28.4         |
| time/                   |              |
|    fps                  | 2            |
|    iterations           | 148          |
|    time_elapsed         | 28550        |
|    total_timesteps      | 75776        |
| train/                  |              |
|    approx_kl            | 0.0010576096 |
|    clip_fraction        | 0.00723      |
|    clip_range           | 0.2          |
|    entropy_loss         | -0.172       |
|    explained_variance   | 0.896        |
|    learning_rate        | 0.0003       |
|    loss                 | -0.00308     |
|    n_updates            | 1470         |
|    policy_gradient_loss | -0.00157     |
|    value_loss           | 0.00543      |
------------------------------------------
------------------------------------------
| rollout/                |              |
|    ep_len_mean          | 473          |
|    ep_rew_mean          | 28.6         |
| time/                   |              |
|    fps                  | 2            |
|    iterations           | 149          |
|    time_elapsed         | 28633        |
|    total_timesteps      | 76288        |
| train/                  |              |
|    approx_kl            | 0.0017418884 |
|    clip_fraction        | 0.0281       |
|    clip_range           | 0.2          |
|    entropy_loss         | -0.192       |
|    explained_variance   | 0.843        |
|    learning_rate        | 0.0003       |
|    loss                 | 0.00448      |
|    n_updates            | 1480         |
|    policy_gradient_loss | -0.00234     |
|    value_loss           | 0.00942      |
------------------------------------------
------------------------------------------
| rollout/                |              |
|    ep_len_mean          | 474          |
|    ep_rew_mean          | 28.7         |
| time/                   |              |
|    fps                  | 2            |
|    iterations           | 150          |
|    time_elapsed         | 28715        |
|    total_timesteps      | 76800        |
| train/                  |              |
|    approx_kl            | 0.0018295781 |
|    clip_fraction        | 0.0189       |
|    clip_range           | 0.2          |
|    entropy_loss         | -0.192       |
|    explained_variance   | 0.813        |
|    learning_rate        | 0.0003       |
|    loss                 | -0.00151     |
|    n_updates            | 1490         |
|    policy_gradient_loss | -0.00401     |
|    value_loss           | 0.00639      |
------------------------------------------
-----------------------------------------
| rollout/                |             |
|    ep_len_mean          | 478         |
|    ep_rew_mean          | 29.1        |
| time/                   |             |
|    fps                  | 2           |
|    iterations           | 151         |
|    time_elapsed         | 28797       |
|    total_timesteps      | 77312       |
| train/                  |             |
|    approx_kl            | 0.002326158 |
|    clip_fraction        | 0.0219      |
|    clip_range           | 0.2         |
|    entropy_loss         | -0.129      |
|    explained_variance   | 0.9         |
|    learning_rate        | 0.0003      |
|    loss                 | -0.00229    |
|    n_updates            | 1500        |
|    policy_gradient_loss | -0.00569    |
|    value_loss           | 0.00482     |
-----------------------------------------
------------------------------------------
| rollout/                |              |
|    ep_len_mean          | 480          |
|    ep_rew_mean          | 29.3         |
| time/                   |              |
|    fps                  | 2            |
|    iterations           | 152          |
|    time_elapsed         | 28879        |
|    total_timesteps      | 77824        |
| train/                  |              |
|    approx_kl            | 0.0059342766 |
|    clip_fraction        | 0.0414       |
|    clip_range           | 0.2          |
|    entropy_loss         | -0.159       |
|    explained_variance   | 0.869        |
|    learning_rate        | 0.0003       |
|    loss                 | -0.0107      |
|    n_updates            | 1510         |
|    policy_gradient_loss | -0.00996     |
|    value_loss           | 0.00566      |
------------------------------------------
------------------------------------------
| rollout/                |              |
|    ep_len_mean          | 484          |
|    ep_rew_mean          | 29.7         |
| time/                   |              |
|    fps                  | 2            |
|    iterations           | 153          |
|    time_elapsed         | 28962        |
|    total_timesteps      | 78336        |
| train/                  |              |
|    approx_kl            | 0.0035567973 |
|    clip_fraction        | 0.00625      |
|    clip_range           | 0.2          |
|    entropy_loss         | -0.134       |
|    explained_variance   | 0.925        |
|    learning_rate        | 0.0003       |
|    loss                 | -0.00108     |
|    n_updates            | 1520         |
|    policy_gradient_loss | -0.00204     |
|    value_loss           | 0.00355      |
------------------------------------------
------------------------------------------
| rollout/                |              |
|    ep_len_mean          | 484          |
|    ep_rew_mean          | 29.7         |
| time/                   |              |
|    fps                  | 2            |
|    iterations           | 154          |
|    time_elapsed         | 29043        |
|    total_timesteps      | 78848        |
| train/                  |              |
|    approx_kl            | 0.0026260035 |
|    clip_fraction        | 0.0244       |
|    clip_range           | 0.2          |
|    entropy_loss         | -0.192       |
|    explained_variance   | 0.86         |
|    learning_rate        | 0.0003       |
|    loss                 | -0.00896     |
|    n_updates            | 1530         |
|    policy_gradient_loss | -0.00648     |
|    value_loss           | 0.00756      |
------------------------------------------
------------------------------------------
| rollout/                |              |
|    ep_len_mean          | 484          |
|    ep_rew_mean          | 29.7         |
| time/                   |              |
|    fps                  | 2            |
|    iterations           | 155          |
|    time_elapsed         | 29127        |
|    total_timesteps      | 79360        |
| train/                  |              |
|    approx_kl            | 0.0005893172 |
|    clip_fraction        | 0.00488      |
|    clip_range           | 0.2          |
|    entropy_loss         | -0.118       |
|    explained_variance   | 0.935        |
|    learning_rate        | 0.0003       |
|    loss                 | -0.00886     |
|    n_updates            | 1540         |
|    policy_gradient_loss | -0.00124     |
|    value_loss           | 0.00327      |
------------------------------------------
----------------------------------------
| rollout/                |            |
|    ep_len_mean          | 484        |
|    ep_rew_mean          | 29.7       |
| time/                   |            |
|    fps                  | 2          |
|    iterations           | 156        |
|    time_elapsed         | 29210      |
|    total_timesteps      | 79872      |
| train/                  |            |
|    approx_kl            | 0.00210409 |
|    clip_fraction        | 0.0225     |
|    clip_range           | 0.2        |
|    entropy_loss         | -0.18      |
|    explained_variance   | 0.705      |
|    learning_rate        | 0.0003     |
|    loss                 | 0.00521    |
|    n_updates            | 1550       |
|    policy_gradient_loss | -0.00271   |
|    value_loss           | 0.0107     |
----------------------------------------
-------------------------------------------
| rollout/                |               |
|    ep_len_mean          | 484           |
|    ep_rew_mean          | 29.7          |
| time/                   |               |
|    fps                  | 2             |
|    iterations           | 157           |
|    time_elapsed         | 29293         |
|    total_timesteps      | 80384         |
| train/                  |               |
|    approx_kl            | 0.00023349782 |
|    clip_fraction        | 0.00254       |
|    clip_range           | 0.2           |
|    entropy_loss         | -0.116        |
|    explained_variance   | 0.855         |
|    learning_rate        | 0.0003        |
|    loss                 | -0.00188      |
|    n_updates            | 1560          |
|    policy_gradient_loss | -0.00137      |
|    value_loss           | 0.00419       |
-------------------------------------------
-----------------------------------------
| rollout/                |             |
|    ep_len_mean          | 484         |
|    ep_rew_mean          | 29.7        |
| time/                   |             |
|    fps                  | 2           |
|    iterations           | 158         |
|    time_elapsed         | 29376       |
|    total_timesteps      | 80896       |
| train/                  |             |
|    approx_kl            | 0.006072576 |
|    clip_fraction        | 0.0656      |
|    clip_range           | 0.2         |
|    entropy_loss         | -0.241      |
|    explained_variance   | 0.844       |
|    learning_rate        | 0.0003      |
|    loss                 | -0.0406     |
|    n_updates            | 1570        |
|    policy_gradient_loss | -0.0194     |
|    value_loss           | 0.00633     |
-----------------------------------------
-----------------------------------------
| rollout/                |             |
|    ep_len_mean          | 484         |
|    ep_rew_mean          | 29.7        |
| time/                   |             |
|    fps                  | 2           |
|    iterations           | 159         |
|    time_elapsed         | 29459       |
|    total_timesteps      | 81408       |
| train/                  |             |
|    approx_kl            | 0.003893687 |
|    clip_fraction        | 0.0342      |
|    clip_range           | 0.2         |
|    entropy_loss         | -0.249      |
|    explained_variance   | 0.904       |
|    learning_rate        | 0.0003      |
|    loss                 | 0.00767     |
|    n_updates            | 1580        |
|    policy_gradient_loss | -0.00837    |
|    value_loss           | 0.00585     |
-----------------------------------------
------------------------------------------
| rollout/                |              |
|    ep_len_mean          | 484          |
|    ep_rew_mean          | 29.7         |
| time/                   |              |
|    fps                  | 2            |
|    iterations           | 160          |
|    time_elapsed         | 29544        |
|    total_timesteps      | 81920        |
| train/                  |              |
|    approx_kl            | 0.0009171681 |
|    clip_fraction        | 0.0133       |
|    clip_range           | 0.2          |
|    entropy_loss         | -0.103       |
|    explained_variance   | 0.801        |
|    learning_rate        | 0.0003       |
|    loss                 | -0.00451     |
|    n_updates            | 1590         |
|    policy_gradient_loss | -0.00301     |
|    value_loss           | 0.00557      |
------------------------------------------
------------------------------------------
| rollout/                |              |
|    ep_len_mean          | 484          |
|    ep_rew_mean          | 29.7         |
| time/                   |              |
|    fps                  | 2            |
|    iterations           | 161          |
|    time_elapsed         | 29635        |
|    total_timesteps      | 82432        |
| train/                  |              |
|    approx_kl            | 0.0044992957 |
|    clip_fraction        | 0.0416       |
|    clip_range           | 0.2          |
|    entropy_loss         | -0.158       |
|    explained_variance   | 0.82         |
|    learning_rate        | 0.0003       |
|    loss                 | -0.0276      |
|    n_updates            | 1600         |
|    policy_gradient_loss | -0.0132      |
|    value_loss           | 0.00513      |
------------------------------------------
------------------------------------------
| rollout/                |              |
|    ep_len_mean          | 484          |
|    ep_rew_mean          | 29.7         |
| time/                   |              |
|    fps                  | 2            |
|    iterations           | 162          |
|    time_elapsed         | 29728        |
|    total_timesteps      | 82944        |
| train/                  |              |
|    approx_kl            | 9.210571e-05 |
|    clip_fraction        | 0.00137      |
|    clip_range           | 0.2          |
|    entropy_loss         | -0.0813      |
|    explained_variance   | 0.841        |
|    learning_rate        | 0.0003       |
|    loss                 | -0.00358     |
|    n_updates            | 1610         |
|    policy_gradient_loss | -0.00205     |
|    value_loss           | 0.00297      |
------------------------------------------
------------------------------------------
| rollout/                |              |
|    ep_len_mean          | 484          |
|    ep_rew_mean          | 29.7         |
| time/                   |              |
|    fps                  | 2            |
|    iterations           | 163          |
|    time_elapsed         | 29814        |
|    total_timesteps      | 83456        |
| train/                  |              |
|    approx_kl            | 0.0003913222 |
|    clip_fraction        | 0.00723      |
|    clip_range           | 0.2          |
|    entropy_loss         | -0.0925      |
|    explained_variance   | 0.931        |
|    learning_rate        | 0.0003       |
|    loss                 | -0.00302     |
|    n_updates            | 1620         |
|    policy_gradient_loss | -0.00131     |
|    value_loss           | 0.00221      |
------------------------------------------
-----------------------------------------
| rollout/                |             |
|    ep_len_mean          | 484         |
|    ep_rew_mean          | 29.8        |
| time/                   |             |
|    fps                  | 2           |
|    iterations           | 164         |
|    time_elapsed         | 29901       |
|    total_timesteps      | 83968       |
| train/                  |             |
|    approx_kl            | 0.000505663 |
|    clip_fraction        | 0.0041      |
|    clip_range           | 0.2         |
|    entropy_loss         | -0.0826     |
|    explained_variance   | 0.923       |
|    learning_rate        | 0.0003      |
|    loss                 | -0.00329    |
|    n_updates            | 1630        |
|    policy_gradient_loss | -0.00158    |
|    value_loss           | 0.00295     |
-----------------------------------------
-------------------------------------------
| rollout/                |               |
|    ep_len_mean          | 484           |
|    ep_rew_mean          | 29.8          |
| time/                   |               |
|    fps                  | 2             |
|    iterations           | 165           |
|    time_elapsed         | 29986         |
|    total_timesteps      | 84480         |
| train/                  |               |
|    approx_kl            | 0.00043623382 |
|    clip_fraction        | 0.00508       |
|    clip_range           | 0.2           |
|    entropy_loss         | -0.0811       |
|    explained_variance   | 0.948         |
|    learning_rate        | 0.0003        |
|    loss                 | 0.000616      |
|    n_updates            | 1640          |
|    policy_gradient_loss | -0.000528     |
|    value_loss           | 0.00199       |
-------------------------------------------
-----------------------------------------
| rollout/                |             |
|    ep_len_mean          | 484         |
|    ep_rew_mean          | 29.8        |
| time/                   |             |
|    fps                  | 2           |
|    iterations           | 166         |
|    time_elapsed         | 30072       |
|    total_timesteps      | 84992       |
| train/                  |             |
|    approx_kl            | 0.004217826 |
|    clip_fraction        | 0.0168      |
|    clip_range           | 0.2         |
|    entropy_loss         | -0.111      |
|    explained_variance   | 0.945       |
|    learning_rate        | 0.0003      |
|    loss                 | -0.0078     |
|    n_updates            | 1650        |
|    policy_gradient_loss | -0.000666   |
|    value_loss           | 0.00213     |
-----------------------------------------
--------------------------------------------
| rollout/                |                |
|    ep_len_mean          | 484            |
|    ep_rew_mean          | 29.8           |
| time/                   |                |
|    fps                  | 2              |
|    iterations           | 167            |
|    time_elapsed         | 30157          |
|    total_timesteps      | 85504          |
| train/                  |                |
|    approx_kl            | 0.000117803225 |
|    clip_fraction        | 0.000781       |
|    clip_range           | 0.2            |
|    entropy_loss         | -0.058         |
|    explained_variance   | 0.854          |
|    learning_rate        | 0.0003         |
|    loss                 | -0.00333       |
|    n_updates            | 1660           |
|    policy_gradient_loss | -0.00277       |
|    value_loss           | 0.00433        |
--------------------------------------------
-----------------------------------------
| rollout/                |             |
|    ep_len_mean          | 486         |
|    ep_rew_mean          | 30          |
| time/                   |             |
|    fps                  | 2           |
|    iterations           | 168         |
|    time_elapsed         | 30241       |
|    total_timesteps      | 86016       |
| train/                  |             |
|    approx_kl            | 0.012603065 |
|    clip_fraction        | 0.0689      |
|    clip_range           | 0.2         |
|    entropy_loss         | -0.169      |
|    explained_variance   | 0.838       |
|    learning_rate        | 0.0003      |
|    loss                 | -0.0415     |
|    n_updates            | 1670        |
|    policy_gradient_loss | -0.0209     |
|    value_loss           | 0.00632     |
-----------------------------------------
-----------------------------------------
| rollout/                |             |
|    ep_len_mean          | 486         |
|    ep_rew_mean          | 30          |
| time/                   |             |
|    fps                  | 2           |
|    iterations           | 169         |
|    time_elapsed         | 30325       |
|    total_timesteps      | 86528       |
| train/                  |             |
|    approx_kl            | 0.007160069 |
|    clip_fraction        | 0.0342      |
|    clip_range           | 0.2         |
|    entropy_loss         | -0.198      |
|    explained_variance   | 0.808       |
|    learning_rate        | 0.0003      |
|    loss                 | -0.00666    |
|    n_updates            | 1680        |
|    policy_gradient_loss | -0.00414    |
|    value_loss           | 0.0077      |
-----------------------------------------
------------------------------------------
| rollout/                |              |
|    ep_len_mean          | 486          |
|    ep_rew_mean          | 30.1         |
| time/                   |              |
|    fps                  | 2            |
|    iterations           | 170          |
|    time_elapsed         | 30408        |
|    total_timesteps      | 87040        |
| train/                  |              |
|    approx_kl            | 0.0020247987 |
|    clip_fraction        | 0.0295       |
|    clip_range           | 0.2          |
|    entropy_loss         | -0.186       |
|    explained_variance   | 0.901        |
|    learning_rate        | 0.0003       |
|    loss                 | -0.00829     |
|    n_updates            | 1690         |
|    policy_gradient_loss | -0.00455     |
|    value_loss           | 0.00533      |
------------------------------------------
-------------------------------------------
| rollout/                |               |
|    ep_len_mean          | 486           |
|    ep_rew_mean          | 30.2          |
| time/                   |               |
|    fps                  | 2             |
|    iterations           | 171           |
|    time_elapsed         | 30493         |
|    total_timesteps      | 87552         |
| train/                  |               |
|    approx_kl            | 0.00086984434 |
|    clip_fraction        | 0.0105        |
|    clip_range           | 0.2           |
|    entropy_loss         | -0.134        |
|    explained_variance   | 0.928         |
|    learning_rate        | 0.0003        |
|    loss                 | -0.00375      |
|    n_updates            | 1700          |
|    policy_gradient_loss | -0.00273      |
|    value_loss           | 0.00299       |
-------------------------------------------
-----------------------------------------
| rollout/                |             |
|    ep_len_mean          | 490         |
|    ep_rew_mean          | 30.5        |
| time/                   |             |
|    fps                  | 2           |
|    iterations           | 172         |
|    time_elapsed         | 30576       |
|    total_timesteps      | 88064       |
| train/                  |             |
|    approx_kl            | 0.000857793 |
|    clip_fraction        | 0.00801     |
|    clip_range           | 0.2         |
|    entropy_loss         | -0.117      |
|    explained_variance   | 0.939       |
|    learning_rate        | 0.0003      |
|    loss                 | -0.00385    |
|    n_updates            | 1710        |
|    policy_gradient_loss | -0.00193    |
|    value_loss           | 0.0019      |
-----------------------------------------
-----------------------------------------
| rollout/                |             |
|    ep_len_mean          | 490         |
|    ep_rew_mean          | 30.5        |
| time/                   |             |
|    fps                  | 2           |
|    iterations           | 173         |
|    time_elapsed         | 30662       |
|    total_timesteps      | 88576       |
| train/                  |             |
|    approx_kl            | 0.013583582 |
|    clip_fraction        | 0.1         |
|    clip_range           | 0.2         |
|    entropy_loss         | -0.233      |
|    explained_variance   | 0.771       |
|    learning_rate        | 0.0003      |
|    loss                 | -0.0362     |
|    n_updates            | 1720        |
|    policy_gradient_loss | -0.0317     |
|    value_loss           | 0.00842     |
-----------------------------------------
-----------------------------------------
| rollout/                |             |
|    ep_len_mean          | 490         |
|    ep_rew_mean          | 30.5        |
| time/                   |             |
|    fps                  | 2           |
|    iterations           | 174         |
|    time_elapsed         | 30751       |
|    total_timesteps      | 89088       |
| train/                  |             |
|    approx_kl            | 0.004190785 |
|    clip_fraction        | 0.0307      |
|    clip_range           | 0.2         |
|    entropy_loss         | -0.236      |
|    explained_variance   | 0.893       |
|    learning_rate        | 0.0003      |
|    loss                 | -0.00604    |
|    n_updates            | 1730        |
|    policy_gradient_loss | -0.00472    |
|    value_loss           | 0.00594     |
-----------------------------------------
-----------------------------------------
| rollout/                |             |
|    ep_len_mean          | 490         |
|    ep_rew_mean          | 30.5        |
| time/                   |             |
|    fps                  | 2           |
|    iterations           | 175         |
|    time_elapsed         | 30834       |
|    total_timesteps      | 89600       |
| train/                  |             |
|    approx_kl            | 0.011752725 |
|    clip_fraction        | 0.0531      |
|    clip_range           | 0.2         |
|    entropy_loss         | -0.209      |
|    explained_variance   | 0.875       |
|    learning_rate        | 0.0003      |
|    loss                 | 0.0116      |
|    n_updates            | 1740        |
|    policy_gradient_loss | -0.012      |
|    value_loss           | 0.00715     |
-----------------------------------------
-------------------------------------------
| rollout/                |               |
|    ep_len_mean          | 490           |
|    ep_rew_mean          | 30.5          |
| time/                   |               |
|    fps                  | 2             |
|    iterations           | 176           |
|    time_elapsed         | 30916         |
|    total_timesteps      | 90112         |
| train/                  |               |
|    approx_kl            | 0.00068397576 |
|    clip_fraction        | 0.0107        |
|    clip_range           | 0.2           |
|    entropy_loss         | -0.116        |
|    explained_variance   | 0.913         |
|    learning_rate        | 0.0003        |
|    loss                 | -0.00187      |
|    n_updates            | 1750          |
|    policy_gradient_loss | -0.00249      |
|    value_loss           | 0.0036        |
-------------------------------------------
------------------------------------------
| rollout/                |              |
|    ep_len_mean          | 490          |
|    ep_rew_mean          | 30.5         |
| time/                   |              |
|    fps                  | 2            |
|    iterations           | 177          |
|    time_elapsed         | 30998        |
|    total_timesteps      | 90624        |
| train/                  |              |
|    approx_kl            | 0.0009169943 |
|    clip_fraction        | 0.0102       |
|    clip_range           | 0.2          |
|    entropy_loss         | -0.133       |
|    explained_variance   | 0.953        |
|    learning_rate        | 0.0003       |
|    loss                 | -0.00213     |
|    n_updates            | 1760         |
|    policy_gradient_loss | -0.00562     |
|    value_loss           | 0.00233      |
------------------------------------------
-----------------------------------------
| rollout/                |             |
|    ep_len_mean          | 490         |
|    ep_rew_mean          | 30.5        |
| time/                   |             |
|    fps                  | 2           |
|    iterations           | 178         |
|    time_elapsed         | 31083       |
|    total_timesteps      | 91136       |
| train/                  |             |
|    approx_kl            | 0.017579135 |
|    clip_fraction        | 0.0914      |
|    clip_range           | 0.2         |
|    entropy_loss         | -0.168      |
|    explained_variance   | 0.876       |
|    learning_rate        | 0.0003      |
|    loss                 | -0.0568     |
|    n_updates            | 1770        |
|    policy_gradient_loss | -0.0316     |
|    value_loss           | 0.00411     |
-----------------------------------------
------------------------------------------
| rollout/                |              |
|    ep_len_mean          | 490          |
|    ep_rew_mean          | 30.5         |
| time/                   |              |
|    fps                  | 2            |
|    iterations           | 179          |
|    time_elapsed         | 31168        |
|    total_timesteps      | 91648        |
| train/                  |              |
|    approx_kl            | 0.0044979127 |
|    clip_fraction        | 0.0473       |
|    clip_range           | 0.2          |
|    entropy_loss         | -0.2         |
|    explained_variance   | 0.878        |
|    learning_rate        | 0.0003       |
|    loss                 | -0.0121      |
|    n_updates            | 1780         |
|    policy_gradient_loss | -0.0103      |
|    value_loss           | 0.00674      |
------------------------------------------
-----------------------------------------
| rollout/                |             |
|    ep_len_mean          | 490         |
|    ep_rew_mean          | 30.5        |
| time/                   |             |
|    fps                  | 2           |
|    iterations           | 180         |
|    time_elapsed         | 31255       |
|    total_timesteps      | 92160       |
| train/                  |             |
|    approx_kl            | 0.007552753 |
|    clip_fraction        | 0.0336      |
|    clip_range           | 0.2         |
|    entropy_loss         | -0.215      |
|    explained_variance   | 0.807       |
|    learning_rate        | 0.0003      |
|    loss                 | -0.0249     |
|    n_updates            | 1790        |
|    policy_gradient_loss | -0.00252    |
|    value_loss           | 0.00954     |
-----------------------------------------
------------------------------------------
| rollout/                |              |
|    ep_len_mean          | 490          |
|    ep_rew_mean          | 30.5         |
| time/                   |              |
|    fps                  | 2            |
|    iterations           | 181          |
|    time_elapsed         | 31341        |
|    total_timesteps      | 92672        |
| train/                  |              |
|    approx_kl            | 0.0031735112 |
|    clip_fraction        | 0.0408       |
|    clip_range           | 0.2          |
|    entropy_loss         | -0.262       |
|    explained_variance   | 0.921        |
|    learning_rate        | 0.0003       |
|    loss                 | -0.022       |
|    n_updates            | 1800         |
|    policy_gradient_loss | -0.00943     |
|    value_loss           | 0.00466      |
------------------------------------------
------------------------------------------
| rollout/                |              |
|    ep_len_mean          | 490          |
|    ep_rew_mean          | 30.5         |
| time/                   |              |
|    fps                  | 2            |
|    iterations           | 182          |
|    time_elapsed         | 31432        |
|    total_timesteps      | 93184        |
| train/                  |              |
|    approx_kl            | 0.0015585009 |
|    clip_fraction        | 0.0215       |
|    clip_range           | 0.2          |
|    entropy_loss         | -0.194       |
|    explained_variance   | 0.957        |
|    learning_rate        | 0.0003       |
|    loss                 | -0.00158     |
|    n_updates            | 1810         |
|    policy_gradient_loss | -0.00333     |
|    value_loss           | 0.00204      |
------------------------------------------
-----------------------------------------
| rollout/                |             |
|    ep_len_mean          | 490         |
|    ep_rew_mean          | 30.5        |
| time/                   |             |
|    fps                  | 2           |
|    iterations           | 183         |
|    time_elapsed         | 31519       |
|    total_timesteps      | 93696       |
| train/                  |             |
|    approx_kl            | 0.005870836 |
|    clip_fraction        | 0.0492      |
|    clip_range           | 0.2         |
|    entropy_loss         | -0.2        |
|    explained_variance   | 0.944       |
|    learning_rate        | 0.0003      |
|    loss                 | -0.0181     |
|    n_updates            | 1820        |
|    policy_gradient_loss | -0.00852    |
|    value_loss           | 0.00294     |
-----------------------------------------
-----------------------------------------
| rollout/                |             |
|    ep_len_mean          | 490         |
|    ep_rew_mean          | 30.5        |
| time/                   |             |
|    fps                  | 2           |
|    iterations           | 184         |
|    time_elapsed         | 31602       |
|    total_timesteps      | 94208       |
| train/                  |             |
|    approx_kl            | 0.002462768 |
|    clip_fraction        | 0.0297      |
|    clip_range           | 0.2         |
|    entropy_loss         | -0.188      |
|    explained_variance   | 0.937       |
|    learning_rate        | 0.0003      |
|    loss                 | 0.00266     |
|    n_updates            | 1830        |
|    policy_gradient_loss | -0.00328    |
|    value_loss           | 0.00461     |
-----------------------------------------
------------------------------------------
| rollout/                |              |
|    ep_len_mean          | 485          |
|    ep_rew_mean          | 30.1         |
| time/                   |              |
|    fps                  | 2            |
|    iterations           | 185          |
|    time_elapsed         | 31689        |
|    total_timesteps      | 94720        |
| train/                  |              |
|    approx_kl            | 0.0016854198 |
|    clip_fraction        | 0.0123       |
|    clip_range           | 0.2          |
|    entropy_loss         | -0.198       |
|    explained_variance   | 0.944        |
|    learning_rate        | 0.0003       |
|    loss                 | -0.00465     |
|    n_updates            | 1840         |
|    policy_gradient_loss | -0.00379     |
|    value_loss           | 0.00385      |
------------------------------------------
-----------------------------------------
| rollout/                |             |
|    ep_len_mean          | 485         |
|    ep_rew_mean          | 30.1        |
| time/                   |             |
|    fps                  | 2           |
|    iterations           | 186         |
|    time_elapsed         | 31776       |
|    total_timesteps      | 95232       |
| train/                  |             |
|    approx_kl            | 0.019342162 |
|    clip_fraction        | 0.0781      |
|    clip_range           | 0.2         |
|    entropy_loss         | -0.256      |
|    explained_variance   | 0.00113     |
|    learning_rate        | 0.0003      |
|    loss                 | 1.4         |
|    n_updates            | 1850        |
|    policy_gradient_loss | 0.00128     |
|    value_loss           | 2.87        |
-----------------------------------------
------------------------------------------
| rollout/                |              |
|    ep_len_mean          | 485          |
|    ep_rew_mean          | 30.1         |
| time/                   |              |
|    fps                  | 3            |
|    iterations           | 187          |
|    time_elapsed         | 31860        |
|    total_timesteps      | 95744        |
| train/                  |              |
|    approx_kl            | 0.0027839132 |
|    clip_fraction        | 0.0357       |
|    clip_range           | 0.2          |
|    entropy_loss         | -0.184       |
|    explained_variance   | 0.0368       |
|    learning_rate        | 0.0003       |
|    loss                 | -0.00219     |
|    n_updates            | 1860         |
|    policy_gradient_loss | -0.00882     |
|    value_loss           | 0.049        |
------------------------------------------
------------------------------------------
| rollout/                |              |
|    ep_len_mean          | 485          |
|    ep_rew_mean          | 30.1         |
| time/                   |              |
|    fps                  | 3            |
|    iterations           | 188          |
|    time_elapsed         | 31946        |
|    total_timesteps      | 96256        |
| train/                  |              |
|    approx_kl            | 0.0029578947 |
|    clip_fraction        | 0.0266       |
|    clip_range           | 0.2          |
|    entropy_loss         | -0.213       |
|    explained_variance   | 0.6          |
|    learning_rate        | 0.0003       |
|    loss                 | 0.0458       |
|    n_updates            | 1870         |
|    policy_gradient_loss | -0.00627     |
|    value_loss           | 0.0153       |
------------------------------------------
-----------------------------------------
| rollout/                |             |
|    ep_len_mean          | 486         |
|    ep_rew_mean          | 30.3        |
| time/                   |             |
|    fps                  | 3           |
|    iterations           | 189         |
|    time_elapsed         | 32031       |
|    total_timesteps      | 96768       |
| train/                  |             |
|    approx_kl            | 0.004136429 |
|    clip_fraction        | 0.0322      |
|    clip_range           | 0.2         |
|    entropy_loss         | -0.152      |
|    explained_variance   | 0.608       |
|    learning_rate        | 0.0003      |
|    loss                 | 0.0112      |
|    n_updates            | 1880        |
|    policy_gradient_loss | -0.0118     |
|    value_loss           | 0.00838     |
-----------------------------------------
----------------------------------------
| rollout/                |            |
|    ep_len_mean          | 490        |
|    ep_rew_mean          | 30.6       |
| time/                   |            |
|    fps                  | 3          |
|    iterations           | 190        |
|    time_elapsed         | 32115      |
|    total_timesteps      | 97280      |
| train/                  |            |
|    approx_kl            | 0.00098087 |
|    clip_fraction        | 0.00957    |
|    clip_range           | 0.2        |
|    entropy_loss         | -0.128     |
|    explained_variance   | 0.782      |
|    learning_rate        | 0.0003     |
|    loss                 | 0.000473   |
|    n_updates            | 1890       |
|    policy_gradient_loss | -0.00382   |
|    value_loss           | 0.00676    |
----------------------------------------
------------------------------------------
| rollout/                |              |
|    ep_len_mean          | 490          |
|    ep_rew_mean          | 30.6         |
| time/                   |              |
|    fps                  | 3            |
|    iterations           | 191          |
|    time_elapsed         | 32200        |
|    total_timesteps      | 97792        |
| train/                  |              |
|    approx_kl            | 0.0019409918 |
|    clip_fraction        | 0.0244       |
|    clip_range           | 0.2          |
|    entropy_loss         | -0.183       |
|    explained_variance   | 0.357        |
|    learning_rate        | 0.0003       |
|    loss                 | 0.00567      |
|    n_updates            | 1900         |
|    policy_gradient_loss | -0.000257    |
|    value_loss           | 0.0294       |
------------------------------------------
------------------------------------------
| rollout/                |              |
|    ep_len_mean          | 490          |
|    ep_rew_mean          | 30.6         |
| time/                   |              |
|    fps                  | 3            |
|    iterations           | 192          |
|    time_elapsed         | 32284        |
|    total_timesteps      | 98304        |
| train/                  |              |
|    approx_kl            | 0.0014906998 |
|    clip_fraction        | 0.0152       |
|    clip_range           | 0.2          |
|    entropy_loss         | -0.195       |
|    explained_variance   | 0.819        |
|    learning_rate        | 0.0003       |
|    loss                 | -0.00368     |
|    n_updates            | 1910         |
|    policy_gradient_loss | -0.0039      |
|    value_loss           | 0.00568      |
------------------------------------------
-------------------------------------------
| rollout/                |               |
|    ep_len_mean          | 490           |
|    ep_rew_mean          | 30.6          |
| time/                   |               |
|    fps                  | 3             |
|    iterations           | 193           |
|    time_elapsed         | 32368         |
|    total_timesteps      | 98816         |
| train/                  |               |
|    approx_kl            | 0.00046689878 |
|    clip_fraction        | 0.00547       |
|    clip_range           | 0.2           |
|    entropy_loss         | -0.124        |
|    explained_variance   | 0.846         |
|    learning_rate        | 0.0003        |
|    loss                 | 0.00321       |
|    n_updates            | 1920          |
|    policy_gradient_loss | -0.0017       |
|    value_loss           | 0.00721       |
-------------------------------------------
------------------------------------------
| rollout/                |              |
|    ep_len_mean          | 490          |
|    ep_rew_mean          | 30.6         |
| time/                   |              |
|    fps                  | 3            |
|    iterations           | 194          |
|    time_elapsed         | 32453        |
|    total_timesteps      | 99328        |
| train/                  |              |
|    approx_kl            | 0.0022506728 |
|    clip_fraction        | 0.0359       |
|    clip_range           | 0.2          |
|    entropy_loss         | -0.182       |
|    explained_variance   | 0.864        |
|    learning_rate        | 0.0003       |
|    loss                 | -0.0139      |
|    n_updates            | 1930         |
|    policy_gradient_loss | -0.00663     |
|    value_loss           | 0.00372      |
------------------------------------------
-----------------------------------------
| rollout/                |             |
|    ep_len_mean          | 490         |
|    ep_rew_mean          | 30.7        |
| time/                   |             |
|    fps                  | 3           |
|    iterations           | 195         |
|    time_elapsed         | 32535       |
|    total_timesteps      | 99840       |
| train/                  |             |
|    approx_kl            | 0.002645853 |
|    clip_fraction        | 0.0387      |
|    clip_range           | 0.2         |
|    entropy_loss         | -0.205      |
|    explained_variance   | 0.913       |
|    learning_rate        | 0.0003      |
|    loss                 | -0.0204     |
|    n_updates            | 1940        |
|    policy_gradient_loss | -0.00691    |
|    value_loss           | 0.00551     |
-----------------------------------------
------------------------------------------
| rollout/                |              |
|    ep_len_mean          | 490          |
|    ep_rew_mean          | 30.6         |
| time/                   |              |
|    fps                  | 3            |
|    iterations           | 196          |
|    time_elapsed         | 32619        |
|    total_timesteps      | 100352       |
| train/                  |              |
|    approx_kl            | 0.0034249597 |
|    clip_fraction        | 0.0277       |
|    clip_range           | 0.2          |
|    entropy_loss         | -0.184       |
|    explained_variance   | 0.793        |
|    learning_rate        | 0.0003       |
|    loss                 | 0.0196       |
|    n_updates            | 1950         |
|    policy_gradient_loss | -0.00575     |
|    value_loss           | 0.00868      |
------------------------------------------
------------------------------------------
| rollout/                |              |
|    ep_len_mean          | 490          |
|    ep_rew_mean          | 30.6         |
| time/                   |              |
|    fps                  | 3            |
|    iterations           | 197          |
|    time_elapsed         | 32703        |
|    total_timesteps      | 100864       |
| train/                  |              |
|    approx_kl            | 0.0025944414 |
|    clip_fraction        | 0.0246       |
|    clip_range           | 0.2          |
|    entropy_loss         | -0.207       |
|    explained_variance   | 0.885        |
|    learning_rate        | 0.0003       |
|    loss                 | -0.00109     |
|    n_updates            | 1960         |
|    policy_gradient_loss | -0.00455     |
|    value_loss           | 0.00505      |
------------------------------------------
------------------------------------------
| rollout/                |              |
|    ep_len_mean          | 490          |
|    ep_rew_mean          | 30.6         |
| time/                   |              |
|    fps                  | 3            |
|    iterations           | 198          |
|    time_elapsed         | 32791        |
|    total_timesteps      | 101376       |
| train/                  |              |
|    approx_kl            | 0.0098172445 |
|    clip_fraction        | 0.0359       |
|    clip_range           | 0.2          |
|    entropy_loss         | -0.187       |
|    explained_variance   | 0.917        |
|    learning_rate        | 0.0003       |
|    loss                 | -0.0105      |
|    n_updates            | 1970         |
|    policy_gradient_loss | -0.0114      |
|    value_loss           | 0.00326      |
------------------------------------------
------------------------------------------
| rollout/                |              |
|    ep_len_mean          | 490          |
|    ep_rew_mean          | 30.6         |
| time/                   |              |
|    fps                  | 3            |
|    iterations           | 199          |
|    time_elapsed         | 32879        |
|    total_timesteps      | 101888       |
| train/                  |              |
|    approx_kl            | 0.0011294925 |
|    clip_fraction        | 0.0121       |
|    clip_range           | 0.2          |
|    entropy_loss         | -0.168       |
|    explained_variance   | 0.889        |
|    learning_rate        | 0.0003       |
|    loss                 | 0.0123       |
|    n_updates            | 1980         |
|    policy_gradient_loss | -0.00151     |
|    value_loss           | 0.00545      |
------------------------------------------
------------------------------------------
| rollout/                |              |
|    ep_len_mean          | 490          |
|    ep_rew_mean          | 30.6         |
| time/                   |              |
|    fps                  | 3            |
|    iterations           | 200          |
|    time_elapsed         | 32965        |
|    total_timesteps      | 102400       |
| train/                  |              |
|    approx_kl            | 0.0023629293 |
|    clip_fraction        | 0.0316       |
|    clip_range           | 0.2          |
|    entropy_loss         | -0.237       |
|    explained_variance   | 0.928        |
|    learning_rate        | 0.0003       |
|    loss                 | 0.0193       |
|    n_updates            | 1990         |
|    policy_gradient_loss | -0.00596     |
|    value_loss           | 0.00443      |
------------------------------------------
------------------------------------------
| rollout/                |              |
|    ep_len_mean          | 490          |
|    ep_rew_mean          | 30.6         |
| time/                   |              |
|    fps                  | 3            |
|    iterations           | 201          |
|    time_elapsed         | 33048        |
|    total_timesteps      | 102912       |
| train/                  |              |
|    approx_kl            | 0.0028346847 |
|    clip_fraction        | 0.0369       |
|    clip_range           | 0.2          |
|    entropy_loss         | -0.205       |
|    explained_variance   | 0.526        |
|    learning_rate        | 0.0003       |
|    loss                 | -0.0353      |
|    n_updates            | 2000         |
|    policy_gradient_loss | -0.0102      |
|    value_loss           | 0.0125       |
------------------------------------------
-----------------------------------------
| rollout/                |             |
|    ep_len_mean          | 490         |
|    ep_rew_mean          | 30.6        |
| time/                   |             |
|    fps                  | 3           |
|    iterations           | 202         |
|    time_elapsed         | 33133       |
|    total_timesteps      | 103424      |
| train/                  |             |
|    approx_kl            | 0.004664761 |
|    clip_fraction        | 0.0441      |
|    clip_range           | 0.2         |
|    entropy_loss         | -0.154      |
|    explained_variance   | 0.877       |
|    learning_rate        | 0.0003      |
|    loss                 | -0.0362     |
|    n_updates            | 2010        |
|    policy_gradient_loss | -0.0139     |
|    value_loss           | 0.0049      |
-----------------------------------------
-----------------------------------------
| rollout/                |             |
|    ep_len_mean          | 490         |
|    ep_rew_mean          | 30.6        |
| time/                   |             |
|    fps                  | 3           |
|    iterations           | 203         |
|    time_elapsed         | 33218       |
|    total_timesteps      | 103936      |
| train/                  |             |
|    approx_kl            | 0.003813324 |
|    clip_fraction        | 0.0469      |
|    clip_range           | 0.2         |
|    entropy_loss         | -0.156      |
|    explained_variance   | 0.949       |
|    learning_rate        | 0.0003      |
|    loss                 | 0.00226     |
|    n_updates            | 2020        |
|    policy_gradient_loss | -0.00656    |
|    value_loss           | 0.00305     |
-----------------------------------------
------------------------------------------
| rollout/                |              |
|    ep_len_mean          | 490          |
|    ep_rew_mean          | 30.6         |
| time/                   |              |
|    fps                  | 3            |
|    iterations           | 204          |
|    time_elapsed         | 33302        |
|    total_timesteps      | 104448       |
| train/                  |              |
|    approx_kl            | 0.0022710615 |
|    clip_fraction        | 0.0158       |
|    clip_range           | 0.2          |
|    entropy_loss         | -0.0922      |
|    explained_variance   | 0.965        |
|    learning_rate        | 0.0003       |
|    loss                 | -0.0196      |
|    n_updates            | 2030         |
|    policy_gradient_loss | -0.00383     |
|    value_loss           | 0.00226      |
------------------------------------------
-----------------------------------------
| rollout/                |             |
|    ep_len_mean          | 490         |
|    ep_rew_mean          | 30.6        |
| time/                   |             |
|    fps                  | 3           |
|    iterations           | 205         |
|    time_elapsed         | 33386       |
|    total_timesteps      | 104960      |
| train/                  |             |
|    approx_kl            | 0.002165205 |
|    clip_fraction        | 0.0195      |
|    clip_range           | 0.2         |
|    entropy_loss         | -0.0951     |
|    explained_variance   | 0.951       |
|    learning_rate        | 0.0003      |
|    loss                 | 0.0179      |
|    n_updates            | 2040        |
|    policy_gradient_loss | -0.00478    |
|    value_loss           | 0.00229     |
-----------------------------------------
-----------------------------------------
| rollout/                |             |
|    ep_len_mean          | 490         |
|    ep_rew_mean          | 30.6        |
| time/                   |             |
|    fps                  | 3           |
|    iterations           | 206         |
|    time_elapsed         | 33470       |
|    total_timesteps      | 105472      |
| train/                  |             |
|    approx_kl            | 0.004190432 |
|    clip_fraction        | 0.0439      |
|    clip_range           | 0.2         |
|    entropy_loss         | -0.135      |
|    explained_variance   | 0.841       |
|    learning_rate        | 0.0003      |
|    loss                 | -0.00418    |
|    n_updates            | 2050        |
|    policy_gradient_loss | -0.0102     |
|    value_loss           | 0.00603     |
-----------------------------------------
------------------------------------------
| rollout/                |              |
|    ep_len_mean          | 490          |
|    ep_rew_mean          | 30.6         |
| time/                   |              |
|    fps                  | 3            |
|    iterations           | 207          |
|    time_elapsed         | 33554        |
|    total_timesteps      | 105984       |
| train/                  |              |
|    approx_kl            | 0.0018646242 |
|    clip_fraction        | 0.0348       |
|    clip_range           | 0.2          |
|    entropy_loss         | -0.131       |
|    explained_variance   | 0.549        |
|    learning_rate        | 0.0003       |
|    loss                 | -0.019       |
|    n_updates            | 2060         |
|    policy_gradient_loss | 0.00248      |
|    value_loss           | 0.0235       |
------------------------------------------
-----------------------------------------
| rollout/                |             |
|    ep_len_mean          | 490         |
|    ep_rew_mean          | 30.6        |
| time/                   |             |
|    fps                  | 3           |
|    iterations           | 208         |
|    time_elapsed         | 33638       |
|    total_timesteps      | 106496      |
| train/                  |             |
|    approx_kl            | 0.009351323 |
|    clip_fraction        | 0.0174      |
|    clip_range           | 0.2         |
|    entropy_loss         | -0.109      |
|    explained_variance   | 0.853       |
|    learning_rate        | 0.0003      |
|    loss                 | -0.0301     |
|    n_updates            | 2070        |
|    policy_gradient_loss | 0.0162      |
|    value_loss           | 0.00412     |
-----------------------------------------
------------------------------------------
| rollout/                |              |
|    ep_len_mean          | 490          |
|    ep_rew_mean          | 30.6         |
| time/                   |              |
|    fps                  | 3            |
|    iterations           | 209          |
|    time_elapsed         | 33722        |
|    total_timesteps      | 107008       |
| train/                  |              |
|    approx_kl            | 0.0022216295 |
|    clip_fraction        | 0.0082       |
|    clip_range           | 0.2          |
|    entropy_loss         | -0.109       |
|    explained_variance   | 0.951        |
|    learning_rate        | 0.0003       |
|    loss                 | -0.0129      |
|    n_updates            | 2080         |
|    policy_gradient_loss | -0.00512     |
|    value_loss           | 0.00199      |
------------------------------------------
-----------------------------------------
| rollout/                |             |
|    ep_len_mean          | 490         |
|    ep_rew_mean          | 30.6        |
| time/                   |             |
|    fps                  | 3           |
|    iterations           | 210         |
|    time_elapsed         | 33808       |
|    total_timesteps      | 107520      |
| train/                  |             |
|    approx_kl            | 0.007472006 |
|    clip_fraction        | 0.0545      |
|    clip_range           | 0.2         |
|    entropy_loss         | -0.178      |
|    explained_variance   | 0.784       |
|    learning_rate        | 0.0003      |
|    loss                 | -0.0092     |
|    n_updates            | 2090        |
|    policy_gradient_loss | -0.00699    |
|    value_loss           | 0.00583     |
-----------------------------------------
------------------------------------------
| rollout/                |              |
|    ep_len_mean          | 490          |
|    ep_rew_mean          | 30.6         |
| time/                   |              |
|    fps                  | 3            |
|    iterations           | 211          |
|    time_elapsed         | 33894        |
|    total_timesteps      | 108032       |
| train/                  |              |
|    approx_kl            | 0.0007845019 |
|    clip_fraction        | 0.0102       |
|    clip_range           | 0.2          |
|    entropy_loss         | -0.0785      |
|    explained_variance   | 0.948        |
|    learning_rate        | 0.0003       |
|    loss                 | -0.0138      |
|    n_updates            | 2100         |
|    policy_gradient_loss | -0.0011      |
|    value_loss           | 0.00291      |
------------------------------------------
------------------------------------------
| rollout/                |              |
|    ep_len_mean          | 485          |
|    ep_rew_mean          | 30.3         |
| time/                   |              |
|    fps                  | 3            |
|    iterations           | 212          |
|    time_elapsed         | 33981        |
|    total_timesteps      | 108544       |
| train/                  |              |
|    approx_kl            | 0.0014469274 |
|    clip_fraction        | 0.00781      |
|    clip_range           | 0.2          |
|    entropy_loss         | -0.113       |
|    explained_variance   | 0.712        |
|    learning_rate        | 0.0003       |
|    loss                 | -0.028       |
|    n_updates            | 2110         |
|    policy_gradient_loss | -0.00649     |
|    value_loss           | 0.00553      |
------------------------------------------
-----------------------------------------
| rollout/                |             |
|    ep_len_mean          | 485         |
|    ep_rew_mean          | 30.3        |
| time/                   |             |
|    fps                  | 3           |
|    iterations           | 213         |
|    time_elapsed         | 34070       |
|    total_timesteps      | 109056      |
| train/                  |             |
|    approx_kl            | 0.014892974 |
|    clip_fraction        | 0.0635      |
|    clip_range           | 0.2         |
|    entropy_loss         | -0.197      |
|    explained_variance   | -0.0577     |
|    learning_rate        | 0.0003      |
|    loss                 | 0.388       |
|    n_updates            | 2120        |
|    policy_gradient_loss | 0.00863     |
|    value_loss           | 2.25        |
-----------------------------------------
------------------------------------------
| rollout/                |              |
|    ep_len_mean          | 485          |
|    ep_rew_mean          | 30.3         |
| time/                   |              |
|    fps                  | 3            |
|    iterations           | 214          |
|    time_elapsed         | 34157        |
|    total_timesteps      | 109568       |
| train/                  |              |
|    approx_kl            | 0.0027298064 |
|    clip_fraction        | 0.00586      |
|    clip_range           | 0.2          |
|    entropy_loss         | -0.0912      |
|    explained_variance   | 0.588        |
|    learning_rate        | 0.0003       |
|    loss                 | 0.0165       |
|    n_updates            | 2130         |
|    policy_gradient_loss | -0.00149     |
|    value_loss           | 0.01         |
------------------------------------------
-----------------------------------------
| rollout/                |             |
|    ep_len_mean          | 485         |
|    ep_rew_mean          | 30.3        |
| time/                   |             |
|    fps                  | 3           |
|    iterations           | 215         |
|    time_elapsed         | 34244       |
|    total_timesteps      | 110080      |
| train/                  |             |
|    approx_kl            | 0.010973278 |
|    clip_fraction        | 0.0131      |
|    clip_range           | 0.2         |
|    entropy_loss         | -0.0941     |
|    explained_variance   | 0.279       |
|    learning_rate        | 0.0003      |
|    loss                 | -0.0187     |
|    n_updates            | 2140        |
|    policy_gradient_loss | -0.00357    |
|    value_loss           | 0.0587      |
-----------------------------------------
------------------------------------------
| rollout/                |              |
|    ep_len_mean          | 485          |
|    ep_rew_mean          | 30.3         |
| time/                   |              |
|    fps                  | 3            |
|    iterations           | 216          |
|    time_elapsed         | 34328        |
|    total_timesteps      | 110592       |
| train/                  |              |
|    approx_kl            | 0.0011274774 |
|    clip_fraction        | 0.0133       |
|    clip_range           | 0.2          |
|    entropy_loss         | -0.11        |
|    explained_variance   | 0.455        |
|    learning_rate        | 0.0003       |
|    loss                 | -0.0177      |
|    n_updates            | 2150         |
|    policy_gradient_loss | -0.00968     |
|    value_loss           | 0.0141       |
------------------------------------------
-----------------------------------------
| rollout/                |             |
|    ep_len_mean          | 485         |
|    ep_rew_mean          | 30.3        |
| time/                   |             |
|    fps                  | 3           |
|    iterations           | 217         |
|    time_elapsed         | 34415       |
|    total_timesteps      | 111104      |
| train/                  |             |
|    approx_kl            | 0.004938661 |
|    clip_fraction        | 0.0105      |
|    clip_range           | 0.2         |
|    entropy_loss         | -0.124      |
|    explained_variance   | 0.659       |
|    learning_rate        | 0.0003      |
|    loss                 | -0.0108     |
|    n_updates            | 2160        |
|    policy_gradient_loss | -0.00406    |
|    value_loss           | 0.00755     |
-----------------------------------------
------------------------------------------
| rollout/                |              |
|    ep_len_mean          | 485          |
|    ep_rew_mean          | 30.3         |
| time/                   |              |
|    fps                  | 3            |
|    iterations           | 218          |
|    time_elapsed         | 34502        |
|    total_timesteps      | 111616       |
| train/                  |              |
|    approx_kl            | 0.0057176435 |
|    clip_fraction        | 0.0436       |
|    clip_range           | 0.2          |
|    entropy_loss         | -0.179       |
|    explained_variance   | 0.0722       |
|    learning_rate        | 0.0003       |
|    loss                 | 0.00533      |
|    n_updates            | 2170         |
|    policy_gradient_loss | 0.00861      |
|    value_loss           | 0.0533       |
------------------------------------------
------------------------------------------
| rollout/                |              |
|    ep_len_mean          | 485          |
|    ep_rew_mean          | 30.3         |
| time/                   |              |
|    fps                  | 3            |
|    iterations           | 219          |
|    time_elapsed         | 34589        |
|    total_timesteps      | 112128       |
| train/                  |              |
|    approx_kl            | 0.0007411303 |
|    clip_fraction        | 0.0104       |
|    clip_range           | 0.2          |
|    entropy_loss         | -0.157       |
|    explained_variance   | 0.849        |
|    learning_rate        | 0.0003       |
|    loss                 | -0.00801     |
|    n_updates            | 2180         |
|    policy_gradient_loss | -0.00305     |
|    value_loss           | 0.00702      |
------------------------------------------
------------------------------------------
| rollout/                |              |
|    ep_len_mean          | 485          |
|    ep_rew_mean          | 30.3         |
| time/                   |              |
|    fps                  | 3            |
|    iterations           | 220          |
|    time_elapsed         | 34675        |
|    total_timesteps      | 112640       |
| train/                  |              |
|    approx_kl            | 0.0010387345 |
|    clip_fraction        | 0.00957      |
|    clip_range           | 0.2          |
|    entropy_loss         | -0.147       |
|    explained_variance   | 0.842        |
|    learning_rate        | 0.0003       |
|    loss                 | -0.00233     |
|    n_updates            | 2190         |
|    policy_gradient_loss | -0.00113     |
|    value_loss           | 0.00568      |
------------------------------------------
-----------------------------------------
| rollout/                |             |
|    ep_len_mean          | 485         |
|    ep_rew_mean          | 30.3        |
| time/                   |             |
|    fps                  | 3           |
|    iterations           | 221         |
|    time_elapsed         | 34761       |
|    total_timesteps      | 113152      |
| train/                  |             |
|    approx_kl            | 0.007212734 |
|    clip_fraction        | 0.0393      |
|    clip_range           | 0.2         |
|    entropy_loss         | -0.21       |
|    explained_variance   | 0.736       |
|    learning_rate        | 0.0003      |
|    loss                 | -0.00693    |
|    n_updates            | 2200        |
|    policy_gradient_loss | -0.00644    |
|    value_loss           | 0.0109      |
-----------------------------------------
-----------------------------------------
| rollout/                |             |
|    ep_len_mean          | 485         |
|    ep_rew_mean          | 30.3        |
| time/                   |             |
|    fps                  | 3           |
|    iterations           | 222         |
|    time_elapsed         | 34848       |
|    total_timesteps      | 113664      |
| train/                  |             |
|    approx_kl            | 0.005148924 |
|    clip_fraction        | 0.0486      |
|    clip_range           | 0.2         |
|    entropy_loss         | -0.228      |
|    explained_variance   | 0.845       |
|    learning_rate        | 0.0003      |
|    loss                 | 0.0243      |
|    n_updates            | 2210        |
|    policy_gradient_loss | -0.00803    |
|    value_loss           | 0.00808     |
-----------------------------------------
------------------------------------------
| rollout/                |              |
|    ep_len_mean          | 485          |
|    ep_rew_mean          | 30.3         |
| time/                   |              |
|    fps                  | 3            |
|    iterations           | 223          |
|    time_elapsed         | 34936        |
|    total_timesteps      | 114176       |
| train/                  |              |
|    approx_kl            | 0.0009736668 |
|    clip_fraction        | 0.0115       |
|    clip_range           | 0.2          |
|    entropy_loss         | -0.178       |
|    explained_variance   | 0.482        |
|    learning_rate        | 0.0003       |
|    loss                 | -0.00368     |
|    n_updates            | 2220         |
|    policy_gradient_loss | -0.003       |
|    value_loss           | 0.0142       |
------------------------------------------
-----------------------------------------
| rollout/                |             |
|    ep_len_mean          | 485         |
|    ep_rew_mean          | 30.3        |
| time/                   |             |
|    fps                  | 3           |
|    iterations           | 224         |
|    time_elapsed         | 35023       |
|    total_timesteps      | 114688      |
| train/                  |             |
|    approx_kl            | 0.034674115 |
|    clip_fraction        | 0.05        |
|    clip_range           | 0.2         |
|    entropy_loss         | -0.232      |
|    explained_variance   | 0.857       |
|    learning_rate        | 0.0003      |
|    loss                 | 0.0216      |
|    n_updates            | 2230        |
|    policy_gradient_loss | -0.00626    |
|    value_loss           | 0.00517     |
-----------------------------------------
------------------------------------------
| rollout/                |              |
|    ep_len_mean          | 485          |
|    ep_rew_mean          | 30.3         |
| time/                   |              |
|    fps                  | 3            |
|    iterations           | 225          |
|    time_elapsed         | 35110        |
|    total_timesteps      | 115200       |
| train/                  |              |
|    approx_kl            | 0.0042701624 |
|    clip_fraction        | 0.059        |
|    clip_range           | 0.2          |
|    entropy_loss         | -0.356       |
|    explained_variance   | 0.789        |
|    learning_rate        | 0.0003       |
|    loss                 | -0.0376      |
|    n_updates            | 2240         |
|    policy_gradient_loss | -0.0155      |
|    value_loss           | 0.00576      |
------------------------------------------
------------------------------------------
| rollout/                |              |
|    ep_len_mean          | 485          |
|    ep_rew_mean          | 30.3         |
| time/                   |              |
|    fps                  | 3            |
|    iterations           | 226          |
|    time_elapsed         | 35197        |
|    total_timesteps      | 115712       |
| train/                  |              |
|    approx_kl            | 0.0016577265 |
|    clip_fraction        | 0.0084       |
|    clip_range           | 0.2          |
|    entropy_loss         | -0.321       |
|    explained_variance   | 0.91         |
|    learning_rate        | 0.0003       |
|    loss                 | -0.00117     |
|    n_updates            | 2250         |
|    policy_gradient_loss | -0.00216     |
|    value_loss           | 0.00268      |
------------------------------------------
------------------------------------------
| rollout/                |              |
|    ep_len_mean          | 485          |
|    ep_rew_mean          | 30.3         |
| time/                   |              |
|    fps                  | 3            |
|    iterations           | 227          |
|    time_elapsed         | 35283        |
|    total_timesteps      | 116224       |
| train/                  |              |
|    approx_kl            | 0.0014833516 |
|    clip_fraction        | 0.0205       |
|    clip_range           | 0.2          |
|    entropy_loss         | -0.262       |
|    explained_variance   | 0.908        |
|    learning_rate        | 0.0003       |
|    loss                 | -0.0158      |
|    n_updates            | 2260         |
|    policy_gradient_loss | -0.00468     |
|    value_loss           | 0.00406      |
------------------------------------------
-----------------------------------------
| rollout/                |             |
|    ep_len_mean          | 485         |
|    ep_rew_mean          | 30.3        |
| time/                   |             |
|    fps                  | 3           |
|    iterations           | 228         |
|    time_elapsed         | 35368       |
|    total_timesteps      | 116736      |
| train/                  |             |
|    approx_kl            | 0.003968029 |
|    clip_fraction        | 0.0291      |
|    clip_range           | 0.2         |
|    entropy_loss         | -0.319      |
|    explained_variance   | 0.596       |
|    learning_rate        | 0.0003      |
|    loss                 | -0.0172     |
|    n_updates            | 2270        |
|    policy_gradient_loss | -0.00684    |
|    value_loss           | 0.0129      |
-----------------------------------------
------------------------------------------
| rollout/                |              |
|    ep_len_mean          | 485          |
|    ep_rew_mean          | 30.3         |
| time/                   |              |
|    fps                  | 3            |
|    iterations           | 229          |
|    time_elapsed         | 35453        |
|    total_timesteps      | 117248       |
| train/                  |              |
|    approx_kl            | 0.0017308209 |
|    clip_fraction        | 0.00625      |
|    clip_range           | 0.2          |
|    entropy_loss         | -0.418       |
|    explained_variance   | 0.538        |
|    learning_rate        | 0.0003       |
|    loss                 | -0.00353     |
|    n_updates            | 2280         |
|    policy_gradient_loss | -0.00135     |
|    value_loss           | 0.0114       |
------------------------------------------
------------------------------------------
| rollout/                |              |
|    ep_len_mean          | 485          |
|    ep_rew_mean          | 30.3         |
| time/                   |              |
|    fps                  | 3            |
|    iterations           | 230          |
|    time_elapsed         | 35541        |
|    total_timesteps      | 117760       |
| train/                  |              |
|    approx_kl            | 0.0029227631 |
|    clip_fraction        | 0.0262       |
|    clip_range           | 0.2          |
|    entropy_loss         | -0.387       |
|    explained_variance   | 0.784        |
|    learning_rate        | 0.0003       |
|    loss                 | -0.00358     |
|    n_updates            | 2290         |
|    policy_gradient_loss | -0.00634     |
|    value_loss           | 0.014        |
------------------------------------------
------------------------------------------
| rollout/                |              |
|    ep_len_mean          | 485          |
|    ep_rew_mean          | 30.3         |
| time/                   |              |
|    fps                  | 3            |
|    iterations           | 231          |
|    time_elapsed         | 35629        |
|    total_timesteps      | 118272       |
| train/                  |              |
|    approx_kl            | 0.0071905022 |
|    clip_fraction        | 0.114        |
|    clip_range           | 0.2          |
|    entropy_loss         | -0.415       |
|    explained_variance   | 0.782        |
|    learning_rate        | 0.0003       |
|    loss                 | -0.021       |
|    n_updates            | 2300         |
|    policy_gradient_loss | -0.0101      |
|    value_loss           | 0.00768      |
------------------------------------------
-----------------------------------------
| rollout/                |             |
|    ep_len_mean          | 485         |
|    ep_rew_mean          | 30.3        |
| time/                   |             |
|    fps                  | 3           |
|    iterations           | 232         |
|    time_elapsed         | 35718       |
|    total_timesteps      | 118784      |
| train/                  |             |
|    approx_kl            | 0.013982621 |
|    clip_fraction        | 0.157       |
|    clip_range           | 0.2         |
|    entropy_loss         | -0.391      |
|    explained_variance   | 0.887       |
|    learning_rate        | 0.0003      |
|    loss                 | -0.00877    |
|    n_updates            | 2310        |
|    policy_gradient_loss | -0.0246     |
|    value_loss           | 0.00658     |
-----------------------------------------
-----------------------------------------
| rollout/                |             |
|    ep_len_mean          | 482         |
|    ep_rew_mean          | 30.1        |
| time/                   |             |
|    fps                  | 3           |
|    iterations           | 233         |
|    time_elapsed         | 35805       |
|    total_timesteps      | 119296      |
| train/                  |             |
|    approx_kl            | 0.006208518 |
|    clip_fraction        | 0.0311      |
|    clip_range           | 0.2         |
|    entropy_loss         | -0.401      |
|    explained_variance   | 0.64        |
|    learning_rate        | 0.0003      |
|    loss                 | 0.00363     |
|    n_updates            | 2320        |
|    policy_gradient_loss | -0.0095     |
|    value_loss           | 0.0116      |
-----------------------------------------
------------------------------------------
| rollout/                |              |
|    ep_len_mean          | 482          |
|    ep_rew_mean          | 30.1         |
| time/                   |              |
|    fps                  | 3            |
|    iterations           | 234          |
|    time_elapsed         | 35892        |
|    total_timesteps      | 119808       |
| train/                  |              |
|    approx_kl            | 0.0063302917 |
|    clip_fraction        | 0.0596       |
|    clip_range           | 0.2          |
|    entropy_loss         | -0.481       |
|    explained_variance   | -0.00961     |
|    learning_rate        | 0.0003       |
|    loss                 | 1.37         |
|    n_updates            | 2330         |
|    policy_gradient_loss | 0.00358      |
|    value_loss           | 3.11         |
------------------------------------------
-----------------------------------------
| rollout/                |             |
|    ep_len_mean          | 487         |
|    ep_rew_mean          | 30.5        |
| time/                   |             |
|    fps                  | 3           |
|    iterations           | 235         |
|    time_elapsed         | 35979       |
|    total_timesteps      | 120320      |
| train/                  |             |
|    approx_kl            | 0.012975571 |
|    clip_fraction        | 0.145       |
|    clip_range           | 0.2         |
|    entropy_loss         | -0.357      |
|    explained_variance   | 0.244       |
|    learning_rate        | 0.0003      |
|    loss                 | -0.0111     |
|    n_updates            | 2340        |
|    policy_gradient_loss | -0.0136     |
|    value_loss           | 0.0441      |
-----------------------------------------
-----------------------------------------
| rollout/                |             |
|    ep_len_mean          | 487         |
|    ep_rew_mean          | 30.5        |
| time/                   |             |
|    fps                  | 3           |
|    iterations           | 236         |
|    time_elapsed         | 36066       |
|    total_timesteps      | 120832      |
| train/                  |             |
|    approx_kl            | 0.008608904 |
|    clip_fraction        | 0.0783      |
|    clip_range           | 0.2         |
|    entropy_loss         | -0.299      |
|    explained_variance   | 0.258       |
|    learning_rate        | 0.0003      |
|    loss                 | 0.0152      |
|    n_updates            | 2350        |
|    policy_gradient_loss | -0.00808    |
|    value_loss           | 0.0837      |
-----------------------------------------
------------------------------------------
| rollout/                |              |
|    ep_len_mean          | 487          |
|    ep_rew_mean          | 30.5         |
| time/                   |              |
|    fps                  | 3            |
|    iterations           | 237          |
|    time_elapsed         | 36152        |
|    total_timesteps      | 121344       |
| train/                  |              |
|    approx_kl            | 0.0036490206 |
|    clip_fraction        | 0.0107       |
|    clip_range           | 0.2          |
|    entropy_loss         | -0.328       |
|    explained_variance   | -0.862       |
|    learning_rate        | 0.0003       |
|    loss                 | 0.0306       |
|    n_updates            | 2360         |
|    policy_gradient_loss | -0.00168     |
|    value_loss           | 0.115        |
------------------------------------------
-----------------------------------------
| rollout/                |             |
|    ep_len_mean          | 487         |
|    ep_rew_mean          | 30.5        |
| time/                   |             |
|    fps                  | 3           |
|    iterations           | 238         |
|    time_elapsed         | 36238       |
|    total_timesteps      | 121856      |
| train/                  |             |
|    approx_kl            | 0.019526076 |
|    clip_fraction        | 0.0832      |
|    clip_range           | 0.2         |
|    entropy_loss         | -0.343      |
|    explained_variance   | -0.0207     |
|    learning_rate        | 0.0003      |
|    loss                 | -0.047      |
|    n_updates            | 2370        |
|    policy_gradient_loss | -0.0074     |
|    value_loss           | 0.023       |
-----------------------------------------
------------------------------------------
| rollout/                |              |
|    ep_len_mean          | 487          |
|    ep_rew_mean          | 30.5         |
| time/                   |              |
|    fps                  | 3            |
|    iterations           | 239          |
|    time_elapsed         | 36323        |
|    total_timesteps      | 122368       |
| train/                  |              |
|    approx_kl            | 0.0038630348 |
|    clip_fraction        | 0.0473       |
|    clip_range           | 0.2          |
|    entropy_loss         | -0.211       |
|    explained_variance   | 0.744        |
|    learning_rate        | 0.0003       |
|    loss                 | -0.0278      |
|    n_updates            | 2380         |
|    policy_gradient_loss | -0.0107      |
|    value_loss           | 0.00937      |
------------------------------------------
------------------------------------------
| rollout/                |              |
|    ep_len_mean          | 487          |
|    ep_rew_mean          | 30.5         |
| time/                   |              |
|    fps                  | 3            |
|    iterations           | 240          |
|    time_elapsed         | 36410        |
|    total_timesteps      | 122880       |
| train/                  |              |
|    approx_kl            | 0.0013767633 |
|    clip_fraction        | 0.0164       |
|    clip_range           | 0.2          |
|    entropy_loss         | -0.164       |
|    explained_variance   | 0.498        |
|    learning_rate        | 0.0003       |
|    loss                 | 0.00658      |
|    n_updates            | 2390         |
|    policy_gradient_loss | -0.0032      |
|    value_loss           | 0.014        |
------------------------------------------
------------------------------------------
| rollout/                |              |
|    ep_len_mean          | 487          |
|    ep_rew_mean          | 30.5         |
| time/                   |              |
|    fps                  | 3            |
|    iterations           | 241          |
|    time_elapsed         | 36495        |
|    total_timesteps      | 123392       |
| train/                  |              |
|    approx_kl            | 0.0012930374 |
|    clip_fraction        | 0.00801      |
|    clip_range           | 0.2          |
|    entropy_loss         | -0.228       |
|    explained_variance   | 0.675        |
|    learning_rate        | 0.0003       |
|    loss                 | -0.00991     |
|    n_updates            | 2400         |
|    policy_gradient_loss | -0.00295     |
|    value_loss           | 0.00567      |
------------------------------------------
-----------------------------------------
| rollout/                |             |
|    ep_len_mean          | 487         |
|    ep_rew_mean          | 30.5        |
| time/                   |             |
|    fps                  | 3           |
|    iterations           | 242         |
|    time_elapsed         | 36582       |
|    total_timesteps      | 123904      |
| train/                  |             |
|    approx_kl            | 0.008221207 |
|    clip_fraction        | 0.05        |
|    clip_range           | 0.2         |
|    entropy_loss         | -0.222      |
|    explained_variance   | 0.777       |
|    learning_rate        | 0.0003      |
|    loss                 | 0.0105      |
|    n_updates            | 2410        |
|    policy_gradient_loss | -0.00301    |
|    value_loss           | 0.00945     |
-----------------------------------------
------------------------------------------
| rollout/                |              |
|    ep_len_mean          | 487          |
|    ep_rew_mean          | 30.5         |
| time/                   |              |
|    fps                  | 3            |
|    iterations           | 243          |
|    time_elapsed         | 36669        |
|    total_timesteps      | 124416       |
| train/                  |              |
|    approx_kl            | 0.0015979073 |
|    clip_fraction        | 0.0234       |
|    clip_range           | 0.2          |
|    entropy_loss         | -0.175       |
|    explained_variance   | 0.935        |
|    learning_rate        | 0.0003       |
|    loss                 | -0.00724     |
|    n_updates            | 2420         |
|    policy_gradient_loss | -0.00238     |
|    value_loss           | 0.00474      |
------------------------------------------
------------------------------------------
| rollout/                |              |
|    ep_len_mean          | 487          |
|    ep_rew_mean          | 30.5         |
| time/                   |              |
|    fps                  | 3            |
|    iterations           | 244          |
|    time_elapsed         | 36755        |
|    total_timesteps      | 124928       |
| train/                  |              |
|    approx_kl            | 0.0010909424 |
|    clip_fraction        | 0.0223       |
|    clip_range           | 0.2          |
|    entropy_loss         | -0.205       |
|    explained_variance   | 0.694        |
|    learning_rate        | 0.0003       |
|    loss                 | -0.00498     |
|    n_updates            | 2430         |
|    policy_gradient_loss | -0.00427     |
|    value_loss           | 0.00743      |
------------------------------------------
------------------------------------------
| rollout/                |              |
|    ep_len_mean          | 487          |
|    ep_rew_mean          | 30.5         |
| time/                   |              |
|    fps                  | 3            |
|    iterations           | 245          |
|    time_elapsed         | 36840        |
|    total_timesteps      | 125440       |
| train/                  |              |
|    approx_kl            | 0.0027351133 |
|    clip_fraction        | 0.0195       |
|    clip_range           | 0.2          |
|    entropy_loss         | -0.175       |
|    explained_variance   | 0.689        |
|    learning_rate        | 0.0003       |
|    loss                 | 0.00474      |
|    n_updates            | 2440         |
|    policy_gradient_loss | -0.00377     |
|    value_loss           | 0.00939      |
------------------------------------------
-----------------------------------------
| rollout/                |             |
|    ep_len_mean          | 487         |
|    ep_rew_mean          | 30.4        |
| time/                   |             |
|    fps                  | 3           |
|    iterations           | 246         |
|    time_elapsed         | 36927       |
|    total_timesteps      | 125952      |
| train/                  |             |
|    approx_kl            | 0.004107574 |
|    clip_fraction        | 0.0324      |
|    clip_range           | 0.2         |
|    entropy_loss         | -0.144      |
|    explained_variance   | 0.813       |
|    learning_rate        | 0.0003      |
|    loss                 | -0.00897    |
|    n_updates            | 2450        |
|    policy_gradient_loss | -0.00288    |
|    value_loss           | 0.0039      |
-----------------------------------------
------------------------------------------
| rollout/                |              |
|    ep_len_mean          | 487          |
|    ep_rew_mean          | 30.4         |
| time/                   |              |
|    fps                  | 3            |
|    iterations           | 247          |
|    time_elapsed         | 37013        |
|    total_timesteps      | 126464       |
| train/                  |              |
|    approx_kl            | 0.0065789456 |
|    clip_fraction        | 0.0256       |
|    clip_range           | 0.2          |
|    entropy_loss         | -0.113       |
|    explained_variance   | 0.955        |
|    learning_rate        | 0.0003       |
|    loss                 | -0.0234      |
|    n_updates            | 2460         |
|    policy_gradient_loss | -0.00803     |
|    value_loss           | 0.00281      |
------------------------------------------
------------------------------------------
| rollout/                |              |
|    ep_len_mean          | 487          |
|    ep_rew_mean          | 30.4         |
| time/                   |              |
|    fps                  | 3            |
|    iterations           | 248          |
|    time_elapsed         | 37099        |
|    total_timesteps      | 126976       |
| train/                  |              |
|    approx_kl            | 0.0010681557 |
|    clip_fraction        | 0.0227       |
|    clip_range           | 0.2          |
|    entropy_loss         | -0.137       |
|    explained_variance   | 0.881        |
|    learning_rate        | 0.0003       |
|    loss                 | -0.00276     |
|    n_updates            | 2470         |
|    policy_gradient_loss | -0.00337     |
|    value_loss           | 0.00565      |
------------------------------------------
------------------------------------------
| rollout/                |              |
|    ep_len_mean          | 483          |
|    ep_rew_mean          | 30.1         |
| time/                   |              |
|    fps                  | 3            |
|    iterations           | 249          |
|    time_elapsed         | 37184        |
|    total_timesteps      | 127488       |
| train/                  |              |
|    approx_kl            | 0.0010458267 |
|    clip_fraction        | 0.0109       |
|    clip_range           | 0.2          |
|    entropy_loss         | -0.111       |
|    explained_variance   | 0.864        |
|    learning_rate        | 0.0003       |
|    loss                 | 0.00203      |
|    n_updates            | 2480         |
|    policy_gradient_loss | -0.00333     |
|    value_loss           | 0.00466      |
------------------------------------------
----------------------------------------
| rollout/                |            |
|    ep_len_mean          | 483        |
|    ep_rew_mean          | 30.1       |
| time/                   |            |
|    fps                  | 3          |
|    iterations           | 250        |
|    time_elapsed         | 37269      |
|    total_timesteps      | 128000     |
| train/                  |            |
|    approx_kl            | 0.12796953 |
|    clip_fraction        | 0.132      |
|    clip_range           | 0.2        |
|    entropy_loss         | -0.237     |
|    explained_variance   | -0.0815    |
|    learning_rate        | 0.0003     |
|    loss                 | 0.48       |
|    n_updates            | 2490       |
|    policy_gradient_loss | 0.00821    |
|    value_loss           | 3.14       |
----------------------------------------
------------------------------------------
| rollout/                |              |
|    ep_len_mean          | 483          |
|    ep_rew_mean          | 30.1         |
| time/                   |              |
|    fps                  | 3            |
|    iterations           | 251          |
|    time_elapsed         | 37354        |
|    total_timesteps      | 128512       |
| train/                  |              |
|    approx_kl            | 0.0041536083 |
|    clip_fraction        | 0.0287       |
|    clip_range           | 0.2          |
|    entropy_loss         | -0.0984      |
|    explained_variance   | -0.113       |
|    learning_rate        | 0.0003       |
|    loss                 | -0.0135      |
|    n_updates            | 2500         |
|    policy_gradient_loss | -0.018       |
|    value_loss           | 0.0414       |
------------------------------------------
-----------------------------------------
| rollout/                |             |
|    ep_len_mean          | 483         |
|    ep_rew_mean          | 30.1        |
| time/                   |             |
|    fps                  | 3           |
|    iterations           | 252         |
|    time_elapsed         | 37442       |
|    total_timesteps      | 129024      |
| train/                  |             |
|    approx_kl            | 0.005461738 |
|    clip_fraction        | 0.0223      |
|    clip_range           | 0.2         |
|    entropy_loss         | -0.0903     |
|    explained_variance   | 0.525       |
|    learning_rate        | 0.0003      |
|    loss                 | 0.00107     |
|    n_updates            | 2510        |
|    policy_gradient_loss | -0.00277    |
|    value_loss           | 0.0163      |
-----------------------------------------
----------------------------------------
| rollout/                |            |
|    ep_len_mean          | 483        |
|    ep_rew_mean          | 30.1       |
| time/                   |            |
|    fps                  | 3          |
|    iterations           | 253        |
|    time_elapsed         | 37527      |
|    total_timesteps      | 129536     |
| train/                  |            |
|    approx_kl            | 0.00312628 |
|    clip_fraction        | 0.0189     |
|    clip_range           | 0.2        |
|    entropy_loss         | -0.143     |
|    explained_variance   | 0.681      |
|    learning_rate        | 0.0003     |
|    loss                 | -0.0125    |
|    n_updates            | 2520       |
|    policy_gradient_loss | -0.00606   |
|    value_loss           | 0.0131     |
----------------------------------------
---------------------------------------
| rollout/                |           |
|    ep_len_mean          | 483       |
|    ep_rew_mean          | 30.1      |
| time/                   |           |
|    fps                  | 3         |
|    iterations           | 254       |
|    time_elapsed         | 37613     |
|    total_timesteps      | 130048    |
| train/                  |           |
|    approx_kl            | 0.0021213 |
|    clip_fraction        | 0.0107    |
|    clip_range           | 0.2       |
|    entropy_loss         | -0.132    |
|    explained_variance   | 0.786     |
|    learning_rate        | 0.0003    |
|    loss                 | -0.0187   |
|    n_updates            | 2530      |
|    policy_gradient_loss | -0.00186  |
|    value_loss           | 0.00724   |
---------------------------------------
-----------------------------------------
| rollout/                |             |
|    ep_len_mean          | 483         |
|    ep_rew_mean          | 30.1        |
| time/                   |             |
|    fps                  | 3           |
|    iterations           | 255         |
|    time_elapsed         | 37698       |
|    total_timesteps      | 130560      |
| train/                  |             |
|    approx_kl            | 0.005961794 |
|    clip_fraction        | 0.0373      |
|    clip_range           | 0.2         |
|    entropy_loss         | -0.142      |
|    explained_variance   | 0.368       |
|    learning_rate        | 0.0003      |
|    loss                 | 0.03        |
|    n_updates            | 2540        |
|    policy_gradient_loss | -0.00432    |
|    value_loss           | 0.02        |
-----------------------------------------
-----------------------------------------
| rollout/                |             |
|    ep_len_mean          | 483         |
|    ep_rew_mean          | 30.1        |
| time/                   |             |
|    fps                  | 3           |
|    iterations           | 256         |
|    time_elapsed         | 37785       |
|    total_timesteps      | 131072      |
| train/                  |             |
|    approx_kl            | 0.003081622 |
|    clip_fraction        | 0.0297      |
|    clip_range           | 0.2         |
|    entropy_loss         | -0.343      |
|    explained_variance   | -0.748      |
|    learning_rate        | 0.0003      |
|    loss                 | -0.00575    |
|    n_updates            | 2550        |
|    policy_gradient_loss | -0.00839    |
|    value_loss           | 0.0473      |
-----------------------------------------
------------------------------------------
| rollout/                |              |
|    ep_len_mean          | 483          |
|    ep_rew_mean          | 30.1         |
| time/                   |              |
|    fps                  | 3            |
|    iterations           | 257          |
|    time_elapsed         | 37871        |
|    total_timesteps      | 131584       |
| train/                  |              |
|    approx_kl            | 0.0023368006 |
|    clip_fraction        | 0.0293       |
|    clip_range           | 0.2          |
|    entropy_loss         | -0.179       |
|    explained_variance   | 0.833        |
|    learning_rate        | 0.0003       |
|    loss                 | -0.0167      |
|    n_updates            | 2560         |
|    policy_gradient_loss | -0.0102      |
|    value_loss           | 0.00518      |
------------------------------------------
------------------------------------------
| rollout/                |              |
|    ep_len_mean          | 483          |
|    ep_rew_mean          | 30.1         |
| time/                   |              |
|    fps                  | 3            |
|    iterations           | 258          |
|    time_elapsed         | 37957        |
|    total_timesteps      | 132096       |
| train/                  |              |
|    approx_kl            | 0.0015871269 |
|    clip_fraction        | 0.0225       |
|    clip_range           | 0.2          |
|    entropy_loss         | -0.18        |
|    explained_variance   | 0.646        |
|    learning_rate        | 0.0003       |
|    loss                 | 3.52e-05     |
|    n_updates            | 2570         |
|    policy_gradient_loss | -0.0055      |
|    value_loss           | 0.0108       |
------------------------------------------
------------------------------------------
| rollout/                |              |
|    ep_len_mean          | 483          |
|    ep_rew_mean          | 30.1         |
| time/                   |              |
|    fps                  | 3            |
|    iterations           | 259          |
|    time_elapsed         | 38043        |
|    total_timesteps      | 132608       |
| train/                  |              |
|    approx_kl            | 0.0002457517 |
|    clip_fraction        | 0.00195      |
|    clip_range           | 0.2          |
|    entropy_loss         | -0.0799      |
|    explained_variance   | 0.809        |
|    learning_rate        | 0.0003       |
|    loss                 | -0.0011      |
|    n_updates            | 2580         |
|    policy_gradient_loss | -0.00143     |
|    value_loss           | 0.0047       |
------------------------------------------
-----------------------------------------
| rollout/                |             |
|    ep_len_mean          | 483         |
|    ep_rew_mean          | 30.1        |
| time/                   |             |
|    fps                  | 3           |
|    iterations           | 260         |
|    time_elapsed         | 38129       |
|    total_timesteps      | 133120      |
| train/                  |             |
|    approx_kl            | 0.002163486 |
|    clip_fraction        | 0.0225      |
|    clip_range           | 0.2         |
|    entropy_loss         | -0.178      |
|    explained_variance   | 0.749       |
|    learning_rate        | 0.0003      |
|    loss                 | -0.0021     |
|    n_updates            | 2590        |
|    policy_gradient_loss | -0.00163    |
|    value_loss           | 0.0074      |
-----------------------------------------
---------------------------------------
| rollout/                |           |
|    ep_len_mean          | 483       |
|    ep_rew_mean          | 30.1      |
| time/                   |           |
|    fps                  | 3         |
|    iterations           | 261       |
|    time_elapsed         | 38215     |
|    total_timesteps      | 133632    |
| train/                  |           |
|    approx_kl            | 0.0217004 |
|    clip_fraction        | 0.0422    |
|    clip_range           | 0.2       |
|    entropy_loss         | -0.144    |
|    explained_variance   | 0.712     |
|    learning_rate        | 0.0003    |
|    loss                 | -0.0279   |
|    n_updates            | 2600      |
|    policy_gradient_loss | -0.018    |
|    value_loss           | 0.00671   |
---------------------------------------
------------------------------------------
| rollout/                |              |
|    ep_len_mean          | 483          |
|    ep_rew_mean          | 30.1         |
| time/                   |              |
|    fps                  | 3            |
|    iterations           | 262          |
|    time_elapsed         | 38299        |
|    total_timesteps      | 134144       |
| train/                  |              |
|    approx_kl            | 0.0051334067 |
|    clip_fraction        | 0.0344       |
|    clip_range           | 0.2          |
|    entropy_loss         | -0.138       |
|    explained_variance   | 0.656        |
|    learning_rate        | 0.0003       |
|    loss                 | -0.0182      |
|    n_updates            | 2610         |
|    policy_gradient_loss | -0.0087      |
|    value_loss           | 0.0113       |
------------------------------------------
------------------------------------------
| rollout/                |              |
|    ep_len_mean          | 478          |
|    ep_rew_mean          | 29.7         |
| time/                   |              |
|    fps                  | 3            |
|    iterations           | 263          |
|    time_elapsed         | 38385        |
|    total_timesteps      | 134656       |
| train/                  |              |
|    approx_kl            | 0.0025369346 |
|    clip_fraction        | 0.0172       |
|    clip_range           | 0.2          |
|    entropy_loss         | -0.147       |
|    explained_variance   | 0.724        |
|    learning_rate        | 0.0003       |
|    loss                 | -0.00163     |
|    n_updates            | 2620         |
|    policy_gradient_loss | -0.00583     |
|    value_loss           | 0.00906      |
------------------------------------------
-----------------------------------------
| rollout/                |             |
|    ep_len_mean          | 478         |
|    ep_rew_mean          | 29.7        |
| time/                   |             |
|    fps                  | 3           |
|    iterations           | 264         |
|    time_elapsed         | 38471       |
|    total_timesteps      | 135168      |
| train/                  |             |
|    approx_kl            | 0.007818742 |
|    clip_fraction        | 0.0559      |
|    clip_range           | 0.2         |
|    entropy_loss         | -0.146      |
|    explained_variance   | -0.0169     |
|    learning_rate        | 0.0003      |
|    loss                 | 0.742       |
|    n_updates            | 2630        |
|    policy_gradient_loss | -0.0138     |
|    value_loss           | 2.88        |
-----------------------------------------
-----------------------------------------
| rollout/                |             |
|    ep_len_mean          | 478         |
|    ep_rew_mean          | 29.7        |
| time/                   |             |
|    fps                  | 3           |
|    iterations           | 265         |
|    time_elapsed         | 38556       |
|    total_timesteps      | 135680      |
| train/                  |             |
|    approx_kl            | 0.001711181 |
|    clip_fraction        | 0.0236      |
|    clip_range           | 0.2         |
|    entropy_loss         | -0.0885     |
|    explained_variance   | 0.446       |
|    learning_rate        | 0.0003      |
|    loss                 | 0.0425      |
|    n_updates            | 2640        |
|    policy_gradient_loss | -0.0048     |
|    value_loss           | 0.0274      |
-----------------------------------------
-----------------------------------------
| rollout/                |             |
|    ep_len_mean          | 478         |
|    ep_rew_mean          | 29.7        |
| time/                   |             |
|    fps                  | 3           |
|    iterations           | 266         |
|    time_elapsed         | 38642       |
|    total_timesteps      | 136192      |
| train/                  |             |
|    approx_kl            | 0.015439974 |
|    clip_fraction        | 0.106       |
|    clip_range           | 0.2         |
|    entropy_loss         | -0.327      |
|    explained_variance   | 0.35        |
|    learning_rate        | 0.0003      |
|    loss                 | 0.00669     |
|    n_updates            | 2650        |
|    policy_gradient_loss | -0.0104     |
|    value_loss           | 0.168       |
-----------------------------------------
-----------------------------------------
| rollout/                |             |
|    ep_len_mean          | 478         |
|    ep_rew_mean          | 29.7        |
| time/                   |             |
|    fps                  | 3           |
|    iterations           | 267         |
|    time_elapsed         | 38727       |
|    total_timesteps      | 136704      |
| train/                  |             |
|    approx_kl            | 0.001830279 |
|    clip_fraction        | 0.0111      |
|    clip_range           | 0.2         |
|    entropy_loss         | -0.0961     |
|    explained_variance   | 0.464       |
|    learning_rate        | 0.0003      |
|    loss                 | -0.0129     |
|    n_updates            | 2660        |
|    policy_gradient_loss | -0.0037     |
|    value_loss           | 0.0675      |
-----------------------------------------
------------------------------------------
| rollout/                |              |
|    ep_len_mean          | 478          |
|    ep_rew_mean          | 29.7         |
| time/                   |              |
|    fps                  | 3            |
|    iterations           | 268          |
|    time_elapsed         | 38813        |
|    total_timesteps      | 137216       |
| train/                  |              |
|    approx_kl            | 0.0076641412 |
|    clip_fraction        | 0.0215       |
|    clip_range           | 0.2          |
|    entropy_loss         | -0.0807      |
|    explained_variance   | 0.529        |
|    learning_rate        | 0.0003       |
|    loss                 | -0.0167      |
|    n_updates            | 2670         |
|    policy_gradient_loss | -0.0135      |
|    value_loss           | 0.0112       |
------------------------------------------
------------------------------------------
| rollout/                |              |
|    ep_len_mean          | 478          |
|    ep_rew_mean          | 29.7         |
| time/                   |              |
|    fps                  | 3            |
|    iterations           | 269          |
|    time_elapsed         | 38898        |
|    total_timesteps      | 137728       |
| train/                  |              |
|    approx_kl            | 0.0036390694 |
|    clip_fraction        | 0.0201       |
|    clip_range           | 0.2          |
|    entropy_loss         | -0.118       |
|    explained_variance   | 0.709        |
|    learning_rate        | 0.0003       |
|    loss                 | 0.0535       |
|    n_updates            | 2680         |
|    policy_gradient_loss | -0.00548     |
|    value_loss           | 0.0104       |
------------------------------------------
-------------------------------------------
| rollout/                |               |
|    ep_len_mean          | 478           |
|    ep_rew_mean          | 29.7          |
| time/                   |               |
|    fps                  | 3             |
|    iterations           | 270           |
|    time_elapsed         | 38983         |
|    total_timesteps      | 138240        |
| train/                  |               |
|    approx_kl            | 0.00080916844 |
|    clip_fraction        | 0.00527       |
|    clip_range           | 0.2           |
|    entropy_loss         | -0.0707       |
|    explained_variance   | 0.847         |
|    learning_rate        | 0.0003        |
|    loss                 | -0.000556     |
|    n_updates            | 2690          |
|    policy_gradient_loss | -0.00166      |
|    value_loss           | 0.0088        |
-------------------------------------------
-----------------------------------------
| rollout/                |             |
|    ep_len_mean          | 478         |
|    ep_rew_mean          | 29.7        |
| time/                   |             |
|    fps                  | 3           |
|    iterations           | 271         |
|    time_elapsed         | 39070       |
|    total_timesteps      | 138752      |
| train/                  |             |
|    approx_kl            | 0.001534809 |
|    clip_fraction        | 0.0129      |
|    clip_range           | 0.2         |
|    entropy_loss         | -0.0878     |
|    explained_variance   | 0.905       |
|    learning_rate        | 0.0003      |
|    loss                 | -0.0128     |
|    n_updates            | 2700        |
|    policy_gradient_loss | -0.00433    |
|    value_loss           | 0.00444     |
-----------------------------------------
------------------------------------------
| rollout/                |              |
|    ep_len_mean          | 474          |
|    ep_rew_mean          | 29.3         |
| time/                   |              |
|    fps                  | 3            |
|    iterations           | 272          |
|    time_elapsed         | 39158        |
|    total_timesteps      | 139264       |
| train/                  |              |
|    approx_kl            | 0.0027296531 |
|    clip_fraction        | 0.0344       |
|    clip_range           | 0.2          |
|    entropy_loss         | -0.106       |
|    explained_variance   | 0.855        |
|    learning_rate        | 0.0003       |
|    loss                 | -0.0203      |
|    n_updates            | 2710         |
|    policy_gradient_loss | -0.0133      |
|    value_loss           | 0.0066       |
------------------------------------------
-----------------------------------------
| rollout/                |             |
|    ep_len_mean          | 474         |
|    ep_rew_mean          | 29.3        |
| time/                   |             |
|    fps                  | 3           |
|    iterations           | 273         |
|    time_elapsed         | 39242       |
|    total_timesteps      | 139776      |
| train/                  |             |
|    approx_kl            | 0.015512785 |
|    clip_fraction        | 0.0521      |
|    clip_range           | 0.2         |
|    entropy_loss         | -0.149      |
|    explained_variance   | -0.126      |
|    learning_rate        | 0.0003      |
|    loss                 | 1.09        |
|    n_updates            | 2720        |
|    policy_gradient_loss | 0.0273      |
|    value_loss           | 3.53        |
-----------------------------------------
------------------------------------------
| rollout/                |              |
|    ep_len_mean          | 474          |
|    ep_rew_mean          | 29.3         |
| time/                   |              |
|    fps                  | 3            |
|    iterations           | 274          |
|    time_elapsed         | 39329        |
|    total_timesteps      | 140288       |
| train/                  |              |
|    approx_kl            | 0.0034678117 |
|    clip_fraction        | 0.0443       |
|    clip_range           | 0.2          |
|    entropy_loss         | -0.105       |
|    explained_variance   | 0.212        |
|    learning_rate        | 0.0003       |
|    loss                 | -0.0159      |
|    n_updates            | 2730         |
|    policy_gradient_loss | -0.00872     |
|    value_loss           | 0.0371       |
------------------------------------------
------------------------------------------
| rollout/                |              |
|    ep_len_mean          | 474          |
|    ep_rew_mean          | 29.3         |
| time/                   |              |
|    fps                  | 3            |
|    iterations           | 275          |
|    time_elapsed         | 39414        |
|    total_timesteps      | 140800       |
| train/                  |              |
|    approx_kl            | 0.0016204133 |
|    clip_fraction        | 0.0137       |
|    clip_range           | 0.2          |
|    entropy_loss         | -0.15        |
|    explained_variance   | 0.461        |
|    learning_rate        | 0.0003       |
|    loss                 | -0.0209      |
|    n_updates            | 2740         |
|    policy_gradient_loss | -0.00233     |
|    value_loss           | 0.0168       |
------------------------------------------
------------------------------------------
| rollout/                |              |
|    ep_len_mean          | 474          |
|    ep_rew_mean          | 29.3         |
| time/                   |              |
|    fps                  | 3            |
|    iterations           | 276          |
|    time_elapsed         | 39502        |
|    total_timesteps      | 141312       |
| train/                  |              |
|    approx_kl            | 0.0010640415 |
|    clip_fraction        | 0.00488      |
|    clip_range           | 0.2          |
|    entropy_loss         | -0.0946      |
|    explained_variance   | 0.817        |
|    learning_rate        | 0.0003       |
|    loss                 | -0.00233     |
|    n_updates            | 2750         |
|    policy_gradient_loss | -0.0011      |
|    value_loss           | 0.00774      |
------------------------------------------
------------------------------------------
| rollout/                |              |
|    ep_len_mean          | 474          |
|    ep_rew_mean          | 29.3         |
| time/                   |              |
|    fps                  | 3            |
|    iterations           | 277          |
|    time_elapsed         | 39588        |
|    total_timesteps      | 141824       |
| train/                  |              |
|    approx_kl            | 0.0006736992 |
|    clip_fraction        | 0.00488      |
|    clip_range           | 0.2          |
|    entropy_loss         | -0.116       |
|    explained_variance   | 0.878        |
|    learning_rate        | 0.0003       |
|    loss                 | 0.000807     |
|    n_updates            | 2760         |
|    policy_gradient_loss | -0.000677    |
|    value_loss           | 0.0074       |
------------------------------------------
-------------------------------------------
| rollout/                |               |
|    ep_len_mean          | 474           |
|    ep_rew_mean          | 29.3          |
| time/                   |               |
|    fps                  | 3             |
|    iterations           | 278           |
|    time_elapsed         | 39673         |
|    total_timesteps      | 142336        |
| train/                  |               |
|    approx_kl            | 0.00055245194 |
|    clip_fraction        | 0.00508       |
|    clip_range           | 0.2           |
|    entropy_loss         | -0.0759       |
|    explained_variance   | 0.862         |
|    learning_rate        | 0.0003        |
|    loss                 | -0.00366      |
|    n_updates            | 2770          |
|    policy_gradient_loss | -0.00118      |
|    value_loss           | 0.00499       |
-------------------------------------------
-----------------------------------------
| rollout/                |             |
|    ep_len_mean          | 478         |
|    ep_rew_mean          | 29.7        |
| time/                   |             |
|    fps                  | 3           |
|    iterations           | 279         |
|    time_elapsed         | 39761       |
|    total_timesteps      | 142848      |
| train/                  |             |
|    approx_kl            | 0.000615038 |
|    clip_fraction        | 0.00898     |
|    clip_range           | 0.2         |
|    entropy_loss         | -0.0988     |
|    explained_variance   | 0.504       |
|    learning_rate        | 0.0003      |
|    loss                 | 0.0031      |
|    n_updates            | 2780        |
|    policy_gradient_loss | -0.00376    |
|    value_loss           | 0.0143      |
-----------------------------------------
------------------------------------------
| rollout/                |              |
|    ep_len_mean          | 478          |
|    ep_rew_mean          | 29.7         |
| time/                   |              |
|    fps                  | 3            |
|    iterations           | 280          |
|    time_elapsed         | 39845        |
|    total_timesteps      | 143360       |
| train/                  |              |
|    approx_kl            | 0.0035882876 |
|    clip_fraction        | 0.0277       |
|    clip_range           | 0.2          |
|    entropy_loss         | -0.101       |
|    explained_variance   | -0.532       |
|    learning_rate        | 0.0003       |
|    loss                 | 0.0158       |
|    n_updates            | 2790         |
|    policy_gradient_loss | -0.0094      |
|    value_loss           | 0.0324       |
------------------------------------------
------------------------------------------
| rollout/                |              |
|    ep_len_mean          | 478          |
|    ep_rew_mean          | 29.7         |
| time/                   |              |
|    fps                  | 3            |
|    iterations           | 281          |
|    time_elapsed         | 39931        |
|    total_timesteps      | 143872       |
| train/                  |              |
|    approx_kl            | 0.0015440464 |
|    clip_fraction        | 0.0211       |
|    clip_range           | 0.2          |
|    entropy_loss         | -0.137       |
|    explained_variance   | 0.635        |
|    learning_rate        | 0.0003       |
|    loss                 | -0.0142      |
|    n_updates            | 2800         |
|    policy_gradient_loss | -0.00317     |
|    value_loss           | 0.0195       |
------------------------------------------
------------------------------------------
| rollout/                |              |
|    ep_len_mean          | 478          |
|    ep_rew_mean          | 29.7         |
| time/                   |              |
|    fps                  | 3            |
|    iterations           | 282          |
|    time_elapsed         | 40016        |
|    total_timesteps      | 144384       |
| train/                  |              |
|    approx_kl            | 0.0011018197 |
|    clip_fraction        | 0.00898      |
|    clip_range           | 0.2          |
|    entropy_loss         | -0.123       |
|    explained_variance   | 0.904        |
|    learning_rate        | 0.0003       |
|    loss                 | -0.00844     |
|    n_updates            | 2810         |
|    policy_gradient_loss | -0.000744    |
|    value_loss           | 0.00416      |
------------------------------------------
------------------------------------------
| rollout/                |              |
|    ep_len_mean          | 478          |
|    ep_rew_mean          | 29.7         |
| time/                   |              |
|    fps                  | 3            |
|    iterations           | 283          |
|    time_elapsed         | 40100        |
|    total_timesteps      | 144896       |
| train/                  |              |
|    approx_kl            | 0.0018754837 |
|    clip_fraction        | 0.00645      |
|    clip_range           | 0.2          |
|    entropy_loss         | -0.0927      |
|    explained_variance   | 0.937        |
|    learning_rate        | 0.0003       |
|    loss                 | -0.00674     |
|    n_updates            | 2820         |
|    policy_gradient_loss | -0.00385     |
|    value_loss           | 0.00384      |
------------------------------------------
------------------------------------------
| rollout/                |              |
|    ep_len_mean          | 478          |
|    ep_rew_mean          | 29.7         |
| time/                   |              |
|    fps                  | 3            |
|    iterations           | 284          |
|    time_elapsed         | 40187        |
|    total_timesteps      | 145408       |
| train/                  |              |
|    approx_kl            | 0.0015944918 |
|    clip_fraction        | 0.0115       |
|    clip_range           | 0.2          |
|    entropy_loss         | -0.112       |
|    explained_variance   | 0.733        |
|    learning_rate        | 0.0003       |
|    loss                 | -0.0172      |
|    n_updates            | 2830         |
|    policy_gradient_loss | -0.00856     |
|    value_loss           | 0.00708      |
------------------------------------------
------------------------------------------
| rollout/                |              |
|    ep_len_mean          | 478          |
|    ep_rew_mean          | 29.7         |
| time/                   |              |
|    fps                  | 3            |
|    iterations           | 285          |
|    time_elapsed         | 40272        |
|    total_timesteps      | 145920       |
| train/                  |              |
|    approx_kl            | 0.0038316743 |
|    clip_fraction        | 0.0217       |
|    clip_range           | 0.2          |
|    entropy_loss         | -0.145       |
|    explained_variance   | 0.874        |
|    learning_rate        | 0.0003       |
|    loss                 | -0.0309      |
|    n_updates            | 2840         |
|    policy_gradient_loss | -0.0059      |
|    value_loss           | 0.00696      |
------------------------------------------
------------------------------------------
| rollout/                |              |
|    ep_len_mean          | 478          |
|    ep_rew_mean          | 29.7         |
| time/                   |              |
|    fps                  | 3            |
|    iterations           | 286          |
|    time_elapsed         | 40358        |
|    total_timesteps      | 146432       |
| train/                  |              |
|    approx_kl            | 0.0018075141 |
|    clip_fraction        | 0.0211       |
|    clip_range           | 0.2          |
|    entropy_loss         | -0.0898      |
|    explained_variance   | 0.709        |
|    learning_rate        | 0.0003       |
|    loss                 | 0.0474       |
|    n_updates            | 2850         |
|    policy_gradient_loss | 0.00201      |
|    value_loss           | 0.00633      |
------------------------------------------
------------------------------------------
| rollout/                |              |
|    ep_len_mean          | 478          |
|    ep_rew_mean          | 29.7         |
| time/                   |              |
|    fps                  | 3            |
|    iterations           | 287          |
|    time_elapsed         | 40445        |
|    total_timesteps      | 146944       |
| train/                  |              |
|    approx_kl            | 0.0026946908 |
|    clip_fraction        | 0.00703      |
|    clip_range           | 0.2          |
|    entropy_loss         | -0.0731      |
|    explained_variance   | 0.517        |
|    learning_rate        | 0.0003       |
|    loss                 | -0.00652     |
|    n_updates            | 2860         |
|    policy_gradient_loss | -0.00464     |
|    value_loss           | 0.00619      |
------------------------------------------
-----------------------------------------
| rollout/                |             |
|    ep_len_mean          | 478         |
|    ep_rew_mean          | 29.7        |
| time/                   |             |
|    fps                  | 3           |
|    iterations           | 288         |
|    time_elapsed         | 40531       |
|    total_timesteps      | 147456      |
| train/                  |             |
|    approx_kl            | 0.002965636 |
|    clip_fraction        | 0.0102      |
|    clip_range           | 0.2         |
|    entropy_loss         | -0.0891     |
|    explained_variance   | 0.869       |
|    learning_rate        | 0.0003      |
|    loss                 | -0.0091     |
|    n_updates            | 2870        |
|    policy_gradient_loss | -0.00774    |
|    value_loss           | 0.00478     |
-----------------------------------------
-----------------------------------------
| rollout/                |             |
|    ep_len_mean          | 478         |
|    ep_rew_mean          | 29.7        |
| time/                   |             |
|    fps                  | 3           |
|    iterations           | 289         |
|    time_elapsed         | 40617       |
|    total_timesteps      | 147968      |
| train/                  |             |
|    approx_kl            | 0.003081947 |
|    clip_fraction        | 0.0475      |
|    clip_range           | 0.2         |
|    entropy_loss         | -0.138      |
|    explained_variance   | 0.893       |
|    learning_rate        | 0.0003      |
|    loss                 | -0.0284     |
|    n_updates            | 2880        |
|    policy_gradient_loss | -0.0165     |
|    value_loss           | 0.00608     |
-----------------------------------------
-------------------------------------------
| rollout/                |               |
|    ep_len_mean          | 478           |
|    ep_rew_mean          | 29.7          |
| time/                   |               |
|    fps                  | 3             |
|    iterations           | 290           |
|    time_elapsed         | 40703         |
|    total_timesteps      | 148480        |
| train/                  |               |
|    approx_kl            | 0.00061657233 |
|    clip_fraction        | 0.00742       |
|    clip_range           | 0.2           |
|    entropy_loss         | -0.0879       |
|    explained_variance   | 0.792         |
|    learning_rate        | 0.0003        |
|    loss                 | 0.000308      |
|    n_updates            | 2890          |
|    policy_gradient_loss | -0.00197      |
|    value_loss           | 0.00949       |
-------------------------------------------
-----------------------------------------
| rollout/                |             |
|    ep_len_mean          | 478         |
|    ep_rew_mean          | 29.7        |
| time/                   |             |
|    fps                  | 3           |
|    iterations           | 291         |
|    time_elapsed         | 40788       |
|    total_timesteps      | 148992      |
| train/                  |             |
|    approx_kl            | 0.005089718 |
|    clip_fraction        | 0.0398      |
|    clip_range           | 0.2         |
|    entropy_loss         | -0.149      |
|    explained_variance   | 0.702       |
|    learning_rate        | 0.0003      |
|    loss                 | -0.0146     |
|    n_updates            | 2900        |
|    policy_gradient_loss | -0.00721    |
|    value_loss           | 0.0124      |
-----------------------------------------
------------------------------------------
| rollout/                |              |
|    ep_len_mean          | 478          |
|    ep_rew_mean          | 29.7         |
| time/                   |              |
|    fps                  | 3            |
|    iterations           | 292          |
|    time_elapsed         | 40875        |
|    total_timesteps      | 149504       |
| train/                  |              |
|    approx_kl            | 0.0043445504 |
|    clip_fraction        | 0.0186       |
|    clip_range           | 0.2          |
|    entropy_loss         | -0.0933      |
|    explained_variance   | 0.869        |
|    learning_rate        | 0.0003       |
|    loss                 | -0.023       |
|    n_updates            | 2910         |
|    policy_gradient_loss | -0.0066      |
|    value_loss           | 0.00612      |
------------------------------------------
------------------------------------------
| rollout/                |              |
|    ep_len_mean          | 478          |
|    ep_rew_mean          | 29.7         |
| time/                   |              |
|    fps                  | 3            |
|    iterations           | 293          |
|    time_elapsed         | 40963        |
|    total_timesteps      | 150016       |
| train/                  |              |
|    approx_kl            | 0.0015843663 |
|    clip_fraction        | 0.0213       |
|    clip_range           | 0.2          |
|    entropy_loss         | -0.0844      |
|    explained_variance   | 0.286        |
|    learning_rate        | 0.0003       |
|    loss                 | -0.016       |
|    n_updates            | 2920         |
|    policy_gradient_loss | -0.0105      |
|    value_loss           | 0.0123       |
------------------------------------------
Saved trained model to data/processed/models/ppo_connectome_seed1.zip
