<frozen importlib._bootstrap>:491: RuntimeWarning: Your system is avx2 capable but pygame was not built with support for it. The performance of some of your blits could be adversely affected. Consider enabling compile time detection with environment variables like PYGAME_DETECT_AVX2=1 if you are compiling without cross compilation.
/home/masasa23/projects/personal/oink-oink/oink/network.py:72: UserWarning: Sparse invariant checks are implicitly disabled. Memory errors (e.g. SEGFAULT) will occur when operating on a sparse tensor which violates the invariants, but checks incur performance overhead. To silence this warning, explicitly opt in or out. See `torch.sparse.check_sparse_tensor_invariants.__doc__` for guidance.  (Triggered internally at /__w/pytorch/pytorch/aten/src/ATen/Context.cpp:848.)
  weight = torch.sparse_coo_tensor(self.indices, self.values, self.shape)
Using cpu device
---------------------------------
| rollout/           |          |
|    ep_len_mean     | 153      |
|    ep_rew_mean     | -1.13    |
| time/              |          |
|    fps             | 490      |
|    iterations      | 1        |
|    time_elapsed    | 1        |
|    total_timesteps | 512      |
---------------------------------
------------------------------------------
| rollout/                |              |
|    ep_len_mean          | 240          |
|    ep_rew_mean          | 7.06         |
| time/                   |              |
|    fps                  | 10           |
|    iterations           | 2            |
|    time_elapsed         | 93           |
|    total_timesteps      | 1024         |
| train/                  |              |
|    approx_kl            | 0.0070138583 |
|    clip_fraction        | 0.0268       |
|    clip_range           | 0.2          |
|    entropy_loss         | -1.1         |
|    explained_variance   | -0.0239      |
|    learning_rate        | 0.0003       |
|    loss                 | 0.579        |
|    n_updates            | 10           |
|    policy_gradient_loss | -0.00432     |
|    value_loss           | 2.65         |
------------------------------------------
------------------------------------------
| rollout/                |              |
|    ep_len_mean          | 242          |
|    ep_rew_mean          | 6.28         |
| time/                   |              |
|    fps                  | 8            |
|    iterations           | 3            |
|    time_elapsed         | 185          |
|    total_timesteps      | 1536         |
| train/                  |              |
|    approx_kl            | 0.0070899893 |
|    clip_fraction        | 0.0451       |
|    clip_range           | 0.2          |
|    entropy_loss         | -1.09        |
|    explained_variance   | 0.102        |
|    learning_rate        | 0.0003       |
|    loss                 | 0.0906       |
|    n_updates            | 20           |
|    policy_gradient_loss | -0.00641     |
|    value_loss           | 0.32         |
------------------------------------------
------------------------------------------
| rollout/                |              |
|    ep_len_mean          | 279          |
|    ep_rew_mean          | 10           |
| time/                   |              |
|    fps                  | 7            |
|    iterations           | 4            |
|    time_elapsed         | 271          |
|    total_timesteps      | 2048         |
| train/                  |              |
|    approx_kl            | 0.0067754425 |
|    clip_fraction        | 0.0312       |
|    clip_range           | 0.2          |
|    entropy_loss         | -1.07        |
|    explained_variance   | 0.607        |
|    learning_rate        | 0.0003       |
|    loss                 | 0.497        |
|    n_updates            | 30           |
|    policy_gradient_loss | -0.00594     |
|    value_loss           | 1.33         |
------------------------------------------
----------------------------------------
| rollout/                |            |
|    ep_len_mean          | 307        |
|    ep_rew_mean          | 12.7       |
| time/                   |            |
|    fps                  | 7          |
|    iterations           | 5          |
|    time_elapsed         | 360        |
|    total_timesteps      | 2560       |
| train/                  |            |
|    approx_kl            | 0.01650519 |
|    clip_fraction        | 0.152      |
|    clip_range           | 0.2        |
|    entropy_loss         | -1.07      |
|    explained_variance   | 0.878      |
|    learning_rate        | 0.0003     |
|    loss                 | 0.0288     |
|    n_updates            | 40         |
|    policy_gradient_loss | -0.0129    |
|    value_loss           | 0.327      |
----------------------------------------
-----------------------------------------
| rollout/                |             |
|    ep_len_mean          | 328         |
|    ep_rew_mean          | 14.8        |
| time/                   |             |
|    fps                  | 6           |
|    iterations           | 6           |
|    time_elapsed         | 448         |
|    total_timesteps      | 3072        |
| train/                  |             |
|    approx_kl            | 0.014340233 |
|    clip_fraction        | 0.152       |
|    clip_range           | 0.2         |
|    entropy_loss         | -1.06       |
|    explained_variance   | 0.888       |
|    learning_rate        | 0.0003      |
|    loss                 | 0.0105      |
|    n_updates            | 50          |
|    policy_gradient_loss | -0.0104     |
|    value_loss           | 0.361       |
-----------------------------------------
----------------------------------------
| rollout/                |            |
|    ep_len_mean          | 324        |
|    ep_rew_mean          | 13.7       |
| time/                   |            |
|    fps                  | 6          |
|    iterations           | 7          |
|    time_elapsed         | 538        |
|    total_timesteps      | 3584       |
| train/                  |            |
|    approx_kl            | 0.03155005 |
|    clip_fraction        | 0.212      |
|    clip_range           | 0.2        |
|    entropy_loss         | -1.06      |
|    explained_variance   | 0.621      |
|    learning_rate        | 0.0003     |
|    loss                 | -0.0381    |
|    n_updates            | 60         |
|    policy_gradient_loss | -0.0116    |
|    value_loss           | 0.172      |
----------------------------------------
-----------------------------------------
| rollout/                |             |
|    ep_len_mean          | 295         |
|    ep_rew_mean          | 11.2        |
| time/                   |             |
|    fps                  | 6           |
|    iterations           | 8           |
|    time_elapsed         | 627         |
|    total_timesteps      | 4096        |
| train/                  |             |
|    approx_kl            | 0.007673093 |
|    clip_fraction        | 0.0316      |
|    clip_range           | 0.2         |
|    entropy_loss         | -1.07       |
|    explained_variance   | -0.0737     |
|    learning_rate        | 0.0003      |
|    loss                 | 4.01        |
|    n_updates            | 70          |
|    policy_gradient_loss | -0.00112    |
|    value_loss           | 5.61        |
-----------------------------------------
------------------------------------------
| rollout/                |              |
|    ep_len_mean          | 309          |
|    ep_rew_mean          | 12.7         |
| time/                   |              |
|    fps                  | 6            |
|    iterations           | 9            |
|    time_elapsed         | 716          |
|    total_timesteps      | 4608         |
| train/                  |              |
|    approx_kl            | 0.0050736936 |
|    clip_fraction        | 0.0271       |
|    clip_range           | 0.2          |
|    entropy_loss         | -1.06        |
|    explained_variance   | 0.17         |
|    learning_rate        | 0.0003       |
|    loss                 | 0.56         |
|    n_updates            | 80           |
|    policy_gradient_loss | -0.00412     |
|    value_loss           | 4.27         |
------------------------------------------
-----------------------------------------
| rollout/                |             |
|    ep_len_mean          | 311         |
|    ep_rew_mean          | 12.5        |
| time/                   |             |
|    fps                  | 6           |
|    iterations           | 10          |
|    time_elapsed         | 806         |
|    total_timesteps      | 5120        |
| train/                  |             |
|    approx_kl            | 0.007542912 |
|    clip_fraction        | 0.0865      |
|    clip_range           | 0.2         |
|    entropy_loss         | -1.05       |
|    explained_variance   | -0.258      |
|    learning_rate        | 0.0003      |
|    loss                 | 0.0358      |
|    n_updates            | 90          |
|    policy_gradient_loss | -0.00318    |
|    value_loss           | 0.257       |
-----------------------------------------
-----------------------------------------
| rollout/                |             |
|    ep_len_mean          | 292         |
|    ep_rew_mean          | 10.6        |
| time/                   |             |
|    fps                  | 6           |
|    iterations           | 11          |
|    time_elapsed         | 895         |
|    total_timesteps      | 5632        |
| train/                  |             |
|    approx_kl            | 0.012580825 |
|    clip_fraction        | 0.0566      |
|    clip_range           | 0.2         |
|    entropy_loss         | -1.05       |
|    explained_variance   | -0.0437     |
|    learning_rate        | 0.0003      |
|    loss                 | 2.68        |
|    n_updates            | 100         |
|    policy_gradient_loss | -0.00244    |
|    value_loss           | 2.69        |
-----------------------------------------
------------------------------------------
| rollout/                |              |
|    ep_len_mean          | 290          |
|    ep_rew_mean          | 10.2         |
| time/                   |              |
|    fps                  | 6            |
|    iterations           | 12           |
|    time_elapsed         | 980          |
|    total_timesteps      | 6144         |
| train/                  |              |
|    approx_kl            | 0.0068397643 |
|    clip_fraction        | 0.0604       |
|    clip_range           | 0.2          |
|    entropy_loss         | -1.06        |
|    explained_variance   | -0.0051      |
|    learning_rate        | 0.0003       |
|    loss                 | 2.06         |
|    n_updates            | 110          |
|    policy_gradient_loss | 0.00388      |
|    value_loss           | 8            |
------------------------------------------
-----------------------------------------
| rollout/                |             |
|    ep_len_mean          | 276         |
|    ep_rew_mean          | 9.09        |
| time/                   |             |
|    fps                  | 6           |
|    iterations           | 13          |
|    time_elapsed         | 1068        |
|    total_timesteps      | 6656        |
| train/                  |             |
|    approx_kl            | 0.008769881 |
|    clip_fraction        | 0.0508      |
|    clip_range           | 0.2         |
|    entropy_loss         | -1.05       |
|    explained_variance   | 0.278       |
|    learning_rate        | 0.0003      |
|    loss                 | 1.96        |
|    n_updates            | 120         |
|    policy_gradient_loss | -0.00376    |
|    value_loss           | 3.38        |
-----------------------------------------
-----------------------------------------
| rollout/                |             |
|    ep_len_mean          | 265         |
|    ep_rew_mean          | 7.99        |
| time/                   |             |
|    fps                  | 6           |
|    iterations           | 14          |
|    time_elapsed         | 1155        |
|    total_timesteps      | 7168        |
| train/                  |             |
|    approx_kl            | 0.009679148 |
|    clip_fraction        | 0.0787      |
|    clip_range           | 0.2         |
|    entropy_loss         | -1.04       |
|    explained_variance   | 0.00048     |
|    learning_rate        | 0.0003      |
|    loss                 | 0.791       |
|    n_updates            | 130         |
|    policy_gradient_loss | 0.000423    |
|    value_loss           | 3.7         |
-----------------------------------------
-----------------------------------------
| rollout/                |             |
|    ep_len_mean          | 261         |
|    ep_rew_mean          | 7.64        |
| time/                   |             |
|    fps                  | 6           |
|    iterations           | 15          |
|    time_elapsed         | 1240        |
|    total_timesteps      | 7680        |
| train/                  |             |
|    approx_kl            | 0.012871802 |
|    clip_fraction        | 0.171       |
|    clip_range           | 0.2         |
|    entropy_loss         | -1.05       |
|    explained_variance   | 0.344       |
|    learning_rate        | 0.0003      |
|    loss                 | 2.09        |
|    n_updates            | 140         |
|    policy_gradient_loss | 0.0124      |
|    value_loss           | 4.03        |
-----------------------------------------
------------------------------------------
| rollout/                |              |
|    ep_len_mean          | 252          |
|    ep_rew_mean          | 6.83         |
| time/                   |              |
|    fps                  | 6            |
|    iterations           | 16           |
|    time_elapsed         | 1325         |
|    total_timesteps      | 8192         |
| train/                  |              |
|    approx_kl            | 0.0051729875 |
|    clip_fraction        | 0.0289       |
|    clip_range           | 0.2          |
|    entropy_loss         | -1.05        |
|    explained_variance   | 0.547        |
|    learning_rate        | 0.0003       |
|    loss                 | 1.3          |
|    n_updates            | 150          |
|    policy_gradient_loss | -0.00967     |
|    value_loss           | 2.49         |
------------------------------------------
-----------------------------------------
| rollout/                |             |
|    ep_len_mean          | 247         |
|    ep_rew_mean          | 6.39        |
| time/                   |             |
|    fps                  | 6           |
|    iterations           | 17          |
|    time_elapsed         | 1412        |
|    total_timesteps      | 8704        |
| train/                  |             |
|    approx_kl            | 0.008604187 |
|    clip_fraction        | 0.0623      |
|    clip_range           | 0.2         |
|    entropy_loss         | -1.05       |
|    explained_variance   | 0.587       |
|    learning_rate        | 0.0003      |
|    loss                 | 1.38        |
|    n_updates            | 160         |
|    policy_gradient_loss | -0.0064     |
|    value_loss           | 2.99        |
-----------------------------------------
-----------------------------------------
| rollout/                |             |
|    ep_len_mean          | 245         |
|    ep_rew_mean          | 6.25        |
| time/                   |             |
|    fps                  | 6           |
|    iterations           | 18          |
|    time_elapsed         | 1499        |
|    total_timesteps      | 9216        |
| train/                  |             |
|    approx_kl            | 0.008537855 |
|    clip_fraction        | 0.0246      |
|    clip_range           | 0.2         |
|    entropy_loss         | -1.05       |
|    explained_variance   | 0.764       |
|    learning_rate        | 0.0003      |
|    loss                 | 0.379       |
|    n_updates            | 170         |
|    policy_gradient_loss | -0.00355    |
|    value_loss           | 1.28        |
-----------------------------------------
------------------------------------------
| rollout/                |              |
|    ep_len_mean          | 255          |
|    ep_rew_mean          | 7.06         |
| time/                   |              |
|    fps                  | 6            |
|    iterations           | 19           |
|    time_elapsed         | 1585         |
|    total_timesteps      | 9728         |
| train/                  |              |
|    approx_kl            | 0.0056686653 |
|    clip_fraction        | 0.0309       |
|    clip_range           | 0.2          |
|    entropy_loss         | -1.05        |
|    explained_variance   | 0.603        |
|    learning_rate        | 0.0003       |
|    loss                 | 0.432        |
|    n_updates            | 180          |
|    policy_gradient_loss | -0.00571     |
|    value_loss           | 0.847        |
------------------------------------------
---------------------------------------
| rollout/                |           |
|    ep_len_mean          | 261       |
|    ep_rew_mean          | 7.69      |
| time/                   |           |
|    fps                  | 3         |
|    iterations           | 20        |
|    time_elapsed         | 3109      |
|    total_timesteps      | 10240     |
| train/                  |           |
|    approx_kl            | 0.0139036 |
|    clip_fraction        | 0.12      |
|    clip_range           | 0.2       |
|    entropy_loss         | -1.07     |
|    explained_variance   | 0.471     |
|    learning_rate        | 0.0003    |
|    loss                 | 0.574     |
|    n_updates            | 190       |
|    policy_gradient_loss | 0.00146   |
|    value_loss           | 1.31      |
---------------------------------------
-----------------------------------------
| rollout/                |             |
|    ep_len_mean          | 256         |
|    ep_rew_mean          | 7.31        |
| time/                   |             |
|    fps                  | 3           |
|    iterations           | 21          |
|    time_elapsed         | 3193        |
|    total_timesteps      | 10752       |
| train/                  |             |
|    approx_kl            | 0.016508996 |
|    clip_fraction        | 0.184       |
|    clip_range           | 0.2         |
|    entropy_loss         | -1.09       |
|    explained_variance   | 0.0184      |
|    learning_rate        | 0.0003      |
|    loss                 | 0.0277      |
|    n_updates            | 200         |
|    policy_gradient_loss | -0.00937    |
|    value_loss           | 0.532       |
-----------------------------------------
-----------------------------------------
| rollout/                |             |
|    ep_len_mean          | 258         |
|    ep_rew_mean          | 7.4         |
| time/                   |             |
|    fps                  | 3           |
|    iterations           | 22          |
|    time_elapsed         | 3281        |
|    total_timesteps      | 11264       |
| train/                  |             |
|    approx_kl            | 0.014474053 |
|    clip_fraction        | 0.151       |
|    clip_range           | 0.2         |
|    entropy_loss         | -1.08       |
|    explained_variance   | -0.209      |
|    learning_rate        | 0.0003      |
|    loss                 | 0.931       |
|    n_updates            | 210         |
|    policy_gradient_loss | -0.00303    |
|    value_loss           | 2.27        |
-----------------------------------------
-----------------------------------------
| rollout/                |             |
|    ep_len_mean          | 261         |
|    ep_rew_mean          | 7.72        |
| time/                   |             |
|    fps                  | 3           |
|    iterations           | 23          |
|    time_elapsed         | 3368        |
|    total_timesteps      | 11776       |
| train/                  |             |
|    approx_kl            | 0.010127204 |
|    clip_fraction        | 0.0602      |
|    clip_range           | 0.2         |
|    entropy_loss         | -1.06       |
|    explained_variance   | -0.000127   |
|    learning_rate        | 0.0003      |
|    loss                 | 0.913       |
|    n_updates            | 220         |
|    policy_gradient_loss | 8.82e-05    |
|    value_loss           | 2.23        |
-----------------------------------------
----------------------------------------
| rollout/                |            |
|    ep_len_mean          | 262        |
|    ep_rew_mean          | 7.92       |
| time/                   |            |
|    fps                  | 0          |
|    iterations           | 24         |
|    time_elapsed         | 18089      |
|    total_timesteps      | 12288      |
| train/                  |            |
|    approx_kl            | 0.01052001 |
|    clip_fraction        | 0.0926     |
|    clip_range           | 0.2        |
|    entropy_loss         | -1.07      |
|    explained_variance   | -0.0723    |
|    learning_rate        | 0.0003     |
|    loss                 | 0.8        |
|    n_updates            | 230        |
|    policy_gradient_loss | -0.0109    |
|    value_loss           | 2.05       |
----------------------------------------
------------------------------------------
| rollout/                |              |
|    ep_len_mean          | 256          |
|    ep_rew_mean          | 7.35         |
| time/                   |              |
|    fps                  | 0            |
|    iterations           | 25           |
|    time_elapsed         | 18171        |
|    total_timesteps      | 12800        |
| train/                  |              |
|    approx_kl            | 0.0037332617 |
|    clip_fraction        | 0.0344       |
|    clip_range           | 0.2          |
|    entropy_loss         | -1.08        |
|    explained_variance   | -0.17        |
|    learning_rate        | 0.0003       |
|    loss                 | 1.97         |
|    n_updates            | 240          |
|    policy_gradient_loss | -0.00931     |
|    value_loss           | 2.86         |
------------------------------------------
------------------------------------------
| rollout/                |              |
|    ep_len_mean          | 254          |
|    ep_rew_mean          | 7.23         |
| time/                   |              |
|    fps                  | 0            |
|    iterations           | 26           |
|    time_elapsed         | 18256        |
|    total_timesteps      | 13312        |
| train/                  |              |
|    approx_kl            | 0.0067010117 |
|    clip_fraction        | 0.0844       |
|    clip_range           | 0.2          |
|    entropy_loss         | -1.06        |
|    explained_variance   | 0.258        |
|    learning_rate        | 0.0003       |
|    loss                 | 1.15         |
|    n_updates            | 250          |
|    policy_gradient_loss | -0.00466     |
|    value_loss           | 4.6          |
------------------------------------------
------------------------------------------
| rollout/                |              |
|    ep_len_mean          | 257          |
|    ep_rew_mean          | 7.38         |
| time/                   |              |
|    fps                  | 0            |
|    iterations           | 27           |
|    time_elapsed         | 18339        |
|    total_timesteps      | 13824        |
| train/                  |              |
|    approx_kl            | 0.0078269215 |
|    clip_fraction        | 0.0586       |
|    clip_range           | 0.2          |
|    entropy_loss         | -1.07        |
|    explained_variance   | -0.152       |
|    learning_rate        | 0.0003       |
|    loss                 | 0.693        |
|    n_updates            | 260          |
|    policy_gradient_loss | -0.00796     |
|    value_loss           | 2.15         |
------------------------------------------
------------------------------------------
| rollout/                |              |
|    ep_len_mean          | 262          |
|    ep_rew_mean          | 7.84         |
| time/                   |              |
|    fps                  | 0            |
|    iterations           | 28           |
|    time_elapsed         | 18423        |
|    total_timesteps      | 14336        |
| train/                  |              |
|    approx_kl            | 0.0065250047 |
|    clip_fraction        | 0.0529       |
|    clip_range           | 0.2          |
|    entropy_loss         | -1.06        |
|    explained_variance   | 0.261        |
|    learning_rate        | 0.0003       |
|    loss                 | 0.334        |
|    n_updates            | 270          |
|    policy_gradient_loss | -0.00877     |
|    value_loss           | 1.35         |
------------------------------------------
-----------------------------------------
| rollout/                |             |
|    ep_len_mean          | 266         |
|    ep_rew_mean          | 8.28        |
| time/                   |             |
|    fps                  | 0           |
|    iterations           | 29          |
|    time_elapsed         | 18508       |
|    total_timesteps      | 14848       |
| train/                  |             |
|    approx_kl            | 0.013255513 |
|    clip_fraction        | 0.164       |
|    clip_range           | 0.2         |
|    entropy_loss         | -1.04       |
|    explained_variance   | 0.242       |
|    learning_rate        | 0.0003      |
|    loss                 | 0.0196      |
|    n_updates            | 280         |
|    policy_gradient_loss | -0.00736    |
|    value_loss           | 0.128       |
-----------------------------------------
-----------------------------------------
| rollout/                |             |
|    ep_len_mean          | 270         |
|    ep_rew_mean          | 8.66        |
| time/                   |             |
|    fps                  | 0           |
|    iterations           | 30          |
|    time_elapsed         | 18592       |
|    total_timesteps      | 15360       |
| train/                  |             |
|    approx_kl            | 0.007758613 |
|    clip_fraction        | 0.0309      |
|    clip_range           | 0.2         |
|    entropy_loss         | -1.06       |
|    explained_variance   | 0.166       |
|    learning_rate        | 0.0003      |
|    loss                 | 0.00851     |
|    n_updates            | 290         |
|    policy_gradient_loss | -0.00542    |
|    value_loss           | 0.102       |
-----------------------------------------
-----------------------------------------
| rollout/                |             |
|    ep_len_mean          | 273         |
|    ep_rew_mean          | 8.76        |
| time/                   |             |
|    fps                  | 0           |
|    iterations           | 31          |
|    time_elapsed         | 18672       |
|    total_timesteps      | 15872       |
| train/                  |             |
|    approx_kl            | 0.012396139 |
|    clip_fraction        | 0.19        |
|    clip_range           | 0.2         |
|    entropy_loss         | -1.03       |
|    explained_variance   | 0.169       |
|    learning_rate        | 0.0003      |
|    loss                 | 0.205       |
|    n_updates            | 300         |
|    policy_gradient_loss | 0.00302     |
|    value_loss           | 1.65        |
-----------------------------------------
-----------------------------------------
| rollout/                |             |
|    ep_len_mean          | 277         |
|    ep_rew_mean          | 9.17        |
| time/                   |             |
|    fps                  | 0           |
|    iterations           | 32          |
|    time_elapsed         | 18755       |
|    total_timesteps      | 16384       |
| train/                  |             |
|    approx_kl            | 0.009200543 |
|    clip_fraction        | 0.113       |
|    clip_range           | 0.2         |
|    entropy_loss         | -1.03       |
|    explained_variance   | 0.284       |
|    learning_rate        | 0.0003      |
|    loss                 | 0.771       |
|    n_updates            | 310         |
|    policy_gradient_loss | 0.0106      |
|    value_loss           | 1.95        |
-----------------------------------------
------------------------------------------
| rollout/                |              |
|    ep_len_mean          | 277          |
|    ep_rew_mean          | 9.27         |
| time/                   |              |
|    fps                  | 0            |
|    iterations           | 33           |
|    time_elapsed         | 18837        |
|    total_timesteps      | 16896        |
| train/                  |              |
|    approx_kl            | 0.0098279435 |
|    clip_fraction        | 0.0609       |
|    clip_range           | 0.2          |
|    entropy_loss         | -0.97        |
|    explained_variance   | 0.0789       |
|    learning_rate        | 0.0003       |
|    loss                 | 0.0905       |
|    n_updates            | 320          |
|    policy_gradient_loss | -0.00381     |
|    value_loss           | 0.518        |
------------------------------------------
-----------------------------------------
| rollout/                |             |
|    ep_len_mean          | 277         |
|    ep_rew_mean          | 9.27        |
| time/                   |             |
|    fps                  | 0           |
|    iterations           | 34          |
|    time_elapsed         | 18919       |
|    total_timesteps      | 17408       |
| train/                  |             |
|    approx_kl            | 0.010339728 |
|    clip_fraction        | 0.0744      |
|    clip_range           | 0.2         |
|    entropy_loss         | -0.951      |
|    explained_variance   | -0.00151    |
|    learning_rate        | 0.0003      |
|    loss                 | 0.581       |
|    n_updates            | 330         |
|    policy_gradient_loss | -0.0103     |
|    value_loss           | 2.37        |
-----------------------------------------
-----------------------------------------
| rollout/                |             |
|    ep_len_mean          | 281         |
|    ep_rew_mean          | 9.63        |
| time/                   |             |
|    fps                  | 0           |
|    iterations           | 35          |
|    time_elapsed         | 19001       |
|    total_timesteps      | 17920       |
| train/                  |             |
|    approx_kl            | 0.007188621 |
|    clip_fraction        | 0.0545      |
|    clip_range           | 0.2         |
|    entropy_loss         | -0.872      |
|    explained_variance   | -0.0427     |
|    learning_rate        | 0.0003      |
|    loss                 | 0.744       |
|    n_updates            | 340         |
|    policy_gradient_loss | 0.000466    |
|    value_loss           | 1.76        |
-----------------------------------------
-----------------------------------------
| rollout/                |             |
|    ep_len_mean          | 288         |
|    ep_rew_mean          | 10.3        |
| time/                   |             |
|    fps                  | 0           |
|    iterations           | 36          |
|    time_elapsed         | 19083       |
|    total_timesteps      | 18432       |
| train/                  |             |
|    approx_kl            | 0.017550297 |
|    clip_fraction        | 0.176       |
|    clip_range           | 0.2         |
|    entropy_loss         | -0.947      |
|    explained_variance   | -0.158      |
|    learning_rate        | 0.0003      |
|    loss                 | 0.016       |
|    n_updates            | 350         |
|    policy_gradient_loss | -0.0118     |
|    value_loss           | 0.268       |
-----------------------------------------
-----------------------------------------
| rollout/                |             |
|    ep_len_mean          | 286         |
|    ep_rew_mean          | 10.2        |
| time/                   |             |
|    fps                  | 0           |
|    iterations           | 37          |
|    time_elapsed         | 19167       |
|    total_timesteps      | 18944       |
| train/                  |             |
|    approx_kl            | 0.012483928 |
|    clip_fraction        | 0.0785      |
|    clip_range           | 0.2         |
|    entropy_loss         | -0.905      |
|    explained_variance   | -0.211      |
|    learning_rate        | 0.0003      |
|    loss                 | 0.0189      |
|    n_updates            | 360         |
|    policy_gradient_loss | -0.00625    |
|    value_loss           | 0.145       |
-----------------------------------------
-----------------------------------------
| rollout/                |             |
|    ep_len_mean          | 290         |
|    ep_rew_mean          | 10.5        |
| time/                   |             |
|    fps                  | 1           |
|    iterations           | 38          |
|    time_elapsed         | 19251       |
|    total_timesteps      | 19456       |
| train/                  |             |
|    approx_kl            | 0.014156263 |
|    clip_fraction        | 0.115       |
|    clip_range           | 0.2         |
|    entropy_loss         | -0.95       |
|    explained_variance   | -0.121      |
|    learning_rate        | 0.0003      |
|    loss                 | 0.515       |
|    n_updates            | 370         |
|    policy_gradient_loss | 0.0111      |
|    value_loss           | 2.31        |
-----------------------------------------
------------------------------------------
| rollout/                |              |
|    ep_len_mean          | 292          |
|    ep_rew_mean          | 10.8         |
| time/                   |              |
|    fps                  | 1            |
|    iterations           | 39           |
|    time_elapsed         | 19334        |
|    total_timesteps      | 19968        |
| train/                  |              |
|    approx_kl            | 0.0101285335 |
|    clip_fraction        | 0.0682       |
|    clip_range           | 0.2          |
|    entropy_loss         | -0.993       |
|    explained_variance   | -0.0703      |
|    learning_rate        | 0.0003       |
|    loss                 | 0.0131       |
|    n_updates            | 380          |
|    policy_gradient_loss | -0.0111      |
|    value_loss           | 0.0923       |
------------------------------------------
-----------------------------------------
| rollout/                |             |
|    ep_len_mean          | 295         |
|    ep_rew_mean          | 11.1        |
| time/                   |             |
|    fps                  | 1           |
|    iterations           | 40          |
|    time_elapsed         | 19418       |
|    total_timesteps      | 20480       |
| train/                  |             |
|    approx_kl            | 0.007147451 |
|    clip_fraction        | 0.0602      |
|    clip_range           | 0.2         |
|    entropy_loss         | -0.918      |
|    explained_variance   | 0.123       |
|    learning_rate        | 0.0003      |
|    loss                 | 1.67        |
|    n_updates            | 390         |
|    policy_gradient_loss | 0.000791    |
|    value_loss           | 2.15        |
-----------------------------------------
-----------------------------------------
| rollout/                |             |
|    ep_len_mean          | 298         |
|    ep_rew_mean          | 11.4        |
| time/                   |             |
|    fps                  | 1           |
|    iterations           | 41          |
|    time_elapsed         | 19500       |
|    total_timesteps      | 20992       |
| train/                  |             |
|    approx_kl            | 0.010404022 |
|    clip_fraction        | 0.104       |
|    clip_range           | 0.2         |
|    entropy_loss         | -0.863      |
|    explained_variance   | 0.274       |
|    learning_rate        | 0.0003      |
|    loss                 | -0.0481     |
|    n_updates            | 400         |
|    policy_gradient_loss | -0.0117     |
|    value_loss           | 0.173       |
-----------------------------------------
------------------------------------------
| rollout/                |              |
|    ep_len_mean          | 301          |
|    ep_rew_mean          | 11.6         |
| time/                   |              |
|    fps                  | 1            |
|    iterations           | 42           |
|    time_elapsed         | 19583        |
|    total_timesteps      | 21504        |
| train/                  |              |
|    approx_kl            | 0.0032891883 |
|    clip_fraction        | 0.0156       |
|    clip_range           | 0.2          |
|    entropy_loss         | -0.836       |
|    explained_variance   | 0.126        |
|    learning_rate        | 0.0003       |
|    loss                 | 0.0276       |
|    n_updates            | 410          |
|    policy_gradient_loss | -0.00283     |
|    value_loss           | 0.172        |
------------------------------------------
-----------------------------------------
| rollout/                |             |
|    ep_len_mean          | 304         |
|    ep_rew_mean          | 11.9        |
| time/                   |             |
|    fps                  | 1           |
|    iterations           | 43          |
|    time_elapsed         | 19665       |
|    total_timesteps      | 22016       |
| train/                  |             |
|    approx_kl            | 0.005607008 |
|    clip_fraction        | 0.0428      |
|    clip_range           | 0.2         |
|    entropy_loss         | -0.807      |
|    explained_variance   | 0.493       |
|    learning_rate        | 0.0003      |
|    loss                 | 0.0111      |
|    n_updates            | 420         |
|    policy_gradient_loss | -0.00336    |
|    value_loss           | 0.0547      |
-----------------------------------------
------------------------------------------
| rollout/                |              |
|    ep_len_mean          | 307          |
|    ep_rew_mean          | 12.2         |
| time/                   |              |
|    fps                  | 1            |
|    iterations           | 44           |
|    time_elapsed         | 19753        |
|    total_timesteps      | 22528        |
| train/                  |              |
|    approx_kl            | 0.0057347813 |
|    clip_fraction        | 0.0576       |
|    clip_range           | 0.2          |
|    entropy_loss         | -0.699       |
|    explained_variance   | 0.638        |
|    learning_rate        | 0.0003       |
|    loss                 | 0.0257       |
|    n_updates            | 430          |
|    policy_gradient_loss | -0.0123      |
|    value_loss           | 0.0192       |
------------------------------------------
-----------------------------------------
| rollout/                |             |
|    ep_len_mean          | 309         |
|    ep_rew_mean          | 12.5        |
| time/                   |             |
|    fps                  | 1           |
|    iterations           | 45          |
|    time_elapsed         | 19838       |
|    total_timesteps      | 23040       |
| train/                  |             |
|    approx_kl            | 0.007608745 |
|    clip_fraction        | 0.101       |
|    clip_range           | 0.2         |
|    entropy_loss         | -0.645      |
|    explained_variance   | 0.0225      |
|    learning_rate        | 0.0003      |
|    loss                 | -0.0104     |
|    n_updates            | 440         |
|    policy_gradient_loss | -0.00927    |
|    value_loss           | 0.0431      |
-----------------------------------------
-----------------------------------------
| rollout/                |             |
|    ep_len_mean          | 312         |
|    ep_rew_mean          | 12.7        |
| time/                   |             |
|    fps                  | 1           |
|    iterations           | 46          |
|    time_elapsed         | 19923       |
|    total_timesteps      | 23552       |
| train/                  |             |
|    approx_kl            | 0.006582981 |
|    clip_fraction        | 0.0434      |
|    clip_range           | 0.2         |
|    entropy_loss         | -0.777      |
|    explained_variance   | 0.267       |
|    learning_rate        | 0.0003      |
|    loss                 | -0.0192     |
|    n_updates            | 450         |
|    policy_gradient_loss | -0.00215    |
|    value_loss           | 0.0908      |
-----------------------------------------
------------------------------------------
| rollout/                |              |
|    ep_len_mean          | 314          |
|    ep_rew_mean          | 13           |
| time/                   |              |
|    fps                  | 1            |
|    iterations           | 47           |
|    time_elapsed         | 20010        |
|    total_timesteps      | 24064        |
| train/                  |              |
|    approx_kl            | 0.0042972565 |
|    clip_fraction        | 0.0314       |
|    clip_range           | 0.2          |
|    entropy_loss         | -0.609       |
|    explained_variance   | 0.31         |
|    learning_rate        | 0.0003       |
|    loss                 | -0.0133      |
|    n_updates            | 460          |
|    policy_gradient_loss | -0.00907     |
|    value_loss           | 0.0409       |
------------------------------------------
-----------------------------------------
| rollout/                |             |
|    ep_len_mean          | 317         |
|    ep_rew_mean          | 13.2        |
| time/                   |             |
|    fps                  | 1           |
|    iterations           | 48          |
|    time_elapsed         | 20098       |
|    total_timesteps      | 24576       |
| train/                  |             |
|    approx_kl            | 0.021867651 |
|    clip_fraction        | 0.0764      |
|    clip_range           | 0.2         |
|    entropy_loss         | -0.566      |
|    explained_variance   | -0.105      |
|    learning_rate        | 0.0003      |
|    loss                 | -0.000698   |
|    n_updates            | 470         |
|    policy_gradient_loss | -0.00825    |
|    value_loss           | 0.0365      |
-----------------------------------------
-----------------------------------------
| rollout/                |             |
|    ep_len_mean          | 316         |
|    ep_rew_mean          | 13.2        |
| time/                   |             |
|    fps                  | 1           |
|    iterations           | 49          |
|    time_elapsed         | 20187       |
|    total_timesteps      | 25088       |
| train/                  |             |
|    approx_kl            | 0.003226838 |
|    clip_fraction        | 0.0543      |
|    clip_range           | 0.2         |
|    entropy_loss         | -0.497      |
|    explained_variance   | 0.394       |
|    learning_rate        | 0.0003      |
|    loss                 | -0.00907    |
|    n_updates            | 480         |
|    policy_gradient_loss | -0.0108     |
|    value_loss           | 0.0159      |
-----------------------------------------
-----------------------------------------
| rollout/                |             |
|    ep_len_mean          | 318         |
|    ep_rew_mean          | 13.4        |
| time/                   |             |
|    fps                  | 1           |
|    iterations           | 50          |
|    time_elapsed         | 20276       |
|    total_timesteps      | 25600       |
| train/                  |             |
|    approx_kl            | 0.010836829 |
|    clip_fraction        | 0.0598      |
|    clip_range           | 0.2         |
|    entropy_loss         | -0.488      |
|    explained_variance   | -0.174      |
|    learning_rate        | 0.0003      |
|    loss                 | 1.33        |
|    n_updates            | 490         |
|    policy_gradient_loss | -0.00395    |
|    value_loss           | 3.03        |
-----------------------------------------
-----------------------------------------
| rollout/                |             |
|    ep_len_mean          | 321         |
|    ep_rew_mean          | 13.6        |
| time/                   |             |
|    fps                  | 1           |
|    iterations           | 51          |
|    time_elapsed         | 20362       |
|    total_timesteps      | 26112       |
| train/                  |             |
|    approx_kl            | 0.001732311 |
|    clip_fraction        | 0.00859     |
|    clip_range           | 0.2         |
|    entropy_loss         | -0.518      |
|    explained_variance   | 0.223       |
|    learning_rate        | 0.0003      |
|    loss                 | 0.018       |
|    n_updates            | 500         |
|    policy_gradient_loss | 0.000887    |
|    value_loss           | 0.101       |
-----------------------------------------
------------------------------------------
| rollout/                |              |
|    ep_len_mean          | 323          |
|    ep_rew_mean          | 13.9         |
| time/                   |              |
|    fps                  | 1            |
|    iterations           | 52           |
|    time_elapsed         | 20448        |
|    total_timesteps      | 26624        |
| train/                  |              |
|    approx_kl            | 0.0024978686 |
|    clip_fraction        | 0.0482       |
|    clip_range           | 0.2          |
|    entropy_loss         | -0.458       |
|    explained_variance   | 0.328        |
|    learning_rate        | 0.0003       |
|    loss                 | 0.0259       |
|    n_updates            | 510          |
|    policy_gradient_loss | 0.000358     |
|    value_loss           | 0.0357       |
------------------------------------------
-----------------------------------------
| rollout/                |             |
|    ep_len_mean          | 325         |
|    ep_rew_mean          | 14.1        |
| time/                   |             |
|    fps                  | 1           |
|    iterations           | 53          |
|    time_elapsed         | 20535       |
|    total_timesteps      | 27136       |
| train/                  |             |
|    approx_kl            | 0.007072748 |
|    clip_fraction        | 0.0602      |
|    clip_range           | 0.2         |
|    entropy_loss         | -0.441      |
|    explained_variance   | 0.685       |
|    learning_rate        | 0.0003      |
|    loss                 | -0.0159     |
|    n_updates            | 520         |
|    policy_gradient_loss | -0.00742    |
|    value_loss           | 0.0085      |
-----------------------------------------
------------------------------------------
| rollout/                |              |
|    ep_len_mean          | 327          |
|    ep_rew_mean          | 14.3         |
| time/                   |              |
|    fps                  | 1            |
|    iterations           | 54           |
|    time_elapsed         | 20623        |
|    total_timesteps      | 27648        |
| train/                  |              |
|    approx_kl            | 0.0026789133 |
|    clip_fraction        | 0.0406       |
|    clip_range           | 0.2          |
|    entropy_loss         | -0.427       |
|    explained_variance   | 0.789        |
|    learning_rate        | 0.0003       |
|    loss                 | -0.00335     |
|    n_updates            | 530          |
|    policy_gradient_loss | -0.00412     |
|    value_loss           | 0.00793      |
------------------------------------------
------------------------------------------
| rollout/                |              |
|    ep_len_mean          | 329          |
|    ep_rew_mean          | 14.5         |
| time/                   |              |
|    fps                  | 1            |
|    iterations           | 55           |
|    time_elapsed         | 20711        |
|    total_timesteps      | 28160        |
| train/                  |              |
|    approx_kl            | 0.0071137627 |
|    clip_fraction        | 0.0582       |
|    clip_range           | 0.2          |
|    entropy_loss         | -0.445       |
|    explained_variance   | 0.76         |
|    learning_rate        | 0.0003       |
|    loss                 | 0.00469      |
|    n_updates            | 540          |
|    policy_gradient_loss | -0.0122      |
|    value_loss           | 0.00778      |
------------------------------------------
-----------------------------------------
| rollout/                |             |
|    ep_len_mean          | 331         |
|    ep_rew_mean          | 14.7        |
| time/                   |             |
|    fps                  | 1           |
|    iterations           | 56          |
|    time_elapsed         | 20798       |
|    total_timesteps      | 28672       |
| train/                  |             |
|    approx_kl            | 0.001575955 |
|    clip_fraction        | 0.0256      |
|    clip_range           | 0.2         |
|    entropy_loss         | -0.455      |
|    explained_variance   | 0.856       |
|    learning_rate        | 0.0003      |
|    loss                 | -0.024      |
|    n_updates            | 550         |
|    policy_gradient_loss | -0.00605    |
|    value_loss           | 0.00652     |
-----------------------------------------
------------------------------------------
| rollout/                |              |
|    ep_len_mean          | 333          |
|    ep_rew_mean          | 14.9         |
| time/                   |              |
|    fps                  | 1            |
|    iterations           | 57           |
|    time_elapsed         | 20884        |
|    total_timesteps      | 29184        |
| train/                  |              |
|    approx_kl            | 0.0022056438 |
|    clip_fraction        | 0.018        |
|    clip_range           | 0.2          |
|    entropy_loss         | -0.433       |
|    explained_variance   | 0.106        |
|    learning_rate        | 0.0003       |
|    loss                 | 0.0255       |
|    n_updates            | 560          |
|    policy_gradient_loss | 0.00152      |
|    value_loss           | 0.0416       |
------------------------------------------
------------------------------------------
| rollout/                |              |
|    ep_len_mean          | 332          |
|    ep_rew_mean          | 14.8         |
| time/                   |              |
|    fps                  | 1            |
|    iterations           | 58           |
|    time_elapsed         | 20968        |
|    total_timesteps      | 29696        |
| train/                  |              |
|    approx_kl            | 0.0062411223 |
|    clip_fraction        | 0.0459       |
|    clip_range           | 0.2          |
|    entropy_loss         | -0.474       |
|    explained_variance   | 0.783        |
|    learning_rate        | 0.0003       |
|    loss                 | 0.0122       |
|    n_updates            | 570          |
|    policy_gradient_loss | -0.00537     |
|    value_loss           | 0.00648      |
------------------------------------------
-----------------------------------------
| rollout/                |             |
|    ep_len_mean          | 334         |
|    ep_rew_mean          | 15          |
| time/                   |             |
|    fps                  | 1           |
|    iterations           | 59          |
|    time_elapsed         | 21052       |
|    total_timesteps      | 30208       |
| train/                  |             |
|    approx_kl            | 0.017206399 |
|    clip_fraction        | 0.0828      |
|    clip_range           | 0.2         |
|    entropy_loss         | -0.486      |
|    explained_variance   | 0.114       |
|    learning_rate        | 0.0003      |
|    loss                 | 0.141       |
|    n_updates            | 580         |
|    policy_gradient_loss | -0.0226     |
|    value_loss           | 2.45        |
-----------------------------------------
-----------------------------------------
| rollout/                |             |
|    ep_len_mean          | 336         |
|    ep_rew_mean          | 15.2        |
| time/                   |             |
|    fps                  | 1           |
|    iterations           | 60          |
|    time_elapsed         | 21136       |
|    total_timesteps      | 30720       |
| train/                  |             |
|    approx_kl            | 0.013306757 |
|    clip_fraction        | 0.114       |
|    clip_range           | 0.2         |
|    entropy_loss         | -0.496      |
|    explained_variance   | -0.805      |
|    learning_rate        | 0.0003      |
|    loss                 | 0.00895     |
|    n_updates            | 590         |
|    policy_gradient_loss | -0.00263    |
|    value_loss           | 0.244       |
-----------------------------------------
----------------------------------------
| rollout/                |            |
|    ep_len_mean          | 338        |
|    ep_rew_mean          | 15.4       |
| time/                   |            |
|    fps                  | 1          |
|    iterations           | 61         |
|    time_elapsed         | 21221      |
|    total_timesteps      | 31232      |
| train/                  |            |
|    approx_kl            | 0.00623768 |
|    clip_fraction        | 0.0361     |
|    clip_range           | 0.2        |
|    entropy_loss         | -0.465     |
|    explained_variance   | 0.529      |
|    learning_rate        | 0.0003     |
|    loss                 | -0.0266    |
|    n_updates            | 600        |
|    policy_gradient_loss | -0.0113    |
|    value_loss           | 0.0247     |
----------------------------------------
-----------------------------------------
| rollout/                |             |
|    ep_len_mean          | 339         |
|    ep_rew_mean          | 15.5        |
| time/                   |             |
|    fps                  | 1           |
|    iterations           | 62          |
|    time_elapsed         | 21306       |
|    total_timesteps      | 31744       |
| train/                  |             |
|    approx_kl            | 0.002393152 |
|    clip_fraction        | 0.0182      |
|    clip_range           | 0.2         |
|    entropy_loss         | -0.604      |
|    explained_variance   | 0.685       |
|    learning_rate        | 0.0003      |
|    loss                 | -0.000165   |
|    n_updates            | 610         |
|    policy_gradient_loss | -0.00093    |
|    value_loss           | 0.0472      |
-----------------------------------------
------------------------------------------
| rollout/                |              |
|    ep_len_mean          | 341          |
|    ep_rew_mean          | 15.7         |
| time/                   |              |
|    fps                  | 1            |
|    iterations           | 63           |
|    time_elapsed         | 21393        |
|    total_timesteps      | 32256        |
| train/                  |              |
|    approx_kl            | 0.0049878713 |
|    clip_fraction        | 0.0398       |
|    clip_range           | 0.2          |
|    entropy_loss         | -0.528       |
|    explained_variance   | 0.651        |
|    learning_rate        | 0.0003       |
|    loss                 | -0.00415     |
|    n_updates            | 620          |
|    policy_gradient_loss | -0.00563     |
|    value_loss           | 0.0112       |
------------------------------------------
------------------------------------------
| rollout/                |              |
|    ep_len_mean          | 343          |
|    ep_rew_mean          | 15.9         |
| time/                   |              |
|    fps                  | 1            |
|    iterations           | 64           |
|    time_elapsed         | 21478        |
|    total_timesteps      | 32768        |
| train/                  |              |
|    approx_kl            | 0.0024759893 |
|    clip_fraction        | 0.0195       |
|    clip_range           | 0.2          |
|    entropy_loss         | -0.479       |
|    explained_variance   | 0.725        |
|    learning_rate        | 0.0003       |
|    loss                 | -0.00293     |
|    n_updates            | 630          |
|    policy_gradient_loss | -0.00132     |
|    value_loss           | 0.0109       |
------------------------------------------
------------------------------------------
| rollout/                |              |
|    ep_len_mean          | 344          |
|    ep_rew_mean          | 16           |
| time/                   |              |
|    fps                  | 1            |
|    iterations           | 65           |
|    time_elapsed         | 21564        |
|    total_timesteps      | 33280        |
| train/                  |              |
|    approx_kl            | 0.0045182244 |
|    clip_fraction        | 0.0525       |
|    clip_range           | 0.2          |
|    entropy_loss         | -0.428       |
|    explained_variance   | 0.84         |
|    learning_rate        | 0.0003       |
|    loss                 | -0.0168      |
|    n_updates            | 640          |
|    policy_gradient_loss | -0.00913     |
|    value_loss           | 0.00796      |
------------------------------------------
------------------------------------------
| rollout/                |              |
|    ep_len_mean          | 346          |
|    ep_rew_mean          | 16.2         |
| time/                   |              |
|    fps                  | 1            |
|    iterations           | 66           |
|    time_elapsed         | 21647        |
|    total_timesteps      | 33792        |
| train/                  |              |
|    approx_kl            | 0.0048680827 |
|    clip_fraction        | 0.0512       |
|    clip_range           | 0.2          |
|    entropy_loss         | -0.415       |
|    explained_variance   | 0.727        |
|    learning_rate        | 0.0003       |
|    loss                 | -0.0258      |
|    n_updates            | 650          |
|    policy_gradient_loss | -0.00953     |
|    value_loss           | 0.0102       |
------------------------------------------
-----------------------------------------
| rollout/                |             |
|    ep_len_mean          | 347         |
|    ep_rew_mean          | 16.4        |
| time/                   |             |
|    fps                  | 1           |
|    iterations           | 67          |
|    time_elapsed         | 21732       |
|    total_timesteps      | 34304       |
| train/                  |             |
|    approx_kl            | 0.006150236 |
|    clip_fraction        | 0.0527      |
|    clip_range           | 0.2         |
|    entropy_loss         | -0.455      |
|    explained_variance   | 0.643       |
|    learning_rate        | 0.0003      |
|    loss                 | -0.0151     |
|    n_updates            | 660         |
|    policy_gradient_loss | -0.00914    |
|    value_loss           | 0.0145      |
-----------------------------------------
------------------------------------------
| rollout/                |              |
|    ep_len_mean          | 349          |
|    ep_rew_mean          | 16.5         |
| time/                   |              |
|    fps                  | 1            |
|    iterations           | 68           |
|    time_elapsed         | 21814        |
|    total_timesteps      | 34816        |
| train/                  |              |
|    approx_kl            | 0.0036989213 |
|    clip_fraction        | 0.0457       |
|    clip_range           | 0.2          |
|    entropy_loss         | -0.521       |
|    explained_variance   | 0.633        |
|    learning_rate        | 0.0003       |
|    loss                 | -0.00711     |
|    n_updates            | 670          |
|    policy_gradient_loss | -0.00142     |
|    value_loss           | 0.011        |
------------------------------------------
------------------------------------------
| rollout/                |              |
|    ep_len_mean          | 350          |
|    ep_rew_mean          | 16.7         |
| time/                   |              |
|    fps                  | 1            |
|    iterations           | 69           |
|    time_elapsed         | 21896        |
|    total_timesteps      | 35328        |
| train/                  |              |
|    approx_kl            | 0.0027345482 |
|    clip_fraction        | 0.0301       |
|    clip_range           | 0.2          |
|    entropy_loss         | -0.522       |
|    explained_variance   | 0.456        |
|    learning_rate        | 0.0003       |
|    loss                 | -0.0103      |
|    n_updates            | 680          |
|    policy_gradient_loss | -0.000766    |
|    value_loss           | 0.0229       |
------------------------------------------
-----------------------------------------
| rollout/                |             |
|    ep_len_mean          | 354         |
|    ep_rew_mean          | 17          |
| time/                   |             |
|    fps                  | 1           |
|    iterations           | 70          |
|    time_elapsed         | 21980       |
|    total_timesteps      | 35840       |
| train/                  |             |
|    approx_kl            | 0.005709786 |
|    clip_fraction        | 0.0334      |
|    clip_range           | 0.2         |
|    entropy_loss         | -0.439      |
|    explained_variance   | 0.845       |
|    learning_rate        | 0.0003      |
|    loss                 | -0.00872    |
|    n_updates            | 690         |
|    policy_gradient_loss | -0.00189    |
|    value_loss           | 0.0111      |
-----------------------------------------
------------------------------------------
| rollout/                |              |
|    ep_len_mean          | 357          |
|    ep_rew_mean          | 17.3         |
| time/                   |              |
|    fps                  | 1            |
|    iterations           | 71           |
|    time_elapsed         | 22063        |
|    total_timesteps      | 36352        |
| train/                  |              |
|    approx_kl            | 0.0016491119 |
|    clip_fraction        | 0.0273       |
|    clip_range           | 0.2          |
|    entropy_loss         | -0.404       |
|    explained_variance   | 0.856        |
|    learning_rate        | 0.0003       |
|    loss                 | 0.00186      |
|    n_updates            | 700          |
|    policy_gradient_loss | -0.0056      |
|    value_loss           | 0.00641      |
------------------------------------------
------------------------------------------
| rollout/                |              |
|    ep_len_mean          | 361          |
|    ep_rew_mean          | 17.6         |
| time/                   |              |
|    fps                  | 1            |
|    iterations           | 72           |
|    time_elapsed         | 22149        |
|    total_timesteps      | 36864        |
| train/                  |              |
|    approx_kl            | 0.0023133906 |
|    clip_fraction        | 0.0127       |
|    clip_range           | 0.2          |
|    entropy_loss         | -0.448       |
|    explained_variance   | 0.764        |
|    learning_rate        | 0.0003       |
|    loss                 | -0.0143      |
|    n_updates            | 710          |
|    policy_gradient_loss | -0.00166     |
|    value_loss           | 0.00854      |
------------------------------------------
-----------------------------------------
| rollout/                |             |
|    ep_len_mean          | 361         |
|    ep_rew_mean          | 17.6        |
| time/                   |             |
|    fps                  | 1           |
|    iterations           | 73          |
|    time_elapsed         | 22232       |
|    total_timesteps      | 37376       |
| train/                  |             |
|    approx_kl            | 0.003886956 |
|    clip_fraction        | 0.0268      |
|    clip_range           | 0.2         |
|    entropy_loss         | -0.435      |
|    explained_variance   | 0.905       |
|    learning_rate        | 0.0003      |
|    loss                 | 0.00185     |
|    n_updates            | 720         |
|    policy_gradient_loss | -0.00608    |
|    value_loss           | 0.00438     |
-----------------------------------------
------------------------------------------
| rollout/                |              |
|    ep_len_mean          | 363          |
|    ep_rew_mean          | 17.9         |
| time/                   |              |
|    fps                  | 1            |
|    iterations           | 74           |
|    time_elapsed         | 22316        |
|    total_timesteps      | 37888        |
| train/                  |              |
|    approx_kl            | 0.0050118477 |
|    clip_fraction        | 0.0482       |
|    clip_range           | 0.2          |
|    entropy_loss         | -0.389       |
|    explained_variance   | 0.847        |
|    learning_rate        | 0.0003       |
|    loss                 | -0.0216      |
|    n_updates            | 730          |
|    policy_gradient_loss | -0.00629     |
|    value_loss           | 0.00649      |
------------------------------------------
-----------------------------------------
| rollout/                |             |
|    ep_len_mean          | 362         |
|    ep_rew_mean          | 17.8        |
| time/                   |             |
|    fps                  | 1           |
|    iterations           | 75          |
|    time_elapsed         | 22399       |
|    total_timesteps      | 38400       |
| train/                  |             |
|    approx_kl            | 0.004754646 |
|    clip_fraction        | 0.0398      |
|    clip_range           | 0.2         |
|    entropy_loss         | -0.367      |
|    explained_variance   | 0.868       |
|    learning_rate        | 0.0003      |
|    loss                 | -0.00951    |
|    n_updates            | 740         |
|    policy_gradient_loss | -0.00933    |
|    value_loss           | 0.00817     |
-----------------------------------------
-----------------------------------------
| rollout/                |             |
|    ep_len_mean          | 362         |
|    ep_rew_mean          | 17.8        |
| time/                   |             |
|    fps                  | 1           |
|    iterations           | 76          |
|    time_elapsed         | 22483       |
|    total_timesteps      | 38912       |
| train/                  |             |
|    approx_kl            | 0.006729311 |
|    clip_fraction        | 0.023       |
|    clip_range           | 0.2         |
|    entropy_loss         | -0.405      |
|    explained_variance   | -0.177      |
|    learning_rate        | 0.0003      |
|    loss                 | 0.176       |
|    n_updates            | 750         |
|    policy_gradient_loss | 0.0123      |
|    value_loss           | 2.41        |
-----------------------------------------
------------------------------------------
| rollout/                |              |
|    ep_len_mean          | 362          |
|    ep_rew_mean          | 17.8         |
| time/                   |              |
|    fps                  | 1            |
|    iterations           | 77           |
|    time_elapsed         | 22566        |
|    total_timesteps      | 39424        |
| train/                  |              |
|    approx_kl            | 0.0031742929 |
|    clip_fraction        | 0.0463       |
|    clip_range           | 0.2          |
|    entropy_loss         | -0.426       |
|    explained_variance   | 0.336        |
|    learning_rate        | 0.0003       |
|    loss                 | 0.00763      |
|    n_updates            | 760          |
|    policy_gradient_loss | -0.00335     |
|    value_loss           | 0.041        |
------------------------------------------
------------------------------------------
| rollout/                |              |
|    ep_len_mean          | 363          |
|    ep_rew_mean          | 18           |
| time/                   |              |
|    fps                  | 1            |
|    iterations           | 78           |
|    time_elapsed         | 22651        |
|    total_timesteps      | 39936        |
| train/                  |              |
|    approx_kl            | 0.0074641025 |
|    clip_fraction        | 0.0361       |
|    clip_range           | 0.2          |
|    entropy_loss         | -0.396       |
|    explained_variance   | 0.232        |
|    learning_rate        | 0.0003       |
|    loss                 | -0.00828     |
|    n_updates            | 770          |
|    policy_gradient_loss | -0.00391     |
|    value_loss           | 0.0318       |
------------------------------------------
-----------------------------------------
| rollout/                |             |
|    ep_len_mean          | 365         |
|    ep_rew_mean          | 18.2        |
| time/                   |             |
|    fps                  | 1           |
|    iterations           | 79          |
|    time_elapsed         | 22737       |
|    total_timesteps      | 40448       |
| train/                  |             |
|    approx_kl            | 0.003448098 |
|    clip_fraction        | 0.0449      |
|    clip_range           | 0.2         |
|    entropy_loss         | -0.403      |
|    explained_variance   | 0.719       |
|    learning_rate        | 0.0003      |
|    loss                 | -0.0139     |
|    n_updates            | 780         |
|    policy_gradient_loss | -0.00254    |
|    value_loss           | 0.0156      |
-----------------------------------------
------------------------------------------
| rollout/                |              |
|    ep_len_mean          | 369          |
|    ep_rew_mean          | 18.6         |
| time/                   |              |
|    fps                  | 1            |
|    iterations           | 80           |
|    time_elapsed         | 22823        |
|    total_timesteps      | 40960        |
| train/                  |              |
|    approx_kl            | 0.0041988045 |
|    clip_fraction        | 0.0484       |
|    clip_range           | 0.2          |
|    entropy_loss         | -0.455       |
|    explained_variance   | 0.778        |
|    learning_rate        | 0.0003       |
|    loss                 | -0.01        |
|    n_updates            | 790          |
|    policy_gradient_loss | -0.00628     |
|    value_loss           | 0.0117       |
------------------------------------------
-----------------------------------------
| rollout/                |             |
|    ep_len_mean          | 373         |
|    ep_rew_mean          | 18.9        |
| time/                   |             |
|    fps                  | 1           |
|    iterations           | 81          |
|    time_elapsed         | 22908       |
|    total_timesteps      | 41472       |
| train/                  |             |
|    approx_kl            | 0.003729821 |
|    clip_fraction        | 0.0256      |
|    clip_range           | 0.2         |
|    entropy_loss         | -0.448      |
|    explained_variance   | 0.669       |
|    learning_rate        | 0.0003      |
|    loss                 | -0.0278     |
|    n_updates            | 800         |
|    policy_gradient_loss | -0.00541    |
|    value_loss           | 0.00574     |
-----------------------------------------
------------------------------------------
| rollout/                |              |
|    ep_len_mean          | 373          |
|    ep_rew_mean          | 18.9         |
| time/                   |              |
|    fps                  | 1            |
|    iterations           | 82           |
|    time_elapsed         | 22992        |
|    total_timesteps      | 41984        |
| train/                  |              |
|    approx_kl            | 0.0024560625 |
|    clip_fraction        | 0.0287       |
|    clip_range           | 0.2          |
|    entropy_loss         | -0.368       |
|    explained_variance   | 0.759        |
|    learning_rate        | 0.0003       |
|    loss                 | 0.00758      |
|    n_updates            | 810          |
|    policy_gradient_loss | -0.00172     |
|    value_loss           | 0.00708      |
------------------------------------------
------------------------------------------
| rollout/                |              |
|    ep_len_mean          | 374          |
|    ep_rew_mean          | 19.1         |
| time/                   |              |
|    fps                  | 1            |
|    iterations           | 83           |
|    time_elapsed         | 23078        |
|    total_timesteps      | 42496        |
| train/                  |              |
|    approx_kl            | 0.0025378624 |
|    clip_fraction        | 0.0266       |
|    clip_range           | 0.2          |
|    entropy_loss         | -0.422       |
|    explained_variance   | 0.944        |
|    learning_rate        | 0.0003       |
|    loss                 | -0.00664     |
|    n_updates            | 820          |
|    policy_gradient_loss | -0.00771     |
|    value_loss           | 0.00319      |
------------------------------------------
------------------------------------------
| rollout/                |              |
|    ep_len_mean          | 375          |
|    ep_rew_mean          | 19.2         |
| time/                   |              |
|    fps                  | 1            |
|    iterations           | 84           |
|    time_elapsed         | 23162        |
|    total_timesteps      | 43008        |
| train/                  |              |
|    approx_kl            | 0.0052227927 |
|    clip_fraction        | 0.0752       |
|    clip_range           | 0.2          |
|    entropy_loss         | -0.399       |
|    explained_variance   | 0.641        |
|    learning_rate        | 0.0003       |
|    loss                 | -0.0289      |
|    n_updates            | 830          |
|    policy_gradient_loss | -0.00902     |
|    value_loss           | 0.00816      |
------------------------------------------
------------------------------------------
| rollout/                |              |
|    ep_len_mean          | 379          |
|    ep_rew_mean          | 19.6         |
| time/                   |              |
|    fps                  | 1            |
|    iterations           | 85           |
|    time_elapsed         | 23245        |
|    total_timesteps      | 43520        |
| train/                  |              |
|    approx_kl            | 0.0032601482 |
|    clip_fraction        | 0.0441       |
|    clip_range           | 0.2          |
|    entropy_loss         | -0.437       |
|    explained_variance   | 0.745        |
|    learning_rate        | 0.0003       |
|    loss                 | 0.00775      |
|    n_updates            | 840          |
|    policy_gradient_loss | -0.00679     |
|    value_loss           | 0.00598      |
------------------------------------------
------------------------------------------
| rollout/                |              |
|    ep_len_mean          | 382          |
|    ep_rew_mean          | 19.9         |
| time/                   |              |
|    fps                  | 1            |
|    iterations           | 86           |
|    time_elapsed         | 23330        |
|    total_timesteps      | 44032        |
| train/                  |              |
|    approx_kl            | 0.0027960339 |
|    clip_fraction        | 0.026        |
|    clip_range           | 0.2          |
|    entropy_loss         | -0.412       |
|    explained_variance   | 0.5          |
|    learning_rate        | 0.0003       |
|    loss                 | 0.0178       |
|    n_updates            | 850          |
|    policy_gradient_loss | -0.00449     |
|    value_loss           | 0.0108       |
------------------------------------------
-----------------------------------------
| rollout/                |             |
|    ep_len_mean          | 386         |
|    ep_rew_mean          | 20.2        |
| time/                   |             |
|    fps                  | 1           |
|    iterations           | 87          |
|    time_elapsed         | 23416       |
|    total_timesteps      | 44544       |
| train/                  |             |
|    approx_kl            | 0.005256961 |
|    clip_fraction        | 0.0463      |
|    clip_range           | 0.2         |
|    entropy_loss         | -0.352      |
|    explained_variance   | 0.889       |
|    learning_rate        | 0.0003      |
|    loss                 | 0.0259      |
|    n_updates            | 860         |
|    policy_gradient_loss | -0.00695    |
|    value_loss           | 0.00394     |
-----------------------------------------
------------------------------------------
| rollout/                |              |
|    ep_len_mean          | 389          |
|    ep_rew_mean          | 20.6         |
| time/                   |              |
|    fps                  | 1            |
|    iterations           | 88           |
|    time_elapsed         | 23499        |
|    total_timesteps      | 45056        |
| train/                  |              |
|    approx_kl            | 0.0022482546 |
|    clip_fraction        | 0.0148       |
|    clip_range           | 0.2          |
|    entropy_loss         | -0.345       |
|    explained_variance   | 0.805        |
|    learning_rate        | 0.0003       |
|    loss                 | -0.0114      |
|    n_updates            | 870          |
|    policy_gradient_loss | -0.0088      |
|    value_loss           | 0.0042       |
------------------------------------------
------------------------------------------
| rollout/                |              |
|    ep_len_mean          | 390          |
|    ep_rew_mean          | 20.7         |
| time/                   |              |
|    fps                  | 1            |
|    iterations           | 89           |
|    time_elapsed         | 23584        |
|    total_timesteps      | 45568        |
| train/                  |              |
|    approx_kl            | 0.0030055877 |
|    clip_fraction        | 0.0299       |
|    clip_range           | 0.2          |
|    entropy_loss         | -0.387       |
|    explained_variance   | 0.959        |
|    learning_rate        | 0.0003       |
|    loss                 | 0.00461      |
|    n_updates            | 880          |
|    policy_gradient_loss | -0.00609     |
|    value_loss           | 0.00226      |
------------------------------------------
------------------------------------------
| rollout/                |              |
|    ep_len_mean          | 393          |
|    ep_rew_mean          | 21           |
| time/                   |              |
|    fps                  | 1            |
|    iterations           | 90           |
|    time_elapsed         | 23667        |
|    total_timesteps      | 46080        |
| train/                  |              |
|    approx_kl            | 0.0029867527 |
|    clip_fraction        | 0.0412       |
|    clip_range           | 0.2          |
|    entropy_loss         | -0.313       |
|    explained_variance   | 0.936        |
|    learning_rate        | 0.0003       |
|    loss                 | -0.00583     |
|    n_updates            | 890          |
|    policy_gradient_loss | -0.00489     |
|    value_loss           | 0.00277      |
------------------------------------------
------------------------------------------
| rollout/                |              |
|    ep_len_mean          | 398          |
|    ep_rew_mean          | 21.4         |
| time/                   |              |
|    fps                  | 1            |
|    iterations           | 91           |
|    time_elapsed         | 23752        |
|    total_timesteps      | 46592        |
| train/                  |              |
|    approx_kl            | 0.0010757244 |
|    clip_fraction        | 0.017        |
|    clip_range           | 0.2          |
|    entropy_loss         | -0.317       |
|    explained_variance   | 0.809        |
|    learning_rate        | 0.0003       |
|    loss                 | -0.0336      |
|    n_updates            | 900          |
|    policy_gradient_loss | -0.00693     |
|    value_loss           | 0.00437      |
------------------------------------------
------------------------------------------
| rollout/                |              |
|    ep_len_mean          | 399          |
|    ep_rew_mean          | 21.6         |
| time/                   |              |
|    fps                  | 1            |
|    iterations           | 92           |
|    time_elapsed         | 23835        |
|    total_timesteps      | 47104        |
| train/                  |              |
|    approx_kl            | 0.0012860114 |
|    clip_fraction        | 0.0137       |
|    clip_range           | 0.2          |
|    entropy_loss         | -0.291       |
|    explained_variance   | 0.938        |
|    learning_rate        | 0.0003       |
|    loss                 | 0.000981     |
|    n_updates            | 910          |
|    policy_gradient_loss | -0.00406     |
|    value_loss           | 0.002        |
------------------------------------------
------------------------------------------
| rollout/                |              |
|    ep_len_mean          | 406          |
|    ep_rew_mean          | 22.3         |
| time/                   |              |
|    fps                  | 1            |
|    iterations           | 93           |
|    time_elapsed         | 23920        |
|    total_timesteps      | 47616        |
| train/                  |              |
|    approx_kl            | 0.0019647141 |
|    clip_fraction        | 0.0277       |
|    clip_range           | 0.2          |
|    entropy_loss         | -0.313       |
|    explained_variance   | 0.967        |
|    learning_rate        | 0.0003       |
|    loss                 | -0.00673     |
|    n_updates            | 920          |
|    policy_gradient_loss | -0.0056      |
|    value_loss           | 0.00145      |
------------------------------------------
------------------------------------------
| rollout/                |              |
|    ep_len_mean          | 410          |
|    ep_rew_mean          | 22.6         |
| time/                   |              |
|    fps                  | 2            |
|    iterations           | 94           |
|    time_elapsed         | 24007        |
|    total_timesteps      | 48128        |
| train/                  |              |
|    approx_kl            | 0.0030819015 |
|    clip_fraction        | 0.0299       |
|    clip_range           | 0.2          |
|    entropy_loss         | -0.34        |
|    explained_variance   | 0.841        |
|    learning_rate        | 0.0003       |
|    loss                 | -0.00305     |
|    n_updates            | 930          |
|    policy_gradient_loss | -0.00356     |
|    value_loss           | 0.00367      |
------------------------------------------
-----------------------------------------
| rollout/                |             |
|    ep_len_mean          | 412         |
|    ep_rew_mean          | 22.9        |
| time/                   |             |
|    fps                  | 2           |
|    iterations           | 95          |
|    time_elapsed         | 24090       |
|    total_timesteps      | 48640       |
| train/                  |             |
|    approx_kl            | 0.008678345 |
|    clip_fraction        | 0.0432      |
|    clip_range           | 0.2         |
|    entropy_loss         | -0.398      |
|    explained_variance   | 0.889       |
|    learning_rate        | 0.0003      |
|    loss                 | 0.00127     |
|    n_updates            | 940         |
|    policy_gradient_loss | -0.00184    |
|    value_loss           | 0.00286     |
-----------------------------------------
-----------------------------------------
| rollout/                |             |
|    ep_len_mean          | 415         |
|    ep_rew_mean          | 23.2        |
| time/                   |             |
|    fps                  | 2           |
|    iterations           | 96          |
|    time_elapsed         | 24174       |
|    total_timesteps      | 49152       |
| train/                  |             |
|    approx_kl            | 0.008094069 |
|    clip_fraction        | 0.0652      |
|    clip_range           | 0.2         |
|    entropy_loss         | -0.523      |
|    explained_variance   | 0.488       |
|    learning_rate        | 0.0003      |
|    loss                 | -0.0217     |
|    n_updates            | 950         |
|    policy_gradient_loss | -0.00719    |
|    value_loss           | 0.0168      |
-----------------------------------------
------------------------------------------
| rollout/                |              |
|    ep_len_mean          | 419          |
|    ep_rew_mean          | 23.5         |
| time/                   |              |
|    fps                  | 2            |
|    iterations           | 97           |
|    time_elapsed         | 24259        |
|    total_timesteps      | 49664        |
| train/                  |              |
|    approx_kl            | 0.0045608897 |
|    clip_fraction        | 0.0496       |
|    clip_range           | 0.2          |
|    entropy_loss         | -0.47        |
|    explained_variance   | 0.881        |
|    learning_rate        | 0.0003       |
|    loss                 | -0.00326     |
|    n_updates            | 960          |
|    policy_gradient_loss | -0.00701     |
|    value_loss           | 0.00593      |
------------------------------------------
------------------------------------------
| rollout/                |              |
|    ep_len_mean          | 422          |
|    ep_rew_mean          | 23.8         |
| time/                   |              |
|    fps                  | 2            |
|    iterations           | 98           |
|    time_elapsed         | 24345        |
|    total_timesteps      | 50176        |
| train/                  |              |
|    approx_kl            | 0.0061109755 |
|    clip_fraction        | 0.0689       |
|    clip_range           | 0.2          |
|    entropy_loss         | -0.44        |
|    explained_variance   | 0.545        |
|    learning_rate        | 0.0003       |
|    loss                 | -0.0051      |
|    n_updates            | 970          |
|    policy_gradient_loss | -0.0128      |
|    value_loss           | 0.0081       |
------------------------------------------
----------------------------------------
| rollout/                |            |
|    ep_len_mean          | 426        |
|    ep_rew_mean          | 24.2       |
| time/                   |            |
|    fps                  | 2          |
|    iterations           | 99         |
|    time_elapsed         | 24429      |
|    total_timesteps      | 50688      |
| train/                  |            |
|    approx_kl            | 0.00528172 |
|    clip_fraction        | 0.0633     |
|    clip_range           | 0.2        |
|    entropy_loss         | -0.53      |
|    explained_variance   | 0.857      |
|    learning_rate        | 0.0003     |
|    loss                 | -0.013     |
|    n_updates            | 980        |
|    policy_gradient_loss | -0.00313   |
|    value_loss           | 0.00443    |
----------------------------------------
-----------------------------------------
| rollout/                |             |
|    ep_len_mean          | 427         |
|    ep_rew_mean          | 24.4        |
| time/                   |             |
|    fps                  | 2           |
|    iterations           | 100         |
|    time_elapsed         | 24514       |
|    total_timesteps      | 51200       |
| train/                  |             |
|    approx_kl            | 0.010104562 |
|    clip_fraction        | 0.0652      |
|    clip_range           | 0.2         |
|    entropy_loss         | -0.576      |
|    explained_variance   | 0.443       |
|    learning_rate        | 0.0003      |
|    loss                 | 0.0207      |
|    n_updates            | 990         |
|    policy_gradient_loss | -0.0117     |
|    value_loss           | 0.0206      |
-----------------------------------------
------------------------------------------
| rollout/                |              |
|    ep_len_mean          | 427          |
|    ep_rew_mean          | 24.4         |
| time/                   |              |
|    fps                  | 2            |
|    iterations           | 101          |
|    time_elapsed         | 24597        |
|    total_timesteps      | 51712        |
| train/                  |              |
|    approx_kl            | 0.0038561074 |
|    clip_fraction        | 0.051        |
|    clip_range           | 0.2          |
|    entropy_loss         | -0.488       |
|    explained_variance   | 0.832        |
|    learning_rate        | 0.0003       |
|    loss                 | 0.00854      |
|    n_updates            | 1000         |
|    policy_gradient_loss | -0.00391     |
|    value_loss           | 0.0107       |
------------------------------------------
-----------------------------------------
| rollout/                |             |
|    ep_len_mean          | 434         |
|    ep_rew_mean          | 25          |
| time/                   |             |
|    fps                  | 2           |
|    iterations           | 102         |
|    time_elapsed         | 24682       |
|    total_timesteps      | 52224       |
| train/                  |             |
|    approx_kl            | 0.012795421 |
|    clip_fraction        | 0.101       |
|    clip_range           | 0.2         |
|    entropy_loss         | -0.551      |
|    explained_variance   | -0.0261     |
|    learning_rate        | 0.0003      |
|    loss                 | 0.457       |
|    n_updates            | 1010        |
|    policy_gradient_loss | 0.00744     |
|    value_loss           | 2.11        |
-----------------------------------------
-----------------------------------------
| rollout/                |             |
|    ep_len_mean          | 434         |
|    ep_rew_mean          | 25          |
| time/                   |             |
|    fps                  | 2           |
|    iterations           | 103         |
|    time_elapsed         | 24762       |
|    total_timesteps      | 52736       |
| train/                  |             |
|    approx_kl            | 0.005796466 |
|    clip_fraction        | 0.0227      |
|    clip_range           | 0.2         |
|    entropy_loss         | -0.425      |
|    explained_variance   | -0.409      |
|    learning_rate        | 0.0003      |
|    loss                 | 0.00321     |
|    n_updates            | 1020        |
|    policy_gradient_loss | -0.000928   |
|    value_loss           | 0.0501      |
-----------------------------------------
------------------------------------------
| rollout/                |              |
|    ep_len_mean          | 436          |
|    ep_rew_mean          | 25.2         |
| time/                   |              |
|    fps                  | 2            |
|    iterations           | 104          |
|    time_elapsed         | 24848        |
|    total_timesteps      | 53248        |
| train/                  |              |
|    approx_kl            | 0.0045843497 |
|    clip_fraction        | 0.0143       |
|    clip_range           | 0.2          |
|    entropy_loss         | -0.508       |
|    explained_variance   | 0.424        |
|    learning_rate        | 0.0003       |
|    loss                 | -0.0125      |
|    n_updates            | 1030         |
|    policy_gradient_loss | -0.00253     |
|    value_loss           | 0.00883      |
------------------------------------------
------------------------------------------
| rollout/                |              |
|    ep_len_mean          | 432          |
|    ep_rew_mean          | 24.9         |
| time/                   |              |
|    fps                  | 2            |
|    iterations           | 105          |
|    time_elapsed         | 24932        |
|    total_timesteps      | 53760        |
| train/                  |              |
|    approx_kl            | 0.0016241062 |
|    clip_fraction        | 0.0184       |
|    clip_range           | 0.2          |
|    entropy_loss         | -0.486       |
|    explained_variance   | 0.734        |
|    learning_rate        | 0.0003       |
|    loss                 | -0.00192     |
|    n_updates            | 1040         |
|    policy_gradient_loss | -0.00295     |
|    value_loss           | 0.0156       |
------------------------------------------
-----------------------------------------
| rollout/                |             |
|    ep_len_mean          | 435         |
|    ep_rew_mean          | 25.2        |
| time/                   |             |
|    fps                  | 2           |
|    iterations           | 106         |
|    time_elapsed         | 25017       |
|    total_timesteps      | 54272       |
| train/                  |             |
|    approx_kl            | 0.009722624 |
|    clip_fraction        | 0.0457      |
|    clip_range           | 0.2         |
|    entropy_loss         | -0.549      |
|    explained_variance   | -0.0753     |
|    learning_rate        | 0.0003      |
|    loss                 | 0.345       |
|    n_updates            | 1050        |
|    policy_gradient_loss | 0.00159     |
|    value_loss           | 3.29        |
-----------------------------------------
------------------------------------------
| rollout/                |              |
|    ep_len_mean          | 438          |
|    ep_rew_mean          | 25.5         |
| time/                   |              |
|    fps                  | 2            |
|    iterations           | 107          |
|    time_elapsed         | 25102        |
|    total_timesteps      | 54784        |
| train/                  |              |
|    approx_kl            | 0.0049175136 |
|    clip_fraction        | 0.0482       |
|    clip_range           | 0.2          |
|    entropy_loss         | -0.62        |
|    explained_variance   | -0.334       |
|    learning_rate        | 0.0003       |
|    loss                 | 0.0169       |
|    n_updates            | 1060         |
|    policy_gradient_loss | -0.00801     |
|    value_loss           | 0.0546       |
------------------------------------------
----------------------------------------
| rollout/                |            |
|    ep_len_mean          | 440        |
|    ep_rew_mean          | 25.7       |
| time/                   |            |
|    fps                  | 2          |
|    iterations           | 108        |
|    time_elapsed         | 25187      |
|    total_timesteps      | 55296      |
| train/                  |            |
|    approx_kl            | 0.00974248 |
|    clip_fraction        | 0.076      |
|    clip_range           | 0.2        |
|    entropy_loss         | -0.586     |
|    explained_variance   | 0.148      |
|    learning_rate        | 0.0003     |
|    loss                 | 0.0248     |
|    n_updates            | 1070       |
|    policy_gradient_loss | -0.00792   |
|    value_loss           | 0.0381     |
----------------------------------------
------------------------------------------
| rollout/                |              |
|    ep_len_mean          | 441          |
|    ep_rew_mean          | 25.7         |
| time/                   |              |
|    fps                  | 2            |
|    iterations           | 109          |
|    time_elapsed         | 25271        |
|    total_timesteps      | 55808        |
| train/                  |              |
|    approx_kl            | 0.0040269024 |
|    clip_fraction        | 0.0289       |
|    clip_range           | 0.2          |
|    entropy_loss         | -0.46        |
|    explained_variance   | 0.292        |
|    learning_rate        | 0.0003       |
|    loss                 | 0.0116       |
|    n_updates            | 1080         |
|    policy_gradient_loss | 0.00102      |
|    value_loss           | 0.0216       |
------------------------------------------
-----------------------------------------
| rollout/                |             |
|    ep_len_mean          | 441         |
|    ep_rew_mean          | 25.7        |
| time/                   |             |
|    fps                  | 2           |
|    iterations           | 110         |
|    time_elapsed         | 25354       |
|    total_timesteps      | 56320       |
| train/                  |             |
|    approx_kl            | 0.024384258 |
|    clip_fraction        | 0.122       |
|    clip_range           | 0.2         |
|    entropy_loss         | -0.628      |
|    explained_variance   | -0.23       |
|    learning_rate        | 0.0003      |
|    loss                 | 0.223       |
|    n_updates            | 1090        |
|    policy_gradient_loss | 0.0182      |
|    value_loss           | 2.72        |
-----------------------------------------
-----------------------------------------
| rollout/                |             |
|    ep_len_mean          | 445         |
|    ep_rew_mean          | 26.1        |
| time/                   |             |
|    fps                  | 2           |
|    iterations           | 111         |
|    time_elapsed         | 25437       |
|    total_timesteps      | 56832       |
| train/                  |             |
|    approx_kl            | 0.005815484 |
|    clip_fraction        | 0.0732      |
|    clip_range           | 0.2         |
|    entropy_loss         | -0.609      |
|    explained_variance   | 0.486       |
|    learning_rate        | 0.0003      |
|    loss                 | 0.00633     |
|    n_updates            | 1100        |
|    policy_gradient_loss | -0.00807    |
|    value_loss           | 0.0308      |
-----------------------------------------
-----------------------------------------
| rollout/                |             |
|    ep_len_mean          | 446         |
|    ep_rew_mean          | 26.3        |
| time/                   |             |
|    fps                  | 2           |
|    iterations           | 112         |
|    time_elapsed         | 25524       |
|    total_timesteps      | 57344       |
| train/                  |             |
|    approx_kl            | 0.007984684 |
|    clip_fraction        | 0.0547      |
|    clip_range           | 0.2         |
|    entropy_loss         | -0.65       |
|    explained_variance   | 0.691       |
|    learning_rate        | 0.0003      |
|    loss                 | -0.00915    |
|    n_updates            | 1110        |
|    policy_gradient_loss | -0.00619    |
|    value_loss           | 0.0146      |
-----------------------------------------
-----------------------------------------
| rollout/                |             |
|    ep_len_mean          | 449         |
|    ep_rew_mean          | 26.6        |
| time/                   |             |
|    fps                  | 2           |
|    iterations           | 113         |
|    time_elapsed         | 25609       |
|    total_timesteps      | 57856       |
| train/                  |             |
|    approx_kl            | 0.019179143 |
|    clip_fraction        | 0.139       |
|    clip_range           | 0.2         |
|    entropy_loss         | -0.575      |
|    explained_variance   | 0.675       |
|    learning_rate        | 0.0003      |
|    loss                 | -0.0194     |
|    n_updates            | 1120        |
|    policy_gradient_loss | -0.00818    |
|    value_loss           | 0.0077      |
-----------------------------------------
------------------------------------------
| rollout/                |              |
|    ep_len_mean          | 455          |
|    ep_rew_mean          | 26.9         |
| time/                   |              |
|    fps                  | 2            |
|    iterations           | 114          |
|    time_elapsed         | 25694        |
|    total_timesteps      | 58368        |
| train/                  |              |
|    approx_kl            | 0.0034499264 |
|    clip_fraction        | 0.0311       |
|    clip_range           | 0.2          |
|    entropy_loss         | -0.544       |
|    explained_variance   | 0.797        |
|    learning_rate        | 0.0003       |
|    loss                 | -0.0209      |
|    n_updates            | 1130         |
|    policy_gradient_loss | -0.00618     |
|    value_loss           | 0.0371       |
------------------------------------------
----------------------------------------
| rollout/                |            |
|    ep_len_mean          | 458        |
|    ep_rew_mean          | 27.2       |
| time/                   |            |
|    fps                  | 2          |
|    iterations           | 115        |
|    time_elapsed         | 25779      |
|    total_timesteps      | 58880      |
| train/                  |            |
|    approx_kl            | 0.01006932 |
|    clip_fraction        | 0.12       |
|    clip_range           | 0.2        |
|    entropy_loss         | -0.555     |
|    explained_variance   | -0.412     |
|    learning_rate        | 0.0003     |
|    loss                 | 0.199      |
|    n_updates            | 1140       |
|    policy_gradient_loss | 0.0156     |
|    value_loss           | 3.15       |
----------------------------------------
------------------------------------------
| rollout/                |              |
|    ep_len_mean          | 459          |
|    ep_rew_mean          | 27.4         |
| time/                   |              |
|    fps                  | 2            |
|    iterations           | 116          |
|    time_elapsed         | 25862        |
|    total_timesteps      | 59392        |
| train/                  |              |
|    approx_kl            | 0.0063219923 |
|    clip_fraction        | 0.0488       |
|    clip_range           | 0.2          |
|    entropy_loss         | -0.581       |
|    explained_variance   | 0.293        |
|    learning_rate        | 0.0003       |
|    loss                 | -0.0365      |
|    n_updates            | 1150         |
|    policy_gradient_loss | -0.00758     |
|    value_loss           | 0.0385       |
------------------------------------------
-----------------------------------------
| rollout/                |             |
|    ep_len_mean          | 459         |
|    ep_rew_mean          | 27.4        |
| time/                   |             |
|    fps                  | 2           |
|    iterations           | 117         |
|    time_elapsed         | 25946       |
|    total_timesteps      | 59904       |
| train/                  |             |
|    approx_kl            | 0.009374712 |
|    clip_fraction        | 0.0402      |
|    clip_range           | 0.2         |
|    entropy_loss         | -0.602      |
|    explained_variance   | 0.537       |
|    learning_rate        | 0.0003      |
|    loss                 | 0.00481     |
|    n_updates            | 1160        |
|    policy_gradient_loss | -0.00437    |
|    value_loss           | 0.107       |
-----------------------------------------
-----------------------------------------
| rollout/                |             |
|    ep_len_mean          | 459         |
|    ep_rew_mean          | 27.4        |
| time/                   |             |
|    fps                  | 2           |
|    iterations           | 118         |
|    time_elapsed         | 26031       |
|    total_timesteps      | 60416       |
| train/                  |             |
|    approx_kl            | 0.022980224 |
|    clip_fraction        | 0.0902      |
|    clip_range           | 0.2         |
|    entropy_loss         | -0.665      |
|    explained_variance   | 0.364       |
|    learning_rate        | 0.0003      |
|    loss                 | 0.0179      |
|    n_updates            | 1170        |
|    policy_gradient_loss | -0.0058     |
|    value_loss           | 0.0752      |
-----------------------------------------
------------------------------------------
| rollout/                |              |
|    ep_len_mean          | 459          |
|    ep_rew_mean          | 27.4         |
| time/                   |              |
|    fps                  | 2            |
|    iterations           | 119          |
|    time_elapsed         | 26114        |
|    total_timesteps      | 60928        |
| train/                  |              |
|    approx_kl            | 0.0055094464 |
|    clip_fraction        | 0.0662       |
|    clip_range           | 0.2          |
|    entropy_loss         | -0.562       |
|    explained_variance   | 0.255        |
|    learning_rate        | 0.0003       |
|    loss                 | 0.0107       |
|    n_updates            | 1180         |
|    policy_gradient_loss | -0.00446     |
|    value_loss           | 0.0334       |
------------------------------------------
-----------------------------------------
| rollout/                |             |
|    ep_len_mean          | 461         |
|    ep_rew_mean          | 27.7        |
| time/                   |             |
|    fps                  | 2           |
|    iterations           | 120         |
|    time_elapsed         | 26197       |
|    total_timesteps      | 61440       |
| train/                  |             |
|    approx_kl            | 0.008757861 |
|    clip_fraction        | 0.0428      |
|    clip_range           | 0.2         |
|    entropy_loss         | -0.6        |
|    explained_variance   | 0.411       |
|    learning_rate        | 0.0003      |
|    loss                 | -0.0077     |
|    n_updates            | 1190        |
|    policy_gradient_loss | -0.0112     |
|    value_loss           | 0.0195      |
-----------------------------------------
-----------------------------------------
| rollout/                |             |
|    ep_len_mean          | 462         |
|    ep_rew_mean          | 27.8        |
| time/                   |             |
|    fps                  | 2           |
|    iterations           | 121         |
|    time_elapsed         | 26282       |
|    total_timesteps      | 61952       |
| train/                  |             |
|    approx_kl            | 0.017936498 |
|    clip_fraction        | 0.129       |
|    clip_range           | 0.2         |
|    entropy_loss         | -0.632      |
|    explained_variance   | 0.669       |
|    learning_rate        | 0.0003      |
|    loss                 | 0.00593     |
|    n_updates            | 1200        |
|    policy_gradient_loss | -0.0109     |
|    value_loss           | 0.0149      |
-----------------------------------------
-----------------------------------------
| rollout/                |             |
|    ep_len_mean          | 462         |
|    ep_rew_mean          | 27.8        |
| time/                   |             |
|    fps                  | 2           |
|    iterations           | 122         |
|    time_elapsed         | 26367       |
|    total_timesteps      | 62464       |
| train/                  |             |
|    approx_kl            | 0.008026045 |
|    clip_fraction        | 0.04        |
|    clip_range           | 0.2         |
|    entropy_loss         | -0.552      |
|    explained_variance   | 0.67        |
|    learning_rate        | 0.0003      |
|    loss                 | -0.0215     |
|    n_updates            | 1210        |
|    policy_gradient_loss | -0.00614    |
|    value_loss           | 0.0175      |
-----------------------------------------
-----------------------------------------
| rollout/                |             |
|    ep_len_mean          | 462         |
|    ep_rew_mean          | 27.8        |
| time/                   |             |
|    fps                  | 2           |
|    iterations           | 123         |
|    time_elapsed         | 26455       |
|    total_timesteps      | 62976       |
| train/                  |             |
|    approx_kl            | 0.008404939 |
|    clip_fraction        | 0.0498      |
|    clip_range           | 0.2         |
|    entropy_loss         | -0.539      |
|    explained_variance   | 0.533       |
|    learning_rate        | 0.0003      |
|    loss                 | -0.00772    |
|    n_updates            | 1220        |
|    policy_gradient_loss | -0.00705    |
|    value_loss           | 0.0143      |
-----------------------------------------
-----------------------------------------
| rollout/                |             |
|    ep_len_mean          | 466         |
|    ep_rew_mean          | 28.2        |
| time/                   |             |
|    fps                  | 2           |
|    iterations           | 124         |
|    time_elapsed         | 26541       |
|    total_timesteps      | 63488       |
| train/                  |             |
|    approx_kl            | 0.006818665 |
|    clip_fraction        | 0.0146      |
|    clip_range           | 0.2         |
|    entropy_loss         | -0.537      |
|    explained_variance   | 0.896       |
|    learning_rate        | 0.0003      |
|    loss                 | -0.00147    |
|    n_updates            | 1230        |
|    policy_gradient_loss | -0.00401    |
|    value_loss           | 0.0037      |
-----------------------------------------
-----------------------------------------
| rollout/                |             |
|    ep_len_mean          | 468         |
|    ep_rew_mean          | 28.4        |
| time/                   |             |
|    fps                  | 2           |
|    iterations           | 125         |
|    time_elapsed         | 26628       |
|    total_timesteps      | 64000       |
| train/                  |             |
|    approx_kl            | 0.004639191 |
|    clip_fraction        | 0.0377      |
|    clip_range           | 0.2         |
|    entropy_loss         | -0.544      |
|    explained_variance   | 0.94        |
|    learning_rate        | 0.0003      |
|    loss                 | -0.00816    |
|    n_updates            | 1240        |
|    policy_gradient_loss | -0.00345    |
|    value_loss           | 0.0032      |
-----------------------------------------
-----------------------------------------
| rollout/                |             |
|    ep_len_mean          | 468         |
|    ep_rew_mean          | 28.4        |
| time/                   |             |
|    fps                  | 2           |
|    iterations           | 126         |
|    time_elapsed         | 26713       |
|    total_timesteps      | 64512       |
| train/                  |             |
|    approx_kl            | 0.013051594 |
|    clip_fraction        | 0.179       |
|    clip_range           | 0.2         |
|    entropy_loss         | -0.5        |
|    explained_variance   | 0.879       |
|    learning_rate        | 0.0003      |
|    loss                 | -0.0271     |
|    n_updates            | 1250        |
|    policy_gradient_loss | -0.0121     |
|    value_loss           | 0.0058      |
-----------------------------------------
------------------------------------------
| rollout/                |              |
|    ep_len_mean          | 468          |
|    ep_rew_mean          | 28.4         |
| time/                   |              |
|    fps                  | 2            |
|    iterations           | 127          |
|    time_elapsed         | 26800        |
|    total_timesteps      | 65024        |
| train/                  |              |
|    approx_kl            | 0.0016665785 |
|    clip_fraction        | 0.0225       |
|    clip_range           | 0.2          |
|    entropy_loss         | -0.486       |
|    explained_variance   | 0.823        |
|    learning_rate        | 0.0003       |
|    loss                 | 0.0208       |
|    n_updates            | 1260         |
|    policy_gradient_loss | -0.00453     |
|    value_loss           | 0.00632      |
------------------------------------------
----------------------------------------
| rollout/                |            |
|    ep_len_mean          | 468        |
|    ep_rew_mean          | 28.4       |
| time/                   |            |
|    fps                  | 2          |
|    iterations           | 128        |
|    time_elapsed         | 26886      |
|    total_timesteps      | 65536      |
| train/                  |            |
|    approx_kl            | 0.01556681 |
|    clip_fraction        | 0.202      |
|    clip_range           | 0.2        |
|    entropy_loss         | -0.49      |
|    explained_variance   | 0.895      |
|    learning_rate        | 0.0003     |
|    loss                 | -0.018     |
|    n_updates            | 1270       |
|    policy_gradient_loss | -0.00983   |
|    value_loss           | 0.00251    |
----------------------------------------
------------------------------------------
| rollout/                |              |
|    ep_len_mean          | 471          |
|    ep_rew_mean          | 28.7         |
| time/                   |              |
|    fps                  | 2            |
|    iterations           | 129          |
|    time_elapsed         | 26971        |
|    total_timesteps      | 66048        |
| train/                  |              |
|    approx_kl            | 0.0009893106 |
|    clip_fraction        | 0.00352      |
|    clip_range           | 0.2          |
|    entropy_loss         | -0.416       |
|    explained_variance   | 0.918        |
|    learning_rate        | 0.0003       |
|    loss                 | -0.00223     |
|    n_updates            | 1280         |
|    policy_gradient_loss | -0.00104     |
|    value_loss           | 0.00333      |
------------------------------------------
-----------------------------------------
| rollout/                |             |
|    ep_len_mean          | 471         |
|    ep_rew_mean          | 28.7        |
| time/                   |             |
|    fps                  | 2           |
|    iterations           | 130         |
|    time_elapsed         | 27056       |
|    total_timesteps      | 66560       |
| train/                  |             |
|    approx_kl            | 0.008659984 |
|    clip_fraction        | 0.0371      |
|    clip_range           | 0.2         |
|    entropy_loss         | -0.489      |
|    explained_variance   | 0.914       |
|    learning_rate        | 0.0003      |
|    loss                 | 0.0163      |
|    n_updates            | 1290        |
|    policy_gradient_loss | -0.00332    |
|    value_loss           | 0.00387     |
-----------------------------------------
------------------------------------------
| rollout/                |              |
|    ep_len_mean          | 471          |
|    ep_rew_mean          | 28.7         |
| time/                   |              |
|    fps                  | 2            |
|    iterations           | 131          |
|    time_elapsed         | 27142        |
|    total_timesteps      | 67072        |
| train/                  |              |
|    approx_kl            | 0.0048653716 |
|    clip_fraction        | 0.0186       |
|    clip_range           | 0.2          |
|    entropy_loss         | -0.521       |
|    explained_variance   | 0.932        |
|    learning_rate        | 0.0003       |
|    loss                 | -0.00289     |
|    n_updates            | 1300         |
|    policy_gradient_loss | -0.00837     |
|    value_loss           | 0.00374      |
------------------------------------------
-----------------------------------------
| rollout/                |             |
|    ep_len_mean          | 474         |
|    ep_rew_mean          | 29          |
| time/                   |             |
|    fps                  | 2           |
|    iterations           | 132         |
|    time_elapsed         | 27228       |
|    total_timesteps      | 67584       |
| train/                  |             |
|    approx_kl            | 0.006263881 |
|    clip_fraction        | 0.0342      |
|    clip_range           | 0.2         |
|    entropy_loss         | -0.502      |
|    explained_variance   | 0.937       |
|    learning_rate        | 0.0003      |
|    loss                 | -0.0041     |
|    n_updates            | 1310        |
|    policy_gradient_loss | -0.00416    |
|    value_loss           | 0.00245     |
-----------------------------------------
------------------------------------------
| rollout/                |              |
|    ep_len_mean          | 474          |
|    ep_rew_mean          | 29           |
| time/                   |              |
|    fps                  | 2            |
|    iterations           | 133          |
|    time_elapsed         | 27314        |
|    total_timesteps      | 68096        |
| train/                  |              |
|    approx_kl            | 0.0039545745 |
|    clip_fraction        | 0.0555       |
|    clip_range           | 0.2          |
|    entropy_loss         | -0.612       |
|    explained_variance   | 0.954        |
|    learning_rate        | 0.0003       |
|    loss                 | -0.0155      |
|    n_updates            | 1320         |
|    policy_gradient_loss | -0.00845     |
|    value_loss           | 0.00213      |
------------------------------------------
-----------------------------------------
| rollout/                |             |
|    ep_len_mean          | 474         |
|    ep_rew_mean          | 29          |
| time/                   |             |
|    fps                  | 2           |
|    iterations           | 134         |
|    time_elapsed         | 27400       |
|    total_timesteps      | 68608       |
| train/                  |             |
|    approx_kl            | 0.012957426 |
|    clip_fraction        | 0.092       |
|    clip_range           | 0.2         |
|    entropy_loss         | -0.609      |
|    explained_variance   | 0.825       |
|    learning_rate        | 0.0003      |
|    loss                 | -0.0226     |
|    n_updates            | 1330        |
|    policy_gradient_loss | -0.0168     |
|    value_loss           | 0.0168      |
-----------------------------------------
-----------------------------------------
| rollout/                |             |
|    ep_len_mean          | 474         |
|    ep_rew_mean          | 29          |
| time/                   |             |
|    fps                  | 2           |
|    iterations           | 135         |
|    time_elapsed         | 27485       |
|    total_timesteps      | 69120       |
| train/                  |             |
|    approx_kl            | 0.006755095 |
|    clip_fraction        | 0.0584      |
|    clip_range           | 0.2         |
|    entropy_loss         | -0.568      |
|    explained_variance   | 0.24        |
|    learning_rate        | 0.0003      |
|    loss                 | -0.0061     |
|    n_updates            | 1340        |
|    policy_gradient_loss | -0.000945   |
|    value_loss           | 0.0423      |
-----------------------------------------
------------------------------------------
| rollout/                |              |
|    ep_len_mean          | 474          |
|    ep_rew_mean          | 29           |
| time/                   |              |
|    fps                  | 2            |
|    iterations           | 136          |
|    time_elapsed         | 27571        |
|    total_timesteps      | 69632        |
| train/                  |              |
|    approx_kl            | 0.0049292147 |
|    clip_fraction        | 0.0385       |
|    clip_range           | 0.2          |
|    entropy_loss         | -0.57        |
|    explained_variance   | 0.711        |
|    learning_rate        | 0.0003       |
|    loss                 | -0.0137      |
|    n_updates            | 1350         |
|    policy_gradient_loss | -0.00511     |
|    value_loss           | 0.0199       |
------------------------------------------
-----------------------------------------
| rollout/                |             |
|    ep_len_mean          | 474         |
|    ep_rew_mean          | 29          |
| time/                   |             |
|    fps                  | 2           |
|    iterations           | 137         |
|    time_elapsed         | 27656       |
|    total_timesteps      | 70144       |
| train/                  |             |
|    approx_kl            | 0.011451095 |
|    clip_fraction        | 0.166       |
|    clip_range           | 0.2         |
|    entropy_loss         | -0.637      |
|    explained_variance   | 0.806       |
|    learning_rate        | 0.0003      |
|    loss                 | -0.0291     |
|    n_updates            | 1360        |
|    policy_gradient_loss | -0.0158     |
|    value_loss           | 0.0123      |
-----------------------------------------
------------------------------------------
| rollout/                |              |
|    ep_len_mean          | 474          |
|    ep_rew_mean          | 29           |
| time/                   |              |
|    fps                  | 2            |
|    iterations           | 138          |
|    time_elapsed         | 27742        |
|    total_timesteps      | 70656        |
| train/                  |              |
|    approx_kl            | 0.0033712033 |
|    clip_fraction        | 0.00156      |
|    clip_range           | 0.2          |
|    entropy_loss         | -0.461       |
|    explained_variance   | 0.948        |
|    learning_rate        | 0.0003       |
|    loss                 | 0.0127       |
|    n_updates            | 1370         |
|    policy_gradient_loss | -0.00228     |
|    value_loss           | 0.00327      |
------------------------------------------
-----------------------------------------
| rollout/                |             |
|    ep_len_mean          | 474         |
|    ep_rew_mean          | 29          |
| time/                   |             |
|    fps                  | 2           |
|    iterations           | 139         |
|    time_elapsed         | 27827       |
|    total_timesteps      | 71168       |
| train/                  |             |
|    approx_kl            | 0.008537723 |
|    clip_fraction        | 0.06        |
|    clip_range           | 0.2         |
|    entropy_loss         | -0.642      |
|    explained_variance   | 0.517       |
|    learning_rate        | 0.0003      |
|    loss                 | -0.00223    |
|    n_updates            | 1380        |
|    policy_gradient_loss | -0.00614    |
|    value_loss           | 0.0242      |
-----------------------------------------
-----------------------------------------
| rollout/                |             |
|    ep_len_mean          | 474         |
|    ep_rew_mean          | 29          |
| time/                   |             |
|    fps                  | 2           |
|    iterations           | 140         |
|    time_elapsed         | 27912       |
|    total_timesteps      | 71680       |
| train/                  |             |
|    approx_kl            | 0.007370826 |
|    clip_fraction        | 0.075       |
|    clip_range           | 0.2         |
|    entropy_loss         | -0.653      |
|    explained_variance   | 0.792       |
|    learning_rate        | 0.0003      |
|    loss                 | 0.0116      |
|    n_updates            | 1390        |
|    policy_gradient_loss | -0.0101     |
|    value_loss           | 0.0101      |
-----------------------------------------
-----------------------------------------
| rollout/                |             |
|    ep_len_mean          | 467         |
|    ep_rew_mean          | 28.3        |
| time/                   |             |
|    fps                  | 2           |
|    iterations           | 141         |
|    time_elapsed         | 27997       |
|    total_timesteps      | 72192       |
| train/                  |             |
|    approx_kl            | 0.011783222 |
|    clip_fraction        | 0.103       |
|    clip_range           | 0.2         |
|    entropy_loss         | -0.804      |
|    explained_variance   | 0.563       |
|    learning_rate        | 0.0003      |
|    loss                 | -0.037      |
|    n_updates            | 1400        |
|    policy_gradient_loss | -0.00913    |
|    value_loss           | 0.0171      |
-----------------------------------------
-----------------------------------------
| rollout/                |             |
|    ep_len_mean          | 461         |
|    ep_rew_mean          | 27.7        |
| time/                   |             |
|    fps                  | 2           |
|    iterations           | 142         |
|    time_elapsed         | 28083       |
|    total_timesteps      | 72704       |
| train/                  |             |
|    approx_kl            | 0.032629866 |
|    clip_fraction        | 0.178       |
|    clip_range           | 0.2         |
|    entropy_loss         | -0.566      |
|    explained_variance   | -0.103      |
|    learning_rate        | 0.0003      |
|    loss                 | 1.32        |
|    n_updates            | 1410        |
|    policy_gradient_loss | 0.0305      |
|    value_loss           | 7.6         |
-----------------------------------------
-----------------------------------------
| rollout/                |             |
|    ep_len_mean          | 461         |
|    ep_rew_mean          | 27.7        |
| time/                   |             |
|    fps                  | 2           |
|    iterations           | 143         |
|    time_elapsed         | 28168       |
|    total_timesteps      | 73216       |
| train/                  |             |
|    approx_kl            | 0.017950047 |
|    clip_fraction        | 0.11        |
|    clip_range           | 0.2         |
|    entropy_loss         | -0.564      |
|    explained_variance   | 0.397       |
|    learning_rate        | 0.0003      |
|    loss                 | 1.3         |
|    n_updates            | 1420        |
|    policy_gradient_loss | 0.0107      |
|    value_loss           | 3.78        |
-----------------------------------------
-----------------------------------------
| rollout/                |             |
|    ep_len_mean          | 459         |
|    ep_rew_mean          | 27.4        |
| time/                   |             |
|    fps                  | 2           |
|    iterations           | 144         |
|    time_elapsed         | 28254       |
|    total_timesteps      | 73728       |
| train/                  |             |
|    approx_kl            | 0.028328832 |
|    clip_fraction        | 0.202       |
|    clip_range           | 0.2         |
|    entropy_loss         | -0.587      |
|    explained_variance   | -0.888      |
|    learning_rate        | 0.0003      |
|    loss                 | 0.236       |
|    n_updates            | 1430        |
|    policy_gradient_loss | 0.0271      |
|    value_loss           | 0.895       |
-----------------------------------------
-----------------------------------------
| rollout/                |             |
|    ep_len_mean          | 451         |
|    ep_rew_mean          | 26.8        |
| time/                   |             |
|    fps                  | 2           |
|    iterations           | 145         |
|    time_elapsed         | 28342       |
|    total_timesteps      | 74240       |
| train/                  |             |
|    approx_kl            | 0.006502064 |
|    clip_fraction        | 0.0654      |
|    clip_range           | 0.2         |
|    entropy_loss         | -0.58       |
|    explained_variance   | 0.601       |
|    learning_rate        | 0.0003      |
|    loss                 | 0.882       |
|    n_updates            | 1440        |
|    policy_gradient_loss | 0.000878    |
|    value_loss           | 1.62        |
-----------------------------------------
-----------------------------------------
| rollout/                |             |
|    ep_len_mean          | 452         |
|    ep_rew_mean          | 26.7        |
| time/                   |             |
|    fps                  | 2           |
|    iterations           | 146         |
|    time_elapsed         | 28424       |
|    total_timesteps      | 74752       |
| train/                  |             |
|    approx_kl            | 0.014718215 |
|    clip_fraction        | 0.146       |
|    clip_range           | 0.2         |
|    entropy_loss         | -0.458      |
|    explained_variance   | 0.524       |
|    learning_rate        | 0.0003      |
|    loss                 | 0.568       |
|    n_updates            | 1450        |
|    policy_gradient_loss | 0.06        |
|    value_loss           | 1.73        |
-----------------------------------------
-----------------------------------------
| rollout/                |             |
|    ep_len_mean          | 450         |
|    ep_rew_mean          | 26.4        |
| time/                   |             |
|    fps                  | 2           |
|    iterations           | 147         |
|    time_elapsed         | 28506       |
|    total_timesteps      | 75264       |
| train/                  |             |
|    approx_kl            | 0.019404858 |
|    clip_fraction        | 0.178       |
|    clip_range           | 0.2         |
|    entropy_loss         | -0.68       |
|    explained_variance   | 0.842       |
|    learning_rate        | 0.0003      |
|    loss                 | 0.142       |
|    n_updates            | 1460        |
|    policy_gradient_loss | 0.00106     |
|    value_loss           | 0.715       |
-----------------------------------------
------------------------------------------
| rollout/                |              |
|    ep_len_mean          | 449          |
|    ep_rew_mean          | 26.3         |
| time/                   |              |
|    fps                  | 2            |
|    iterations           | 148          |
|    time_elapsed         | 28588        |
|    total_timesteps      | 75776        |
| train/                  |              |
|    approx_kl            | 0.0049814233 |
|    clip_fraction        | 0.049        |
|    clip_range           | 0.2          |
|    entropy_loss         | -0.447       |
|    explained_variance   | 0.855        |
|    learning_rate        | 0.0003       |
|    loss                 | 0.0825       |
|    n_updates            | 1470         |
|    policy_gradient_loss | -0.00545     |
|    value_loss           | 0.428        |
------------------------------------------
----------------------------------------
| rollout/                |            |
|    ep_len_mean          | 449        |
|    ep_rew_mean          | 26.3       |
| time/                   |            |
|    fps                  | 2          |
|    iterations           | 149        |
|    time_elapsed         | 28671      |
|    total_timesteps      | 76288      |
| train/                  |            |
|    approx_kl            | 0.02086936 |
|    clip_fraction        | 0.0639     |
|    clip_range           | 0.2        |
|    entropy_loss         | -0.436     |
|    explained_variance   | 0.836      |
|    learning_rate        | 0.0003     |
|    loss                 | 0.0333     |
|    n_updates            | 1480       |
|    policy_gradient_loss | 0.00381    |
|    value_loss           | 0.718      |
----------------------------------------
-----------------------------------------
| rollout/                |             |
|    ep_len_mean          | 449         |
|    ep_rew_mean          | 26.3        |
| time/                   |             |
|    fps                  | 2           |
|    iterations           | 150         |
|    time_elapsed         | 28754       |
|    total_timesteps      | 76800       |
| train/                  |             |
|    approx_kl            | 0.015186675 |
|    clip_fraction        | 0.0926      |
|    clip_range           | 0.2         |
|    entropy_loss         | -0.428      |
|    explained_variance   | 0.866       |
|    learning_rate        | 0.0003      |
|    loss                 | 0.133       |
|    n_updates            | 1490        |
|    policy_gradient_loss | -0.000616   |
|    value_loss           | 0.441       |
-----------------------------------------
-----------------------------------------
| rollout/                |             |
|    ep_len_mean          | 449         |
|    ep_rew_mean          | 26.2        |
| time/                   |             |
|    fps                  | 2           |
|    iterations           | 151         |
|    time_elapsed         | 28838       |
|    total_timesteps      | 77312       |
| train/                  |             |
|    approx_kl            | 0.009293102 |
|    clip_fraction        | 0.0783      |
|    clip_range           | 0.2         |
|    entropy_loss         | -0.497      |
|    explained_variance   | -0.747      |
|    learning_rate        | 0.0003      |
|    loss                 | 0.165       |
|    n_updates            | 1500        |
|    policy_gradient_loss | 0.035       |
|    value_loss           | 0.565       |
-----------------------------------------
------------------------------------------
| rollout/                |              |
|    ep_len_mean          | 449          |
|    ep_rew_mean          | 26.2         |
| time/                   |              |
|    fps                  | 2            |
|    iterations           | 152          |
|    time_elapsed         | 28920        |
|    total_timesteps      | 77824        |
| train/                  |              |
|    approx_kl            | 0.0032083122 |
|    clip_fraction        | 0.0482       |
|    clip_range           | 0.2          |
|    entropy_loss         | -0.479       |
|    explained_variance   | 0.553        |
|    learning_rate        | 0.0003       |
|    loss                 | 0.0562       |
|    n_updates            | 1510         |
|    policy_gradient_loss | -0.00156     |
|    value_loss           | 0.148        |
------------------------------------------
-----------------------------------------
| rollout/                |             |
|    ep_len_mean          | 449         |
|    ep_rew_mean          | 26.2        |
| time/                   |             |
|    fps                  | 2           |
|    iterations           | 153         |
|    time_elapsed         | 29001       |
|    total_timesteps      | 78336       |
| train/                  |             |
|    approx_kl            | 0.015188379 |
|    clip_fraction        | 0.13        |
|    clip_range           | 0.2         |
|    entropy_loss         | -0.559      |
|    explained_variance   | 0.58        |
|    learning_rate        | 0.0003      |
|    loss                 | -0.00626    |
|    n_updates            | 1520        |
|    policy_gradient_loss | -0.007      |
|    value_loss           | 0.0457      |
-----------------------------------------
-----------------------------------------
| rollout/                |             |
|    ep_len_mean          | 449         |
|    ep_rew_mean          | 26.2        |
| time/                   |             |
|    fps                  | 2           |
|    iterations           | 154         |
|    time_elapsed         | 29085       |
|    total_timesteps      | 78848       |
| train/                  |             |
|    approx_kl            | 0.006111043 |
|    clip_fraction        | 0.0451      |
|    clip_range           | 0.2         |
|    entropy_loss         | -0.508      |
|    explained_variance   | 0.274       |
|    learning_rate        | 0.0003      |
|    loss                 | -0.0102     |
|    n_updates            | 1530        |
|    policy_gradient_loss | -0.00755    |
|    value_loss           | 0.05        |
-----------------------------------------
-----------------------------------------
| rollout/                |             |
|    ep_len_mean          | 449         |
|    ep_rew_mean          | 26.2        |
| time/                   |             |
|    fps                  | 2           |
|    iterations           | 155         |
|    time_elapsed         | 29167       |
|    total_timesteps      | 79360       |
| train/                  |             |
|    approx_kl            | 0.010844876 |
|    clip_fraction        | 0.11        |
|    clip_range           | 0.2         |
|    entropy_loss         | -0.456      |
|    explained_variance   | 0.702       |
|    learning_rate        | 0.0003      |
|    loss                 | 0.0777      |
|    n_updates            | 1540        |
|    policy_gradient_loss | -0.0091     |
|    value_loss           | 0.0117      |
-----------------------------------------
----------------------------------------
| rollout/                |            |
|    ep_len_mean          | 449        |
|    ep_rew_mean          | 26.2       |
| time/                   |            |
|    fps                  | 2          |
|    iterations           | 156        |
|    time_elapsed         | 29249      |
|    total_timesteps      | 79872      |
| train/                  |            |
|    approx_kl            | 0.01219281 |
|    clip_fraction        | 0.215      |
|    clip_range           | 0.2        |
|    entropy_loss         | -0.499     |
|    explained_variance   | 0.858      |
|    learning_rate        | 0.0003     |
|    loss                 | 0.0161     |
|    n_updates            | 1550       |
|    policy_gradient_loss | -0.0106    |
|    value_loss           | 0.0183     |
----------------------------------------
------------------------------------------
| rollout/                |              |
|    ep_len_mean          | 449          |
|    ep_rew_mean          | 26.2         |
| time/                   |              |
|    fps                  | 2            |
|    iterations           | 157          |
|    time_elapsed         | 29331        |
|    total_timesteps      | 80384        |
| train/                  |              |
|    approx_kl            | 0.0050461553 |
|    clip_fraction        | 0.0369       |
|    clip_range           | 0.2          |
|    entropy_loss         | -0.506       |
|    explained_variance   | 0.797        |
|    learning_rate        | 0.0003       |
|    loss                 | -0.0235      |
|    n_updates            | 1560         |
|    policy_gradient_loss | -0.0178      |
|    value_loss           | 0.00648      |
------------------------------------------
-----------------------------------------
| rollout/                |             |
|    ep_len_mean          | 449         |
|    ep_rew_mean          | 26.2        |
| time/                   |             |
|    fps                  | 2           |
|    iterations           | 158         |
|    time_elapsed         | 29413       |
|    total_timesteps      | 80896       |
| train/                  |             |
|    approx_kl            | 0.004994429 |
|    clip_fraction        | 0.027       |
|    clip_range           | 0.2         |
|    entropy_loss         | -0.506      |
|    explained_variance   | 0.609       |
|    learning_rate        | 0.0003      |
|    loss                 | 0.00173     |
|    n_updates            | 1570        |
|    policy_gradient_loss | -0.00336    |
|    value_loss           | 0.0179      |
-----------------------------------------
----------------------------------------
| rollout/                |            |
|    ep_len_mean          | 449        |
|    ep_rew_mean          | 26.2       |
| time/                   |            |
|    fps                  | 2          |
|    iterations           | 159        |
|    time_elapsed         | 29497      |
|    total_timesteps      | 81408      |
| train/                  |            |
|    approx_kl            | 0.00765184 |
|    clip_fraction        | 0.0791     |
|    clip_range           | 0.2        |
|    entropy_loss         | -0.384     |
|    explained_variance   | 0.896      |
|    learning_rate        | 0.0003     |
|    loss                 | -0.00106   |
|    n_updates            | 1580       |
|    policy_gradient_loss | -0.00688   |
|    value_loss           | 0.00361    |
----------------------------------------
------------------------------------------
| rollout/                |              |
|    ep_len_mean          | 449          |
|    ep_rew_mean          | 26.2         |
| time/                   |              |
|    fps                  | 2            |
|    iterations           | 160          |
|    time_elapsed         | 29585        |
|    total_timesteps      | 81920        |
| train/                  |              |
|    approx_kl            | 0.0026665737 |
|    clip_fraction        | 0.0307       |
|    clip_range           | 0.2          |
|    entropy_loss         | -0.382       |
|    explained_variance   | 0.424        |
|    learning_rate        | 0.0003       |
|    loss                 | -0.0037      |
|    n_updates            | 1590         |
|    policy_gradient_loss | -0.00505     |
|    value_loss           | 0.0609       |
------------------------------------------
-----------------------------------------
| rollout/                |             |
|    ep_len_mean          | 449         |
|    ep_rew_mean          | 26.2        |
| time/                   |             |
|    fps                  | 2           |
|    iterations           | 161         |
|    time_elapsed         | 29679       |
|    total_timesteps      | 82432       |
| train/                  |             |
|    approx_kl            | 0.011351627 |
|    clip_fraction        | 0.0602      |
|    clip_range           | 0.2         |
|    entropy_loss         | -0.385      |
|    explained_variance   | 0.459       |
|    learning_rate        | 0.0003      |
|    loss                 | 0.0121      |
|    n_updates            | 1600        |
|    policy_gradient_loss | 0.000465    |
|    value_loss           | 0.0154      |
-----------------------------------------
-----------------------------------------
| rollout/                |             |
|    ep_len_mean          | 449         |
|    ep_rew_mean          | 26.2        |
| time/                   |             |
|    fps                  | 2           |
|    iterations           | 162         |
|    time_elapsed         | 29771       |
|    total_timesteps      | 82944       |
| train/                  |             |
|    approx_kl            | 0.007985054 |
|    clip_fraction        | 0.0967      |
|    clip_range           | 0.2         |
|    entropy_loss         | -0.453      |
|    explained_variance   | 0.839       |
|    learning_rate        | 0.0003      |
|    loss                 | -0.00589    |
|    n_updates            | 1610        |
|    policy_gradient_loss | -0.00594    |
|    value_loss           | 0.0178      |
-----------------------------------------
-----------------------------------------
| rollout/                |             |
|    ep_len_mean          | 453         |
|    ep_rew_mean          | 26.6        |
| time/                   |             |
|    fps                  | 2           |
|    iterations           | 163         |
|    time_elapsed         | 29857       |
|    total_timesteps      | 83456       |
| train/                  |             |
|    approx_kl            | 0.013772829 |
|    clip_fraction        | 0.166       |
|    clip_range           | 0.2         |
|    entropy_loss         | -0.425      |
|    explained_variance   | 0.594       |
|    learning_rate        | 0.0003      |
|    loss                 | -0.0429     |
|    n_updates            | 1620        |
|    policy_gradient_loss | -0.0235     |
|    value_loss           | 0.00595     |
-----------------------------------------
-----------------------------------------
| rollout/                |             |
|    ep_len_mean          | 453         |
|    ep_rew_mean          | 26.6        |
| time/                   |             |
|    fps                  | 2           |
|    iterations           | 164         |
|    time_elapsed         | 29943       |
|    total_timesteps      | 83968       |
| train/                  |             |
|    approx_kl            | 0.005453692 |
|    clip_fraction        | 0.0264      |
|    clip_range           | 0.2         |
|    entropy_loss         | -0.366      |
|    explained_variance   | 0.585       |
|    learning_rate        | 0.0003      |
|    loss                 | 0.00277     |
|    n_updates            | 1630        |
|    policy_gradient_loss | -0.000159   |
|    value_loss           | 0.028       |
-----------------------------------------
-----------------------------------------
| rollout/                |             |
|    ep_len_mean          | 453         |
|    ep_rew_mean          | 26.7        |
| time/                   |             |
|    fps                  | 2           |
|    iterations           | 165         |
|    time_elapsed         | 30029       |
|    total_timesteps      | 84480       |
| train/                  |             |
|    approx_kl            | 0.024761412 |
|    clip_fraction        | 0.14        |
|    clip_range           | 0.2         |
|    entropy_loss         | -0.387      |
|    explained_variance   | 0.621       |
|    learning_rate        | 0.0003      |
|    loss                 | -0.0506     |
|    n_updates            | 1640        |
|    policy_gradient_loss | -0.0142     |
|    value_loss           | 0.0113      |
-----------------------------------------
------------------------------------------
| rollout/                |              |
|    ep_len_mean          | 453          |
|    ep_rew_mean          | 26.7         |
| time/                   |              |
|    fps                  | 2            |
|    iterations           | 166          |
|    time_elapsed         | 30113        |
|    total_timesteps      | 84992        |
| train/                  |              |
|    approx_kl            | 0.0019616487 |
|    clip_fraction        | 0.00918      |
|    clip_range           | 0.2          |
|    entropy_loss         | -0.268       |
|    explained_variance   | 0.932        |
|    learning_rate        | 0.0003       |
|    loss                 | -0.000308    |
|    n_updates            | 1650         |
|    policy_gradient_loss | -0.00283     |
|    value_loss           | 0.00181      |
------------------------------------------
------------------------------------------
| rollout/                |              |
|    ep_len_mean          | 453          |
|    ep_rew_mean          | 26.7         |
| time/                   |              |
|    fps                  | 2            |
|    iterations           | 167          |
|    time_elapsed         | 30198        |
|    total_timesteps      | 85504        |
| train/                  |              |
|    approx_kl            | 0.0051670345 |
|    clip_fraction        | 0.0639       |
|    clip_range           | 0.2          |
|    entropy_loss         | -0.425       |
|    explained_variance   | 0.465        |
|    learning_rate        | 0.0003       |
|    loss                 | 0.0146       |
|    n_updates            | 1660         |
|    policy_gradient_loss | -0.00628     |
|    value_loss           | 0.0457       |
------------------------------------------
-----------------------------------------
| rollout/                |             |
|    ep_len_mean          | 453         |
|    ep_rew_mean          | 26.7        |
| time/                   |             |
|    fps                  | 2           |
|    iterations           | 168         |
|    time_elapsed         | 30281       |
|    total_timesteps      | 86016       |
| train/                  |             |
|    approx_kl            | 0.006025822 |
|    clip_fraction        | 0.0391      |
|    clip_range           | 0.2         |
|    entropy_loss         | -0.312      |
|    explained_variance   | 0.827       |
|    learning_rate        | 0.0003      |
|    loss                 | -0.00759    |
|    n_updates            | 1670        |
|    policy_gradient_loss | -0.00836    |
|    value_loss           | 0.00727     |
-----------------------------------------
------------------------------------------
| rollout/                |              |
|    ep_len_mean          | 453          |
|    ep_rew_mean          | 26.7         |
| time/                   |              |
|    fps                  | 2            |
|    iterations           | 169          |
|    time_elapsed         | 30365        |
|    total_timesteps      | 86528        |
| train/                  |              |
|    approx_kl            | 0.0017440607 |
|    clip_fraction        | 0.0125       |
|    clip_range           | 0.2          |
|    entropy_loss         | -0.231       |
|    explained_variance   | 0.957        |
|    learning_rate        | 0.0003       |
|    loss                 | -0.000785    |
|    n_updates            | 1680         |
|    policy_gradient_loss | -0.00298     |
|    value_loss           | 0.00189      |
------------------------------------------
------------------------------------------
| rollout/                |              |
|    ep_len_mean          | 453          |
|    ep_rew_mean          | 26.7         |
| time/                   |              |
|    fps                  | 2            |
|    iterations           | 170          |
|    time_elapsed         | 30448        |
|    total_timesteps      | 87040        |
| train/                  |              |
|    approx_kl            | 0.0044555096 |
|    clip_fraction        | 0.0639       |
|    clip_range           | 0.2          |
|    entropy_loss         | -0.295       |
|    explained_variance   | 0.81         |
|    learning_rate        | 0.0003       |
|    loss                 | 0.0231       |
|    n_updates            | 1690         |
|    policy_gradient_loss | -0.00848     |
|    value_loss           | 0.00699      |
------------------------------------------
------------------------------------------
| rollout/                |              |
|    ep_len_mean          | 453          |
|    ep_rew_mean          | 26.7         |
| time/                   |              |
|    fps                  | 2            |
|    iterations           | 171          |
|    time_elapsed         | 30533        |
|    total_timesteps      | 87552        |
| train/                  |              |
|    approx_kl            | 0.0021019932 |
|    clip_fraction        | 0.0268       |
|    clip_range           | 0.2          |
|    entropy_loss         | -0.228       |
|    explained_variance   | 0.931        |
|    learning_rate        | 0.0003       |
|    loss                 | -0.0056      |
|    n_updates            | 1700         |
|    policy_gradient_loss | -0.00228     |
|    value_loss           | 0.00325      |
------------------------------------------
------------------------------------------
| rollout/                |              |
|    ep_len_mean          | 453          |
|    ep_rew_mean          | 26.7         |
| time/                   |              |
|    fps                  | 2            |
|    iterations           | 172          |
|    time_elapsed         | 30618        |
|    total_timesteps      | 88064        |
| train/                  |              |
|    approx_kl            | 0.0008312041 |
|    clip_fraction        | 0.00215      |
|    clip_range           | 0.2          |
|    entropy_loss         | -0.219       |
|    explained_variance   | 0.954        |
|    learning_rate        | 0.0003       |
|    loss                 | 0.000663     |
|    n_updates            | 1710         |
|    policy_gradient_loss | -0.00134     |
|    value_loss           | 0.0023       |
------------------------------------------
-------------------------------------------
| rollout/                |               |
|    ep_len_mean          | 453           |
|    ep_rew_mean          | 26.7          |
| time/                   |               |
|    fps                  | 2             |
|    iterations           | 173           |
|    time_elapsed         | 30707         |
|    total_timesteps      | 88576         |
| train/                  |               |
|    approx_kl            | 0.00096395926 |
|    clip_fraction        | 0.00391       |
|    clip_range           | 0.2           |
|    entropy_loss         | -0.186        |
|    explained_variance   | 0.952         |
|    learning_rate        | 0.0003        |
|    loss                 | -0.0116       |
|    n_updates            | 1720          |
|    policy_gradient_loss | -0.000845     |
|    value_loss           | 0.00272       |
-------------------------------------------
-----------------------------------------
| rollout/                |             |
|    ep_len_mean          | 453         |
|    ep_rew_mean          | 26.7        |
| time/                   |             |
|    fps                  | 2           |
|    iterations           | 174         |
|    time_elapsed         | 30791       |
|    total_timesteps      | 89088       |
| train/                  |             |
|    approx_kl            | 0.015696038 |
|    clip_fraction        | 0.0184      |
|    clip_range           | 0.2         |
|    entropy_loss         | -0.245      |
|    explained_variance   | 0.752       |
|    learning_rate        | 0.0003      |
|    loss                 | 0.04        |
|    n_updates            | 1730        |
|    policy_gradient_loss | -0.0036     |
|    value_loss           | 0.00908     |
-----------------------------------------
------------------------------------------
| rollout/                |              |
|    ep_len_mean          | 453          |
|    ep_rew_mean          | 26.7         |
| time/                   |              |
|    fps                  | 2            |
|    iterations           | 175          |
|    time_elapsed         | 30875        |
|    total_timesteps      | 89600        |
| train/                  |              |
|    approx_kl            | 0.0030379388 |
|    clip_fraction        | 0.0328       |
|    clip_range           | 0.2          |
|    entropy_loss         | -0.272       |
|    explained_variance   | 0.896        |
|    learning_rate        | 0.0003       |
|    loss                 | -0.00378     |
|    n_updates            | 1740         |
|    policy_gradient_loss | -0.00578     |
|    value_loss           | 0.00804      |
------------------------------------------
------------------------------------------
| rollout/                |              |
|    ep_len_mean          | 453          |
|    ep_rew_mean          | 26.7         |
| time/                   |              |
|    fps                  | 2            |
|    iterations           | 176          |
|    time_elapsed         | 30958        |
|    total_timesteps      | 90112        |
| train/                  |              |
|    approx_kl            | 0.0017752168 |
|    clip_fraction        | 0.0191       |
|    clip_range           | 0.2          |
|    entropy_loss         | -0.291       |
|    explained_variance   | 0.934        |
|    learning_rate        | 0.0003       |
|    loss                 | 0.00167      |
|    n_updates            | 1750         |
|    policy_gradient_loss | -0.00286     |
|    value_loss           | 0.00295      |
------------------------------------------
-----------------------------------------
| rollout/                |             |
|    ep_len_mean          | 453         |
|    ep_rew_mean          | 26.7        |
| time/                   |             |
|    fps                  | 2           |
|    iterations           | 177         |
|    time_elapsed         | 31043       |
|    total_timesteps      | 90624       |
| train/                  |             |
|    approx_kl            | 0.006432619 |
|    clip_fraction        | 0.0297      |
|    clip_range           | 0.2         |
|    entropy_loss         | -0.383      |
|    explained_variance   | 0.68        |
|    learning_rate        | 0.0003      |
|    loss                 | 0.012       |
|    n_updates            | 1760        |
|    policy_gradient_loss | -0.00569    |
|    value_loss           | 0.0052      |
-----------------------------------------
------------------------------------------
| rollout/                |              |
|    ep_len_mean          | 453          |
|    ep_rew_mean          | 26.7         |
| time/                   |              |
|    fps                  | 2            |
|    iterations           | 178          |
|    time_elapsed         | 31127        |
|    total_timesteps      | 91136        |
| train/                  |              |
|    approx_kl            | 0.0058132666 |
|    clip_fraction        | 0.0686       |
|    clip_range           | 0.2          |
|    entropy_loss         | -0.379       |
|    explained_variance   | 0.741        |
|    learning_rate        | 0.0003       |
|    loss                 | -0.0129      |
|    n_updates            | 1770         |
|    policy_gradient_loss | -0.00532     |
|    value_loss           | 0.0129       |
------------------------------------------
------------------------------------------
| rollout/                |              |
|    ep_len_mean          | 453          |
|    ep_rew_mean          | 26.7         |
| time/                   |              |
|    fps                  | 2            |
|    iterations           | 179          |
|    time_elapsed         | 31211        |
|    total_timesteps      | 91648        |
| train/                  |              |
|    approx_kl            | 0.0043136035 |
|    clip_fraction        | 0.0119       |
|    clip_range           | 0.2          |
|    entropy_loss         | -0.278       |
|    explained_variance   | 0.747        |
|    learning_rate        | 0.0003       |
|    loss                 | -0.0115      |
|    n_updates            | 1780         |
|    policy_gradient_loss | -0.000524    |
|    value_loss           | 0.0052       |
------------------------------------------
------------------------------------------
| rollout/                |              |
|    ep_len_mean          | 453          |
|    ep_rew_mean          | 26.7         |
| time/                   |              |
|    fps                  | 2            |
|    iterations           | 180          |
|    time_elapsed         | 31297        |
|    total_timesteps      | 92160        |
| train/                  |              |
|    approx_kl            | 0.0016902206 |
|    clip_fraction        | 0.0174       |
|    clip_range           | 0.2          |
|    entropy_loss         | -0.29        |
|    explained_variance   | 0.817        |
|    learning_rate        | 0.0003       |
|    loss                 | -0.0121      |
|    n_updates            | 1790         |
|    policy_gradient_loss | -0.00336     |
|    value_loss           | 0.00485      |
------------------------------------------
------------------------------------------
| rollout/                |              |
|    ep_len_mean          | 453          |
|    ep_rew_mean          | 26.7         |
| time/                   |              |
|    fps                  | 2            |
|    iterations           | 181          |
|    time_elapsed         | 31387        |
|    total_timesteps      | 92672        |
| train/                  |              |
|    approx_kl            | 0.0066830385 |
|    clip_fraction        | 0.0453       |
|    clip_range           | 0.2          |
|    entropy_loss         | -0.348       |
|    explained_variance   | 0.552        |
|    learning_rate        | 0.0003       |
|    loss                 | -0.0191      |
|    n_updates            | 1800         |
|    policy_gradient_loss | -0.00531     |
|    value_loss           | 0.028        |
------------------------------------------
------------------------------------------
| rollout/                |              |
|    ep_len_mean          | 453          |
|    ep_rew_mean          | 26.7         |
| time/                   |              |
|    fps                  | 2            |
|    iterations           | 182          |
|    time_elapsed         | 31474        |
|    total_timesteps      | 93184        |
| train/                  |              |
|    approx_kl            | 0.0017642904 |
|    clip_fraction        | 0.0141       |
|    clip_range           | 0.2          |
|    entropy_loss         | -0.428       |
|    explained_variance   | 0.674        |
|    learning_rate        | 0.0003       |
|    loss                 | 0.00473      |
|    n_updates            | 1810         |
|    policy_gradient_loss | -0.00227     |
|    value_loss           | 0.0145       |
------------------------------------------
------------------------------------------
| rollout/                |              |
|    ep_len_mean          | 453          |
|    ep_rew_mean          | 26.7         |
| time/                   |              |
|    fps                  | 2            |
|    iterations           | 183          |
|    time_elapsed         | 31560        |
|    total_timesteps      | 93696        |
| train/                  |              |
|    approx_kl            | 0.0036789724 |
|    clip_fraction        | 0.0141       |
|    clip_range           | 0.2          |
|    entropy_loss         | -0.382       |
|    explained_variance   | 0.832        |
|    learning_rate        | 0.0003       |
|    loss                 | 0.0111       |
|    n_updates            | 1820         |
|    policy_gradient_loss | -0.00197     |
|    value_loss           | 0.0127       |
------------------------------------------
------------------------------------------
| rollout/                |              |
|    ep_len_mean          | 453          |
|    ep_rew_mean          | 26.7         |
| time/                   |              |
|    fps                  | 2            |
|    iterations           | 184          |
|    time_elapsed         | 31645        |
|    total_timesteps      | 94208        |
| train/                  |              |
|    approx_kl            | 0.0021192748 |
|    clip_fraction        | 0.0219       |
|    clip_range           | 0.2          |
|    entropy_loss         | -0.34        |
|    explained_variance   | 0.626        |
|    learning_rate        | 0.0003       |
|    loss                 | 0.00727      |
|    n_updates            | 1830         |
|    policy_gradient_loss | -0.000569    |
|    value_loss           | 0.0166       |
------------------------------------------
-----------------------------------------
| rollout/                |             |
|    ep_len_mean          | 453         |
|    ep_rew_mean          | 26.7        |
| time/                   |             |
|    fps                  | 2           |
|    iterations           | 185         |
|    time_elapsed         | 31734       |
|    total_timesteps      | 94720       |
| train/                  |             |
|    approx_kl            | 0.012488221 |
|    clip_fraction        | 0.0967      |
|    clip_range           | 0.2         |
|    entropy_loss         | -0.44       |
|    explained_variance   | 0.712       |
|    learning_rate        | 0.0003      |
|    loss                 | -0.0177     |
|    n_updates            | 1840        |
|    policy_gradient_loss | -0.00847    |
|    value_loss           | 0.00862     |
-----------------------------------------
-----------------------------------------
| rollout/                |             |
|    ep_len_mean          | 453         |
|    ep_rew_mean          | 26.7        |
| time/                   |             |
|    fps                  | 2           |
|    iterations           | 186         |
|    time_elapsed         | 31819       |
|    total_timesteps      | 95232       |
| train/                  |             |
|    approx_kl            | 0.018772416 |
|    clip_fraction        | 0.0551      |
|    clip_range           | 0.2         |
|    entropy_loss         | -0.475      |
|    explained_variance   | 0.549       |
|    learning_rate        | 0.0003      |
|    loss                 | -0.0372     |
|    n_updates            | 1850        |
|    policy_gradient_loss | -0.002      |
|    value_loss           | 0.0289      |
-----------------------------------------
------------------------------------------
| rollout/                |              |
|    ep_len_mean          | 453          |
|    ep_rew_mean          | 26.7         |
| time/                   |              |
|    fps                  | 3            |
|    iterations           | 187          |
|    time_elapsed         | 31907        |
|    total_timesteps      | 95744        |
| train/                  |              |
|    approx_kl            | 0.0025105444 |
|    clip_fraction        | 0.0156       |
|    clip_range           | 0.2          |
|    entropy_loss         | -0.48        |
|    explained_variance   | 0.684        |
|    learning_rate        | 0.0003       |
|    loss                 | 0.00929      |
|    n_updates            | 1860         |
|    policy_gradient_loss | -0.00236     |
|    value_loss           | 0.0273       |
------------------------------------------
------------------------------------------
| rollout/                |              |
|    ep_len_mean          | 452          |
|    ep_rew_mean          | 26.5         |
| time/                   |              |
|    fps                  | 3            |
|    iterations           | 188          |
|    time_elapsed         | 31991        |
|    total_timesteps      | 96256        |
| train/                  |              |
|    approx_kl            | 0.0041081933 |
|    clip_fraction        | 0.0246       |
|    clip_range           | 0.2          |
|    entropy_loss         | -0.358       |
|    explained_variance   | 0.716        |
|    learning_rate        | 0.0003       |
|    loss                 | 0.0238       |
|    n_updates            | 1870         |
|    policy_gradient_loss | -7.99e-05    |
|    value_loss           | 0.0369       |
------------------------------------------
-----------------------------------------
| rollout/                |             |
|    ep_len_mean          | 452         |
|    ep_rew_mean          | 26.5        |
| time/                   |             |
|    fps                  | 3           |
|    iterations           | 189         |
|    time_elapsed         | 32075       |
|    total_timesteps      | 96768       |
| train/                  |             |
|    approx_kl            | 0.009592757 |
|    clip_fraction        | 0.0209      |
|    clip_range           | 0.2         |
|    entropy_loss         | -0.413      |
|    explained_variance   | 0.307       |
|    learning_rate        | 0.0003      |
|    loss                 | 0.000722    |
|    n_updates            | 1880        |
|    policy_gradient_loss | -0.00276    |
|    value_loss           | 1.68        |
-----------------------------------------
-----------------------------------------
| rollout/                |             |
|    ep_len_mean          | 456         |
|    ep_rew_mean          | 26.9        |
| time/                   |             |
|    fps                  | 3           |
|    iterations           | 190         |
|    time_elapsed         | 32158       |
|    total_timesteps      | 97280       |
| train/                  |             |
|    approx_kl            | 0.011596831 |
|    clip_fraction        | 0.0594      |
|    clip_range           | 0.2         |
|    entropy_loss         | -0.509      |
|    explained_variance   | 0.702       |
|    learning_rate        | 0.0003      |
|    loss                 | -0.0238     |
|    n_updates            | 1890        |
|    policy_gradient_loss | -0.008      |
|    value_loss           | 0.0172      |
-----------------------------------------
-----------------------------------------
| rollout/                |             |
|    ep_len_mean          | 456         |
|    ep_rew_mean          | 26.9        |
| time/                   |             |
|    fps                  | 3           |
|    iterations           | 191         |
|    time_elapsed         | 32243       |
|    total_timesteps      | 97792       |
| train/                  |             |
|    approx_kl            | 0.005993069 |
|    clip_fraction        | 0.0559      |
|    clip_range           | 0.2         |
|    entropy_loss         | -0.493      |
|    explained_variance   | 0.482       |
|    learning_rate        | 0.0003      |
|    loss                 | -0.0267     |
|    n_updates            | 1900        |
|    policy_gradient_loss | -0.00268    |
|    value_loss           | 0.011       |
-----------------------------------------
------------------------------------------
| rollout/                |              |
|    ep_len_mean          | 455          |
|    ep_rew_mean          | 26.7         |
| time/                   |              |
|    fps                  | 3            |
|    iterations           | 192          |
|    time_elapsed         | 32325        |
|    total_timesteps      | 98304        |
| train/                  |              |
|    approx_kl            | 0.0063150977 |
|    clip_fraction        | 0.0877       |
|    clip_range           | 0.2          |
|    entropy_loss         | -0.405       |
|    explained_variance   | 0.917        |
|    learning_rate        | 0.0003       |
|    loss                 | -0.0139      |
|    n_updates            | 1910         |
|    policy_gradient_loss | -0.0104      |
|    value_loss           | 0.00507      |
------------------------------------------
-----------------------------------------
| rollout/                |             |
|    ep_len_mean          | 455         |
|    ep_rew_mean          | 26.7        |
| time/                   |             |
|    fps                  | 3           |
|    iterations           | 193         |
|    time_elapsed         | 32409       |
|    total_timesteps      | 98816       |
| train/                  |             |
|    approx_kl            | 0.009365504 |
|    clip_fraction        | 0.057       |
|    clip_range           | 0.2         |
|    entropy_loss         | -0.382      |
|    explained_variance   | 0.5         |
|    learning_rate        | 0.0003      |
|    loss                 | -0.0197     |
|    n_updates            | 1920        |
|    policy_gradient_loss | -0.00269    |
|    value_loss           | 0.493       |
-----------------------------------------
------------------------------------------
| rollout/                |              |
|    ep_len_mean          | 458          |
|    ep_rew_mean          | 27           |
| time/                   |              |
|    fps                  | 3            |
|    iterations           | 194          |
|    time_elapsed         | 32495        |
|    total_timesteps      | 99328        |
| train/                  |              |
|    approx_kl            | 0.0064492286 |
|    clip_fraction        | 0.0734       |
|    clip_range           | 0.2          |
|    entropy_loss         | -0.389       |
|    explained_variance   | 0.0628       |
|    learning_rate        | 0.0003       |
|    loss                 | 0.149        |
|    n_updates            | 1930         |
|    policy_gradient_loss | 0.00982      |
|    value_loss           | 0.659        |
------------------------------------------
-----------------------------------------
| rollout/                |             |
|    ep_len_mean          | 458         |
|    ep_rew_mean          | 27          |
| time/                   |             |
|    fps                  | 3           |
|    iterations           | 195         |
|    time_elapsed         | 32579       |
|    total_timesteps      | 99840       |
| train/                  |             |
|    approx_kl            | 0.008929703 |
|    clip_fraction        | 0.0666      |
|    clip_range           | 0.2         |
|    entropy_loss         | -0.518      |
|    explained_variance   | 0.695       |
|    learning_rate        | 0.0003      |
|    loss                 | -0.0223     |
|    n_updates            | 1940        |
|    policy_gradient_loss | -0.00573    |
|    value_loss           | 0.105       |
-----------------------------------------
------------------------------------------
| rollout/                |              |
|    ep_len_mean          | 458          |
|    ep_rew_mean          | 27.1         |
| time/                   |              |
|    fps                  | 3            |
|    iterations           | 196          |
|    time_elapsed         | 32664        |
|    total_timesteps      | 100352       |
| train/                  |              |
|    approx_kl            | 0.0044325576 |
|    clip_fraction        | 0.00645      |
|    clip_range           | 0.2          |
|    entropy_loss         | -0.471       |
|    explained_variance   | 0.556        |
|    learning_rate        | 0.0003       |
|    loss                 | -0.00431     |
|    n_updates            | 1950         |
|    policy_gradient_loss | -0.00135     |
|    value_loss           | 0.0334       |
------------------------------------------
------------------------------------------
| rollout/                |              |
|    ep_len_mean          | 458          |
|    ep_rew_mean          | 27.1         |
| time/                   |              |
|    fps                  | 3            |
|    iterations           | 197          |
|    time_elapsed         | 32752        |
|    total_timesteps      | 100864       |
| train/                  |              |
|    approx_kl            | 0.0047945147 |
|    clip_fraction        | 0.0525       |
|    clip_range           | 0.2          |
|    entropy_loss         | -0.507       |
|    explained_variance   | 0.319        |
|    learning_rate        | 0.0003       |
|    loss                 | 0.0127       |
|    n_updates            | 1960         |
|    policy_gradient_loss | -0.00221     |
|    value_loss           | 0.0627       |
------------------------------------------
-----------------------------------------
| rollout/                |             |
|    ep_len_mean          | 458         |
|    ep_rew_mean          | 27.1        |
| time/                   |             |
|    fps                  | 3           |
|    iterations           | 198         |
|    time_elapsed         | 32841       |
|    total_timesteps      | 101376      |
| train/                  |             |
|    approx_kl            | 0.006291276 |
|    clip_fraction        | 0.0459      |
|    clip_range           | 0.2         |
|    entropy_loss         | -0.425      |
|    explained_variance   | 0.749       |
|    learning_rate        | 0.0003      |
|    loss                 | 0.0381      |
|    n_updates            | 1970        |
|    policy_gradient_loss | -0.000778   |
|    value_loss           | 0.0145      |
-----------------------------------------
-----------------------------------------
| rollout/                |             |
|    ep_len_mean          | 461         |
|    ep_rew_mean          | 27.4        |
| time/                   |             |
|    fps                  | 3           |
|    iterations           | 199         |
|    time_elapsed         | 32924       |
|    total_timesteps      | 101888      |
| train/                  |             |
|    approx_kl            | 0.011939296 |
|    clip_fraction        | 0.0391      |
|    clip_range           | 0.2         |
|    entropy_loss         | -0.435      |
|    explained_variance   | 0.707       |
|    learning_rate        | 0.0003      |
|    loss                 | -0.00144    |
|    n_updates            | 1980        |
|    policy_gradient_loss | -0.00355    |
|    value_loss           | 0.00947     |
-----------------------------------------
------------------------------------------
| rollout/                |              |
|    ep_len_mean          | 461          |
|    ep_rew_mean          | 27.3         |
| time/                   |              |
|    fps                  | 3            |
|    iterations           | 200          |
|    time_elapsed         | 33006        |
|    total_timesteps      | 102400       |
| train/                  |              |
|    approx_kl            | 0.0032931305 |
|    clip_fraction        | 0.0215       |
|    clip_range           | 0.2          |
|    entropy_loss         | -0.427       |
|    explained_variance   | 0.903        |
|    learning_rate        | 0.0003       |
|    loss                 | -0.00215     |
|    n_updates            | 1990         |
|    policy_gradient_loss | -0.00328     |
|    value_loss           | 0.00358      |
------------------------------------------
-----------------------------------------
| rollout/                |             |
|    ep_len_mean          | 461         |
|    ep_rew_mean          | 27.3        |
| time/                   |             |
|    fps                  | 3           |
|    iterations           | 201         |
|    time_elapsed         | 33091       |
|    total_timesteps      | 102912      |
| train/                  |             |
|    approx_kl            | 0.004439593 |
|    clip_fraction        | 0.0217      |
|    clip_range           | 0.2         |
|    entropy_loss         | -0.362      |
|    explained_variance   | 0.912       |
|    learning_rate        | 0.0003      |
|    loss                 | -0.0102     |
|    n_updates            | 2000        |
|    policy_gradient_loss | -0.00669    |
|    value_loss           | 0.00382     |
-----------------------------------------
------------------------------------------
| rollout/                |              |
|    ep_len_mean          | 461          |
|    ep_rew_mean          | 27.4         |
| time/                   |              |
|    fps                  | 3            |
|    iterations           | 202          |
|    time_elapsed         | 33176        |
|    total_timesteps      | 103424       |
| train/                  |              |
|    approx_kl            | 0.0037699714 |
|    clip_fraction        | 0.0264       |
|    clip_range           | 0.2          |
|    entropy_loss         | -0.483       |
|    explained_variance   | 0.896        |
|    learning_rate        | 0.0003       |
|    loss                 | -0.0196      |
|    n_updates            | 2010         |
|    policy_gradient_loss | -0.00714     |
|    value_loss           | 0.00402      |
------------------------------------------
-----------------------------------------
| rollout/                |             |
|    ep_len_mean          | 461         |
|    ep_rew_mean          | 27.4        |
| time/                   |             |
|    fps                  | 3           |
|    iterations           | 203         |
|    time_elapsed         | 33261       |
|    total_timesteps      | 103936      |
| train/                  |             |
|    approx_kl            | 0.006540478 |
|    clip_fraction        | 0.0945      |
|    clip_range           | 0.2         |
|    entropy_loss         | -0.473      |
|    explained_variance   | 0.938       |
|    learning_rate        | 0.0003      |
|    loss                 | 0.00492     |
|    n_updates            | 2020        |
|    policy_gradient_loss | -0.00733    |
|    value_loss           | 0.00251     |
-----------------------------------------
-----------------------------------------
| rollout/                |             |
|    ep_len_mean          | 460         |
|    ep_rew_mean          | 27.3        |
| time/                   |             |
|    fps                  | 3           |
|    iterations           | 204         |
|    time_elapsed         | 33345       |
|    total_timesteps      | 104448      |
| train/                  |             |
|    approx_kl            | 0.004501875 |
|    clip_fraction        | 0.0217      |
|    clip_range           | 0.2         |
|    entropy_loss         | -0.466      |
|    explained_variance   | 0.421       |
|    learning_rate        | 0.0003      |
|    loss                 | -0.00892    |
|    n_updates            | 2030        |
|    policy_gradient_loss | -0.00698    |
|    value_loss           | 0.0154      |
-----------------------------------------
-----------------------------------------
| rollout/                |             |
|    ep_len_mean          | 463         |
|    ep_rew_mean          | 27.6        |
| time/                   |             |
|    fps                  | 3           |
|    iterations           | 205         |
|    time_elapsed         | 33428       |
|    total_timesteps      | 104960      |
| train/                  |             |
|    approx_kl            | 0.017440952 |
|    clip_fraction        | 0.0896      |
|    clip_range           | 0.2         |
|    entropy_loss         | -0.599      |
|    explained_variance   | -0.136      |
|    learning_rate        | 0.0003      |
|    loss                 | 0.0441      |
|    n_updates            | 2040        |
|    policy_gradient_loss | -0.000969   |
|    value_loss           | 2.64        |
-----------------------------------------
-----------------------------------------
| rollout/                |             |
|    ep_len_mean          | 463         |
|    ep_rew_mean          | 27.6        |
| time/                   |             |
|    fps                  | 3           |
|    iterations           | 206         |
|    time_elapsed         | 33510       |
|    total_timesteps      | 105472      |
| train/                  |             |
|    approx_kl            | 0.013996458 |
|    clip_fraction        | 0.0914      |
|    clip_range           | 0.2         |
|    entropy_loss         | -0.501      |
|    explained_variance   | 0.249       |
|    learning_rate        | 0.0003      |
|    loss                 | -0.00467    |
|    n_updates            | 2050        |
|    policy_gradient_loss | -0.00721    |
|    value_loss           | 0.0441      |
-----------------------------------------
-----------------------------------------
| rollout/                |             |
|    ep_len_mean          | 463         |
|    ep_rew_mean          | 27.6        |
| time/                   |             |
|    fps                  | 3           |
|    iterations           | 207         |
|    time_elapsed         | 33593       |
|    total_timesteps      | 105984      |
| train/                  |             |
|    approx_kl            | 0.004964508 |
|    clip_fraction        | 0.0578      |
|    clip_range           | 0.2         |
|    entropy_loss         | -0.529      |
|    explained_variance   | -0.406      |
|    learning_rate        | 0.0003      |
|    loss                 | 0.0119      |
|    n_updates            | 2060        |
|    policy_gradient_loss | -0.00643    |
|    value_loss           | 0.0389      |
-----------------------------------------
------------------------------------------
| rollout/                |              |
|    ep_len_mean          | 463          |
|    ep_rew_mean          | 27.5         |
| time/                   |              |
|    fps                  | 3            |
|    iterations           | 208          |
|    time_elapsed         | 33675        |
|    total_timesteps      | 106496       |
| train/                  |              |
|    approx_kl            | 0.0021081457 |
|    clip_fraction        | 0.0217       |
|    clip_range           | 0.2          |
|    entropy_loss         | -0.463       |
|    explained_variance   | 0.664        |
|    learning_rate        | 0.0003       |
|    loss                 | -0.00328     |
|    n_updates            | 2070         |
|    policy_gradient_loss | -0.00184     |
|    value_loss           | 0.0246       |
------------------------------------------
------------------------------------------
| rollout/                |              |
|    ep_len_mean          | 463          |
|    ep_rew_mean          | 27.5         |
| time/                   |              |
|    fps                  | 3            |
|    iterations           | 209          |
|    time_elapsed         | 33763        |
|    total_timesteps      | 107008       |
| train/                  |              |
|    approx_kl            | 0.0136220055 |
|    clip_fraction        | 0.128        |
|    clip_range           | 0.2          |
|    entropy_loss         | -0.672       |
|    explained_variance   | -0.298       |
|    learning_rate        | 0.0003       |
|    loss                 | -0.00817     |
|    n_updates            | 2080         |
|    policy_gradient_loss | -0.0101      |
|    value_loss           | 0.0572       |
------------------------------------------
-----------------------------------------
| rollout/                |             |
|    ep_len_mean          | 463         |
|    ep_rew_mean          | 27.5        |
| time/                   |             |
|    fps                  | 3           |
|    iterations           | 210         |
|    time_elapsed         | 33847       |
|    total_timesteps      | 107520      |
| train/                  |             |
|    approx_kl            | 0.016000649 |
|    clip_fraction        | 0.15        |
|    clip_range           | 0.2         |
|    entropy_loss         | -0.421      |
|    explained_variance   | 0.574       |
|    learning_rate        | 0.0003      |
|    loss                 | -0.0132     |
|    n_updates            | 2090        |
|    policy_gradient_loss | -0.00844    |
|    value_loss           | 0.0117      |
-----------------------------------------
------------------------------------------
| rollout/                |              |
|    ep_len_mean          | 463          |
|    ep_rew_mean          | 27.5         |
| time/                   |              |
|    fps                  | 3            |
|    iterations           | 211          |
|    time_elapsed         | 33934        |
|    total_timesteps      | 108032       |
| train/                  |              |
|    approx_kl            | 0.0060321065 |
|    clip_fraction        | 0.0641       |
|    clip_range           | 0.2          |
|    entropy_loss         | -0.371       |
|    explained_variance   | 0.956        |
|    learning_rate        | 0.0003       |
|    loss                 | -0.00345     |
|    n_updates            | 2100         |
|    policy_gradient_loss | -0.00473     |
|    value_loss           | 0.00211      |
------------------------------------------
------------------------------------------
| rollout/                |              |
|    ep_len_mean          | 463          |
|    ep_rew_mean          | 27.5         |
| time/                   |              |
|    fps                  | 3            |
|    iterations           | 212          |
|    time_elapsed         | 34020        |
|    total_timesteps      | 108544       |
| train/                  |              |
|    approx_kl            | 0.0010585819 |
|    clip_fraction        | 0.00879      |
|    clip_range           | 0.2          |
|    entropy_loss         | -0.38        |
|    explained_variance   | 0.934        |
|    learning_rate        | 0.0003       |
|    loss                 | -0.00357     |
|    n_updates            | 2110         |
|    policy_gradient_loss | -0.00154     |
|    value_loss           | 0.00258      |
------------------------------------------
-----------------------------------------
| rollout/                |             |
|    ep_len_mean          | 463         |
|    ep_rew_mean          | 27.5        |
| time/                   |             |
|    fps                  | 3           |
|    iterations           | 213         |
|    time_elapsed         | 34108       |
|    total_timesteps      | 109056      |
| train/                  |             |
|    approx_kl            | 0.008083065 |
|    clip_fraction        | 0.149       |
|    clip_range           | 0.2         |
|    entropy_loss         | -0.4        |
|    explained_variance   | 0.955       |
|    learning_rate        | 0.0003      |
|    loss                 | -0.00452    |
|    n_updates            | 2120        |
|    policy_gradient_loss | -0.00883    |
|    value_loss           | 0.00212     |
-----------------------------------------
-----------------------------------------
| rollout/                |             |
|    ep_len_mean          | 463         |
|    ep_rew_mean          | 27.5        |
| time/                   |             |
|    fps                  | 3           |
|    iterations           | 214         |
|    time_elapsed         | 34194       |
|    total_timesteps      | 109568      |
| train/                  |             |
|    approx_kl            | 0.007158529 |
|    clip_fraction        | 0.00957     |
|    clip_range           | 0.2         |
|    entropy_loss         | -0.371      |
|    explained_variance   | 0.954       |
|    learning_rate        | 0.0003      |
|    loss                 | -0.0114     |
|    n_updates            | 2130        |
|    policy_gradient_loss | -0.002      |
|    value_loss           | 0.00219     |
-----------------------------------------
-----------------------------------------
| rollout/                |             |
|    ep_len_mean          | 463         |
|    ep_rew_mean          | 27.5        |
| time/                   |             |
|    fps                  | 3           |
|    iterations           | 215         |
|    time_elapsed         | 34280       |
|    total_timesteps      | 110080      |
| train/                  |             |
|    approx_kl            | 0.015601794 |
|    clip_fraction        | 0.0451      |
|    clip_range           | 0.2         |
|    entropy_loss         | -0.452      |
|    explained_variance   | 0.425       |
|    learning_rate        | 0.0003      |
|    loss                 | -0.0047     |
|    n_updates            | 2140        |
|    policy_gradient_loss | 0.0154      |
|    value_loss           | 0.013       |
-----------------------------------------
-----------------------------------------
| rollout/                |             |
|    ep_len_mean          | 463         |
|    ep_rew_mean          | 27.5        |
| time/                   |             |
|    fps                  | 3           |
|    iterations           | 216         |
|    time_elapsed         | 34367       |
|    total_timesteps      | 110592      |
| train/                  |             |
|    approx_kl            | 0.009618163 |
|    clip_fraction        | 0.0639      |
|    clip_range           | 0.2         |
|    entropy_loss         | -0.583      |
|    explained_variance   | 0.727       |
|    learning_rate        | 0.0003      |
|    loss                 | -0.00528    |
|    n_updates            | 2150        |
|    policy_gradient_loss | -0.00161    |
|    value_loss           | 0.0124      |
-----------------------------------------
-----------------------------------------
| rollout/                |             |
|    ep_len_mean          | 463         |
|    ep_rew_mean          | 27.5        |
| time/                   |             |
|    fps                  | 3           |
|    iterations           | 217         |
|    time_elapsed         | 34452       |
|    total_timesteps      | 111104      |
| train/                  |             |
|    approx_kl            | 0.006331752 |
|    clip_fraction        | 0.0141      |
|    clip_range           | 0.2         |
|    entropy_loss         | -0.516      |
|    explained_variance   | 0.873       |
|    learning_rate        | 0.0003      |
|    loss                 | -0.00367    |
|    n_updates            | 2160        |
|    policy_gradient_loss | -0.00553    |
|    value_loss           | 0.00271     |
-----------------------------------------
-----------------------------------------
| rollout/                |             |
|    ep_len_mean          | 463         |
|    ep_rew_mean          | 27.5        |
| time/                   |             |
|    fps                  | 3           |
|    iterations           | 218         |
|    time_elapsed         | 34539       |
|    total_timesteps      | 111616      |
| train/                  |             |
|    approx_kl            | 0.007264916 |
|    clip_fraction        | 0.0422      |
|    clip_range           | 0.2         |
|    entropy_loss         | -0.532      |
|    explained_variance   | 0.758       |
|    learning_rate        | 0.0003      |
|    loss                 | -0.00396    |
|    n_updates            | 2170        |
|    policy_gradient_loss | -0.00403    |
|    value_loss           | 0.00945     |
-----------------------------------------
------------------------------------------
| rollout/                |              |
|    ep_len_mean          | 463          |
|    ep_rew_mean          | 27.5         |
| time/                   |              |
|    fps                  | 3            |
|    iterations           | 219          |
|    time_elapsed         | 34626        |
|    total_timesteps      | 112128       |
| train/                  |              |
|    approx_kl            | 0.0072915386 |
|    clip_fraction        | 0.0307       |
|    clip_range           | 0.2          |
|    entropy_loss         | -0.521       |
|    explained_variance   | 0.84         |
|    learning_rate        | 0.0003       |
|    loss                 | 0.021        |
|    n_updates            | 2180         |
|    policy_gradient_loss | -0.00589     |
|    value_loss           | 0.00701      |
------------------------------------------
------------------------------------------
| rollout/                |              |
|    ep_len_mean          | 463          |
|    ep_rew_mean          | 27.5         |
| time/                   |              |
|    fps                  | 3            |
|    iterations           | 220          |
|    time_elapsed         | 34711        |
|    total_timesteps      | 112640       |
| train/                  |              |
|    approx_kl            | 0.0016327326 |
|    clip_fraction        | 0.0109       |
|    clip_range           | 0.2          |
|    entropy_loss         | -0.455       |
|    explained_variance   | 0.87         |
|    learning_rate        | 0.0003       |
|    loss                 | 0.00178      |
|    n_updates            | 2190         |
|    policy_gradient_loss | -0.00227     |
|    value_loss           | 0.00243      |
------------------------------------------
------------------------------------------
| rollout/                |              |
|    ep_len_mean          | 463          |
|    ep_rew_mean          | 27.5         |
| time/                   |              |
|    fps                  | 3            |
|    iterations           | 221          |
|    time_elapsed         | 34798        |
|    total_timesteps      | 113152       |
| train/                  |              |
|    approx_kl            | 0.0023626308 |
|    clip_fraction        | 0.0139       |
|    clip_range           | 0.2          |
|    entropy_loss         | -0.579       |
|    explained_variance   | 0.847        |
|    learning_rate        | 0.0003       |
|    loss                 | 0.00548      |
|    n_updates            | 2200         |
|    policy_gradient_loss | -0.00225     |
|    value_loss           | 0.00801      |
------------------------------------------
-----------------------------------------
| rollout/                |             |
|    ep_len_mean          | 463         |
|    ep_rew_mean          | 27.5        |
| time/                   |             |
|    fps                  | 3           |
|    iterations           | 222         |
|    time_elapsed         | 34885       |
|    total_timesteps      | 113664      |
| train/                  |             |
|    approx_kl            | 0.008897138 |
|    clip_fraction        | 0.0896      |
|    clip_range           | 0.2         |
|    entropy_loss         | -0.405      |
|    explained_variance   | 0.935       |
|    learning_rate        | 0.0003      |
|    loss                 | -0.0299     |
|    n_updates            | 2210        |
|    policy_gradient_loss | -0.00919    |
|    value_loss           | 0.00181     |
-----------------------------------------
------------------------------------------
| rollout/                |              |
|    ep_len_mean          | 463          |
|    ep_rew_mean          | 27.5         |
| time/                   |              |
|    fps                  | 3            |
|    iterations           | 223          |
|    time_elapsed         | 34973        |
|    total_timesteps      | 114176       |
| train/                  |              |
|    approx_kl            | 0.0075054746 |
|    clip_fraction        | 0.0643       |
|    clip_range           | 0.2          |
|    entropy_loss         | -0.473       |
|    explained_variance   | 0.853        |
|    learning_rate        | 0.0003       |
|    loss                 | 0.0222       |
|    n_updates            | 2220         |
|    policy_gradient_loss | -0.00636     |
|    value_loss           | 0.0034       |
------------------------------------------
-----------------------------------------
| rollout/                |             |
|    ep_len_mean          | 463         |
|    ep_rew_mean          | 27.5        |
| time/                   |             |
|    fps                  | 3           |
|    iterations           | 224         |
|    time_elapsed         | 35059       |
|    total_timesteps      | 114688      |
| train/                  |             |
|    approx_kl            | 0.007814577 |
|    clip_fraction        | 0.074       |
|    clip_range           | 0.2         |
|    entropy_loss         | -0.508      |
|    explained_variance   | 0.865       |
|    learning_rate        | 0.0003      |
|    loss                 | -0.0189     |
|    n_updates            | 2230        |
|    policy_gradient_loss | -0.00918    |
|    value_loss           | 0.00505     |
-----------------------------------------
----------------------------------------
| rollout/                |            |
|    ep_len_mean          | 463        |
|    ep_rew_mean          | 27.5       |
| time/                   |            |
|    fps                  | 3          |
|    iterations           | 225        |
|    time_elapsed         | 35142      |
|    total_timesteps      | 115200     |
| train/                  |            |
|    approx_kl            | 0.00818441 |
|    clip_fraction        | 0.0559     |
|    clip_range           | 0.2        |
|    entropy_loss         | -0.495     |
|    explained_variance   | 0.873      |
|    learning_rate        | 0.0003     |
|    loss                 | -0.00801   |
|    n_updates            | 2240       |
|    policy_gradient_loss | -0.0121    |
|    value_loss           | 0.00424    |
----------------------------------------
-----------------------------------------
| rollout/                |             |
|    ep_len_mean          | 462         |
|    ep_rew_mean          | 27.4        |
| time/                   |             |
|    fps                  | 3           |
|    iterations           | 226         |
|    time_elapsed         | 35227       |
|    total_timesteps      | 115712      |
| train/                  |             |
|    approx_kl            | 0.017682923 |
|    clip_fraction        | 0.126       |
|    clip_range           | 0.2         |
|    entropy_loss         | -0.518      |
|    explained_variance   | 0.658       |
|    learning_rate        | 0.0003      |
|    loss                 | 0.00504     |
|    n_updates            | 2250        |
|    policy_gradient_loss | -0.0216     |
|    value_loss           | 0.0126      |
-----------------------------------------
----------------------------------------
| rollout/                |            |
|    ep_len_mean          | 462        |
|    ep_rew_mean          | 27.3       |
| time/                   |            |
|    fps                  | 3          |
|    iterations           | 227        |
|    time_elapsed         | 35312      |
|    total_timesteps      | 116224     |
| train/                  |            |
|    approx_kl            | 0.03570798 |
|    clip_fraction        | 0.145      |
|    clip_range           | 0.2        |
|    entropy_loss         | -0.542     |
|    explained_variance   | -0.111     |
|    learning_rate        | 0.0003     |
|    loss                 | 1.45       |
|    n_updates            | 2260       |
|    policy_gradient_loss | 0.000985   |
|    value_loss           | 2.92       |
----------------------------------------
-----------------------------------------
| rollout/                |             |
|    ep_len_mean          | 462         |
|    ep_rew_mean          | 27.3        |
| time/                   |             |
|    fps                  | 3           |
|    iterations           | 228         |
|    time_elapsed         | 35399       |
|    total_timesteps      | 116736      |
| train/                  |             |
|    approx_kl            | 0.020984879 |
|    clip_fraction        | 0.145       |
|    clip_range           | 0.2         |
|    entropy_loss         | -0.587      |
|    explained_variance   | 0.41        |
|    learning_rate        | 0.0003      |
|    loss                 | 0.187       |
|    n_updates            | 2270        |
|    policy_gradient_loss | 0.0225      |
|    value_loss           | 1.07        |
-----------------------------------------
-----------------------------------------
| rollout/                |             |
|    ep_len_mean          | 458         |
|    ep_rew_mean          | 26.9        |
| time/                   |             |
|    fps                  | 3           |
|    iterations           | 229         |
|    time_elapsed         | 35484       |
|    total_timesteps      | 117248      |
| train/                  |             |
|    approx_kl            | 0.009398978 |
|    clip_fraction        | 0.092       |
|    clip_range           | 0.2         |
|    entropy_loss         | -0.458      |
|    explained_variance   | -0.573      |
|    learning_rate        | 0.0003      |
|    loss                 | 0.052       |
|    n_updates            | 2280        |
|    policy_gradient_loss | 0.0018      |
|    value_loss           | 0.23        |
-----------------------------------------
-----------------------------------------
| rollout/                |             |
|    ep_len_mean          | 457         |
|    ep_rew_mean          | 26.9        |
| time/                   |             |
|    fps                  | 3           |
|    iterations           | 230         |
|    time_elapsed         | 35571       |
|    total_timesteps      | 117760      |
| train/                  |             |
|    approx_kl            | 0.011942074 |
|    clip_fraction        | 0.0846      |
|    clip_range           | 0.2         |
|    entropy_loss         | -0.441      |
|    explained_variance   | 0.467       |
|    learning_rate        | 0.0003      |
|    loss                 | 0.0227      |
|    n_updates            | 2290        |
|    policy_gradient_loss | 0.0456      |
|    value_loss           | 0.58        |
-----------------------------------------
----------------------------------------
| rollout/                |            |
|    ep_len_mean          | 457        |
|    ep_rew_mean          | 26.9       |
| time/                   |            |
|    fps                  | 3          |
|    iterations           | 231        |
|    time_elapsed         | 35657      |
|    total_timesteps      | 118272     |
| train/                  |            |
|    approx_kl            | 0.05867035 |
|    clip_fraction        | 0.23       |
|    clip_range           | 0.2        |
|    entropy_loss         | -0.572     |
|    explained_variance   | 0.581      |
|    learning_rate        | 0.0003     |
|    loss                 | 0.98       |
|    n_updates            | 2300       |
|    policy_gradient_loss | 0.00804    |
|    value_loss           | 3.9        |
----------------------------------------
-----------------------------------------
| rollout/                |             |
|    ep_len_mean          | 460         |
|    ep_rew_mean          | 27          |
| time/                   |             |
|    fps                  | 3           |
|    iterations           | 232         |
|    time_elapsed         | 35745       |
|    total_timesteps      | 118784      |
| train/                  |             |
|    approx_kl            | 0.014618264 |
|    clip_fraction        | 0.101       |
|    clip_range           | 0.2         |
|    entropy_loss         | -0.466      |
|    explained_variance   | 0.657       |
|    learning_rate        | 0.0003      |
|    loss                 | 2.26        |
|    n_updates            | 2310        |
|    policy_gradient_loss | 0.00133     |
|    value_loss           | 3.39        |
-----------------------------------------
----------------------------------------
| rollout/                |            |
|    ep_len_mean          | 455        |
|    ep_rew_mean          | 26.5       |
| time/                   |            |
|    fps                  | 3          |
|    iterations           | 233        |
|    time_elapsed         | 35830      |
|    total_timesteps      | 119296     |
| train/                  |            |
|    approx_kl            | 0.01690046 |
|    clip_fraction        | 0.0842     |
|    clip_range           | 0.2        |
|    entropy_loss         | -0.614     |
|    explained_variance   | 0.68       |
|    learning_rate        | 0.0003     |
|    loss                 | 0.614      |
|    n_updates            | 2320       |
|    policy_gradient_loss | 0.016      |
|    value_loss           | 1.78       |
----------------------------------------
-----------------------------------------
| rollout/                |             |
|    ep_len_mean          | 458         |
|    ep_rew_mean          | 26.8        |
| time/                   |             |
|    fps                  | 3           |
|    iterations           | 234         |
|    time_elapsed         | 35917       |
|    total_timesteps      | 119808      |
| train/                  |             |
|    approx_kl            | 0.024556477 |
|    clip_fraction        | 0.181       |
|    clip_range           | 0.2         |
|    entropy_loss         | -0.511      |
|    explained_variance   | 0.638       |
|    learning_rate        | 0.0003      |
|    loss                 | 0.102       |
|    n_updates            | 2330        |
|    policy_gradient_loss | 0.00256     |
|    value_loss           | 1.36        |
-----------------------------------------
-----------------------------------------
| rollout/                |             |
|    ep_len_mean          | 457         |
|    ep_rew_mean          | 26.7        |
| time/                   |             |
|    fps                  | 3           |
|    iterations           | 235         |
|    time_elapsed         | 36004       |
|    total_timesteps      | 120320      |
| train/                  |             |
|    approx_kl            | 0.017800352 |
|    clip_fraction        | 0.108       |
|    clip_range           | 0.2         |
|    entropy_loss         | -0.481      |
|    explained_variance   | 0.0848      |
|    learning_rate        | 0.0003      |
|    loss                 | 0.192       |
|    n_updates            | 2340        |
|    policy_gradient_loss | 0.00519     |
|    value_loss           | 0.632       |
-----------------------------------------
-----------------------------------------
| rollout/                |             |
|    ep_len_mean          | 461         |
|    ep_rew_mean          | 27.1        |
| time/                   |             |
|    fps                  | 3           |
|    iterations           | 236         |
|    time_elapsed         | 36091       |
|    total_timesteps      | 120832      |
| train/                  |             |
|    approx_kl            | 0.007741568 |
|    clip_fraction        | 0.0922      |
|    clip_range           | 0.2         |
|    entropy_loss         | -0.484      |
|    explained_variance   | 0.649       |
|    learning_rate        | 0.0003      |
|    loss                 | 0.319       |
|    n_updates            | 2350        |
|    policy_gradient_loss | 0.0015      |
|    value_loss           | 1.5         |
-----------------------------------------
-----------------------------------------
| rollout/                |             |
|    ep_len_mean          | 463         |
|    ep_rew_mean          | 27.3        |
| time/                   |             |
|    fps                  | 3           |
|    iterations           | 237         |
|    time_elapsed         | 36176       |
|    total_timesteps      | 121344      |
| train/                  |             |
|    approx_kl            | 0.010944791 |
|    clip_fraction        | 0.076       |
|    clip_range           | 0.2         |
|    entropy_loss         | -0.493      |
|    explained_variance   | 0.298       |
|    learning_rate        | 0.0003      |
|    loss                 | 0.185       |
|    n_updates            | 2360        |
|    policy_gradient_loss | -0.00844    |
|    value_loss           | 0.499       |
-----------------------------------------
-----------------------------------------
| rollout/                |             |
|    ep_len_mean          | 464         |
|    ep_rew_mean          | 27.5        |
| time/                   |             |
|    fps                  | 3           |
|    iterations           | 238         |
|    time_elapsed         | 36260       |
|    total_timesteps      | 121856      |
| train/                  |             |
|    approx_kl            | 0.009133928 |
|    clip_fraction        | 0.0328      |
|    clip_range           | 0.2         |
|    entropy_loss         | -0.447      |
|    explained_variance   | 0.0666      |
|    learning_rate        | 0.0003      |
|    loss                 | 0.0239      |
|    n_updates            | 2370        |
|    policy_gradient_loss | 0.00637     |
|    value_loss           | 0.155       |
-----------------------------------------
-----------------------------------------
| rollout/                |             |
|    ep_len_mean          | 464         |
|    ep_rew_mean          | 27.5        |
| time/                   |             |
|    fps                  | 3           |
|    iterations           | 239         |
|    time_elapsed         | 36348       |
|    total_timesteps      | 122368      |
| train/                  |             |
|    approx_kl            | 0.006195212 |
|    clip_fraction        | 0.0631      |
|    clip_range           | 0.2         |
|    entropy_loss         | -0.386      |
|    explained_variance   | 0.217       |
|    learning_rate        | 0.0003      |
|    loss                 | 0.0268      |
|    n_updates            | 2380        |
|    policy_gradient_loss | -0.00561    |
|    value_loss           | 0.0936      |
-----------------------------------------
-----------------------------------------
| rollout/                |             |
|    ep_len_mean          | 464         |
|    ep_rew_mean          | 27.5        |
| time/                   |             |
|    fps                  | 3           |
|    iterations           | 240         |
|    time_elapsed         | 36433       |
|    total_timesteps      | 122880      |
| train/                  |             |
|    approx_kl            | 0.013937617 |
|    clip_fraction        | 0.233       |
|    clip_range           | 0.2         |
|    entropy_loss         | -0.4        |
|    explained_variance   | 0.331       |
|    learning_rate        | 0.0003      |
|    loss                 | 0.0108      |
|    n_updates            | 2390        |
|    policy_gradient_loss | -0.00264    |
|    value_loss           | 0.085       |
-----------------------------------------
-----------------------------------------
| rollout/                |             |
|    ep_len_mean          | 464         |
|    ep_rew_mean          | 27.5        |
| time/                   |             |
|    fps                  | 3           |
|    iterations           | 241         |
|    time_elapsed         | 36519       |
|    total_timesteps      | 123392      |
| train/                  |             |
|    approx_kl            | 0.011144847 |
|    clip_fraction        | 0.118       |
|    clip_range           | 0.2         |
|    entropy_loss         | -0.384      |
|    explained_variance   | -0.467      |
|    learning_rate        | 0.0003      |
|    loss                 | 0.00263     |
|    n_updates            | 2400        |
|    policy_gradient_loss | -0.00609    |
|    value_loss           | 0.188       |
-----------------------------------------
-----------------------------------------
| rollout/                |             |
|    ep_len_mean          | 464         |
|    ep_rew_mean          | 27.5        |
| time/                   |             |
|    fps                  | 3           |
|    iterations           | 242         |
|    time_elapsed         | 36606       |
|    total_timesteps      | 123904      |
| train/                  |             |
|    approx_kl            | 0.005695152 |
|    clip_fraction        | 0.0254      |
|    clip_range           | 0.2         |
|    entropy_loss         | -0.368      |
|    explained_variance   | 0.633       |
|    learning_rate        | 0.0003      |
|    loss                 | -0.0012     |
|    n_updates            | 2410        |
|    policy_gradient_loss | -0.00243    |
|    value_loss           | 0.0303      |
-----------------------------------------
-----------------------------------------
| rollout/                |             |
|    ep_len_mean          | 464         |
|    ep_rew_mean          | 27.5        |
| time/                   |             |
|    fps                  | 3           |
|    iterations           | 243         |
|    time_elapsed         | 36692       |
|    total_timesteps      | 124416      |
| train/                  |             |
|    approx_kl            | 0.004593908 |
|    clip_fraction        | 0.0283      |
|    clip_range           | 0.2         |
|    entropy_loss         | -0.326      |
|    explained_variance   | 0.231       |
|    learning_rate        | 0.0003      |
|    loss                 | -0.00304    |
|    n_updates            | 2420        |
|    policy_gradient_loss | -0.00227    |
|    value_loss           | 0.0257      |
-----------------------------------------
-----------------------------------------
| rollout/                |             |
|    ep_len_mean          | 462         |
|    ep_rew_mean          | 27.3        |
| time/                   |             |
|    fps                  | 3           |
|    iterations           | 244         |
|    time_elapsed         | 36777       |
|    total_timesteps      | 124928      |
| train/                  |             |
|    approx_kl            | 0.008581733 |
|    clip_fraction        | 0.0119      |
|    clip_range           | 0.2         |
|    entropy_loss         | -0.358      |
|    explained_variance   | 0.00574     |
|    learning_rate        | 0.0003      |
|    loss                 | -0.00821    |
|    n_updates            | 2430        |
|    policy_gradient_loss | -0.00475    |
|    value_loss           | 0.034       |
-----------------------------------------
-----------------------------------------
| rollout/                |             |
|    ep_len_mean          | 462         |
|    ep_rew_mean          | 27.3        |
| time/                   |             |
|    fps                  | 3           |
|    iterations           | 245         |
|    time_elapsed         | 36862       |
|    total_timesteps      | 125440      |
| train/                  |             |
|    approx_kl            | 0.018875387 |
|    clip_fraction        | 0.0602      |
|    clip_range           | 0.2         |
|    entropy_loss         | -0.379      |
|    explained_variance   | 0.341       |
|    learning_rate        | 0.0003      |
|    loss                 | 0.251       |
|    n_updates            | 2440        |
|    policy_gradient_loss | 0.0171      |
|    value_loss           | 1.23        |
-----------------------------------------
------------------------------------------
| rollout/                |              |
|    ep_len_mean          | 462          |
|    ep_rew_mean          | 27.3         |
| time/                   |              |
|    fps                  | 3            |
|    iterations           | 246          |
|    time_elapsed         | 36949        |
|    total_timesteps      | 125952       |
| train/                  |              |
|    approx_kl            | 0.0053621605 |
|    clip_fraction        | 0.0393       |
|    clip_range           | 0.2          |
|    entropy_loss         | -0.258       |
|    explained_variance   | -0.0151      |
|    learning_rate        | 0.0003       |
|    loss                 | 0.00802      |
|    n_updates            | 2450         |
|    policy_gradient_loss | -0.00681     |
|    value_loss           | 0.067        |
------------------------------------------
------------------------------------------
| rollout/                |              |
|    ep_len_mean          | 462          |
|    ep_rew_mean          | 27.3         |
| time/                   |              |
|    fps                  | 3            |
|    iterations           | 247          |
|    time_elapsed         | 37034        |
|    total_timesteps      | 126464       |
| train/                  |              |
|    approx_kl            | 0.0016820668 |
|    clip_fraction        | 0.00742      |
|    clip_range           | 0.2          |
|    entropy_loss         | -0.287       |
|    explained_variance   | 0.667        |
|    learning_rate        | 0.0003       |
|    loss                 | 0.00417      |
|    n_updates            | 2460         |
|    policy_gradient_loss | -0.000631    |
|    value_loss           | 0.0555       |
------------------------------------------
------------------------------------------
| rollout/                |              |
|    ep_len_mean          | 462          |
|    ep_rew_mean          | 27.3         |
| time/                   |              |
|    fps                  | 3            |
|    iterations           | 248          |
|    time_elapsed         | 37119        |
|    total_timesteps      | 126976       |
| train/                  |              |
|    approx_kl            | 0.0029394836 |
|    clip_fraction        | 0.0422       |
|    clip_range           | 0.2          |
|    entropy_loss         | -0.331       |
|    explained_variance   | 0.345        |
|    learning_rate        | 0.0003       |
|    loss                 | -0.0204      |
|    n_updates            | 2470         |
|    policy_gradient_loss | -0.00524     |
|    value_loss           | 0.0242       |
------------------------------------------
-----------------------------------------
| rollout/                |             |
|    ep_len_mean          | 462         |
|    ep_rew_mean          | 27.3        |
| time/                   |             |
|    fps                  | 3           |
|    iterations           | 249         |
|    time_elapsed         | 37205       |
|    total_timesteps      | 127488      |
| train/                  |             |
|    approx_kl            | 0.004265272 |
|    clip_fraction        | 0.042       |
|    clip_range           | 0.2         |
|    entropy_loss         | -0.285      |
|    explained_variance   | 0.69        |
|    learning_rate        | 0.0003      |
|    loss                 | -0.00246    |
|    n_updates            | 2480        |
|    policy_gradient_loss | -0.00256    |
|    value_loss           | 0.0176      |
-----------------------------------------
-----------------------------------------
| rollout/                |             |
|    ep_len_mean          | 462         |
|    ep_rew_mean          | 27.3        |
| time/                   |             |
|    fps                  | 3           |
|    iterations           | 250         |
|    time_elapsed         | 37289       |
|    total_timesteps      | 128000      |
| train/                  |             |
|    approx_kl            | 0.007813657 |
|    clip_fraction        | 0.0342      |
|    clip_range           | 0.2         |
|    entropy_loss         | -0.277      |
|    explained_variance   | 0.657       |
|    learning_rate        | 0.0003      |
|    loss                 | -0.00244    |
|    n_updates            | 2490        |
|    policy_gradient_loss | -0.00117    |
|    value_loss           | 0.0146      |
-----------------------------------------
-----------------------------------------
| rollout/                |             |
|    ep_len_mean          | 462         |
|    ep_rew_mean          | 27.3        |
| time/                   |             |
|    fps                  | 3           |
|    iterations           | 251         |
|    time_elapsed         | 37375       |
|    total_timesteps      | 128512      |
| train/                  |             |
|    approx_kl            | 0.005922644 |
|    clip_fraction        | 0.0316      |
|    clip_range           | 0.2         |
|    entropy_loss         | -0.352      |
|    explained_variance   | 0.859       |
|    learning_rate        | 0.0003      |
|    loss                 | -0.0047     |
|    n_updates            | 2500        |
|    policy_gradient_loss | -0.00552    |
|    value_loss           | 0.00782     |
-----------------------------------------
------------------------------------------
| rollout/                |              |
|    ep_len_mean          | 462          |
|    ep_rew_mean          | 27.3         |
| time/                   |              |
|    fps                  | 3            |
|    iterations           | 252          |
|    time_elapsed         | 37462        |
|    total_timesteps      | 129024       |
| train/                  |              |
|    approx_kl            | 0.0032528741 |
|    clip_fraction        | 0.0355       |
|    clip_range           | 0.2          |
|    entropy_loss         | -0.295       |
|    explained_variance   | 0.849        |
|    learning_rate        | 0.0003       |
|    loss                 | -0.00162     |
|    n_updates            | 2510         |
|    policy_gradient_loss | -0.00278     |
|    value_loss           | 0.00866      |
------------------------------------------
------------------------------------------
| rollout/                |              |
|    ep_len_mean          | 462          |
|    ep_rew_mean          | 27.3         |
| time/                   |              |
|    fps                  | 3            |
|    iterations           | 253          |
|    time_elapsed         | 37547        |
|    total_timesteps      | 129536       |
| train/                  |              |
|    approx_kl            | 0.0016962207 |
|    clip_fraction        | 0.0225       |
|    clip_range           | 0.2          |
|    entropy_loss         | -0.282       |
|    explained_variance   | 0.476        |
|    learning_rate        | 0.0003       |
|    loss                 | 0.000265     |
|    n_updates            | 2520         |
|    policy_gradient_loss | -0.00277     |
|    value_loss           | 0.035        |
------------------------------------------
------------------------------------------
| rollout/                |              |
|    ep_len_mean          | 462          |
|    ep_rew_mean          | 27.3         |
| time/                   |              |
|    fps                  | 3            |
|    iterations           | 254          |
|    time_elapsed         | 37632        |
|    total_timesteps      | 130048       |
| train/                  |              |
|    approx_kl            | 0.0033692578 |
|    clip_fraction        | 0.0217       |
|    clip_range           | 0.2          |
|    entropy_loss         | -0.318       |
|    explained_variance   | 0.727        |
|    learning_rate        | 0.0003       |
|    loss                 | 0.00206      |
|    n_updates            | 2530         |
|    policy_gradient_loss | -0.00209     |
|    value_loss           | 0.00891      |
------------------------------------------
------------------------------------------
| rollout/                |              |
|    ep_len_mean          | 462          |
|    ep_rew_mean          | 27.3         |
| time/                   |              |
|    fps                  | 3            |
|    iterations           | 255          |
|    time_elapsed         | 37718        |
|    total_timesteps      | 130560       |
| train/                  |              |
|    approx_kl            | 0.0033372957 |
|    clip_fraction        | 0.035        |
|    clip_range           | 0.2          |
|    entropy_loss         | -0.247       |
|    explained_variance   | 0.848        |
|    learning_rate        | 0.0003       |
|    loss                 | -0.00412     |
|    n_updates            | 2540         |
|    policy_gradient_loss | -0.00292     |
|    value_loss           | 0.0105       |
------------------------------------------
------------------------------------------
| rollout/                |              |
|    ep_len_mean          | 462          |
|    ep_rew_mean          | 27.3         |
| time/                   |              |
|    fps                  | 3            |
|    iterations           | 256          |
|    time_elapsed         | 37801        |
|    total_timesteps      | 131072       |
| train/                  |              |
|    approx_kl            | 0.0061982246 |
|    clip_fraction        | 0.0209       |
|    clip_range           | 0.2          |
|    entropy_loss         | -0.321       |
|    explained_variance   | 0.804        |
|    learning_rate        | 0.0003       |
|    loss                 | 0.000846     |
|    n_updates            | 2550         |
|    policy_gradient_loss | -0.00292     |
|    value_loss           | 0.00656      |
------------------------------------------
----------------------------------------
| rollout/                |            |
|    ep_len_mean          | 462        |
|    ep_rew_mean          | 27.3       |
| time/                   |            |
|    fps                  | 3          |
|    iterations           | 257        |
|    time_elapsed         | 37888      |
|    total_timesteps      | 131584     |
| train/                  |            |
|    approx_kl            | 0.02670493 |
|    clip_fraction        | 0.0604     |
|    clip_range           | 0.2        |
|    entropy_loss         | -0.354     |
|    explained_variance   | 0.907      |
|    learning_rate        | 0.0003     |
|    loss                 | 0.0242     |
|    n_updates            | 2560       |
|    policy_gradient_loss | -0.00367   |
|    value_loss           | 0.00357    |
----------------------------------------
-----------------------------------------
| rollout/                |             |
|    ep_len_mean          | 458         |
|    ep_rew_mean          | 27          |
| time/                   |             |
|    fps                  | 3           |
|    iterations           | 258         |
|    time_elapsed         | 37974       |
|    total_timesteps      | 132096      |
| train/                  |             |
|    approx_kl            | 0.009358952 |
|    clip_fraction        | 0.0512      |
|    clip_range           | 0.2         |
|    entropy_loss         | -0.351      |
|    explained_variance   | 0.37        |
|    learning_rate        | 0.0003      |
|    loss                 | -0.00771    |
|    n_updates            | 2570        |
|    policy_gradient_loss | -0.000944   |
|    value_loss           | 0.0183      |
-----------------------------------------
-----------------------------------------
| rollout/                |             |
|    ep_len_mean          | 458         |
|    ep_rew_mean          | 27          |
| time/                   |             |
|    fps                  | 3           |
|    iterations           | 259         |
|    time_elapsed         | 38060       |
|    total_timesteps      | 132608      |
| train/                  |             |
|    approx_kl            | 0.040704712 |
|    clip_fraction        | 0.129       |
|    clip_range           | 0.2         |
|    entropy_loss         | -0.39       |
|    explained_variance   | 0.00368     |
|    learning_rate        | 0.0003      |
|    loss                 | 0.00305     |
|    n_updates            | 2580        |
|    policy_gradient_loss | 0.0447      |
|    value_loss           | 1.37        |
-----------------------------------------
------------------------------------------
| rollout/                |              |
|    ep_len_mean          | 458          |
|    ep_rew_mean          | 27           |
| time/                   |              |
|    fps                  | 3            |
|    iterations           | 260          |
|    time_elapsed         | 38146        |
|    total_timesteps      | 133120       |
| train/                  |              |
|    approx_kl            | 0.0024562867 |
|    clip_fraction        | 0.0285       |
|    clip_range           | 0.2          |
|    entropy_loss         | -0.384       |
|    explained_variance   | 0.213        |
|    learning_rate        | 0.0003       |
|    loss                 | 0.0132       |
|    n_updates            | 2590         |
|    policy_gradient_loss | -0.00227     |
|    value_loss           | 0.035        |
------------------------------------------
----------------------------------------
| rollout/                |            |
|    ep_len_mean          | 458        |
|    ep_rew_mean          | 27         |
| time/                   |            |
|    fps                  | 3          |
|    iterations           | 261        |
|    time_elapsed         | 38232      |
|    total_timesteps      | 133632     |
| train/                  |            |
|    approx_kl            | 0.00462572 |
|    clip_fraction        | 0.0414     |
|    clip_range           | 0.2        |
|    entropy_loss         | -0.321     |
|    explained_variance   | 0.63       |
|    learning_rate        | 0.0003     |
|    loss                 | -0.0052    |
|    n_updates            | 2600       |
|    policy_gradient_loss | -0.0028    |
|    value_loss           | 0.0173     |
----------------------------------------
------------------------------------------
| rollout/                |              |
|    ep_len_mean          | 458          |
|    ep_rew_mean          | 27           |
| time/                   |              |
|    fps                  | 3            |
|    iterations           | 262          |
|    time_elapsed         | 38318        |
|    total_timesteps      | 134144       |
| train/                  |              |
|    approx_kl            | 0.0045645307 |
|    clip_fraction        | 0.0213       |
|    clip_range           | 0.2          |
|    entropy_loss         | -0.277       |
|    explained_variance   | 0.863        |
|    learning_rate        | 0.0003       |
|    loss                 | -0.007       |
|    n_updates            | 2610         |
|    policy_gradient_loss | -0.00373     |
|    value_loss           | 0.0106       |
------------------------------------------
------------------------------------------
| rollout/                |              |
|    ep_len_mean          | 458          |
|    ep_rew_mean          | 27           |
| time/                   |              |
|    fps                  | 3            |
|    iterations           | 263          |
|    time_elapsed         | 38401        |
|    total_timesteps      | 134656       |
| train/                  |              |
|    approx_kl            | 0.0036808806 |
|    clip_fraction        | 0.0246       |
|    clip_range           | 0.2          |
|    entropy_loss         | -0.306       |
|    explained_variance   | 0.135        |
|    learning_rate        | 0.0003       |
|    loss                 | -0.0148      |
|    n_updates            | 2620         |
|    policy_gradient_loss | -0.00611     |
|    value_loss           | 0.0348       |
------------------------------------------
----------------------------------------
| rollout/                |            |
|    ep_len_mean          | 458        |
|    ep_rew_mean          | 26.9       |
| time/                   |            |
|    fps                  | 3          |
|    iterations           | 264        |
|    time_elapsed         | 38486      |
|    total_timesteps      | 135168     |
| train/                  |            |
|    approx_kl            | 0.01695989 |
|    clip_fraction        | 0.0555     |
|    clip_range           | 0.2        |
|    entropy_loss         | -0.263     |
|    explained_variance   | 0.733      |
|    learning_rate        | 0.0003     |
|    loss                 | 0.0062     |
|    n_updates            | 2630       |
|    policy_gradient_loss | -0.0045    |
|    value_loss           | 0.00524    |
----------------------------------------
-------------------------------------------
| rollout/                |               |
|    ep_len_mean          | 458           |
|    ep_rew_mean          | 26.9          |
| time/                   |               |
|    fps                  | 3             |
|    iterations           | 265           |
|    time_elapsed         | 38573         |
|    total_timesteps      | 135680        |
| train/                  |               |
|    approx_kl            | 0.00057746656 |
|    clip_fraction        | 0.0111        |
|    clip_range           | 0.2           |
|    entropy_loss         | -0.21         |
|    explained_variance   | 0.921         |
|    learning_rate        | 0.0003        |
|    loss                 | 0.00216       |
|    n_updates            | 2640          |
|    policy_gradient_loss | -0.00128      |
|    value_loss           | 0.00317       |
-------------------------------------------
------------------------------------------
| rollout/                |              |
|    ep_len_mean          | 458          |
|    ep_rew_mean          | 26.9         |
| time/                   |              |
|    fps                  | 3            |
|    iterations           | 266          |
|    time_elapsed         | 38659        |
|    total_timesteps      | 136192       |
| train/                  |              |
|    approx_kl            | 0.0008233164 |
|    clip_fraction        | 0.00566      |
|    clip_range           | 0.2          |
|    entropy_loss         | -0.221       |
|    explained_variance   | 0.928        |
|    learning_rate        | 0.0003       |
|    loss                 | -0.00615     |
|    n_updates            | 2650         |
|    policy_gradient_loss | -0.0024      |
|    value_loss           | 0.00276      |
------------------------------------------
-----------------------------------------
| rollout/                |             |
|    ep_len_mean          | 458         |
|    ep_rew_mean          | 26.9        |
| time/                   |             |
|    fps                  | 3           |
|    iterations           | 267         |
|    time_elapsed         | 38744       |
|    total_timesteps      | 136704      |
| train/                  |             |
|    approx_kl            | 0.002109934 |
|    clip_fraction        | 0.0217      |
|    clip_range           | 0.2         |
|    entropy_loss         | -0.216      |
|    explained_variance   | 0.783       |
|    learning_rate        | 0.0003      |
|    loss                 | -0.00652    |
|    n_updates            | 2660        |
|    policy_gradient_loss | -0.00466    |
|    value_loss           | 0.0122      |
-----------------------------------------
------------------------------------------
| rollout/                |              |
|    ep_len_mean          | 458          |
|    ep_rew_mean          | 26.9         |
| time/                   |              |
|    fps                  | 3            |
|    iterations           | 268          |
|    time_elapsed         | 38830        |
|    total_timesteps      | 137216       |
| train/                  |              |
|    approx_kl            | 0.0013950643 |
|    clip_fraction        | 0.0248       |
|    clip_range           | 0.2          |
|    entropy_loss         | -0.238       |
|    explained_variance   | 0.7          |
|    learning_rate        | 0.0003       |
|    loss                 | 0.0192       |
|    n_updates            | 2670         |
|    policy_gradient_loss | -0.00168     |
|    value_loss           | 0.0412       |
------------------------------------------
-----------------------------------------
| rollout/                |             |
|    ep_len_mean          | 458         |
|    ep_rew_mean          | 26.9        |
| time/                   |             |
|    fps                  | 3           |
|    iterations           | 269         |
|    time_elapsed         | 38917       |
|    total_timesteps      | 137728      |
| train/                  |             |
|    approx_kl            | 0.022526348 |
|    clip_fraction        | 0.106       |
|    clip_range           | 0.2         |
|    entropy_loss         | -0.407      |
|    explained_variance   | 0.563       |
|    learning_rate        | 0.0003      |
|    loss                 | -0.0195     |
|    n_updates            | 2680        |
|    policy_gradient_loss | -0.016      |
|    value_loss           | 0.0132      |
-----------------------------------------
------------------------------------------
| rollout/                |              |
|    ep_len_mean          | 458          |
|    ep_rew_mean          | 26.9         |
| time/                   |              |
|    fps                  | 3            |
|    iterations           | 270          |
|    time_elapsed         | 39003        |
|    total_timesteps      | 138240       |
| train/                  |              |
|    approx_kl            | 0.0064840307 |
|    clip_fraction        | 0.0646       |
|    clip_range           | 0.2          |
|    entropy_loss         | -0.4         |
|    explained_variance   | 0.889        |
|    learning_rate        | 0.0003       |
|    loss                 | -0.00389     |
|    n_updates            | 2690         |
|    policy_gradient_loss | -0.00389     |
|    value_loss           | 0.00319      |
------------------------------------------
-----------------------------------------
| rollout/                |             |
|    ep_len_mean          | 455         |
|    ep_rew_mean          | 26.6        |
| time/                   |             |
|    fps                  | 3           |
|    iterations           | 271         |
|    time_elapsed         | 39089       |
|    total_timesteps      | 138752      |
| train/                  |             |
|    approx_kl            | 0.019044105 |
|    clip_fraction        | 0.0977      |
|    clip_range           | 0.2         |
|    entropy_loss         | -0.436      |
|    explained_variance   | 0.885       |
|    learning_rate        | 0.0003      |
|    loss                 | 0.03        |
|    n_updates            | 2700        |
|    policy_gradient_loss | -0.00763    |
|    value_loss           | 0.00284     |
-----------------------------------------
----------------------------------------
| rollout/                |            |
|    ep_len_mean          | 455        |
|    ep_rew_mean          | 26.6       |
| time/                   |            |
|    fps                  | 3          |
|    iterations           | 272        |
|    time_elapsed         | 39174      |
|    total_timesteps      | 139264     |
| train/                  |            |
|    approx_kl            | 0.04629168 |
|    clip_fraction        | 0.162      |
|    clip_range           | 0.2        |
|    entropy_loss         | -0.338     |
|    explained_variance   | -0.00487   |
|    learning_rate        | 0.0003     |
|    loss                 | 0.0505     |
|    n_updates            | 2710       |
|    policy_gradient_loss | -0.0047    |
|    value_loss           | 1.96       |
----------------------------------------
-----------------------------------------
| rollout/                |             |
|    ep_len_mean          | 455         |
|    ep_rew_mean          | 26.6        |
| time/                   |             |
|    fps                  | 3           |
|    iterations           | 273         |
|    time_elapsed         | 39258       |
|    total_timesteps      | 139776      |
| train/                  |             |
|    approx_kl            | 0.022832876 |
|    clip_fraction        | 0.152       |
|    clip_range           | 0.2         |
|    entropy_loss         | -0.513      |
|    explained_variance   | -1.76       |
|    learning_rate        | 0.0003      |
|    loss                 | 0.0401      |
|    n_updates            | 2720        |
|    policy_gradient_loss | -0.0064     |
|    value_loss           | 0.0815      |
-----------------------------------------
-----------------------------------------
| rollout/                |             |
|    ep_len_mean          | 455         |
|    ep_rew_mean          | 26.6        |
| time/                   |             |
|    fps                  | 3           |
|    iterations           | 274         |
|    time_elapsed         | 39345       |
|    total_timesteps      | 140288      |
| train/                  |             |
|    approx_kl            | 0.009053813 |
|    clip_fraction        | 0.118       |
|    clip_range           | 0.2         |
|    entropy_loss         | -0.477      |
|    explained_variance   | -0.143      |
|    learning_rate        | 0.0003      |
|    loss                 | -0.0215     |
|    n_updates            | 2730        |
|    policy_gradient_loss | -0.0188     |
|    value_loss           | 0.0647      |
-----------------------------------------
-----------------------------------------
| rollout/                |             |
|    ep_len_mean          | 455         |
|    ep_rew_mean          | 26.6        |
| time/                   |             |
|    fps                  | 3           |
|    iterations           | 275         |
|    time_elapsed         | 39430       |
|    total_timesteps      | 140800      |
| train/                  |             |
|    approx_kl            | 0.009569867 |
|    clip_fraction        | 0.073       |
|    clip_range           | 0.2         |
|    entropy_loss         | -0.498      |
|    explained_variance   | 0.141       |
|    learning_rate        | 0.0003      |
|    loss                 | 0.0054      |
|    n_updates            | 2740        |
|    policy_gradient_loss | -0.0074     |
|    value_loss           | 0.0666      |
-----------------------------------------
------------------------------------------
| rollout/                |              |
|    ep_len_mean          | 455          |
|    ep_rew_mean          | 26.6         |
| time/                   |              |
|    fps                  | 3            |
|    iterations           | 276          |
|    time_elapsed         | 39515        |
|    total_timesteps      | 141312       |
| train/                  |              |
|    approx_kl            | 0.0056186067 |
|    clip_fraction        | 0.0959       |
|    clip_range           | 0.2          |
|    entropy_loss         | -0.411       |
|    explained_variance   | 0.875        |
|    learning_rate        | 0.0003       |
|    loss                 | -0.0111      |
|    n_updates            | 2750         |
|    policy_gradient_loss | -0.00579     |
|    value_loss           | 0.00643      |
------------------------------------------
-----------------------------------------
| rollout/                |             |
|    ep_len_mean          | 456         |
|    ep_rew_mean          | 26.8        |
| time/                   |             |
|    fps                  | 3           |
|    iterations           | 277         |
|    time_elapsed         | 39600       |
|    total_timesteps      | 141824      |
| train/                  |             |
|    approx_kl            | 0.006872192 |
|    clip_fraction        | 0.0527      |
|    clip_range           | 0.2         |
|    entropy_loss         | -0.339      |
|    explained_variance   | 0.533       |
|    learning_rate        | 0.0003      |
|    loss                 | -0.00122    |
|    n_updates            | 2760        |
|    policy_gradient_loss | -0.00753    |
|    value_loss           | 0.0158      |
-----------------------------------------
-----------------------------------------
| rollout/                |             |
|    ep_len_mean          | 456         |
|    ep_rew_mean          | 26.8        |
| time/                   |             |
|    fps                  | 3           |
|    iterations           | 278         |
|    time_elapsed         | 39687       |
|    total_timesteps      | 142336      |
| train/                  |             |
|    approx_kl            | 0.008974586 |
|    clip_fraction        | 0.0924      |
|    clip_range           | 0.2         |
|    entropy_loss         | -0.309      |
|    explained_variance   | -0.149      |
|    learning_rate        | 0.0003      |
|    loss                 | -0.0202     |
|    n_updates            | 2770        |
|    policy_gradient_loss | 0.00742     |
|    value_loss           | 0.0452      |
-----------------------------------------
------------------------------------------
| rollout/                |              |
|    ep_len_mean          | 456          |
|    ep_rew_mean          | 26.8         |
| time/                   |              |
|    fps                  | 3            |
|    iterations           | 279          |
|    time_elapsed         | 39773        |
|    total_timesteps      | 142848       |
| train/                  |              |
|    approx_kl            | 0.0017350422 |
|    clip_fraction        | 0.0107       |
|    clip_range           | 0.2          |
|    entropy_loss         | -0.272       |
|    explained_variance   | 0.79         |
|    learning_rate        | 0.0003       |
|    loss                 | -0.00186     |
|    n_updates            | 2780         |
|    policy_gradient_loss | -0.00259     |
|    value_loss           | 0.00732      |
------------------------------------------
------------------------------------------
| rollout/                |              |
|    ep_len_mean          | 456          |
|    ep_rew_mean          | 26.8         |
| time/                   |              |
|    fps                  | 3            |
|    iterations           | 280          |
|    time_elapsed         | 39859        |
|    total_timesteps      | 143360       |
| train/                  |              |
|    approx_kl            | 0.0016410648 |
|    clip_fraction        | 0.0105       |
|    clip_range           | 0.2          |
|    entropy_loss         | -0.256       |
|    explained_variance   | 0.857        |
|    learning_rate        | 0.0003       |
|    loss                 | 0.000545     |
|    n_updates            | 2790         |
|    policy_gradient_loss | -0.00846     |
|    value_loss           | 0.0042       |
------------------------------------------
-----------------------------------------
| rollout/                |             |
|    ep_len_mean          | 456         |
|    ep_rew_mean          | 26.8        |
| time/                   |             |
|    fps                  | 3           |
|    iterations           | 281         |
|    time_elapsed         | 39945       |
|    total_timesteps      | 143872      |
| train/                  |             |
|    approx_kl            | 0.002467353 |
|    clip_fraction        | 0.0166      |
|    clip_range           | 0.2         |
|    entropy_loss         | -0.288      |
|    explained_variance   | 0.938       |
|    learning_rate        | 0.0003      |
|    loss                 | 0.00068     |
|    n_updates            | 2800        |
|    policy_gradient_loss | -0.00268    |
|    value_loss           | 0.00292     |
-----------------------------------------
-----------------------------------------
| rollout/                |             |
|    ep_len_mean          | 457         |
|    ep_rew_mean          | 26.9        |
| time/                   |             |
|    fps                  | 3           |
|    iterations           | 282         |
|    time_elapsed         | 40031       |
|    total_timesteps      | 144384      |
| train/                  |             |
|    approx_kl            | 0.004899512 |
|    clip_fraction        | 0.0361      |
|    clip_range           | 0.2         |
|    entropy_loss         | -0.282      |
|    explained_variance   | 0.842       |
|    learning_rate        | 0.0003      |
|    loss                 | -0.0151     |
|    n_updates            | 2810        |
|    policy_gradient_loss | -0.00564    |
|    value_loss           | 0.00399     |
-----------------------------------------
------------------------------------------
| rollout/                |              |
|    ep_len_mean          | 457          |
|    ep_rew_mean          | 26.9         |
| time/                   |              |
|    fps                  | 3            |
|    iterations           | 283          |
|    time_elapsed         | 40117        |
|    total_timesteps      | 144896       |
| train/                  |              |
|    approx_kl            | 0.0019231779 |
|    clip_fraction        | 0.0187       |
|    clip_range           | 0.2          |
|    entropy_loss         | -0.284       |
|    explained_variance   | 0.877        |
|    learning_rate        | 0.0003       |
|    loss                 | -0.00342     |
|    n_updates            | 2820         |
|    policy_gradient_loss | -0.00144     |
|    value_loss           | 0.00551      |
------------------------------------------
------------------------------------------
| rollout/                |              |
|    ep_len_mean          | 457          |
|    ep_rew_mean          | 26.9         |
| time/                   |              |
|    fps                  | 3            |
|    iterations           | 284          |
|    time_elapsed         | 40203        |
|    total_timesteps      | 145408       |
| train/                  |              |
|    approx_kl            | 0.0022488837 |
|    clip_fraction        | 0.0189       |
|    clip_range           | 0.2          |
|    entropy_loss         | -0.247       |
|    explained_variance   | 0.756        |
|    learning_rate        | 0.0003       |
|    loss                 | -0.00762     |
|    n_updates            | 2830         |
|    policy_gradient_loss | -0.00483     |
|    value_loss           | 0.00811      |
------------------------------------------
-----------------------------------------
| rollout/                |             |
|    ep_len_mean          | 457         |
|    ep_rew_mean          | 26.9        |
| time/                   |             |
|    fps                  | 3           |
|    iterations           | 285         |
|    time_elapsed         | 40291       |
|    total_timesteps      | 145920      |
| train/                  |             |
|    approx_kl            | 0.003302921 |
|    clip_fraction        | 0.06        |
|    clip_range           | 0.2         |
|    entropy_loss         | -0.212      |
|    explained_variance   | 0.84        |
|    learning_rate        | 0.0003      |
|    loss                 | 0.00242     |
|    n_updates            | 2840        |
|    policy_gradient_loss | -0.00505    |
|    value_loss           | 0.00283     |
-----------------------------------------
-----------------------------------------
| rollout/                |             |
|    ep_len_mean          | 457         |
|    ep_rew_mean          | 26.9        |
| time/                   |             |
|    fps                  | 3           |
|    iterations           | 286         |
|    time_elapsed         | 40377       |
|    total_timesteps      | 146432      |
| train/                  |             |
|    approx_kl            | 0.027500113 |
|    clip_fraction        | 0.0389      |
|    clip_range           | 0.2         |
|    entropy_loss         | -0.267      |
|    explained_variance   | 0.924       |
|    learning_rate        | 0.0003      |
|    loss                 | -0.0442     |
|    n_updates            | 2850        |
|    policy_gradient_loss | -0.0047     |
|    value_loss           | 0.00167     |
-----------------------------------------
-----------------------------------------
| rollout/                |             |
|    ep_len_mean          | 457         |
|    ep_rew_mean          | 26.9        |
| time/                   |             |
|    fps                  | 3           |
|    iterations           | 287         |
|    time_elapsed         | 40463       |
|    total_timesteps      | 146944      |
| train/                  |             |
|    approx_kl            | 0.005085594 |
|    clip_fraction        | 0.0285      |
|    clip_range           | 0.2         |
|    entropy_loss         | -0.293      |
|    explained_variance   | 0.97        |
|    learning_rate        | 0.0003      |
|    loss                 | 0.00515     |
|    n_updates            | 2860        |
|    policy_gradient_loss | -0.00164    |
|    value_loss           | 0.00148     |
-----------------------------------------
------------------------------------------
| rollout/                |              |
|    ep_len_mean          | 457          |
|    ep_rew_mean          | 26.9         |
| time/                   |              |
|    fps                  | 3            |
|    iterations           | 288          |
|    time_elapsed         | 40548        |
|    total_timesteps      | 147456       |
| train/                  |              |
|    approx_kl            | 0.0008108488 |
|    clip_fraction        | 0.0131       |
|    clip_range           | 0.2          |
|    entropy_loss         | -0.328       |
|    explained_variance   | -0.049       |
|    learning_rate        | 0.0003       |
|    loss                 | -9.98e-05    |
|    n_updates            | 2870         |
|    policy_gradient_loss | 0.00151      |
|    value_loss           | 0.00897      |
------------------------------------------
------------------------------------------
| rollout/                |              |
|    ep_len_mean          | 457          |
|    ep_rew_mean          | 27           |
| time/                   |              |
|    fps                  | 3            |
|    iterations           | 289          |
|    time_elapsed         | 40633        |
|    total_timesteps      | 147968       |
| train/                  |              |
|    approx_kl            | 0.0036729719 |
|    clip_fraction        | 0.0217       |
|    clip_range           | 0.2          |
|    entropy_loss         | -0.297       |
|    explained_variance   | 0.896        |
|    learning_rate        | 0.0003       |
|    loss                 | 0.00567      |
|    n_updates            | 2880         |
|    policy_gradient_loss | -0.0012      |
|    value_loss           | 0.00324      |
------------------------------------------
------------------------------------------
| rollout/                |              |
|    ep_len_mean          | 457          |
|    ep_rew_mean          | 27           |
| time/                   |              |
|    fps                  | 3            |
|    iterations           | 290          |
|    time_elapsed         | 40719        |
|    total_timesteps      | 148480       |
| train/                  |              |
|    approx_kl            | 0.0015996067 |
|    clip_fraction        | 0.018        |
|    clip_range           | 0.2          |
|    entropy_loss         | -0.29        |
|    explained_variance   | 0.683        |
|    learning_rate        | 0.0003       |
|    loss                 | -0.0138      |
|    n_updates            | 2890         |
|    policy_gradient_loss | -0.00217     |
|    value_loss           | 0.00842      |
------------------------------------------
----------------------------------------
| rollout/                |            |
|    ep_len_mean          | 457        |
|    ep_rew_mean          | 27         |
| time/                   |            |
|    fps                  | 3          |
|    iterations           | 291        |
|    time_elapsed         | 40806      |
|    total_timesteps      | 148992     |
| train/                  |            |
|    approx_kl            | 0.00345563 |
|    clip_fraction        | 0.0166     |
|    clip_range           | 0.2        |
|    entropy_loss         | -0.23      |
|    explained_variance   | 0.795      |
|    learning_rate        | 0.0003     |
|    loss                 | -0.00245   |
|    n_updates            | 2900       |
|    policy_gradient_loss | -0.00239   |
|    value_loss           | 0.00322    |
----------------------------------------
------------------------------------------
| rollout/                |              |
|    ep_len_mean          | 457          |
|    ep_rew_mean          | 27           |
| time/                   |              |
|    fps                  | 3            |
|    iterations           | 292          |
|    time_elapsed         | 40893        |
|    total_timesteps      | 149504       |
| train/                  |              |
|    approx_kl            | 0.0020007323 |
|    clip_fraction        | 0.0191       |
|    clip_range           | 0.2          |
|    entropy_loss         | -0.215       |
|    explained_variance   | 0.0625       |
|    learning_rate        | 0.0003       |
|    loss                 | 0.000482     |
|    n_updates            | 2910         |
|    policy_gradient_loss | -0.00429     |
|    value_loss           | 0.0366       |
------------------------------------------
----------------------------------------
| rollout/                |            |
|    ep_len_mean          | 459        |
|    ep_rew_mean          | 27.2       |
| time/                   |            |
|    fps                  | 3          |
|    iterations           | 293        |
|    time_elapsed         | 40980      |
|    total_timesteps      | 150016     |
| train/                  |            |
|    approx_kl            | 0.03164377 |
|    clip_fraction        | 0.0354     |
|    clip_range           | 0.2        |
|    entropy_loss         | -0.288     |
|    explained_variance   | 0.477      |
|    learning_rate        | 0.0003     |
|    loss                 | -0.0345    |
|    n_updates            | 2920       |
|    policy_gradient_loss | -0.00655   |
|    value_loss           | 0.00857    |
----------------------------------------
Saved trained model to data/processed/models/ppo_connectome_seed0.zip
