<frozen importlib._bootstrap>:491: RuntimeWarning: Your system is avx2 capable but pygame was not built with support for it. The performance of some of your blits could be adversely affected. Consider enabling compile time detection with environment variables like PYGAME_DETECT_AVX2=1 if you are compiling without cross compilation.
/home/masasa23/projects/personal/oink-oink/oink/network.py:72: UserWarning: Sparse invariant checks are implicitly disabled. Memory errors (e.g. SEGFAULT) will occur when operating on a sparse tensor which violates the invariants, but checks incur performance overhead. To silence this warning, explicitly opt in or out. See `torch.sparse.check_sparse_tensor_invariants.__doc__` for guidance.  (Triggered internally at /__w/pytorch/pytorch/aten/src/ATen/Context.cpp:848.)
  weight = torch.sparse_coo_tensor(self.indices, self.values, self.shape)
Using cpu device
---------------------------------
| rollout/           |          |
|    ep_len_mean     | 142      |
|    ep_rew_mean     | -1.98    |
| time/              |          |
|    fps             | 390      |
|    iterations      | 1        |
|    time_elapsed    | 1        |
|    total_timesteps | 512      |
---------------------------------
-----------------------------------------
| rollout/                |             |
|    ep_len_mean          | 121         |
|    ep_rew_mean          | -3.16       |
| time/                   |             |
|    fps                  | 11          |
|    iterations           | 2           |
|    time_elapsed         | 93          |
|    total_timesteps      | 1024        |
| train/                  |             |
|    approx_kl            | 0.009041184 |
|    clip_fraction        | 0.0127      |
|    clip_range           | 0.2         |
|    entropy_loss         | -1.1        |
|    explained_variance   | 0.0751      |
|    learning_rate        | 0.0003      |
|    loss                 | 1.6         |
|    n_updates            | 10          |
|    policy_gradient_loss | -0.00344    |
|    value_loss           | 2.5         |
-----------------------------------------
-----------------------------------------
| rollout/                |             |
|    ep_len_mean          | 143         |
|    ep_rew_mean          | -1.74       |
| time/                   |             |
|    fps                  | 8           |
|    iterations           | 3           |
|    time_elapsed         | 184         |
|    total_timesteps      | 1536        |
| train/                  |             |
|    approx_kl            | 0.015839662 |
|    clip_fraction        | 0.104       |
|    clip_range           | 0.2         |
|    entropy_loss         | -1.08       |
|    explained_variance   | 0.301       |
|    learning_rate        | 0.0003      |
|    loss                 | 0.671       |
|    n_updates            | 20          |
|    policy_gradient_loss | -0.00823    |
|    value_loss           | 3.44        |
-----------------------------------------
------------------------------------------
| rollout/                |              |
|    ep_len_mean          | 165          |
|    ep_rew_mean          | -0.396       |
| time/                   |              |
|    fps                  | 7            |
|    iterations           | 4            |
|    time_elapsed         | 270          |
|    total_timesteps      | 2048         |
| train/                  |              |
|    approx_kl            | 0.0114365155 |
|    clip_fraction        | 0.104        |
|    clip_range           | 0.2          |
|    entropy_loss         | -1.04        |
|    explained_variance   | 0.65         |
|    learning_rate        | 0.0003       |
|    loss                 | 0.915        |
|    n_updates            | 30           |
|    policy_gradient_loss | -0.0015      |
|    value_loss           | 1.86         |
------------------------------------------
------------------------------------------
| rollout/                |              |
|    ep_len_mean          | 164          |
|    ep_rew_mean          | -0.457       |
| time/                   |              |
|    fps                  | 7            |
|    iterations           | 5            |
|    time_elapsed         | 359          |
|    total_timesteps      | 2560         |
| train/                  |              |
|    approx_kl            | 0.0035802852 |
|    clip_fraction        | 0.0209       |
|    clip_range           | 0.2          |
|    entropy_loss         | -1.03        |
|    explained_variance   | 0.557        |
|    learning_rate        | 0.0003       |
|    loss                 | 1.23         |
|    n_updates            | 40           |
|    policy_gradient_loss | -0.0056      |
|    value_loss           | 2.43         |
------------------------------------------
-----------------------------------------
| rollout/                |             |
|    ep_len_mean          | 173         |
|    ep_rew_mean          | 0.0882      |
| time/                   |             |
|    fps                  | 6           |
|    iterations           | 6           |
|    time_elapsed         | 445         |
|    total_timesteps      | 3072        |
| train/                  |             |
|    approx_kl            | 0.011842216 |
|    clip_fraction        | 0.0725      |
|    clip_range           | 0.2         |
|    entropy_loss         | -1.04       |
|    explained_variance   | 0.603       |
|    learning_rate        | 0.0003      |
|    loss                 | 1.27        |
|    n_updates            | 50          |
|    policy_gradient_loss | -0.00827    |
|    value_loss           | 3.04        |
-----------------------------------------
-----------------------------------------
| rollout/                |             |
|    ep_len_mean          | 175         |
|    ep_rew_mean          | 0.244       |
| time/                   |             |
|    fps                  | 6           |
|    iterations           | 7           |
|    time_elapsed         | 535         |
|    total_timesteps      | 3584        |
| train/                  |             |
|    approx_kl            | 0.011917324 |
|    clip_fraction        | 0.113       |
|    clip_range           | 0.2         |
|    entropy_loss         | -1.05       |
|    explained_variance   | 0.42        |
|    learning_rate        | 0.0003      |
|    loss                 | 0.56        |
|    n_updates            | 60          |
|    policy_gradient_loss | -0.0117     |
|    value_loss           | 2.59        |
-----------------------------------------
-----------------------------------------
| rollout/                |             |
|    ep_len_mean          | 188         |
|    ep_rew_mean          | 1.05        |
| time/                   |             |
|    fps                  | 6           |
|    iterations           | 8           |
|    time_elapsed         | 623         |
|    total_timesteps      | 4096        |
| train/                  |             |
|    approx_kl            | 0.015535353 |
|    clip_fraction        | 0.16        |
|    clip_range           | 0.2         |
|    entropy_loss         | -1.03       |
|    explained_variance   | 0.254       |
|    learning_rate        | 0.0003      |
|    loss                 | 0.279       |
|    n_updates            | 70          |
|    policy_gradient_loss | -0.0111     |
|    value_loss           | 1.45        |
-----------------------------------------
-----------------------------------------
| rollout/                |             |
|    ep_len_mean          | 203         |
|    ep_rew_mean          | 2.51        |
| time/                   |             |
|    fps                  | 6           |
|    iterations           | 9           |
|    time_elapsed         | 710         |
|    total_timesteps      | 4608        |
| train/                  |             |
|    approx_kl            | 0.023865819 |
|    clip_fraction        | 0.171       |
|    clip_range           | 0.2         |
|    entropy_loss         | -1.03       |
|    explained_variance   | 0.0275      |
|    learning_rate        | 0.0003      |
|    loss                 | 0.808       |
|    n_updates            | 80          |
|    policy_gradient_loss | -0.00293    |
|    value_loss           | 2.3         |
-----------------------------------------
----------------------------------------
| rollout/                |            |
|    ep_len_mean          | 216        |
|    ep_rew_mean          | 3.83       |
| time/                   |            |
|    fps                  | 6          |
|    iterations           | 10         |
|    time_elapsed         | 800        |
|    total_timesteps      | 5120       |
| train/                  |            |
|    approx_kl            | 0.00901262 |
|    clip_fraction        | 0.0814     |
|    clip_range           | 0.2        |
|    entropy_loss         | -1.04      |
|    explained_variance   | 0.0901     |
|    learning_rate        | 0.0003     |
|    loss                 | -0.000807  |
|    n_updates            | 90         |
|    policy_gradient_loss | -0.00839   |
|    value_loss           | 0.386      |
----------------------------------------
-----------------------------------------
| rollout/                |             |
|    ep_len_mean          | 229         |
|    ep_rew_mean          | 5.04        |
| time/                   |             |
|    fps                  | 6           |
|    iterations           | 11          |
|    time_elapsed         | 889         |
|    total_timesteps      | 5632        |
| train/                  |             |
|    approx_kl            | 0.011007713 |
|    clip_fraction        | 0.102       |
|    clip_range           | 0.2         |
|    entropy_loss         | -1.02       |
|    explained_variance   | 0.383       |
|    learning_rate        | 0.0003      |
|    loss                 | 0.00386     |
|    n_updates            | 100         |
|    policy_gradient_loss | -0.00855    |
|    value_loss           | 0.239       |
-----------------------------------------
-----------------------------------------
| rollout/                |             |
|    ep_len_mean          | 240         |
|    ep_rew_mean          | 6.11        |
| time/                   |             |
|    fps                  | 6           |
|    iterations           | 12          |
|    time_elapsed         | 978         |
|    total_timesteps      | 6144        |
| train/                  |             |
|    approx_kl            | 0.009371999 |
|    clip_fraction        | 0.0879      |
|    clip_range           | 0.2         |
|    entropy_loss         | -1          |
|    explained_variance   | -0.0867     |
|    learning_rate        | 0.0003      |
|    loss                 | -0.00783    |
|    n_updates            | 110         |
|    policy_gradient_loss | -0.00716    |
|    value_loss           | 0.115       |
-----------------------------------------
-----------------------------------------
| rollout/                |             |
|    ep_len_mean          | 246         |
|    ep_rew_mean          | 6.7         |
| time/                   |             |
|    fps                  | 6           |
|    iterations           | 13          |
|    time_elapsed         | 1065        |
|    total_timesteps      | 6656        |
| train/                  |             |
|    approx_kl            | 0.022607312 |
|    clip_fraction        | 0.132       |
|    clip_range           | 0.2         |
|    entropy_loss         | -0.979      |
|    explained_variance   | -0.0608     |
|    learning_rate        | 0.0003      |
|    loss                 | 0.0128      |
|    n_updates            | 120         |
|    policy_gradient_loss | -0.011      |
|    value_loss           | 0.101       |
-----------------------------------------
-----------------------------------------
| rollout/                |             |
|    ep_len_mean          | 236         |
|    ep_rew_mean          | 5.89        |
| time/                   |             |
|    fps                  | 6           |
|    iterations           | 14          |
|    time_elapsed         | 1150        |
|    total_timesteps      | 7168        |
| train/                  |             |
|    approx_kl            | 0.016163375 |
|    clip_fraction        | 0.122       |
|    clip_range           | 0.2         |
|    entropy_loss         | -0.974      |
|    explained_variance   | 0.346       |
|    learning_rate        | 0.0003      |
|    loss                 | 0.992       |
|    n_updates            | 130         |
|    policy_gradient_loss | -1.41e-06   |
|    value_loss           | 3.49        |
-----------------------------------------
------------------------------------------
| rollout/                |              |
|    ep_len_mean          | 244          |
|    ep_rew_mean          | 6.72         |
| time/                   |              |
|    fps                  | 6            |
|    iterations           | 15           |
|    time_elapsed         | 1236         |
|    total_timesteps      | 7680         |
| train/                  |              |
|    approx_kl            | 0.0068988586 |
|    clip_fraction        | 0.0537       |
|    clip_range           | 0.2          |
|    entropy_loss         | -0.971       |
|    explained_variance   | 0.473        |
|    learning_rate        | 0.0003       |
|    loss                 | 0.129        |
|    n_updates            | 140          |
|    policy_gradient_loss | -0.0021      |
|    value_loss           | 3.65         |
------------------------------------------
-----------------------------------------
| rollout/                |             |
|    ep_len_mean          | 237         |
|    ep_rew_mean          | 6.15        |
| time/                   |             |
|    fps                  | 6           |
|    iterations           | 16          |
|    time_elapsed         | 1320        |
|    total_timesteps      | 8192        |
| train/                  |             |
|    approx_kl            | 0.012631187 |
|    clip_fraction        | 0.126       |
|    clip_range           | 0.2         |
|    entropy_loss         | -0.975      |
|    explained_variance   | 0.319       |
|    learning_rate        | 0.0003      |
|    loss                 | 0.0095      |
|    n_updates            | 150         |
|    policy_gradient_loss | -0.00827    |
|    value_loss           | 0.238       |
-----------------------------------------
------------------------------------------
| rollout/                |              |
|    ep_len_mean          | 244          |
|    ep_rew_mean          | 6.46         |
| time/                   |              |
|    fps                  | 6            |
|    iterations           | 17           |
|    time_elapsed         | 1406         |
|    total_timesteps      | 8704         |
| train/                  |              |
|    approx_kl            | 0.0101758335 |
|    clip_fraction        | 0.0744       |
|    clip_range           | 0.2          |
|    entropy_loss         | -0.972       |
|    explained_variance   | 0.68         |
|    learning_rate        | 0.0003       |
|    loss                 | 0.811        |
|    n_updates            | 160          |
|    policy_gradient_loss | -0.00374     |
|    value_loss           | 1.41         |
------------------------------------------
------------------------------------------
| rollout/                |              |
|    ep_len_mean          | 251          |
|    ep_rew_mean          | 7.16         |
| time/                   |              |
|    fps                  | 6            |
|    iterations           | 18           |
|    time_elapsed         | 1494         |
|    total_timesteps      | 9216         |
| train/                  |              |
|    approx_kl            | 0.0051421006 |
|    clip_fraction        | 0.049        |
|    clip_range           | 0.2          |
|    entropy_loss         | -0.978       |
|    explained_variance   | 0.876        |
|    learning_rate        | 0.0003       |
|    loss                 | 0.223        |
|    n_updates            | 170          |
|    policy_gradient_loss | -0.00125     |
|    value_loss           | 0.739        |
------------------------------------------
----------------------------------------
| rollout/                |            |
|    ep_len_mean          | 258        |
|    ep_rew_mean          | 7.8        |
| time/                   |            |
|    fps                  | 6          |
|    iterations           | 19         |
|    time_elapsed         | 1581       |
|    total_timesteps      | 9728       |
| train/                  |            |
|    approx_kl            | 0.00808127 |
|    clip_fraction        | 0.091      |
|    clip_range           | 0.2        |
|    entropy_loss         | -0.999     |
|    explained_variance   | 0.652      |
|    learning_rate        | 0.0003     |
|    loss                 | 0.102      |
|    n_updates            | 180        |
|    policy_gradient_loss | 0.00487    |
|    value_loss           | 0.329      |
----------------------------------------
-----------------------------------------
| rollout/                |             |
|    ep_len_mean          | 264         |
|    ep_rew_mean          | 8.43        |
| time/                   |             |
|    fps                  | 3           |
|    iterations           | 20          |
|    time_elapsed         | 3105        |
|    total_timesteps      | 10240       |
| train/                  |             |
|    approx_kl            | 0.008746171 |
|    clip_fraction        | 0.0967      |
|    clip_range           | 0.2         |
|    entropy_loss         | -0.99       |
|    explained_variance   | 0.439       |
|    learning_rate        | 0.0003      |
|    loss                 | 0.00839     |
|    n_updates            | 190         |
|    policy_gradient_loss | -0.0088     |
|    value_loss           | 0.194       |
-----------------------------------------
-----------------------------------------
| rollout/                |             |
|    ep_len_mean          | 270         |
|    ep_rew_mean          | 9.02        |
| time/                   |             |
|    fps                  | 3           |
|    iterations           | 21          |
|    time_elapsed         | 3189        |
|    total_timesteps      | 10752       |
| train/                  |             |
|    approx_kl            | 0.016177753 |
|    clip_fraction        | 0.177       |
|    clip_range           | 0.2         |
|    entropy_loss         | -0.943      |
|    explained_variance   | 0.214       |
|    learning_rate        | 0.0003      |
|    loss                 | 0.0199      |
|    n_updates            | 200         |
|    policy_gradient_loss | -0.0172     |
|    value_loss           | 0.0793      |
-----------------------------------------
-----------------------------------------
| rollout/                |             |
|    ep_len_mean          | 276         |
|    ep_rew_mean          | 9.59        |
| time/                   |             |
|    fps                  | 3           |
|    iterations           | 22          |
|    time_elapsed         | 3275        |
|    total_timesteps      | 11264       |
| train/                  |             |
|    approx_kl            | 0.008840617 |
|    clip_fraction        | 0.0596      |
|    clip_range           | 0.2         |
|    entropy_loss         | -0.851      |
|    explained_variance   | 0.652       |
|    learning_rate        | 0.0003      |
|    loss                 | 0.0131      |
|    n_updates            | 210         |
|    policy_gradient_loss | -0.00671    |
|    value_loss           | 0.0725      |
-----------------------------------------
-----------------------------------------
| rollout/                |             |
|    ep_len_mean          | 281         |
|    ep_rew_mean          | 10.1        |
| time/                   |             |
|    fps                  | 3           |
|    iterations           | 23          |
|    time_elapsed         | 3363        |
|    total_timesteps      | 11776       |
| train/                  |             |
|    approx_kl            | 0.010064746 |
|    clip_fraction        | 0.0822      |
|    clip_range           | 0.2         |
|    entropy_loss         | -0.948      |
|    explained_variance   | -0.193      |
|    learning_rate        | 0.0003      |
|    loss                 | -0.0106     |
|    n_updates            | 220         |
|    policy_gradient_loss | -0.0103     |
|    value_loss           | 0.0884      |
-----------------------------------------
----------------------------------------
| rollout/                |            |
|    ep_len_mean          | 286        |
|    ep_rew_mean          | 10.6       |
| time/                   |            |
|    fps                  | 0          |
|    iterations           | 24         |
|    time_elapsed         | 18083      |
|    total_timesteps      | 12288      |
| train/                  |            |
|    approx_kl            | 0.01005131 |
|    clip_fraction        | 0.0605     |
|    clip_range           | 0.2        |
|    entropy_loss         | -0.9       |
|    explained_variance   | -0.216     |
|    learning_rate        | 0.0003     |
|    loss                 | -0.0105    |
|    n_updates            | 230        |
|    policy_gradient_loss | -0.00692   |
|    value_loss           | 0.0861     |
----------------------------------------
------------------------------------------
| rollout/                |              |
|    ep_len_mean          | 291          |
|    ep_rew_mean          | 11.1         |
| time/                   |              |
|    fps                  | 0            |
|    iterations           | 25           |
|    time_elapsed         | 18167        |
|    total_timesteps      | 12800        |
| train/                  |              |
|    approx_kl            | 0.0065395134 |
|    clip_fraction        | 0.0576       |
|    clip_range           | 0.2          |
|    entropy_loss         | -0.819       |
|    explained_variance   | 0.097        |
|    learning_rate        | 0.0003       |
|    loss                 | 0.0167       |
|    n_updates            | 240          |
|    policy_gradient_loss | -0.00445     |
|    value_loss           | 0.0383       |
------------------------------------------
-----------------------------------------
| rollout/                |             |
|    ep_len_mean          | 292         |
|    ep_rew_mean          | 11.3        |
| time/                   |             |
|    fps                  | 0           |
|    iterations           | 26          |
|    time_elapsed         | 18249       |
|    total_timesteps      | 13312       |
| train/                  |             |
|    approx_kl            | 0.010207878 |
|    clip_fraction        | 0.102       |
|    clip_range           | 0.2         |
|    entropy_loss         | -0.877      |
|    explained_variance   | 0.492       |
|    learning_rate        | 0.0003      |
|    loss                 | -0.0129     |
|    n_updates            | 250         |
|    policy_gradient_loss | -0.012      |
|    value_loss           | 0.0212      |
-----------------------------------------
------------------------------------------
| rollout/                |              |
|    ep_len_mean          | 290          |
|    ep_rew_mean          | 11           |
| time/                   |              |
|    fps                  | 0            |
|    iterations           | 27           |
|    time_elapsed         | 18333        |
|    total_timesteps      | 13824        |
| train/                  |              |
|    approx_kl            | 0.0070737074 |
|    clip_fraction        | 0.0664       |
|    clip_range           | 0.2          |
|    entropy_loss         | -0.849       |
|    explained_variance   | 0.112        |
|    learning_rate        | 0.0003       |
|    loss                 | 0.543        |
|    n_updates            | 260          |
|    policy_gradient_loss | 0.0107       |
|    value_loss           | 1.13         |
------------------------------------------
-----------------------------------------
| rollout/                |             |
|    ep_len_mean          | 291         |
|    ep_rew_mean          | 11.2        |
| time/                   |             |
|    fps                  | 0           |
|    iterations           | 28          |
|    time_elapsed         | 18417       |
|    total_timesteps      | 14336       |
| train/                  |             |
|    approx_kl            | 0.009797356 |
|    clip_fraction        | 0.0865      |
|    clip_range           | 0.2         |
|    entropy_loss         | -0.872      |
|    explained_variance   | -0.0472     |
|    learning_rate        | 0.0003      |
|    loss                 | 0.74        |
|    n_updates            | 270         |
|    policy_gradient_loss | 0.0168      |
|    value_loss           | 3.47        |
-----------------------------------------
------------------------------------------
| rollout/                |              |
|    ep_len_mean          | 295          |
|    ep_rew_mean          | 11.6         |
| time/                   |              |
|    fps                  | 0            |
|    iterations           | 29           |
|    time_elapsed         | 18501        |
|    total_timesteps      | 14848        |
| train/                  |              |
|    approx_kl            | 0.0063399584 |
|    clip_fraction        | 0.0574       |
|    clip_range           | 0.2          |
|    entropy_loss         | -0.871       |
|    explained_variance   | 0.673        |
|    learning_rate        | 0.0003       |
|    loss                 | 0.641        |
|    n_updates            | 280          |
|    policy_gradient_loss | -0.00242     |
|    value_loss           | 1.41         |
------------------------------------------
-----------------------------------------
| rollout/                |             |
|    ep_len_mean          | 299         |
|    ep_rew_mean          | 12          |
| time/                   |             |
|    fps                  | 0           |
|    iterations           | 30          |
|    time_elapsed         | 18584       |
|    total_timesteps      | 15360       |
| train/                  |             |
|    approx_kl            | 0.010274253 |
|    clip_fraction        | 0.114       |
|    clip_range           | 0.2         |
|    entropy_loss         | -0.976      |
|    explained_variance   | -0.245      |
|    learning_rate        | 0.0003      |
|    loss                 | 0.0174      |
|    n_updates            | 290         |
|    policy_gradient_loss | -0.00577    |
|    value_loss           | 0.203       |
-----------------------------------------
----------------------------------------
| rollout/                |            |
|    ep_len_mean          | 303        |
|    ep_rew_mean          | 12.3       |
| time/                   |            |
|    fps                  | 0          |
|    iterations           | 31         |
|    time_elapsed         | 18667      |
|    total_timesteps      | 15872      |
| train/                  |            |
|    approx_kl            | 0.00843438 |
|    clip_fraction        | 0.0691     |
|    clip_range           | 0.2        |
|    entropy_loss         | -0.994     |
|    explained_variance   | 0.502      |
|    learning_rate        | 0.0003     |
|    loss                 | -0.0111    |
|    n_updates            | 300        |
|    policy_gradient_loss | -0.00546   |
|    value_loss           | 0.114      |
----------------------------------------
-----------------------------------------
| rollout/                |             |
|    ep_len_mean          | 303         |
|    ep_rew_mean          | 12.3        |
| time/                   |             |
|    fps                  | 0           |
|    iterations           | 32          |
|    time_elapsed         | 18749       |
|    total_timesteps      | 16384       |
| train/                  |             |
|    approx_kl            | 0.009878388 |
|    clip_fraction        | 0.0785      |
|    clip_range           | 0.2         |
|    entropy_loss         | -0.91       |
|    explained_variance   | 0.479       |
|    learning_rate        | 0.0003      |
|    loss                 | -0.0143     |
|    n_updates            | 310         |
|    policy_gradient_loss | -0.00868    |
|    value_loss           | 0.0301      |
-----------------------------------------
-----------------------------------------
| rollout/                |             |
|    ep_len_mean          | 306         |
|    ep_rew_mean          | 12.5        |
| time/                   |             |
|    fps                  | 0           |
|    iterations           | 33          |
|    time_elapsed         | 18832       |
|    total_timesteps      | 16896       |
| train/                  |             |
|    approx_kl            | 0.024110053 |
|    clip_fraction        | 0.115       |
|    clip_range           | 0.2         |
|    entropy_loss         | -0.948      |
|    explained_variance   | -0.271      |
|    learning_rate        | 0.0003      |
|    loss                 | 0.0561      |
|    n_updates            | 320         |
|    policy_gradient_loss | -0.000863   |
|    value_loss           | 2.39        |
-----------------------------------------
-----------------------------------------
| rollout/                |             |
|    ep_len_mean          | 309         |
|    ep_rew_mean          | 12.8        |
| time/                   |             |
|    fps                  | 0           |
|    iterations           | 34          |
|    time_elapsed         | 18915       |
|    total_timesteps      | 17408       |
| train/                  |             |
|    approx_kl            | 0.012658652 |
|    clip_fraction        | 0.136       |
|    clip_range           | 0.2         |
|    entropy_loss         | -0.882      |
|    explained_variance   | -0.23       |
|    learning_rate        | 0.0003      |
|    loss                 | 0.04        |
|    n_updates            | 330         |
|    policy_gradient_loss | 0.00147     |
|    value_loss           | 1.59        |
-----------------------------------------
-----------------------------------------
| rollout/                |             |
|    ep_len_mean          | 313         |
|    ep_rew_mean          | 13.1        |
| time/                   |             |
|    fps                  | 0           |
|    iterations           | 35          |
|    time_elapsed         | 18997       |
|    total_timesteps      | 17920       |
| train/                  |             |
|    approx_kl            | 0.007983682 |
|    clip_fraction        | 0.103       |
|    clip_range           | 0.2         |
|    entropy_loss         | -0.971      |
|    explained_variance   | -0.211      |
|    learning_rate        | 0.0003      |
|    loss                 | 0.0474      |
|    n_updates            | 340         |
|    policy_gradient_loss | 0.00225     |
|    value_loss           | 0.356       |
-----------------------------------------
-----------------------------------------
| rollout/                |             |
|    ep_len_mean          | 316         |
|    ep_rew_mean          | 13.5        |
| time/                   |             |
|    fps                  | 0           |
|    iterations           | 36          |
|    time_elapsed         | 19081       |
|    total_timesteps      | 18432       |
| train/                  |             |
|    approx_kl            | 0.008099111 |
|    clip_fraction        | 0.0609      |
|    clip_range           | 0.2         |
|    entropy_loss         | -0.901      |
|    explained_variance   | 0.734       |
|    learning_rate        | 0.0003      |
|    loss                 | -0.00533    |
|    n_updates            | 350         |
|    policy_gradient_loss | -0.00853    |
|    value_loss           | 0.0366      |
-----------------------------------------
-----------------------------------------
| rollout/                |             |
|    ep_len_mean          | 319         |
|    ep_rew_mean          | 13.8        |
| time/                   |             |
|    fps                  | 0           |
|    iterations           | 37          |
|    time_elapsed         | 19164       |
|    total_timesteps      | 18944       |
| train/                  |             |
|    approx_kl            | 0.010310374 |
|    clip_fraction        | 0.0703      |
|    clip_range           | 0.2         |
|    entropy_loss         | -0.906      |
|    explained_variance   | 0.378       |
|    learning_rate        | 0.0003      |
|    loss                 | 0.0411      |
|    n_updates            | 360         |
|    policy_gradient_loss | -0.00657    |
|    value_loss           | 0.0867      |
-----------------------------------------
-----------------------------------------
| rollout/                |             |
|    ep_len_mean          | 322         |
|    ep_rew_mean          | 14.1        |
| time/                   |             |
|    fps                  | 1           |
|    iterations           | 38          |
|    time_elapsed         | 19248       |
|    total_timesteps      | 19456       |
| train/                  |             |
|    approx_kl            | 0.012078705 |
|    clip_fraction        | 0.0525      |
|    clip_range           | 0.2         |
|    entropy_loss         | -0.919      |
|    explained_variance   | 0.456       |
|    learning_rate        | 0.0003      |
|    loss                 | 0.00215     |
|    n_updates            | 370         |
|    policy_gradient_loss | -0.00941    |
|    value_loss           | 0.0574      |
-----------------------------------------
-----------------------------------------
| rollout/                |             |
|    ep_len_mean          | 325         |
|    ep_rew_mean          | 14.2        |
| time/                   |             |
|    fps                  | 1           |
|    iterations           | 39          |
|    time_elapsed         | 19330       |
|    total_timesteps      | 19968       |
| train/                  |             |
|    approx_kl            | 0.010262676 |
|    clip_fraction        | 0.12        |
|    clip_range           | 0.2         |
|    entropy_loss         | -0.851      |
|    explained_variance   | 0.615       |
|    learning_rate        | 0.0003      |
|    loss                 | -0.0267     |
|    n_updates            | 380         |
|    policy_gradient_loss | -0.0112     |
|    value_loss           | 0.0254      |
-----------------------------------------
------------------------------------------
| rollout/                |              |
|    ep_len_mean          | 327          |
|    ep_rew_mean          | 14.5         |
| time/                   |              |
|    fps                  | 1            |
|    iterations           | 40           |
|    time_elapsed         | 19413        |
|    total_timesteps      | 20480        |
| train/                  |              |
|    approx_kl            | 0.0062965387 |
|    clip_fraction        | 0.0674       |
|    clip_range           | 0.2          |
|    entropy_loss         | -0.888       |
|    explained_variance   | 0.403        |
|    learning_rate        | 0.0003       |
|    loss                 | 0.273        |
|    n_updates            | 390          |
|    policy_gradient_loss | 0.000957     |
|    value_loss           | 1.2          |
------------------------------------------
-----------------------------------------
| rollout/                |             |
|    ep_len_mean          | 330         |
|    ep_rew_mean          | 14.7        |
| time/                   |             |
|    fps                  | 1           |
|    iterations           | 41          |
|    time_elapsed         | 19496       |
|    total_timesteps      | 20992       |
| train/                  |             |
|    approx_kl            | 0.009061263 |
|    clip_fraction        | 0.101       |
|    clip_range           | 0.2         |
|    entropy_loss         | -0.898      |
|    explained_variance   | 0.039       |
|    learning_rate        | 0.0003      |
|    loss                 | 0.0225      |
|    n_updates            | 400         |
|    policy_gradient_loss | -0.00429    |
|    value_loss           | 0.295       |
-----------------------------------------
-----------------------------------------
| rollout/                |             |
|    ep_len_mean          | 330         |
|    ep_rew_mean          | 14.7        |
| time/                   |             |
|    fps                  | 1           |
|    iterations           | 42          |
|    time_elapsed         | 19580       |
|    total_timesteps      | 21504       |
| train/                  |             |
|    approx_kl            | 0.012072096 |
|    clip_fraction        | 0.0537      |
|    clip_range           | 0.2         |
|    entropy_loss         | -0.875      |
|    explained_variance   | 0.179       |
|    learning_rate        | 0.0003      |
|    loss                 | 0.00955     |
|    n_updates            | 410         |
|    policy_gradient_loss | -0.00224    |
|    value_loss           | 0.0641      |
-----------------------------------------
-----------------------------------------
| rollout/                |             |
|    ep_len_mean          | 332         |
|    ep_rew_mean          | 15          |
| time/                   |             |
|    fps                  | 1           |
|    iterations           | 43          |
|    time_elapsed         | 19664       |
|    total_timesteps      | 22016       |
| train/                  |             |
|    approx_kl            | 0.010964107 |
|    clip_fraction        | 0.09        |
|    clip_range           | 0.2         |
|    entropy_loss         | -0.858      |
|    explained_variance   | 0.438       |
|    learning_rate        | 0.0003      |
|    loss                 | 0.423       |
|    n_updates            | 420         |
|    policy_gradient_loss | -0.00201    |
|    value_loss           | 1.05        |
-----------------------------------------
-----------------------------------------
| rollout/                |             |
|    ep_len_mean          | 335         |
|    ep_rew_mean          | 15.2        |
| time/                   |             |
|    fps                  | 1           |
|    iterations           | 44          |
|    time_elapsed         | 19750       |
|    total_timesteps      | 22528       |
| train/                  |             |
|    approx_kl            | 0.008491651 |
|    clip_fraction        | 0.0504      |
|    clip_range           | 0.2         |
|    entropy_loss         | -0.843      |
|    explained_variance   | -0.258      |
|    learning_rate        | 0.0003      |
|    loss                 | 0.105       |
|    n_updates            | 430         |
|    policy_gradient_loss | -0.0118     |
|    value_loss           | 0.244       |
-----------------------------------------
------------------------------------------
| rollout/                |              |
|    ep_len_mean          | 337          |
|    ep_rew_mean          | 15.5         |
| time/                   |              |
|    fps                  | 1            |
|    iterations           | 45           |
|    time_elapsed         | 19836        |
|    total_timesteps      | 23040        |
| train/                  |              |
|    approx_kl            | 0.0044172797 |
|    clip_fraction        | 0.0176       |
|    clip_range           | 0.2          |
|    entropy_loss         | -0.843       |
|    explained_variance   | 0.175        |
|    learning_rate        | 0.0003       |
|    loss                 | 0.00695      |
|    n_updates            | 440          |
|    policy_gradient_loss | -0.00365     |
|    value_loss           | 0.0856       |
------------------------------------------
-----------------------------------------
| rollout/                |             |
|    ep_len_mean          | 340         |
|    ep_rew_mean          | 15.7        |
| time/                   |             |
|    fps                  | 1           |
|    iterations           | 46          |
|    time_elapsed         | 19921       |
|    total_timesteps      | 23552       |
| train/                  |             |
|    approx_kl            | 0.010948125 |
|    clip_fraction        | 0.0748      |
|    clip_range           | 0.2         |
|    entropy_loss         | -0.867      |
|    explained_variance   | -0.0799     |
|    learning_rate        | 0.0003      |
|    loss                 | 0.0109      |
|    n_updates            | 450         |
|    policy_gradient_loss | -0.0138     |
|    value_loss           | 0.0454      |
-----------------------------------------
-----------------------------------------
| rollout/                |             |
|    ep_len_mean          | 342         |
|    ep_rew_mean          | 15.8        |
| time/                   |             |
|    fps                  | 1           |
|    iterations           | 47          |
|    time_elapsed         | 20007       |
|    total_timesteps      | 24064       |
| train/                  |             |
|    approx_kl            | 0.012972395 |
|    clip_fraction        | 0.0537      |
|    clip_range           | 0.2         |
|    entropy_loss         | -0.941      |
|    explained_variance   | 0.302       |
|    learning_rate        | 0.0003      |
|    loss                 | 0.0307      |
|    n_updates            | 460         |
|    policy_gradient_loss | -0.00615    |
|    value_loss           | 0.0573      |
-----------------------------------------
-----------------------------------------
| rollout/                |             |
|    ep_len_mean          | 344         |
|    ep_rew_mean          | 16          |
| time/                   |             |
|    fps                  | 1           |
|    iterations           | 48          |
|    time_elapsed         | 20094       |
|    total_timesteps      | 24576       |
| train/                  |             |
|    approx_kl            | 0.018876582 |
|    clip_fraction        | 0.123       |
|    clip_range           | 0.2         |
|    entropy_loss         | -0.957      |
|    explained_variance   | 0.141       |
|    learning_rate        | 0.0003      |
|    loss                 | 1.06        |
|    n_updates            | 470         |
|    policy_gradient_loss | 0.00248     |
|    value_loss           | 1.38        |
-----------------------------------------
-----------------------------------------
| rollout/                |             |
|    ep_len_mean          | 346         |
|    ep_rew_mean          | 16.2        |
| time/                   |             |
|    fps                  | 1           |
|    iterations           | 49          |
|    time_elapsed         | 20183       |
|    total_timesteps      | 25088       |
| train/                  |             |
|    approx_kl            | 0.014667609 |
|    clip_fraction        | 0.128       |
|    clip_range           | 0.2         |
|    entropy_loss         | -0.906      |
|    explained_variance   | 0.772       |
|    learning_rate        | 0.0003      |
|    loss                 | -0.00191    |
|    n_updates            | 480         |
|    policy_gradient_loss | -0.00781    |
|    value_loss           | 0.0556      |
-----------------------------------------
-----------------------------------------
| rollout/                |             |
|    ep_len_mean          | 344         |
|    ep_rew_mean          | 16          |
| time/                   |             |
|    fps                  | 1           |
|    iterations           | 50          |
|    time_elapsed         | 20270       |
|    total_timesteps      | 25600       |
| train/                  |             |
|    approx_kl            | 0.008373449 |
|    clip_fraction        | 0.0799      |
|    clip_range           | 0.2         |
|    entropy_loss         | -0.925      |
|    explained_variance   | 0.762       |
|    learning_rate        | 0.0003      |
|    loss                 | -0.0107     |
|    n_updates            | 490         |
|    policy_gradient_loss | -0.00879    |
|    value_loss           | 0.111       |
-----------------------------------------
------------------------------------------
| rollout/                |              |
|    ep_len_mean          | 348          |
|    ep_rew_mean          | 16.4         |
| time/                   |              |
|    fps                  | 1            |
|    iterations           | 51           |
|    time_elapsed         | 20355        |
|    total_timesteps      | 26112        |
| train/                  |              |
|    approx_kl            | 0.0028156783 |
|    clip_fraction        | 0.0201       |
|    clip_range           | 0.2          |
|    entropy_loss         | -0.919       |
|    explained_variance   | 0.622        |
|    learning_rate        | 0.0003       |
|    loss                 | 0.0358       |
|    n_updates            | 500          |
|    policy_gradient_loss | -0.00182     |
|    value_loss           | 1.12         |
------------------------------------------
-----------------------------------------
| rollout/                |             |
|    ep_len_mean          | 350         |
|    ep_rew_mean          | 16.6        |
| time/                   |             |
|    fps                  | 1           |
|    iterations           | 52          |
|    time_elapsed         | 20440       |
|    total_timesteps      | 26624       |
| train/                  |             |
|    approx_kl            | 0.007979749 |
|    clip_fraction        | 0.0441      |
|    clip_range           | 0.2         |
|    entropy_loss         | -0.904      |
|    explained_variance   | -0.631      |
|    learning_rate        | 0.0003      |
|    loss                 | 0.0582      |
|    n_updates            | 510         |
|    policy_gradient_loss | -0.00107    |
|    value_loss           | 0.183       |
-----------------------------------------
------------------------------------------
| rollout/                |              |
|    ep_len_mean          | 352          |
|    ep_rew_mean          | 16.8         |
| time/                   |              |
|    fps                  | 1            |
|    iterations           | 53           |
|    time_elapsed         | 20525        |
|    total_timesteps      | 27136        |
| train/                  |              |
|    approx_kl            | 0.0070745945 |
|    clip_fraction        | 0.0623       |
|    clip_range           | 0.2          |
|    entropy_loss         | -0.891       |
|    explained_variance   | 0.165        |
|    learning_rate        | 0.0003       |
|    loss                 | 0.00283      |
|    n_updates            | 520          |
|    policy_gradient_loss | -0.0109      |
|    value_loss           | 0.0616       |
------------------------------------------
------------------------------------------
| rollout/                |              |
|    ep_len_mean          | 354          |
|    ep_rew_mean          | 17           |
| time/                   |              |
|    fps                  | 1            |
|    iterations           | 54           |
|    time_elapsed         | 20613        |
|    total_timesteps      | 27648        |
| train/                  |              |
|    approx_kl            | 0.0048793247 |
|    clip_fraction        | 0.0508       |
|    clip_range           | 0.2          |
|    entropy_loss         | -0.863       |
|    explained_variance   | 0.429        |
|    learning_rate        | 0.0003       |
|    loss                 | -0.00528     |
|    n_updates            | 530          |
|    policy_gradient_loss | -0.00548     |
|    value_loss           | 0.0395       |
------------------------------------------
------------------------------------------
| rollout/                |              |
|    ep_len_mean          | 356          |
|    ep_rew_mean          | 17.2         |
| time/                   |              |
|    fps                  | 1            |
|    iterations           | 55           |
|    time_elapsed         | 20703        |
|    total_timesteps      | 28160        |
| train/                  |              |
|    approx_kl            | 0.0078916475 |
|    clip_fraction        | 0.0592       |
|    clip_range           | 0.2          |
|    entropy_loss         | -0.88        |
|    explained_variance   | 0.536        |
|    learning_rate        | 0.0003       |
|    loss                 | 0.0337       |
|    n_updates            | 540          |
|    policy_gradient_loss | -0.00598     |
|    value_loss           | 0.0184       |
------------------------------------------
-----------------------------------------
| rollout/                |             |
|    ep_len_mean          | 358         |
|    ep_rew_mean          | 17.3        |
| time/                   |             |
|    fps                  | 1           |
|    iterations           | 56          |
|    time_elapsed         | 20790       |
|    total_timesteps      | 28672       |
| train/                  |             |
|    approx_kl            | 0.006077153 |
|    clip_fraction        | 0.0555      |
|    clip_range           | 0.2         |
|    entropy_loss         | -0.857      |
|    explained_variance   | 0.64        |
|    learning_rate        | 0.0003      |
|    loss                 | -0.028      |
|    n_updates            | 550         |
|    policy_gradient_loss | -0.00669    |
|    value_loss           | 0.00854     |
-----------------------------------------
-----------------------------------------
| rollout/                |             |
|    ep_len_mean          | 359         |
|    ep_rew_mean          | 17.5        |
| time/                   |             |
|    fps                  | 1           |
|    iterations           | 57          |
|    time_elapsed         | 20878       |
|    total_timesteps      | 29184       |
| train/                  |             |
|    approx_kl            | 0.012909658 |
|    clip_fraction        | 0.12        |
|    clip_range           | 0.2         |
|    entropy_loss         | -0.933      |
|    explained_variance   | -0.609      |
|    learning_rate        | 0.0003      |
|    loss                 | -0.0174     |
|    n_updates            | 560         |
|    policy_gradient_loss | -0.00595    |
|    value_loss           | 0.224       |
-----------------------------------------
------------------------------------------
| rollout/                |              |
|    ep_len_mean          | 361          |
|    ep_rew_mean          | 17.7         |
| time/                   |              |
|    fps                  | 1            |
|    iterations           | 58           |
|    time_elapsed         | 20962        |
|    total_timesteps      | 29696        |
| train/                  |              |
|    approx_kl            | 0.0072477846 |
|    clip_fraction        | 0.0193       |
|    clip_range           | 0.2          |
|    entropy_loss         | -0.929       |
|    explained_variance   | 0.216        |
|    learning_rate        | 0.0003       |
|    loss                 | 0.00884      |
|    n_updates            | 570          |
|    policy_gradient_loss | -0.000473    |
|    value_loss           | 0.0447       |
------------------------------------------
-----------------------------------------
| rollout/                |             |
|    ep_len_mean          | 363         |
|    ep_rew_mean          | 17.9        |
| time/                   |             |
|    fps                  | 1           |
|    iterations           | 59          |
|    time_elapsed         | 21045       |
|    total_timesteps      | 30208       |
| train/                  |             |
|    approx_kl            | 0.008676479 |
|    clip_fraction        | 0.0463      |
|    clip_range           | 0.2         |
|    entropy_loss         | -0.897      |
|    explained_variance   | 0.304       |
|    learning_rate        | 0.0003      |
|    loss                 | -0.0174     |
|    n_updates            | 580         |
|    policy_gradient_loss | -0.00517    |
|    value_loss           | 0.108       |
-----------------------------------------
-----------------------------------------
| rollout/                |             |
|    ep_len_mean          | 364         |
|    ep_rew_mean          | 18          |
| time/                   |             |
|    fps                  | 1           |
|    iterations           | 60          |
|    time_elapsed         | 21129       |
|    total_timesteps      | 30720       |
| train/                  |             |
|    approx_kl            | 0.009372678 |
|    clip_fraction        | 0.0602      |
|    clip_range           | 0.2         |
|    entropy_loss         | -0.915      |
|    explained_variance   | 0.347       |
|    learning_rate        | 0.0003      |
|    loss                 | -0.0422     |
|    n_updates            | 590         |
|    policy_gradient_loss | -0.00989    |
|    value_loss           | 0.035       |
-----------------------------------------
-----------------------------------------
| rollout/                |             |
|    ep_len_mean          | 366         |
|    ep_rew_mean          | 18.2        |
| time/                   |             |
|    fps                  | 1           |
|    iterations           | 61          |
|    time_elapsed         | 21213       |
|    total_timesteps      | 31232       |
| train/                  |             |
|    approx_kl            | 0.007698505 |
|    clip_fraction        | 0.0455      |
|    clip_range           | 0.2         |
|    entropy_loss         | -0.879      |
|    explained_variance   | 0.689       |
|    learning_rate        | 0.0003      |
|    loss                 | -0.0119     |
|    n_updates            | 600         |
|    policy_gradient_loss | -0.0111     |
|    value_loss           | 0.0216      |
-----------------------------------------
-----------------------------------------
| rollout/                |             |
|    ep_len_mean          | 367         |
|    ep_rew_mean          | 18.3        |
| time/                   |             |
|    fps                  | 1           |
|    iterations           | 62          |
|    time_elapsed         | 21297       |
|    total_timesteps      | 31744       |
| train/                  |             |
|    approx_kl            | 0.012247726 |
|    clip_fraction        | 0.0652      |
|    clip_range           | 0.2         |
|    entropy_loss         | -0.875      |
|    explained_variance   | 0.395       |
|    learning_rate        | 0.0003      |
|    loss                 | 0.00425     |
|    n_updates            | 610         |
|    policy_gradient_loss | -0.00854    |
|    value_loss           | 0.0295      |
-----------------------------------------
------------------------------------------
| rollout/                |              |
|    ep_len_mean          | 369          |
|    ep_rew_mean          | 18.5         |
| time/                   |              |
|    fps                  | 1            |
|    iterations           | 63           |
|    time_elapsed         | 21383        |
|    total_timesteps      | 32256        |
| train/                  |              |
|    approx_kl            | 0.0049374634 |
|    clip_fraction        | 0.0285       |
|    clip_range           | 0.2          |
|    entropy_loss         | -0.811       |
|    explained_variance   | 0.771        |
|    learning_rate        | 0.0003       |
|    loss                 | 0.00983      |
|    n_updates            | 620          |
|    policy_gradient_loss | -0.00657     |
|    value_loss           | 0.00577      |
------------------------------------------
-----------------------------------------
| rollout/                |             |
|    ep_len_mean          | 370         |
|    ep_rew_mean          | 18.6        |
| time/                   |             |
|    fps                  | 1           |
|    iterations           | 64          |
|    time_elapsed         | 21469       |
|    total_timesteps      | 32768       |
| train/                  |             |
|    approx_kl            | 0.007865014 |
|    clip_fraction        | 0.0461      |
|    clip_range           | 0.2         |
|    entropy_loss         | -0.825      |
|    explained_variance   | 0.803       |
|    learning_rate        | 0.0003      |
|    loss                 | -0.0169     |
|    n_updates            | 630         |
|    policy_gradient_loss | -0.0073     |
|    value_loss           | 0.0105      |
-----------------------------------------
------------------------------------------
| rollout/                |              |
|    ep_len_mean          | 372          |
|    ep_rew_mean          | 18.8         |
| time/                   |              |
|    fps                  | 1            |
|    iterations           | 65           |
|    time_elapsed         | 21553        |
|    total_timesteps      | 33280        |
| train/                  |              |
|    approx_kl            | 0.0072733387 |
|    clip_fraction        | 0.0592       |
|    clip_range           | 0.2          |
|    entropy_loss         | -0.817       |
|    explained_variance   | 0.744        |
|    learning_rate        | 0.0003       |
|    loss                 | -0.0387      |
|    n_updates            | 640          |
|    policy_gradient_loss | -0.00974     |
|    value_loss           | 0.0136       |
------------------------------------------
------------------------------------------
| rollout/                |              |
|    ep_len_mean          | 373          |
|    ep_rew_mean          | 18.9         |
| time/                   |              |
|    fps                  | 1            |
|    iterations           | 66           |
|    time_elapsed         | 21637        |
|    total_timesteps      | 33792        |
| train/                  |              |
|    approx_kl            | 0.0047379592 |
|    clip_fraction        | 0.0484       |
|    clip_range           | 0.2          |
|    entropy_loss         | -0.739       |
|    explained_variance   | 0.744        |
|    learning_rate        | 0.0003       |
|    loss                 | 0.0147       |
|    n_updates            | 650          |
|    policy_gradient_loss | -0.00879     |
|    value_loss           | 0.0171       |
------------------------------------------
-----------------------------------------
| rollout/                |             |
|    ep_len_mean          | 375         |
|    ep_rew_mean          | 19.1        |
| time/                   |             |
|    fps                  | 1           |
|    iterations           | 67          |
|    time_elapsed         | 21722       |
|    total_timesteps      | 34304       |
| train/                  |             |
|    approx_kl            | 0.029884955 |
|    clip_fraction        | 0.111       |
|    clip_range           | 0.2         |
|    entropy_loss         | -0.723      |
|    explained_variance   | 0.712       |
|    learning_rate        | 0.0003      |
|    loss                 | -0.0294     |
|    n_updates            | 660         |
|    policy_gradient_loss | -0.0188     |
|    value_loss           | 0.0156      |
-----------------------------------------
------------------------------------------
| rollout/                |              |
|    ep_len_mean          | 376          |
|    ep_rew_mean          | 19.2         |
| time/                   |              |
|    fps                  | 1            |
|    iterations           | 68           |
|    time_elapsed         | 21806        |
|    total_timesteps      | 34816        |
| train/                  |              |
|    approx_kl            | 0.0063000205 |
|    clip_fraction        | 0.0455       |
|    clip_range           | 0.2          |
|    entropy_loss         | -0.646       |
|    explained_variance   | 0.567        |
|    learning_rate        | 0.0003       |
|    loss                 | -0.0268      |
|    n_updates            | 670          |
|    policy_gradient_loss | -0.00488     |
|    value_loss           | 0.0131       |
------------------------------------------
------------------------------------------
| rollout/                |              |
|    ep_len_mean          | 377          |
|    ep_rew_mean          | 19.3         |
| time/                   |              |
|    fps                  | 1            |
|    iterations           | 69           |
|    time_elapsed         | 21887        |
|    total_timesteps      | 35328        |
| train/                  |              |
|    approx_kl            | 0.0019727848 |
|    clip_fraction        | 0.0191       |
|    clip_range           | 0.2          |
|    entropy_loss         | -0.635       |
|    explained_variance   | 0.793        |
|    learning_rate        | 0.0003       |
|    loss                 | 0.000247     |
|    n_updates            | 680          |
|    policy_gradient_loss | -0.00488     |
|    value_loss           | 0.0101       |
------------------------------------------
-----------------------------------------
| rollout/                |             |
|    ep_len_mean          | 379         |
|    ep_rew_mean          | 19.4        |
| time/                   |             |
|    fps                  | 1           |
|    iterations           | 70          |
|    time_elapsed         | 21969       |
|    total_timesteps      | 35840       |
| train/                  |             |
|    approx_kl            | 0.008053744 |
|    clip_fraction        | 0.0529      |
|    clip_range           | 0.2         |
|    entropy_loss         | -0.653      |
|    explained_variance   | 0.887       |
|    learning_rate        | 0.0003      |
|    loss                 | 0.0177      |
|    n_updates            | 690         |
|    policy_gradient_loss | -0.00787    |
|    value_loss           | 0.0065      |
-----------------------------------------
------------------------------------------
| rollout/                |              |
|    ep_len_mean          | 380          |
|    ep_rew_mean          | 19.6         |
| time/                   |              |
|    fps                  | 1            |
|    iterations           | 71           |
|    time_elapsed         | 22052        |
|    total_timesteps      | 36352        |
| train/                  |              |
|    approx_kl            | 0.0077245673 |
|    clip_fraction        | 0.0793       |
|    clip_range           | 0.2          |
|    entropy_loss         | -0.755       |
|    explained_variance   | 0.519        |
|    learning_rate        | 0.0003       |
|    loss                 | -0.0209      |
|    n_updates            | 700          |
|    policy_gradient_loss | -0.0116      |
|    value_loss           | 0.0144       |
------------------------------------------
------------------------------------------
| rollout/                |              |
|    ep_len_mean          | 381          |
|    ep_rew_mean          | 19.7         |
| time/                   |              |
|    fps                  | 1            |
|    iterations           | 72           |
|    time_elapsed         | 22136        |
|    total_timesteps      | 36864        |
| train/                  |              |
|    approx_kl            | 0.0043965783 |
|    clip_fraction        | 0.0488       |
|    clip_range           | 0.2          |
|    entropy_loss         | -0.751       |
|    explained_variance   | 0.799        |
|    learning_rate        | 0.0003       |
|    loss                 | -0.0277      |
|    n_updates            | 710          |
|    policy_gradient_loss | -0.00895     |
|    value_loss           | 0.0101       |
------------------------------------------
-----------------------------------------
| rollout/                |             |
|    ep_len_mean          | 382         |
|    ep_rew_mean          | 19.8        |
| time/                   |             |
|    fps                  | 1           |
|    iterations           | 73          |
|    time_elapsed         | 22220       |
|    total_timesteps      | 37376       |
| train/                  |             |
|    approx_kl            | 0.007990686 |
|    clip_fraction        | 0.0539      |
|    clip_range           | 0.2         |
|    entropy_loss         | -0.818      |
|    explained_variance   | 0.524       |
|    learning_rate        | 0.0003      |
|    loss                 | 0.0118      |
|    n_updates            | 720         |
|    policy_gradient_loss | -0.00567    |
|    value_loss           | 0.0569      |
-----------------------------------------
------------------------------------------
| rollout/                |              |
|    ep_len_mean          | 384          |
|    ep_rew_mean          | 19.9         |
| time/                   |              |
|    fps                  | 1            |
|    iterations           | 74           |
|    time_elapsed         | 22303        |
|    total_timesteps      | 37888        |
| train/                  |              |
|    approx_kl            | 0.0073907413 |
|    clip_fraction        | 0.0406       |
|    clip_range           | 0.2          |
|    entropy_loss         | -0.725       |
|    explained_variance   | 0.258        |
|    learning_rate        | 0.0003       |
|    loss                 | 0.0155       |
|    n_updates            | 730          |
|    policy_gradient_loss | -0.00469     |
|    value_loss           | 0.0779       |
------------------------------------------
-----------------------------------------
| rollout/                |             |
|    ep_len_mean          | 385         |
|    ep_rew_mean          | 20.1        |
| time/                   |             |
|    fps                  | 1           |
|    iterations           | 75          |
|    time_elapsed         | 22388       |
|    total_timesteps      | 38400       |
| train/                  |             |
|    approx_kl            | 0.005780519 |
|    clip_fraction        | 0.0672      |
|    clip_range           | 0.2         |
|    entropy_loss         | -0.779      |
|    explained_variance   | 0.361       |
|    learning_rate        | 0.0003      |
|    loss                 | -0.0463     |
|    n_updates            | 740         |
|    policy_gradient_loss | -0.0117     |
|    value_loss           | 0.019       |
-----------------------------------------
-----------------------------------------
| rollout/                |             |
|    ep_len_mean          | 386         |
|    ep_rew_mean          | 20.2        |
| time/                   |             |
|    fps                  | 1           |
|    iterations           | 76          |
|    time_elapsed         | 22473       |
|    total_timesteps      | 38912       |
| train/                  |             |
|    approx_kl            | 0.004669043 |
|    clip_fraction        | 0.0363      |
|    clip_range           | 0.2         |
|    entropy_loss         | -0.698      |
|    explained_variance   | 0.675       |
|    learning_rate        | 0.0003      |
|    loss                 | -0.00463    |
|    n_updates            | 750         |
|    policy_gradient_loss | -0.00948    |
|    value_loss           | 0.0145      |
-----------------------------------------
-----------------------------------------
| rollout/                |             |
|    ep_len_mean          | 390         |
|    ep_rew_mean          | 20.6        |
| time/                   |             |
|    fps                  | 1           |
|    iterations           | 77          |
|    time_elapsed         | 22557       |
|    total_timesteps      | 39424       |
| train/                  |             |
|    approx_kl            | 0.007287034 |
|    clip_fraction        | 0.0391      |
|    clip_range           | 0.2         |
|    entropy_loss         | -0.705      |
|    explained_variance   | 0.346       |
|    learning_rate        | 0.0003      |
|    loss                 | 0.0214      |
|    n_updates            | 760         |
|    policy_gradient_loss | -0.00864    |
|    value_loss           | 0.0138      |
-----------------------------------------
-----------------------------------------
| rollout/                |             |
|    ep_len_mean          | 393         |
|    ep_rew_mean          | 20.8        |
| time/                   |             |
|    fps                  | 1           |
|    iterations           | 78          |
|    time_elapsed         | 22643       |
|    total_timesteps      | 39936       |
| train/                  |             |
|    approx_kl            | 0.005107087 |
|    clip_fraction        | 0.0684      |
|    clip_range           | 0.2         |
|    entropy_loss         | -0.662      |
|    explained_variance   | 0.757       |
|    learning_rate        | 0.0003      |
|    loss                 | -0.00568    |
|    n_updates            | 770         |
|    policy_gradient_loss | -0.0114     |
|    value_loss           | 0.00649     |
-----------------------------------------
-----------------------------------------
| rollout/                |             |
|    ep_len_mean          | 396         |
|    ep_rew_mean          | 21.1        |
| time/                   |             |
|    fps                  | 1           |
|    iterations           | 79          |
|    time_elapsed         | 22726       |
|    total_timesteps      | 40448       |
| train/                  |             |
|    approx_kl            | 0.004612897 |
|    clip_fraction        | 0.0381      |
|    clip_range           | 0.2         |
|    entropy_loss         | -0.696      |
|    explained_variance   | 0.804       |
|    learning_rate        | 0.0003      |
|    loss                 | -0.0227     |
|    n_updates            | 780         |
|    policy_gradient_loss | -0.00994    |
|    value_loss           | 0.00929     |
-----------------------------------------
------------------------------------------
| rollout/                |              |
|    ep_len_mean          | 400          |
|    ep_rew_mean          | 21.5         |
| time/                   |              |
|    fps                  | 1            |
|    iterations           | 80           |
|    time_elapsed         | 22812        |
|    total_timesteps      | 40960        |
| train/                  |              |
|    approx_kl            | 0.0109058805 |
|    clip_fraction        | 0.0799       |
|    clip_range           | 0.2          |
|    entropy_loss         | -0.682       |
|    explained_variance   | 0.648        |
|    learning_rate        | 0.0003       |
|    loss                 | -0.0057      |
|    n_updates            | 790          |
|    policy_gradient_loss | -0.00788     |
|    value_loss           | 0.00985      |
------------------------------------------
----------------------------------------
| rollout/                |            |
|    ep_len_mean          | 404        |
|    ep_rew_mean          | 21.8       |
| time/                   |            |
|    fps                  | 1          |
|    iterations           | 81         |
|    time_elapsed         | 22897      |
|    total_timesteps      | 41472      |
| train/                  |            |
|    approx_kl            | 0.01347132 |
|    clip_fraction        | 0.129      |
|    clip_range           | 0.2        |
|    entropy_loss         | -0.75      |
|    explained_variance   | 0.813      |
|    learning_rate        | 0.0003     |
|    loss                 | -0.0167    |
|    n_updates            | 800        |
|    policy_gradient_loss | -0.0124    |
|    value_loss           | 0.00798    |
----------------------------------------
------------------------------------------
| rollout/                |              |
|    ep_len_mean          | 408          |
|    ep_rew_mean          | 22.2         |
| time/                   |              |
|    fps                  | 1            |
|    iterations           | 82           |
|    time_elapsed         | 22980        |
|    total_timesteps      | 41984        |
| train/                  |              |
|    approx_kl            | 0.0045152805 |
|    clip_fraction        | 0.0498       |
|    clip_range           | 0.2          |
|    entropy_loss         | -0.715       |
|    explained_variance   | 0.812        |
|    learning_rate        | 0.0003       |
|    loss                 | -0.013       |
|    n_updates            | 810          |
|    policy_gradient_loss | -0.00681     |
|    value_loss           | 0.00855      |
------------------------------------------
-----------------------------------------
| rollout/                |             |
|    ep_len_mean          | 413         |
|    ep_rew_mean          | 22.6        |
| time/                   |             |
|    fps                  | 1           |
|    iterations           | 83          |
|    time_elapsed         | 23065       |
|    total_timesteps      | 42496       |
| train/                  |             |
|    approx_kl            | 0.007553417 |
|    clip_fraction        | 0.0967      |
|    clip_range           | 0.2         |
|    entropy_loss         | -0.689      |
|    explained_variance   | 0.788       |
|    learning_rate        | 0.0003      |
|    loss                 | -0.00948    |
|    n_updates            | 820         |
|    policy_gradient_loss | -0.0199     |
|    value_loss           | 0.00756     |
-----------------------------------------
------------------------------------------
| rollout/                |              |
|    ep_len_mean          | 416          |
|    ep_rew_mean          | 22.9         |
| time/                   |              |
|    fps                  | 1            |
|    iterations           | 84           |
|    time_elapsed         | 23150        |
|    total_timesteps      | 43008        |
| train/                  |              |
|    approx_kl            | 0.0060380627 |
|    clip_fraction        | 0.0768       |
|    clip_range           | 0.2          |
|    entropy_loss         | -0.667       |
|    explained_variance   | 0.895        |
|    learning_rate        | 0.0003       |
|    loss                 | -0.00969     |
|    n_updates            | 830          |
|    policy_gradient_loss | -0.00612     |
|    value_loss           | 0.00625      |
------------------------------------------
----------------------------------------
| rollout/                |            |
|    ep_len_mean          | 418        |
|    ep_rew_mean          | 23.2       |
| time/                   |            |
|    fps                  | 1          |
|    iterations           | 85         |
|    time_elapsed         | 23235      |
|    total_timesteps      | 43520      |
| train/                  |            |
|    approx_kl            | 0.01001355 |
|    clip_fraction        | 0.0945     |
|    clip_range           | 0.2        |
|    entropy_loss         | -0.66      |
|    explained_variance   | 0.752      |
|    learning_rate        | 0.0003     |
|    loss                 | 0.0206     |
|    n_updates            | 840        |
|    policy_gradient_loss | -0.0112    |
|    value_loss           | 0.00822    |
----------------------------------------
----------------------------------------
| rollout/                |            |
|    ep_len_mean          | 422        |
|    ep_rew_mean          | 23.5       |
| time/                   |            |
|    fps                  | 1          |
|    iterations           | 86         |
|    time_elapsed         | 23319      |
|    total_timesteps      | 44032      |
| train/                  |            |
|    approx_kl            | 0.01175987 |
|    clip_fraction        | 0.117      |
|    clip_range           | 0.2        |
|    entropy_loss         | -0.706     |
|    explained_variance   | 0.875      |
|    learning_rate        | 0.0003     |
|    loss                 | -0.0471    |
|    n_updates            | 850        |
|    policy_gradient_loss | -0.0193    |
|    value_loss           | 0.00574    |
----------------------------------------
------------------------------------------
| rollout/                |              |
|    ep_len_mean          | 422          |
|    ep_rew_mean          | 23.6         |
| time/                   |              |
|    fps                  | 1            |
|    iterations           | 87           |
|    time_elapsed         | 23403        |
|    total_timesteps      | 44544        |
| train/                  |              |
|    approx_kl            | 0.0044682138 |
|    clip_fraction        | 0.0437       |
|    clip_range           | 0.2          |
|    entropy_loss         | -0.664       |
|    explained_variance   | 0.893        |
|    learning_rate        | 0.0003       |
|    loss                 | -0.0175      |
|    n_updates            | 860          |
|    policy_gradient_loss | -0.00359     |
|    value_loss           | 0.00565      |
------------------------------------------
-----------------------------------------
| rollout/                |             |
|    ep_len_mean          | 426         |
|    ep_rew_mean          | 24          |
| time/                   |             |
|    fps                  | 1           |
|    iterations           | 88          |
|    time_elapsed         | 23487       |
|    total_timesteps      | 45056       |
| train/                  |             |
|    approx_kl            | 0.006019061 |
|    clip_fraction        | 0.049       |
|    clip_range           | 0.2         |
|    entropy_loss         | -0.649      |
|    explained_variance   | 0.838       |
|    learning_rate        | 0.0003      |
|    loss                 | -0.0249     |
|    n_updates            | 870         |
|    policy_gradient_loss | -0.0156     |
|    value_loss           | 0.00399     |
-----------------------------------------
----------------------------------------
| rollout/                |            |
|    ep_len_mean          | 428        |
|    ep_rew_mean          | 24.3       |
| time/                   |            |
|    fps                  | 1          |
|    iterations           | 89         |
|    time_elapsed         | 23571      |
|    total_timesteps      | 45568      |
| train/                  |            |
|    approx_kl            | 0.00932545 |
|    clip_fraction        | 0.0789     |
|    clip_range           | 0.2        |
|    entropy_loss         | -0.648     |
|    explained_variance   | 0.45       |
|    learning_rate        | 0.0003     |
|    loss                 | -0.0392    |
|    n_updates            | 880        |
|    policy_gradient_loss | -0.0134    |
|    value_loss           | 0.00929    |
----------------------------------------
-----------------------------------------
| rollout/                |             |
|    ep_len_mean          | 433         |
|    ep_rew_mean          | 24.6        |
| time/                   |             |
|    fps                  | 1           |
|    iterations           | 90          |
|    time_elapsed         | 23655       |
|    total_timesteps      | 46080       |
| train/                  |             |
|    approx_kl            | 0.003624139 |
|    clip_fraction        | 0.0238      |
|    clip_range           | 0.2         |
|    entropy_loss         | -0.592      |
|    explained_variance   | 0.948       |
|    learning_rate        | 0.0003      |
|    loss                 | 0.00308     |
|    n_updates            | 890         |
|    policy_gradient_loss | -0.00431    |
|    value_loss           | 0.0034      |
-----------------------------------------
-----------------------------------------
| rollout/                |             |
|    ep_len_mean          | 436         |
|    ep_rew_mean          | 25          |
| time/                   |             |
|    fps                  | 1           |
|    iterations           | 91          |
|    time_elapsed         | 23740       |
|    total_timesteps      | 46592       |
| train/                  |             |
|    approx_kl            | 0.010044179 |
|    clip_fraction        | 0.0775      |
|    clip_range           | 0.2         |
|    entropy_loss         | -0.685      |
|    explained_variance   | 0.803       |
|    learning_rate        | 0.0003      |
|    loss                 | -0.0191     |
|    n_updates            | 900         |
|    policy_gradient_loss | -0.019      |
|    value_loss           | 0.00787     |
-----------------------------------------
-----------------------------------------
| rollout/                |             |
|    ep_len_mean          | 442         |
|    ep_rew_mean          | 25.5        |
| time/                   |             |
|    fps                  | 1           |
|    iterations           | 92          |
|    time_elapsed         | 23826       |
|    total_timesteps      | 47104       |
| train/                  |             |
|    approx_kl            | 0.003498828 |
|    clip_fraction        | 0.0262      |
|    clip_range           | 0.2         |
|    entropy_loss         | -0.667      |
|    explained_variance   | 0.864       |
|    learning_rate        | 0.0003      |
|    loss                 | -0.0129     |
|    n_updates            | 910         |
|    policy_gradient_loss | -0.00537    |
|    value_loss           | 0.00519     |
-----------------------------------------
------------------------------------------
| rollout/                |              |
|    ep_len_mean          | 444          |
|    ep_rew_mean          | 25.8         |
| time/                   |              |
|    fps                  | 1            |
|    iterations           | 93           |
|    time_elapsed         | 23909        |
|    total_timesteps      | 47616        |
| train/                  |              |
|    approx_kl            | 0.0019366168 |
|    clip_fraction        | 0.0248       |
|    clip_range           | 0.2          |
|    entropy_loss         | -0.643       |
|    explained_variance   | 0.891        |
|    learning_rate        | 0.0003       |
|    loss                 | -0.00189     |
|    n_updates            | 920          |
|    policy_gradient_loss | -0.00405     |
|    value_loss           | 0.00395      |
------------------------------------------
-----------------------------------------
| rollout/                |             |
|    ep_len_mean          | 445         |
|    ep_rew_mean          | 26          |
| time/                   |             |
|    fps                  | 2           |
|    iterations           | 94          |
|    time_elapsed         | 23995       |
|    total_timesteps      | 48128       |
| train/                  |             |
|    approx_kl            | 0.016389608 |
|    clip_fraction        | 0.104       |
|    clip_range           | 0.2         |
|    entropy_loss         | -0.642      |
|    explained_variance   | 0.945       |
|    learning_rate        | 0.0003      |
|    loss                 | -0.0295     |
|    n_updates            | 930         |
|    policy_gradient_loss | -0.0209     |
|    value_loss           | 0.0029      |
-----------------------------------------
------------------------------------------
| rollout/                |              |
|    ep_len_mean          | 446          |
|    ep_rew_mean          | 26           |
| time/                   |              |
|    fps                  | 2            |
|    iterations           | 95           |
|    time_elapsed         | 24079        |
|    total_timesteps      | 48640        |
| train/                  |              |
|    approx_kl            | 0.0056472896 |
|    clip_fraction        | 0.0619       |
|    clip_range           | 0.2          |
|    entropy_loss         | -0.612       |
|    explained_variance   | 0.962        |
|    learning_rate        | 0.0003       |
|    loss                 | -0.00281     |
|    n_updates            | 940          |
|    policy_gradient_loss | -0.0078      |
|    value_loss           | 0.00199      |
------------------------------------------
----------------------------------------
| rollout/                |            |
|    ep_len_mean          | 446        |
|    ep_rew_mean          | 26         |
| time/                   |            |
|    fps                  | 2          |
|    iterations           | 96         |
|    time_elapsed         | 24163      |
|    total_timesteps      | 49152      |
| train/                  |            |
|    approx_kl            | 0.01072019 |
|    clip_fraction        | 0.106      |
|    clip_range           | 0.2        |
|    entropy_loss         | -0.632     |
|    explained_variance   | 0.146      |
|    learning_rate        | 0.0003     |
|    loss                 | 0.454      |
|    n_updates            | 950        |
|    policy_gradient_loss | 0.0107     |
|    value_loss           | 1.1        |
----------------------------------------
---------------------------------------
| rollout/                |           |
|    ep_len_mean          | 446       |
|    ep_rew_mean          | 26        |
| time/                   |           |
|    fps                  | 2         |
|    iterations           | 97        |
|    time_elapsed         | 24247     |
|    total_timesteps      | 49664     |
| train/                  |           |
|    approx_kl            | 0.0066955 |
|    clip_fraction        | 0.0656    |
|    clip_range           | 0.2       |
|    entropy_loss         | -0.626    |
|    explained_variance   | 0.42      |
|    learning_rate        | 0.0003    |
|    loss                 | -0.00934  |
|    n_updates            | 960       |
|    policy_gradient_loss | -0.0106   |
|    value_loss           | 0.00828   |
---------------------------------------
------------------------------------------
| rollout/                |              |
|    ep_len_mean          | 446          |
|    ep_rew_mean          | 26           |
| time/                   |              |
|    fps                  | 2            |
|    iterations           | 98           |
|    time_elapsed         | 24332        |
|    total_timesteps      | 50176        |
| train/                  |              |
|    approx_kl            | 0.0070331064 |
|    clip_fraction        | 0.0688       |
|    clip_range           | 0.2          |
|    entropy_loss         | -0.607       |
|    explained_variance   | 0.797        |
|    learning_rate        | 0.0003       |
|    loss                 | -0.00736     |
|    n_updates            | 970          |
|    policy_gradient_loss | -0.00766     |
|    value_loss           | 0.00846      |
------------------------------------------
------------------------------------------
| rollout/                |              |
|    ep_len_mean          | 446          |
|    ep_rew_mean          | 26           |
| time/                   |              |
|    fps                  | 2            |
|    iterations           | 99           |
|    time_elapsed         | 24418        |
|    total_timesteps      | 50688        |
| train/                  |              |
|    approx_kl            | 0.0061052097 |
|    clip_fraction        | 0.0727       |
|    clip_range           | 0.2          |
|    entropy_loss         | -0.534       |
|    explained_variance   | -0.17        |
|    learning_rate        | 0.0003       |
|    loss                 | -0.0137      |
|    n_updates            | 980          |
|    policy_gradient_loss | -0.0136      |
|    value_loss           | 0.0491       |
------------------------------------------
-----------------------------------------
| rollout/                |             |
|    ep_len_mean          | 446         |
|    ep_rew_mean          | 26          |
| time/                   |             |
|    fps                  | 2           |
|    iterations           | 100         |
|    time_elapsed         | 24502       |
|    total_timesteps      | 51200       |
| train/                  |             |
|    approx_kl            | 0.008055497 |
|    clip_fraction        | 0.0473      |
|    clip_range           | 0.2         |
|    entropy_loss         | -0.577      |
|    explained_variance   | -0.23       |
|    learning_rate        | 0.0003      |
|    loss                 | -0.0183     |
|    n_updates            | 990         |
|    policy_gradient_loss | -0.0141     |
|    value_loss           | 0.0225      |
-----------------------------------------
----------------------------------------
| rollout/                |            |
|    ep_len_mean          | 449        |
|    ep_rew_mean          | 26.3       |
| time/                   |            |
|    fps                  | 2          |
|    iterations           | 101        |
|    time_elapsed         | 24588      |
|    total_timesteps      | 51712      |
| train/                  |            |
|    approx_kl            | 0.00559979 |
|    clip_fraction        | 0.0437     |
|    clip_range           | 0.2        |
|    entropy_loss         | -0.565     |
|    explained_variance   | 0.879      |
|    learning_rate        | 0.0003     |
|    loss                 | -0.00712   |
|    n_updates            | 1000       |
|    policy_gradient_loss | -0.00723   |
|    value_loss           | 0.00465    |
----------------------------------------
------------------------------------------
| rollout/                |              |
|    ep_len_mean          | 452          |
|    ep_rew_mean          | 26.6         |
| time/                   |              |
|    fps                  | 2            |
|    iterations           | 102          |
|    time_elapsed         | 24674        |
|    total_timesteps      | 52224        |
| train/                  |              |
|    approx_kl            | 0.0037477748 |
|    clip_fraction        | 0.023        |
|    clip_range           | 0.2          |
|    entropy_loss         | -0.613       |
|    explained_variance   | 0.937        |
|    learning_rate        | 0.0003       |
|    loss                 | -0.0152      |
|    n_updates            | 1010         |
|    policy_gradient_loss | -0.0066      |
|    value_loss           | 0.00322      |
------------------------------------------
-----------------------------------------
| rollout/                |             |
|    ep_len_mean          | 456         |
|    ep_rew_mean          | 27          |
| time/                   |             |
|    fps                  | 2           |
|    iterations           | 103         |
|    time_elapsed         | 24758       |
|    total_timesteps      | 52736       |
| train/                  |             |
|    approx_kl            | 0.009710042 |
|    clip_fraction        | 0.0963      |
|    clip_range           | 0.2         |
|    entropy_loss         | -0.583      |
|    explained_variance   | 0.926       |
|    learning_rate        | 0.0003      |
|    loss                 | -0.0186     |
|    n_updates            | 1020        |
|    policy_gradient_loss | -0.0128     |
|    value_loss           | 0.00422     |
-----------------------------------------
-----------------------------------------
| rollout/                |             |
|    ep_len_mean          | 460         |
|    ep_rew_mean          | 27.3        |
| time/                   |             |
|    fps                  | 2           |
|    iterations           | 104         |
|    time_elapsed         | 24841       |
|    total_timesteps      | 53248       |
| train/                  |             |
|    approx_kl            | 0.010100153 |
|    clip_fraction        | 0.119       |
|    clip_range           | 0.2         |
|    entropy_loss         | -0.585      |
|    explained_variance   | 0.566       |
|    learning_rate        | 0.0003      |
|    loss                 | 0.0755      |
|    n_updates            | 1030        |
|    policy_gradient_loss | -0.00478    |
|    value_loss           | 0.00724     |
-----------------------------------------
-----------------------------------------
| rollout/                |             |
|    ep_len_mean          | 463         |
|    ep_rew_mean          | 27.6        |
| time/                   |             |
|    fps                  | 2           |
|    iterations           | 105         |
|    time_elapsed         | 24925       |
|    total_timesteps      | 53760       |
| train/                  |             |
|    approx_kl            | 0.007126571 |
|    clip_fraction        | 0.057       |
|    clip_range           | 0.2         |
|    entropy_loss         | -0.605      |
|    explained_variance   | 0.859       |
|    learning_rate        | 0.0003      |
|    loss                 | -0.00348    |
|    n_updates            | 1040        |
|    policy_gradient_loss | -0.007      |
|    value_loss           | 0.0351      |
-----------------------------------------
-----------------------------------------
| rollout/                |             |
|    ep_len_mean          | 463         |
|    ep_rew_mean          | 27.6        |
| time/                   |             |
|    fps                  | 2           |
|    iterations           | 106         |
|    time_elapsed         | 25011       |
|    total_timesteps      | 54272       |
| train/                  |             |
|    approx_kl            | 0.004680926 |
|    clip_fraction        | 0.0424      |
|    clip_range           | 0.2         |
|    entropy_loss         | -0.584      |
|    explained_variance   | 0.607       |
|    learning_rate        | 0.0003      |
|    loss                 | -0.0156     |
|    n_updates            | 1050        |
|    policy_gradient_loss | -0.00527    |
|    value_loss           | 0.0126      |
-----------------------------------------
------------------------------------------
| rollout/                |              |
|    ep_len_mean          | 466          |
|    ep_rew_mean          | 28           |
| time/                   |              |
|    fps                  | 2            |
|    iterations           | 107          |
|    time_elapsed         | 25096        |
|    total_timesteps      | 54784        |
| train/                  |              |
|    approx_kl            | 0.0062416256 |
|    clip_fraction        | 0.0709       |
|    clip_range           | 0.2          |
|    entropy_loss         | -0.561       |
|    explained_variance   | 0.792        |
|    learning_rate        | 0.0003       |
|    loss                 | -0.00925     |
|    n_updates            | 1060         |
|    policy_gradient_loss | -0.00852     |
|    value_loss           | 0.00734      |
------------------------------------------
-----------------------------------------
| rollout/                |             |
|    ep_len_mean          | 470         |
|    ep_rew_mean          | 28.3        |
| time/                   |             |
|    fps                  | 2           |
|    iterations           | 108         |
|    time_elapsed         | 25179       |
|    total_timesteps      | 55296       |
| train/                  |             |
|    approx_kl            | 0.003847644 |
|    clip_fraction        | 0.0354      |
|    clip_range           | 0.2         |
|    entropy_loss         | -0.536      |
|    explained_variance   | 0.912       |
|    learning_rate        | 0.0003      |
|    loss                 | -0.0182     |
|    n_updates            | 1070        |
|    policy_gradient_loss | -0.00531    |
|    value_loss           | 0.00411     |
-----------------------------------------
------------------------------------------
| rollout/                |              |
|    ep_len_mean          | 471          |
|    ep_rew_mean          | 28.4         |
| time/                   |              |
|    fps                  | 2            |
|    iterations           | 109          |
|    time_elapsed         | 25262        |
|    total_timesteps      | 55808        |
| train/                  |              |
|    approx_kl            | 0.0030824437 |
|    clip_fraction        | 0.0232       |
|    clip_range           | 0.2          |
|    entropy_loss         | -0.528       |
|    explained_variance   | 0.911        |
|    learning_rate        | 0.0003       |
|    loss                 | -0.00254     |
|    n_updates            | 1080         |
|    policy_gradient_loss | -0.00729     |
|    value_loss           | 0.00638      |
------------------------------------------
------------------------------------------
| rollout/                |              |
|    ep_len_mean          | 473          |
|    ep_rew_mean          | 28.7         |
| time/                   |              |
|    fps                  | 2            |
|    iterations           | 110          |
|    time_elapsed         | 25345        |
|    total_timesteps      | 56320        |
| train/                  |              |
|    approx_kl            | 0.0052256095 |
|    clip_fraction        | 0.0301       |
|    clip_range           | 0.2          |
|    entropy_loss         | -0.566       |
|    explained_variance   | 0.0268       |
|    learning_rate        | 0.0003       |
|    loss                 | 0.0352       |
|    n_updates            | 1090         |
|    policy_gradient_loss | 0.00371      |
|    value_loss           | 0.0281       |
------------------------------------------
------------------------------------------
| rollout/                |              |
|    ep_len_mean          | 473          |
|    ep_rew_mean          | 28.7         |
| time/                   |              |
|    fps                  | 2            |
|    iterations           | 111          |
|    time_elapsed         | 25431        |
|    total_timesteps      | 56832        |
| train/                  |              |
|    approx_kl            | 0.0077147996 |
|    clip_fraction        | 0.0559       |
|    clip_range           | 0.2          |
|    entropy_loss         | -0.433       |
|    explained_variance   | 0.912        |
|    learning_rate        | 0.0003       |
|    loss                 | -0.00907     |
|    n_updates            | 1100         |
|    policy_gradient_loss | -0.00306     |
|    value_loss           | 0.00272      |
------------------------------------------
------------------------------------------
| rollout/                |              |
|    ep_len_mean          | 473          |
|    ep_rew_mean          | 28.7         |
| time/                   |              |
|    fps                  | 2            |
|    iterations           | 112          |
|    time_elapsed         | 25516        |
|    total_timesteps      | 57344        |
| train/                  |              |
|    approx_kl            | 0.0020914637 |
|    clip_fraction        | 0.0262       |
|    clip_range           | 0.2          |
|    entropy_loss         | -0.412       |
|    explained_variance   | 0.968        |
|    learning_rate        | 0.0003       |
|    loss                 | -0.0041      |
|    n_updates            | 1110         |
|    policy_gradient_loss | -0.00566     |
|    value_loss           | 0.00195      |
------------------------------------------
------------------------------------------
| rollout/                |              |
|    ep_len_mean          | 473          |
|    ep_rew_mean          | 28.7         |
| time/                   |              |
|    fps                  | 2            |
|    iterations           | 113          |
|    time_elapsed         | 25602        |
|    total_timesteps      | 57856        |
| train/                  |              |
|    approx_kl            | 0.0044673346 |
|    clip_fraction        | 0.0441       |
|    clip_range           | 0.2          |
|    entropy_loss         | -0.451       |
|    explained_variance   | 0.445        |
|    learning_rate        | 0.0003       |
|    loss                 | -0.000383    |
|    n_updates            | 1120         |
|    policy_gradient_loss | 0.00348      |
|    value_loss           | 0.0133       |
------------------------------------------
------------------------------------------
| rollout/                |              |
|    ep_len_mean          | 473          |
|    ep_rew_mean          | 28.7         |
| time/                   |              |
|    fps                  | 2            |
|    iterations           | 114          |
|    time_elapsed         | 25686        |
|    total_timesteps      | 58368        |
| train/                  |              |
|    approx_kl            | 0.0024893188 |
|    clip_fraction        | 0.0195       |
|    clip_range           | 0.2          |
|    entropy_loss         | -0.485       |
|    explained_variance   | 0.728        |
|    learning_rate        | 0.0003       |
|    loss                 | 0.00257      |
|    n_updates            | 1130         |
|    policy_gradient_loss | -0.00501     |
|    value_loss           | 0.00749      |
------------------------------------------
-----------------------------------------
| rollout/                |             |
|    ep_len_mean          | 473         |
|    ep_rew_mean          | 28.7        |
| time/                   |             |
|    fps                  | 2           |
|    iterations           | 115         |
|    time_elapsed         | 25769       |
|    total_timesteps      | 58880       |
| train/                  |             |
|    approx_kl            | 0.004546164 |
|    clip_fraction        | 0.0469      |
|    clip_range           | 0.2         |
|    entropy_loss         | -0.54       |
|    explained_variance   | 0.837       |
|    learning_rate        | 0.0003      |
|    loss                 | -0.00254    |
|    n_updates            | 1140        |
|    policy_gradient_loss | -0.00913    |
|    value_loss           | 0.0121      |
-----------------------------------------
------------------------------------------
| rollout/                |              |
|    ep_len_mean          | 473          |
|    ep_rew_mean          | 28.7         |
| time/                   |              |
|    fps                  | 2            |
|    iterations           | 116          |
|    time_elapsed         | 25854        |
|    total_timesteps      | 59392        |
| train/                  |              |
|    approx_kl            | 0.0042559607 |
|    clip_fraction        | 0.0377       |
|    clip_range           | 0.2          |
|    entropy_loss         | -0.437       |
|    explained_variance   | 0.957        |
|    learning_rate        | 0.0003       |
|    loss                 | -0.000983    |
|    n_updates            | 1150         |
|    policy_gradient_loss | -0.0087      |
|    value_loss           | 0.00247      |
------------------------------------------
------------------------------------------
| rollout/                |              |
|    ep_len_mean          | 473          |
|    ep_rew_mean          | 28.7         |
| time/                   |              |
|    fps                  | 2            |
|    iterations           | 117          |
|    time_elapsed         | 25937        |
|    total_timesteps      | 59904        |
| train/                  |              |
|    approx_kl            | 0.0044657364 |
|    clip_fraction        | 0.0354       |
|    clip_range           | 0.2          |
|    entropy_loss         | -0.438       |
|    explained_variance   | 0.941        |
|    learning_rate        | 0.0003       |
|    loss                 | -0.0188      |
|    n_updates            | 1160         |
|    policy_gradient_loss | -0.00781     |
|    value_loss           | 0.00251      |
------------------------------------------
------------------------------------------
| rollout/                |              |
|    ep_len_mean          | 473          |
|    ep_rew_mean          | 28.7         |
| time/                   |              |
|    fps                  | 2            |
|    iterations           | 118          |
|    time_elapsed         | 26021        |
|    total_timesteps      | 60416        |
| train/                  |              |
|    approx_kl            | 0.0026815967 |
|    clip_fraction        | 0.0273       |
|    clip_range           | 0.2          |
|    entropy_loss         | -0.411       |
|    explained_variance   | 0.97         |
|    learning_rate        | 0.0003       |
|    loss                 | -0.00881     |
|    n_updates            | 1170         |
|    policy_gradient_loss | -0.00433     |
|    value_loss           | 0.00176      |
------------------------------------------
------------------------------------------
| rollout/                |              |
|    ep_len_mean          | 477          |
|    ep_rew_mean          | 29           |
| time/                   |              |
|    fps                  | 2            |
|    iterations           | 119          |
|    time_elapsed         | 26104        |
|    total_timesteps      | 60928        |
| train/                  |              |
|    approx_kl            | 0.0022144201 |
|    clip_fraction        | 0.0102       |
|    clip_range           | 0.2          |
|    entropy_loss         | -0.379       |
|    explained_variance   | 0.974        |
|    learning_rate        | 0.0003       |
|    loss                 | -0.00884     |
|    n_updates            | 1180         |
|    policy_gradient_loss | -0.00434     |
|    value_loss           | 0.00167      |
------------------------------------------
------------------------------------------
| rollout/                |              |
|    ep_len_mean          | 478          |
|    ep_rew_mean          | 29.2         |
| time/                   |              |
|    fps                  | 2            |
|    iterations           | 120          |
|    time_elapsed         | 26187        |
|    total_timesteps      | 61440        |
| train/                  |              |
|    approx_kl            | 0.0036413665 |
|    clip_fraction        | 0.0191       |
|    clip_range           | 0.2          |
|    entropy_loss         | -0.354       |
|    explained_variance   | 0.781        |
|    learning_rate        | 0.0003       |
|    loss                 | 0.00848      |
|    n_updates            | 1190         |
|    policy_gradient_loss | 0.00763      |
|    value_loss           | 0.00841      |
------------------------------------------
------------------------------------------
| rollout/                |              |
|    ep_len_mean          | 482          |
|    ep_rew_mean          | 29.6         |
| time/                   |              |
|    fps                  | 2            |
|    iterations           | 121          |
|    time_elapsed         | 26270        |
|    total_timesteps      | 61952        |
| train/                  |              |
|    approx_kl            | 0.0023790216 |
|    clip_fraction        | 0.0199       |
|    clip_range           | 0.2          |
|    entropy_loss         | -0.332       |
|    explained_variance   | 0.949        |
|    learning_rate        | 0.0003       |
|    loss                 | -0.0278      |
|    n_updates            | 1200         |
|    policy_gradient_loss | -0.0118      |
|    value_loss           | 0.0034       |
------------------------------------------
------------------------------------------
| rollout/                |              |
|    ep_len_mean          | 482          |
|    ep_rew_mean          | 29.6         |
| time/                   |              |
|    fps                  | 2            |
|    iterations           | 122          |
|    time_elapsed         | 26356        |
|    total_timesteps      | 62464        |
| train/                  |              |
|    approx_kl            | 0.0043186704 |
|    clip_fraction        | 0.0184       |
|    clip_range           | 0.2          |
|    entropy_loss         | -0.324       |
|    explained_variance   | 0.845        |
|    learning_rate        | 0.0003       |
|    loss                 | 0.0199       |
|    n_updates            | 1210         |
|    policy_gradient_loss | -0.000677    |
|    value_loss           | 0.00507      |
------------------------------------------
-----------------------------------------
| rollout/                |             |
|    ep_len_mean          | 483         |
|    ep_rew_mean          | 29.6        |
| time/                   |             |
|    fps                  | 2           |
|    iterations           | 123         |
|    time_elapsed         | 26442       |
|    total_timesteps      | 62976       |
| train/                  |             |
|    approx_kl            | 0.033642203 |
|    clip_fraction        | 0.0615      |
|    clip_range           | 0.2         |
|    entropy_loss         | -0.399      |
|    explained_variance   | 0.953       |
|    learning_rate        | 0.0003      |
|    loss                 | -0.0158     |
|    n_updates            | 1220        |
|    policy_gradient_loss | -0.0113     |
|    value_loss           | 0.00228     |
-----------------------------------------
-----------------------------------------
| rollout/                |             |
|    ep_len_mean          | 483         |
|    ep_rew_mean          | 29.6        |
| time/                   |             |
|    fps                  | 2           |
|    iterations           | 124         |
|    time_elapsed         | 26528       |
|    total_timesteps      | 63488       |
| train/                  |             |
|    approx_kl            | 0.008637955 |
|    clip_fraction        | 0.0713      |
|    clip_range           | 0.2         |
|    entropy_loss         | -0.603      |
|    explained_variance   | 0.132       |
|    learning_rate        | 0.0003      |
|    loss                 | 0.171       |
|    n_updates            | 1230        |
|    policy_gradient_loss | 0.0162      |
|    value_loss           | 1.28        |
-----------------------------------------
-----------------------------------------
| rollout/                |             |
|    ep_len_mean          | 483         |
|    ep_rew_mean          | 29.7        |
| time/                   |             |
|    fps                  | 2           |
|    iterations           | 125         |
|    time_elapsed         | 26613       |
|    total_timesteps      | 64000       |
| train/                  |             |
|    approx_kl            | 0.004802452 |
|    clip_fraction        | 0.0264      |
|    clip_range           | 0.2         |
|    entropy_loss         | -0.518      |
|    explained_variance   | -0.201      |
|    learning_rate        | 0.0003      |
|    loss                 | -0.0186     |
|    n_updates            | 1240        |
|    policy_gradient_loss | -0.00893    |
|    value_loss           | 0.0308      |
-----------------------------------------
-----------------------------------------
| rollout/                |             |
|    ep_len_mean          | 483         |
|    ep_rew_mean          | 29.7        |
| time/                   |             |
|    fps                  | 2           |
|    iterations           | 126         |
|    time_elapsed         | 26699       |
|    total_timesteps      | 64512       |
| train/                  |             |
|    approx_kl            | 0.010869236 |
|    clip_fraction        | 0.0959      |
|    clip_range           | 0.2         |
|    entropy_loss         | -0.592      |
|    explained_variance   | 0.203       |
|    learning_rate        | 0.0003      |
|    loss                 | 0.00633     |
|    n_updates            | 1250        |
|    policy_gradient_loss | -0.00765    |
|    value_loss           | 0.0683      |
-----------------------------------------
-----------------------------------------
| rollout/                |             |
|    ep_len_mean          | 485         |
|    ep_rew_mean          | 29.9        |
| time/                   |             |
|    fps                  | 2           |
|    iterations           | 127         |
|    time_elapsed         | 26788       |
|    total_timesteps      | 65024       |
| train/                  |             |
|    approx_kl            | 0.006339198 |
|    clip_fraction        | 0.0242      |
|    clip_range           | 0.2         |
|    entropy_loss         | -0.492      |
|    explained_variance   | 0.598       |
|    learning_rate        | 0.0003      |
|    loss                 | -0.00545    |
|    n_updates            | 1260        |
|    policy_gradient_loss | -0.00536    |
|    value_loss           | 0.0143      |
-----------------------------------------
-----------------------------------------
| rollout/                |             |
|    ep_len_mean          | 485         |
|    ep_rew_mean          | 29.9        |
| time/                   |             |
|    fps                  | 2           |
|    iterations           | 128         |
|    time_elapsed         | 26875       |
|    total_timesteps      | 65536       |
| train/                  |             |
|    approx_kl            | 0.009278829 |
|    clip_fraction        | 0.0711      |
|    clip_range           | 0.2         |
|    entropy_loss         | -0.599      |
|    explained_variance   | 0.448       |
|    learning_rate        | 0.0003      |
|    loss                 | 0.0287      |
|    n_updates            | 1270        |
|    policy_gradient_loss | -0.00758    |
|    value_loss           | 0.0453      |
-----------------------------------------
-----------------------------------------
| rollout/                |             |
|    ep_len_mean          | 488         |
|    ep_rew_mean          | 30.2        |
| time/                   |             |
|    fps                  | 2           |
|    iterations           | 129         |
|    time_elapsed         | 26961       |
|    total_timesteps      | 66048       |
| train/                  |             |
|    approx_kl            | 0.020356465 |
|    clip_fraction        | 0.0574      |
|    clip_range           | 0.2         |
|    entropy_loss         | -0.544      |
|    explained_variance   | 0.636       |
|    learning_rate        | 0.0003      |
|    loss                 | 0.0032      |
|    n_updates            | 1280        |
|    policy_gradient_loss | -0.00373    |
|    value_loss           | 0.0104      |
-----------------------------------------
-----------------------------------------
| rollout/                |             |
|    ep_len_mean          | 488         |
|    ep_rew_mean          | 30.2        |
| time/                   |             |
|    fps                  | 2           |
|    iterations           | 130         |
|    time_elapsed         | 27049       |
|    total_timesteps      | 66560       |
| train/                  |             |
|    approx_kl            | 0.025871191 |
|    clip_fraction        | 0.109       |
|    clip_range           | 0.2         |
|    entropy_loss         | -0.626      |
|    explained_variance   | 0.669       |
|    learning_rate        | 0.0003      |
|    loss                 | 0.00242     |
|    n_updates            | 1290        |
|    policy_gradient_loss | -0.00977    |
|    value_loss           | 0.012       |
-----------------------------------------
------------------------------------------
| rollout/                |              |
|    ep_len_mean          | 488          |
|    ep_rew_mean          | 30.2         |
| time/                   |              |
|    fps                  | 2            |
|    iterations           | 131          |
|    time_elapsed         | 27136        |
|    total_timesteps      | 67072        |
| train/                  |              |
|    approx_kl            | 0.0083986055 |
|    clip_fraction        | 0.0752       |
|    clip_range           | 0.2          |
|    entropy_loss         | -0.675       |
|    explained_variance   | 0.71         |
|    learning_rate        | 0.0003       |
|    loss                 | -0.0365      |
|    n_updates            | 1300         |
|    policy_gradient_loss | -0.0131      |
|    value_loss           | 0.00773      |
------------------------------------------
------------------------------------------
| rollout/                |              |
|    ep_len_mean          | 488          |
|    ep_rew_mean          | 30.2         |
| time/                   |              |
|    fps                  | 2            |
|    iterations           | 132          |
|    time_elapsed         | 27221        |
|    total_timesteps      | 67584        |
| train/                  |              |
|    approx_kl            | 0.0050990162 |
|    clip_fraction        | 0.0406       |
|    clip_range           | 0.2          |
|    entropy_loss         | -0.593       |
|    explained_variance   | 0.868        |
|    learning_rate        | 0.0003       |
|    loss                 | 0.0129       |
|    n_updates            | 1310         |
|    policy_gradient_loss | -0.00708     |
|    value_loss           | 0.00523      |
------------------------------------------
-----------------------------------------
| rollout/                |             |
|    ep_len_mean          | 488         |
|    ep_rew_mean          | 30.2        |
| time/                   |             |
|    fps                  | 2           |
|    iterations           | 133         |
|    time_elapsed         | 27307       |
|    total_timesteps      | 68096       |
| train/                  |             |
|    approx_kl            | 0.006329354 |
|    clip_fraction        | 0.0791      |
|    clip_range           | 0.2         |
|    entropy_loss         | -0.612      |
|    explained_variance   | 0.863       |
|    learning_rate        | 0.0003      |
|    loss                 | -0.0227     |
|    n_updates            | 1320        |
|    policy_gradient_loss | -0.0139     |
|    value_loss           | 0.00475     |
-----------------------------------------
------------------------------------------
| rollout/                |              |
|    ep_len_mean          | 488          |
|    ep_rew_mean          | 30.3         |
| time/                   |              |
|    fps                  | 2            |
|    iterations           | 134          |
|    time_elapsed         | 27393        |
|    total_timesteps      | 68608        |
| train/                  |              |
|    approx_kl            | 0.0034029284 |
|    clip_fraction        | 0.0338       |
|    clip_range           | 0.2          |
|    entropy_loss         | -0.6         |
|    explained_variance   | 0.922        |
|    learning_rate        | 0.0003       |
|    loss                 | -0.000725    |
|    n_updates            | 1330         |
|    policy_gradient_loss | -0.00649     |
|    value_loss           | 0.00307      |
------------------------------------------
-----------------------------------------
| rollout/                |             |
|    ep_len_mean          | 488         |
|    ep_rew_mean          | 30.1        |
| time/                   |             |
|    fps                  | 2           |
|    iterations           | 135         |
|    time_elapsed         | 27478       |
|    total_timesteps      | 69120       |
| train/                  |             |
|    approx_kl            | 0.006003678 |
|    clip_fraction        | 0.074       |
|    clip_range           | 0.2         |
|    entropy_loss         | -0.667      |
|    explained_variance   | 0.861       |
|    learning_rate        | 0.0003      |
|    loss                 | -0.00484    |
|    n_updates            | 1340        |
|    policy_gradient_loss | -0.0102     |
|    value_loss           | 0.00555     |
-----------------------------------------
----------------------------------------
| rollout/                |            |
|    ep_len_mean          | 488        |
|    ep_rew_mean          | 30.1       |
| time/                   |            |
|    fps                  | 2          |
|    iterations           | 136        |
|    time_elapsed         | 27563      |
|    total_timesteps      | 69632      |
| train/                  |            |
|    approx_kl            | 0.00730467 |
|    clip_fraction        | 0.0584     |
|    clip_range           | 0.2        |
|    entropy_loss         | -0.747     |
|    explained_variance   | -0.0743    |
|    learning_rate        | 0.0003     |
|    loss                 | 0.939      |
|    n_updates            | 1350       |
|    policy_gradient_loss | -0.0047    |
|    value_loss           | 3.78       |
----------------------------------------
------------------------------------------
| rollout/                |              |
|    ep_len_mean          | 488          |
|    ep_rew_mean          | 30.1         |
| time/                   |              |
|    fps                  | 2            |
|    iterations           | 137          |
|    time_elapsed         | 27647        |
|    total_timesteps      | 70144        |
| train/                  |              |
|    approx_kl            | 0.0072167185 |
|    clip_fraction        | 0.103        |
|    clip_range           | 0.2          |
|    entropy_loss         | -0.635       |
|    explained_variance   | -0.366       |
|    learning_rate        | 0.0003       |
|    loss                 | 0.0128       |
|    n_updates            | 1360         |
|    policy_gradient_loss | -0.0103      |
|    value_loss           | 0.0502       |
------------------------------------------
-----------------------------------------
| rollout/                |             |
|    ep_len_mean          | 491         |
|    ep_rew_mean          | 30.5        |
| time/                   |             |
|    fps                  | 2           |
|    iterations           | 138         |
|    time_elapsed         | 27733       |
|    total_timesteps      | 70656       |
| train/                  |             |
|    approx_kl            | 0.010445477 |
|    clip_fraction        | 0.12        |
|    clip_range           | 0.2         |
|    entropy_loss         | -0.699      |
|    explained_variance   | 0.561       |
|    learning_rate        | 0.0003      |
|    loss                 | 0.00647     |
|    n_updates            | 1370        |
|    policy_gradient_loss | -0.00829    |
|    value_loss           | 0.0299      |
-----------------------------------------
-----------------------------------------
| rollout/                |             |
|    ep_len_mean          | 491         |
|    ep_rew_mean          | 30.5        |
| time/                   |             |
|    fps                  | 2           |
|    iterations           | 139         |
|    time_elapsed         | 27819       |
|    total_timesteps      | 71168       |
| train/                  |             |
|    approx_kl            | 0.013471503 |
|    clip_fraction        | 0.0891      |
|    clip_range           | 0.2         |
|    entropy_loss         | -0.601      |
|    explained_variance   | -0.416      |
|    learning_rate        | 0.0003      |
|    loss                 | -0.0166     |
|    n_updates            | 1380        |
|    policy_gradient_loss | -0.0116     |
|    value_loss           | 0.0418      |
-----------------------------------------
-----------------------------------------
| rollout/                |             |
|    ep_len_mean          | 491         |
|    ep_rew_mean          | 30.5        |
| time/                   |             |
|    fps                  | 2           |
|    iterations           | 140         |
|    time_elapsed         | 27905       |
|    total_timesteps      | 71680       |
| train/                  |             |
|    approx_kl            | 0.009803506 |
|    clip_fraction        | 0.0605      |
|    clip_range           | 0.2         |
|    entropy_loss         | -0.607      |
|    explained_variance   | 0.21        |
|    learning_rate        | 0.0003      |
|    loss                 | -0.0369     |
|    n_updates            | 1390        |
|    policy_gradient_loss | -0.0112     |
|    value_loss           | 0.0206      |
-----------------------------------------
----------------------------------------
| rollout/                |            |
|    ep_len_mean          | 491        |
|    ep_rew_mean          | 30.5       |
| time/                   |            |
|    fps                  | 2          |
|    iterations           | 141        |
|    time_elapsed         | 27991      |
|    total_timesteps      | 72192      |
| train/                  |            |
|    approx_kl            | 0.03305791 |
|    clip_fraction        | 0.101      |
|    clip_range           | 0.2        |
|    entropy_loss         | -0.575     |
|    explained_variance   | 0.791      |
|    learning_rate        | 0.0003     |
|    loss                 | -0.0233    |
|    n_updates            | 1400       |
|    policy_gradient_loss | -0.0245    |
|    value_loss           | 0.00828    |
----------------------------------------
------------------------------------------
| rollout/                |              |
|    ep_len_mean          | 491          |
|    ep_rew_mean          | 30.5         |
| time/                   |              |
|    fps                  | 2            |
|    iterations           | 142          |
|    time_elapsed         | 28076        |
|    total_timesteps      | 72704        |
| train/                  |              |
|    approx_kl            | 0.0042069843 |
|    clip_fraction        | 0.0428       |
|    clip_range           | 0.2          |
|    entropy_loss         | -0.618       |
|    explained_variance   | 0.757        |
|    learning_rate        | 0.0003       |
|    loss                 | 0.0123       |
|    n_updates            | 1410         |
|    policy_gradient_loss | -0.00382     |
|    value_loss           | 0.00833      |
------------------------------------------
-----------------------------------------
| rollout/                |             |
|    ep_len_mean          | 492         |
|    ep_rew_mean          | 30.6        |
| time/                   |             |
|    fps                  | 2           |
|    iterations           | 143         |
|    time_elapsed         | 28162       |
|    total_timesteps      | 73216       |
| train/                  |             |
|    approx_kl            | 0.009374705 |
|    clip_fraction        | 0.085       |
|    clip_range           | 0.2         |
|    entropy_loss         | -0.693      |
|    explained_variance   | 0.704       |
|    learning_rate        | 0.0003      |
|    loss                 | -0.0104     |
|    n_updates            | 1420        |
|    policy_gradient_loss | -0.0121     |
|    value_loss           | 0.00903     |
-----------------------------------------
------------------------------------------
| rollout/                |              |
|    ep_len_mean          | 492          |
|    ep_rew_mean          | 30.6         |
| time/                   |              |
|    fps                  | 2            |
|    iterations           | 144          |
|    time_elapsed         | 28247        |
|    total_timesteps      | 73728        |
| train/                  |              |
|    approx_kl            | 0.0122434255 |
|    clip_fraction        | 0.107        |
|    clip_range           | 0.2          |
|    entropy_loss         | -0.646       |
|    explained_variance   | 0.895        |
|    learning_rate        | 0.0003       |
|    loss                 | -0.00445     |
|    n_updates            | 1430         |
|    policy_gradient_loss | -0.006       |
|    value_loss           | 0.00514      |
------------------------------------------
-----------------------------------------
| rollout/                |             |
|    ep_len_mean          | 492         |
|    ep_rew_mean          | 30.6        |
| time/                   |             |
|    fps                  | 2           |
|    iterations           | 145         |
|    time_elapsed         | 28335       |
|    total_timesteps      | 74240       |
| train/                  |             |
|    approx_kl            | 0.009848045 |
|    clip_fraction        | 0.0961      |
|    clip_range           | 0.2         |
|    entropy_loss         | -0.712      |
|    explained_variance   | 0.571       |
|    learning_rate        | 0.0003      |
|    loss                 | -0.0186     |
|    n_updates            | 1440        |
|    policy_gradient_loss | -0.0128     |
|    value_loss           | 0.015       |
-----------------------------------------
-----------------------------------------
| rollout/                |             |
|    ep_len_mean          | 495         |
|    ep_rew_mean          | 30.9        |
| time/                   |             |
|    fps                  | 2           |
|    iterations           | 146         |
|    time_elapsed         | 28420       |
|    total_timesteps      | 74752       |
| train/                  |             |
|    approx_kl            | 0.005406241 |
|    clip_fraction        | 0.0514      |
|    clip_range           | 0.2         |
|    entropy_loss         | -0.712      |
|    explained_variance   | 0.613       |
|    learning_rate        | 0.0003      |
|    loss                 | -0.017      |
|    n_updates            | 1450        |
|    policy_gradient_loss | -0.00893    |
|    value_loss           | 0.0154      |
-----------------------------------------
-----------------------------------------
| rollout/                |             |
|    ep_len_mean          | 495         |
|    ep_rew_mean          | 30.9        |
| time/                   |             |
|    fps                  | 2           |
|    iterations           | 147         |
|    time_elapsed         | 28501       |
|    total_timesteps      | 75264       |
| train/                  |             |
|    approx_kl            | 0.004927613 |
|    clip_fraction        | 0.0332      |
|    clip_range           | 0.2         |
|    entropy_loss         | -0.714      |
|    explained_variance   | 0.163       |
|    learning_rate        | 0.0003      |
|    loss                 | -0.014      |
|    n_updates            | 1460        |
|    policy_gradient_loss | -0.00861    |
|    value_loss           | 0.0218      |
-----------------------------------------
------------------------------------------
| rollout/                |              |
|    ep_len_mean          | 495          |
|    ep_rew_mean          | 30.9         |
| time/                   |              |
|    fps                  | 2            |
|    iterations           | 148          |
|    time_elapsed         | 28584        |
|    total_timesteps      | 75776        |
| train/                  |              |
|    approx_kl            | 0.0035599498 |
|    clip_fraction        | 0.0447       |
|    clip_range           | 0.2          |
|    entropy_loss         | -0.746       |
|    explained_variance   | 0.313        |
|    learning_rate        | 0.0003       |
|    loss                 | -0.00568     |
|    n_updates            | 1470         |
|    policy_gradient_loss | -0.0124      |
|    value_loss           | 0.0163       |
------------------------------------------
-----------------------------------------
| rollout/                |             |
|    ep_len_mean          | 495         |
|    ep_rew_mean          | 30.9        |
| time/                   |             |
|    fps                  | 2           |
|    iterations           | 149         |
|    time_elapsed         | 28667       |
|    total_timesteps      | 76288       |
| train/                  |             |
|    approx_kl            | 0.008010734 |
|    clip_fraction        | 0.0818      |
|    clip_range           | 0.2         |
|    entropy_loss         | -0.723      |
|    explained_variance   | 0.54        |
|    learning_rate        | 0.0003      |
|    loss                 | -0.00665    |
|    n_updates            | 1480        |
|    policy_gradient_loss | -0.0114     |
|    value_loss           | 0.0116      |
-----------------------------------------
-----------------------------------------
| rollout/                |             |
|    ep_len_mean          | 495         |
|    ep_rew_mean          | 30.9        |
| time/                   |             |
|    fps                  | 2           |
|    iterations           | 150         |
|    time_elapsed         | 28751       |
|    total_timesteps      | 76800       |
| train/                  |             |
|    approx_kl            | 0.008970443 |
|    clip_fraction        | 0.0914      |
|    clip_range           | 0.2         |
|    entropy_loss         | -0.688      |
|    explained_variance   | 0.863       |
|    learning_rate        | 0.0003      |
|    loss                 | -0.0156     |
|    n_updates            | 1490        |
|    policy_gradient_loss | -0.00585    |
|    value_loss           | 0.0116      |
-----------------------------------------
-----------------------------------------
| rollout/                |             |
|    ep_len_mean          | 495         |
|    ep_rew_mean          | 30.9        |
| time/                   |             |
|    fps                  | 2           |
|    iterations           | 151         |
|    time_elapsed         | 28833       |
|    total_timesteps      | 77312       |
| train/                  |             |
|    approx_kl            | 0.008289081 |
|    clip_fraction        | 0.0885      |
|    clip_range           | 0.2         |
|    entropy_loss         | -0.672      |
|    explained_variance   | 0.684       |
|    learning_rate        | 0.0003      |
|    loss                 | 0.00208     |
|    n_updates            | 1500        |
|    policy_gradient_loss | -0.0116     |
|    value_loss           | 0.0255      |
-----------------------------------------
-----------------------------------------
| rollout/                |             |
|    ep_len_mean          | 495         |
|    ep_rew_mean          | 30.9        |
| time/                   |             |
|    fps                  | 2           |
|    iterations           | 152         |
|    time_elapsed         | 28915       |
|    total_timesteps      | 77824       |
| train/                  |             |
|    approx_kl            | 0.008779304 |
|    clip_fraction        | 0.0732      |
|    clip_range           | 0.2         |
|    entropy_loss         | -0.678      |
|    explained_variance   | 0.415       |
|    learning_rate        | 0.0003      |
|    loss                 | -0.0121     |
|    n_updates            | 1510        |
|    policy_gradient_loss | -0.0101     |
|    value_loss           | 0.0255      |
-----------------------------------------
----------------------------------------
| rollout/                |            |
|    ep_len_mean          | 495        |
|    ep_rew_mean          | 30.9       |
| time/                   |            |
|    fps                  | 2          |
|    iterations           | 153        |
|    time_elapsed         | 28996      |
|    total_timesteps      | 78336      |
| train/                  |            |
|    approx_kl            | 0.01299088 |
|    clip_fraction        | 0.115      |
|    clip_range           | 0.2        |
|    entropy_loss         | -0.666     |
|    explained_variance   | 0.64       |
|    learning_rate        | 0.0003     |
|    loss                 | -0.0455    |
|    n_updates            | 1520       |
|    policy_gradient_loss | -0.0144    |
|    value_loss           | 0.0132     |
----------------------------------------
--------------------------------------
| rollout/                |          |
|    ep_len_mean          | 495      |
|    ep_rew_mean          | 30.9     |
| time/                   |          |
|    fps                  | 2        |
|    iterations           | 154      |
|    time_elapsed         | 29078    |
|    total_timesteps      | 78848    |
| train/                  |          |
|    approx_kl            | 0.011549 |
|    clip_fraction        | 0.0928   |
|    clip_range           | 0.2      |
|    entropy_loss         | -0.697   |
|    explained_variance   | 0.592    |
|    learning_rate        | 0.0003   |
|    loss                 | -0.0446  |
|    n_updates            | 1530     |
|    policy_gradient_loss | -0.00989 |
|    value_loss           | 0.0159   |
--------------------------------------
------------------------------------------
| rollout/                |              |
|    ep_len_mean          | 495          |
|    ep_rew_mean          | 30.9         |
| time/                   |              |
|    fps                  | 2            |
|    iterations           | 155          |
|    time_elapsed         | 29160        |
|    total_timesteps      | 79360        |
| train/                  |              |
|    approx_kl            | 0.0071807606 |
|    clip_fraction        | 0.0592       |
|    clip_range           | 0.2          |
|    entropy_loss         | -0.627       |
|    explained_variance   | 0.719        |
|    learning_rate        | 0.0003       |
|    loss                 | -0.0145      |
|    n_updates            | 1540         |
|    policy_gradient_loss | -0.0129      |
|    value_loss           | 0.0144       |
------------------------------------------
------------------------------------------
| rollout/                |              |
|    ep_len_mean          | 495          |
|    ep_rew_mean          | 30.9         |
| time/                   |              |
|    fps                  | 2            |
|    iterations           | 156          |
|    time_elapsed         | 29242        |
|    total_timesteps      | 79872        |
| train/                  |              |
|    approx_kl            | 0.0071897944 |
|    clip_fraction        | 0.101        |
|    clip_range           | 0.2          |
|    entropy_loss         | -0.635       |
|    explained_variance   | 0.882        |
|    learning_rate        | 0.0003       |
|    loss                 | -0.0281      |
|    n_updates            | 1550         |
|    policy_gradient_loss | -0.0134      |
|    value_loss           | 0.00608      |
------------------------------------------
------------------------------------------
| rollout/                |              |
|    ep_len_mean          | 495          |
|    ep_rew_mean          | 30.9         |
| time/                   |              |
|    fps                  | 2            |
|    iterations           | 157          |
|    time_elapsed         | 29325        |
|    total_timesteps      | 80384        |
| train/                  |              |
|    approx_kl            | 0.0108975805 |
|    clip_fraction        | 0.073        |
|    clip_range           | 0.2          |
|    entropy_loss         | -0.717       |
|    explained_variance   | 0.461        |
|    learning_rate        | 0.0003       |
|    loss                 | 0.00455      |
|    n_updates            | 1560         |
|    policy_gradient_loss | -0.0131      |
|    value_loss           | 0.0191       |
------------------------------------------
------------------------------------------
| rollout/                |              |
|    ep_len_mean          | 495          |
|    ep_rew_mean          | 30.9         |
| time/                   |              |
|    fps                  | 2            |
|    iterations           | 158          |
|    time_elapsed         | 29409        |
|    total_timesteps      | 80896        |
| train/                  |              |
|    approx_kl            | 0.0152042825 |
|    clip_fraction        | 0.149        |
|    clip_range           | 0.2          |
|    entropy_loss         | -0.767       |
|    explained_variance   | 0.595        |
|    learning_rate        | 0.0003       |
|    loss                 | 0.00215      |
|    n_updates            | 1570         |
|    policy_gradient_loss | -0.00996     |
|    value_loss           | 0.0208       |
------------------------------------------
------------------------------------------
| rollout/                |              |
|    ep_len_mean          | 495          |
|    ep_rew_mean          | 30.9         |
| time/                   |              |
|    fps                  | 2            |
|    iterations           | 159          |
|    time_elapsed         | 29493        |
|    total_timesteps      | 81408        |
| train/                  |              |
|    approx_kl            | 0.0068440195 |
|    clip_fraction        | 0.0344       |
|    clip_range           | 0.2          |
|    entropy_loss         | -0.712       |
|    explained_variance   | 0.801        |
|    learning_rate        | 0.0003       |
|    loss                 | -0.00738     |
|    n_updates            | 1580         |
|    policy_gradient_loss | -0.00712     |
|    value_loss           | 0.00542      |
------------------------------------------
-----------------------------------------
| rollout/                |             |
|    ep_len_mean          | 495         |
|    ep_rew_mean          | 30.9        |
| time/                   |             |
|    fps                  | 2           |
|    iterations           | 160         |
|    time_elapsed         | 29581       |
|    total_timesteps      | 81920       |
| train/                  |             |
|    approx_kl            | 0.022087585 |
|    clip_fraction        | 0.18        |
|    clip_range           | 0.2         |
|    entropy_loss         | -0.692      |
|    explained_variance   | 0.918       |
|    learning_rate        | 0.0003      |
|    loss                 | -0.0158     |
|    n_updates            | 1590        |
|    policy_gradient_loss | -0.00993    |
|    value_loss           | 0.00439     |
-----------------------------------------
-----------------------------------------
| rollout/                |             |
|    ep_len_mean          | 495         |
|    ep_rew_mean          | 30.9        |
| time/                   |             |
|    fps                  | 2           |
|    iterations           | 161         |
|    time_elapsed         | 29673       |
|    total_timesteps      | 82432       |
| train/                  |             |
|    approx_kl            | 0.012437203 |
|    clip_fraction        | 0.115       |
|    clip_range           | 0.2         |
|    entropy_loss         | -0.669      |
|    explained_variance   | 0.952       |
|    learning_rate        | 0.0003      |
|    loss                 | -0.0165     |
|    n_updates            | 1600        |
|    policy_gradient_loss | -0.00779    |
|    value_loss           | 0.00312     |
-----------------------------------------
-----------------------------------------
| rollout/                |             |
|    ep_len_mean          | 495         |
|    ep_rew_mean          | 30.9        |
| time/                   |             |
|    fps                  | 2           |
|    iterations           | 162         |
|    time_elapsed         | 29765       |
|    total_timesteps      | 82944       |
| train/                  |             |
|    approx_kl            | 0.014583813 |
|    clip_fraction        | 0.143       |
|    clip_range           | 0.2         |
|    entropy_loss         | -0.639      |
|    explained_variance   | 0.736       |
|    learning_rate        | 0.0003      |
|    loss                 | -0.0163     |
|    n_updates            | 1610        |
|    policy_gradient_loss | -0.00902    |
|    value_loss           | 0.0136      |
-----------------------------------------
------------------------------------------
| rollout/                |              |
|    ep_len_mean          | 495          |
|    ep_rew_mean          | 30.9         |
| time/                   |              |
|    fps                  | 2            |
|    iterations           | 163          |
|    time_elapsed         | 29851        |
|    total_timesteps      | 83456        |
| train/                  |              |
|    approx_kl            | 0.0034086644 |
|    clip_fraction        | 0.0152       |
|    clip_range           | 0.2          |
|    entropy_loss         | -0.594       |
|    explained_variance   | 0.731        |
|    learning_rate        | 0.0003       |
|    loss                 | -0.00605     |
|    n_updates            | 1620         |
|    policy_gradient_loss | -0.00418     |
|    value_loss           | 0.00614      |
------------------------------------------
------------------------------------------
| rollout/                |              |
|    ep_len_mean          | 495          |
|    ep_rew_mean          | 30.9         |
| time/                   |              |
|    fps                  | 2            |
|    iterations           | 164          |
|    time_elapsed         | 29938        |
|    total_timesteps      | 83968        |
| train/                  |              |
|    approx_kl            | 0.0061424496 |
|    clip_fraction        | 0.0447       |
|    clip_range           | 0.2          |
|    entropy_loss         | -0.61        |
|    explained_variance   | 0.919        |
|    learning_rate        | 0.0003       |
|    loss                 | -0.0157      |
|    n_updates            | 1630         |
|    policy_gradient_loss | -0.00947     |
|    value_loss           | 0.00422      |
------------------------------------------
------------------------------------------
| rollout/                |              |
|    ep_len_mean          | 495          |
|    ep_rew_mean          | 30.9         |
| time/                   |              |
|    fps                  | 2            |
|    iterations           | 165          |
|    time_elapsed         | 30024        |
|    total_timesteps      | 84480        |
| train/                  |              |
|    approx_kl            | 0.0038533513 |
|    clip_fraction        | 0.0416       |
|    clip_range           | 0.2          |
|    entropy_loss         | -0.653       |
|    explained_variance   | 0.886        |
|    learning_rate        | 0.0003       |
|    loss                 | -0.024       |
|    n_updates            | 1640         |
|    policy_gradient_loss | -0.00746     |
|    value_loss           | 0.00511      |
------------------------------------------
------------------------------------------
| rollout/                |              |
|    ep_len_mean          | 495          |
|    ep_rew_mean          | 30.9         |
| time/                   |              |
|    fps                  | 2            |
|    iterations           | 166          |
|    time_elapsed         | 30109        |
|    total_timesteps      | 84992        |
| train/                  |              |
|    approx_kl            | 0.0037748606 |
|    clip_fraction        | 0.0148       |
|    clip_range           | 0.2          |
|    entropy_loss         | -0.636       |
|    explained_variance   | 0.921        |
|    learning_rate        | 0.0003       |
|    loss                 | -0.0116      |
|    n_updates            | 1650         |
|    policy_gradient_loss | -0.00266     |
|    value_loss           | 0.00361      |
------------------------------------------
-----------------------------------------
| rollout/                |             |
|    ep_len_mean          | 495         |
|    ep_rew_mean          | 30.9        |
| time/                   |             |
|    fps                  | 2           |
|    iterations           | 167         |
|    time_elapsed         | 30194       |
|    total_timesteps      | 85504       |
| train/                  |             |
|    approx_kl            | 0.007814437 |
|    clip_fraction        | 0.0584      |
|    clip_range           | 0.2         |
|    entropy_loss         | -0.613      |
|    explained_variance   | 0.748       |
|    learning_rate        | 0.0003      |
|    loss                 | -0.0238     |
|    n_updates            | 1660        |
|    policy_gradient_loss | -0.0167     |
|    value_loss           | 0.00942     |
-----------------------------------------
------------------------------------------
| rollout/                |              |
|    ep_len_mean          | 495          |
|    ep_rew_mean          | 30.9         |
| time/                   |              |
|    fps                  | 2            |
|    iterations           | 168          |
|    time_elapsed         | 30277        |
|    total_timesteps      | 86016        |
| train/                  |              |
|    approx_kl            | 0.0067000967 |
|    clip_fraction        | 0.0498       |
|    clip_range           | 0.2          |
|    entropy_loss         | -0.6         |
|    explained_variance   | 0.867        |
|    learning_rate        | 0.0003       |
|    loss                 | -0.000359    |
|    n_updates            | 1670         |
|    policy_gradient_loss | -0.00542     |
|    value_loss           | 0.00668      |
------------------------------------------
------------------------------------------
| rollout/                |              |
|    ep_len_mean          | 495          |
|    ep_rew_mean          | 30.9         |
| time/                   |              |
|    fps                  | 2            |
|    iterations           | 169          |
|    time_elapsed         | 30362        |
|    total_timesteps      | 86528        |
| train/                  |              |
|    approx_kl            | 0.0039221863 |
|    clip_fraction        | 0.0473       |
|    clip_range           | 0.2          |
|    entropy_loss         | -0.624       |
|    explained_variance   | 0.961        |
|    learning_rate        | 0.0003       |
|    loss                 | -0.00507     |
|    n_updates            | 1680         |
|    policy_gradient_loss | -0.00629     |
|    value_loss           | 0.00199      |
------------------------------------------
------------------------------------------
| rollout/                |              |
|    ep_len_mean          | 495          |
|    ep_rew_mean          | 30.9         |
| time/                   |              |
|    fps                  | 2            |
|    iterations           | 170          |
|    time_elapsed         | 30445        |
|    total_timesteps      | 87040        |
| train/                  |              |
|    approx_kl            | 0.0054561053 |
|    clip_fraction        | 0.0371       |
|    clip_range           | 0.2          |
|    entropy_loss         | -0.668       |
|    explained_variance   | 0.897        |
|    learning_rate        | 0.0003       |
|    loss                 | -0.0296      |
|    n_updates            | 1690         |
|    policy_gradient_loss | -0.00481     |
|    value_loss           | 0.00351      |
------------------------------------------
------------------------------------------
| rollout/                |              |
|    ep_len_mean          | 495          |
|    ep_rew_mean          | 30.9         |
| time/                   |              |
|    fps                  | 2            |
|    iterations           | 171          |
|    time_elapsed         | 30530        |
|    total_timesteps      | 87552        |
| train/                  |              |
|    approx_kl            | 0.0054403422 |
|    clip_fraction        | 0.0492       |
|    clip_range           | 0.2          |
|    entropy_loss         | -0.627       |
|    explained_variance   | 0.93         |
|    learning_rate        | 0.0003       |
|    loss                 | -0.0191      |
|    n_updates            | 1700         |
|    policy_gradient_loss | -0.00578     |
|    value_loss           | 0.00476      |
------------------------------------------
-----------------------------------------
| rollout/                |             |
|    ep_len_mean          | 495         |
|    ep_rew_mean          | 31          |
| time/                   |             |
|    fps                  | 2           |
|    iterations           | 172         |
|    time_elapsed         | 30615       |
|    total_timesteps      | 88064       |
| train/                  |             |
|    approx_kl            | 0.010785279 |
|    clip_fraction        | 0.0613      |
|    clip_range           | 0.2         |
|    entropy_loss         | -0.599      |
|    explained_variance   | 0.935       |
|    learning_rate        | 0.0003      |
|    loss                 | -0.0164     |
|    n_updates            | 1710        |
|    policy_gradient_loss | -0.0132     |
|    value_loss           | 0.00365     |
-----------------------------------------
-----------------------------------------
| rollout/                |             |
|    ep_len_mean          | 495         |
|    ep_rew_mean          | 31          |
| time/                   |             |
|    fps                  | 2           |
|    iterations           | 173         |
|    time_elapsed         | 30703       |
|    total_timesteps      | 88576       |
| train/                  |             |
|    approx_kl            | 0.006158646 |
|    clip_fraction        | 0.0318      |
|    clip_range           | 0.2         |
|    entropy_loss         | -0.617      |
|    explained_variance   | 0.878       |
|    learning_rate        | 0.0003      |
|    loss                 | 0.0397      |
|    n_updates            | 1720        |
|    policy_gradient_loss | -0.000331   |
|    value_loss           | 0.00715     |
-----------------------------------------
-----------------------------------------
| rollout/                |             |
|    ep_len_mean          | 495         |
|    ep_rew_mean          | 31          |
| time/                   |             |
|    fps                  | 2           |
|    iterations           | 174         |
|    time_elapsed         | 30790       |
|    total_timesteps      | 89088       |
| train/                  |             |
|    approx_kl            | 0.017599639 |
|    clip_fraction        | 0.116       |
|    clip_range           | 0.2         |
|    entropy_loss         | -0.614      |
|    explained_variance   | 0.949       |
|    learning_rate        | 0.0003      |
|    loss                 | -0.0125     |
|    n_updates            | 1730        |
|    policy_gradient_loss | -0.0139     |
|    value_loss           | 0.00301     |
-----------------------------------------
-----------------------------------------
| rollout/                |             |
|    ep_len_mean          | 495         |
|    ep_rew_mean          | 31          |
| time/                   |             |
|    fps                  | 2           |
|    iterations           | 175         |
|    time_elapsed         | 30873       |
|    total_timesteps      | 89600       |
| train/                  |             |
|    approx_kl            | 0.006367158 |
|    clip_fraction        | 0.0646      |
|    clip_range           | 0.2         |
|    entropy_loss         | -0.663      |
|    explained_variance   | 0.944       |
|    learning_rate        | 0.0003      |
|    loss                 | -0.0159     |
|    n_updates            | 1740        |
|    policy_gradient_loss | -0.00246    |
|    value_loss           | 0.00256     |
-----------------------------------------
-----------------------------------------
| rollout/                |             |
|    ep_len_mean          | 495         |
|    ep_rew_mean          | 31          |
| time/                   |             |
|    fps                  | 2           |
|    iterations           | 176         |
|    time_elapsed         | 30956       |
|    total_timesteps      | 90112       |
| train/                  |             |
|    approx_kl            | 0.007782192 |
|    clip_fraction        | 0.0539      |
|    clip_range           | 0.2         |
|    entropy_loss         | -0.633      |
|    explained_variance   | 0.895       |
|    learning_rate        | 0.0003      |
|    loss                 | -0.0126     |
|    n_updates            | 1750        |
|    policy_gradient_loss | -0.00741    |
|    value_loss           | 0.00628     |
-----------------------------------------
------------------------------------------
| rollout/                |              |
|    ep_len_mean          | 495          |
|    ep_rew_mean          | 30.9         |
| time/                   |              |
|    fps                  | 2            |
|    iterations           | 177          |
|    time_elapsed         | 31041        |
|    total_timesteps      | 90624        |
| train/                  |              |
|    approx_kl            | 0.0075376392 |
|    clip_fraction        | 0.0613       |
|    clip_range           | 0.2          |
|    entropy_loss         | -0.665       |
|    explained_variance   | 0.382        |
|    learning_rate        | 0.0003       |
|    loss                 | -0.00531     |
|    n_updates            | 1760         |
|    policy_gradient_loss | -0.00304     |
|    value_loss           | 0.0172       |
------------------------------------------
------------------------------------------
| rollout/                |              |
|    ep_len_mean          | 495          |
|    ep_rew_mean          | 30.9         |
| time/                   |              |
|    fps                  | 2            |
|    iterations           | 178          |
|    time_elapsed         | 31126        |
|    total_timesteps      | 91136        |
| train/                  |              |
|    approx_kl            | 0.0065575195 |
|    clip_fraction        | 0.0564       |
|    clip_range           | 0.2          |
|    entropy_loss         | -0.648       |
|    explained_variance   | 0.94         |
|    learning_rate        | 0.0003       |
|    loss                 | 0.000506     |
|    n_updates            | 1770         |
|    policy_gradient_loss | -0.00505     |
|    value_loss           | 0.00345      |
------------------------------------------
-----------------------------------------
| rollout/                |             |
|    ep_len_mean          | 495         |
|    ep_rew_mean          | 31          |
| time/                   |             |
|    fps                  | 2           |
|    iterations           | 179         |
|    time_elapsed         | 31212       |
|    total_timesteps      | 91648       |
| train/                  |             |
|    approx_kl            | 0.011048865 |
|    clip_fraction        | 0.146       |
|    clip_range           | 0.2         |
|    entropy_loss         | -0.642      |
|    explained_variance   | 0.936       |
|    learning_rate        | 0.0003      |
|    loss                 | -0.0341     |
|    n_updates            | 1780        |
|    policy_gradient_loss | -0.0126     |
|    value_loss           | 0.00353     |
-----------------------------------------
-----------------------------------------
| rollout/                |             |
|    ep_len_mean          | 492         |
|    ep_rew_mean          | 30.7        |
| time/                   |             |
|    fps                  | 2           |
|    iterations           | 180         |
|    time_elapsed         | 31297       |
|    total_timesteps      | 92160       |
| train/                  |             |
|    approx_kl            | 0.019831903 |
|    clip_fraction        | 0.198       |
|    clip_range           | 0.2         |
|    entropy_loss         | -0.658      |
|    explained_variance   | 0.645       |
|    learning_rate        | 0.0003      |
|    loss                 | -0.0229     |
|    n_updates            | 1790        |
|    policy_gradient_loss | -0.0266     |
|    value_loss           | 0.013       |
-----------------------------------------
-----------------------------------------
| rollout/                |             |
|    ep_len_mean          | 492         |
|    ep_rew_mean          | 30.7        |
| time/                   |             |
|    fps                  | 2           |
|    iterations           | 181         |
|    time_elapsed         | 31388       |
|    total_timesteps      | 92672       |
| train/                  |             |
|    approx_kl            | 0.014706371 |
|    clip_fraction        | 0.142       |
|    clip_range           | 0.2         |
|    entropy_loss         | -0.64       |
|    explained_variance   | 0.0718      |
|    learning_rate        | 0.0003      |
|    loss                 | 0.504       |
|    n_updates            | 1800        |
|    policy_gradient_loss | 0.0062      |
|    value_loss           | 1.64        |
-----------------------------------------
------------------------------------------
| rollout/                |              |
|    ep_len_mean          | 492          |
|    ep_rew_mean          | 30.7         |
| time/                   |              |
|    fps                  | 2            |
|    iterations           | 182          |
|    time_elapsed         | 31476        |
|    total_timesteps      | 93184        |
| train/                  |              |
|    approx_kl            | 0.0033327863 |
|    clip_fraction        | 0.0189       |
|    clip_range           | 0.2          |
|    entropy_loss         | -0.511       |
|    explained_variance   | 0.733        |
|    learning_rate        | 0.0003       |
|    loss                 | -0.0136      |
|    n_updates            | 1810         |
|    policy_gradient_loss | -0.00467     |
|    value_loss           | 0.00942      |
------------------------------------------
-----------------------------------------
| rollout/                |             |
|    ep_len_mean          | 492         |
|    ep_rew_mean          | 30.7        |
| time/                   |             |
|    fps                  | 2           |
|    iterations           | 183         |
|    time_elapsed         | 31561       |
|    total_timesteps      | 93696       |
| train/                  |             |
|    approx_kl            | 0.006477936 |
|    clip_fraction        | 0.0574      |
|    clip_range           | 0.2         |
|    entropy_loss         | -0.459      |
|    explained_variance   | 0.763       |
|    learning_rate        | 0.0003      |
|    loss                 | 0.00365     |
|    n_updates            | 1820        |
|    policy_gradient_loss | -0.00436    |
|    value_loss           | 0.0199      |
-----------------------------------------
-----------------------------------------
| rollout/                |             |
|    ep_len_mean          | 492         |
|    ep_rew_mean          | 30.7        |
| time/                   |             |
|    fps                  | 2           |
|    iterations           | 184         |
|    time_elapsed         | 31646       |
|    total_timesteps      | 94208       |
| train/                  |             |
|    approx_kl            | 0.004382603 |
|    clip_fraction        | 0.0506      |
|    clip_range           | 0.2         |
|    entropy_loss         | -0.397      |
|    explained_variance   | 0.543       |
|    learning_rate        | 0.0003      |
|    loss                 | 0.00968     |
|    n_updates            | 1830        |
|    policy_gradient_loss | -0.00322    |
|    value_loss           | 0.021       |
-----------------------------------------
-----------------------------------------
| rollout/                |             |
|    ep_len_mean          | 492         |
|    ep_rew_mean          | 30.7        |
| time/                   |             |
|    fps                  | 2           |
|    iterations           | 185         |
|    time_elapsed         | 31733       |
|    total_timesteps      | 94720       |
| train/                  |             |
|    approx_kl            | 0.004390464 |
|    clip_fraction        | 0.0172      |
|    clip_range           | 0.2         |
|    entropy_loss         | -0.431      |
|    explained_variance   | 0.882       |
|    learning_rate        | 0.0003      |
|    loss                 | 0.0171      |
|    n_updates            | 1840        |
|    policy_gradient_loss | -0.00528    |
|    value_loss           | 0.004       |
-----------------------------------------
------------------------------------------
| rollout/                |              |
|    ep_len_mean          | 492          |
|    ep_rew_mean          | 30.7         |
| time/                   |              |
|    fps                  | 2            |
|    iterations           | 186          |
|    time_elapsed         | 31819        |
|    total_timesteps      | 95232        |
| train/                  |              |
|    approx_kl            | 0.0066869864 |
|    clip_fraction        | 0.0764       |
|    clip_range           | 0.2          |
|    entropy_loss         | -0.407       |
|    explained_variance   | 0.41         |
|    learning_rate        | 0.0003       |
|    loss                 | -0.0146      |
|    n_updates            | 1850         |
|    policy_gradient_loss | -0.00485     |
|    value_loss           | 0.0171       |
------------------------------------------
-----------------------------------------
| rollout/                |             |
|    ep_len_mean          | 492         |
|    ep_rew_mean          | 30.7        |
| time/                   |             |
|    fps                  | 3           |
|    iterations           | 187         |
|    time_elapsed         | 31907       |
|    total_timesteps      | 95744       |
| train/                  |             |
|    approx_kl            | 0.015551139 |
|    clip_fraction        | 0.0787      |
|    clip_range           | 0.2         |
|    entropy_loss         | -0.433      |
|    explained_variance   | 0.943       |
|    learning_rate        | 0.0003      |
|    loss                 | -0.0203     |
|    n_updates            | 1860        |
|    policy_gradient_loss | -0.00477    |
|    value_loss           | 0.00279     |
-----------------------------------------
-----------------------------------------
| rollout/                |             |
|    ep_len_mean          | 492         |
|    ep_rew_mean          | 30.7        |
| time/                   |             |
|    fps                  | 3           |
|    iterations           | 188         |
|    time_elapsed         | 31991       |
|    total_timesteps      | 96256       |
| train/                  |             |
|    approx_kl            | 0.004240857 |
|    clip_fraction        | 0.0449      |
|    clip_range           | 0.2         |
|    entropy_loss         | -0.437      |
|    explained_variance   | 0.663       |
|    learning_rate        | 0.0003      |
|    loss                 | 0.00761     |
|    n_updates            | 1870        |
|    policy_gradient_loss | -0.00238    |
|    value_loss           | 0.0136      |
-----------------------------------------
------------------------------------------
| rollout/                |              |
|    ep_len_mean          | 492          |
|    ep_rew_mean          | 30.7         |
| time/                   |              |
|    fps                  | 3            |
|    iterations           | 189          |
|    time_elapsed         | 32077        |
|    total_timesteps      | 96768        |
| train/                  |              |
|    approx_kl            | 0.0056732586 |
|    clip_fraction        | 0.0426       |
|    clip_range           | 0.2          |
|    entropy_loss         | -0.439       |
|    explained_variance   | 0.767        |
|    learning_rate        | 0.0003       |
|    loss                 | 0.0154       |
|    n_updates            | 1880         |
|    policy_gradient_loss | -0.00216     |
|    value_loss           | 0.00643      |
------------------------------------------
-----------------------------------------
| rollout/                |             |
|    ep_len_mean          | 492         |
|    ep_rew_mean          | 30.7        |
| time/                   |             |
|    fps                  | 3           |
|    iterations           | 190         |
|    time_elapsed         | 32162       |
|    total_timesteps      | 97280       |
| train/                  |             |
|    approx_kl            | 0.005971675 |
|    clip_fraction        | 0.0684      |
|    clip_range           | 0.2         |
|    entropy_loss         | -0.379      |
|    explained_variance   | 0.487       |
|    learning_rate        | 0.0003      |
|    loss                 | -0.00528    |
|    n_updates            | 1890        |
|    policy_gradient_loss | -0.0067     |
|    value_loss           | 0.0161      |
-----------------------------------------
------------------------------------------
| rollout/                |              |
|    ep_len_mean          | 495          |
|    ep_rew_mean          | 30.9         |
| time/                   |              |
|    fps                  | 3            |
|    iterations           | 191          |
|    time_elapsed         | 32246        |
|    total_timesteps      | 97792        |
| train/                  |              |
|    approx_kl            | 0.0049204323 |
|    clip_fraction        | 0.0602       |
|    clip_range           | 0.2          |
|    entropy_loss         | -0.398       |
|    explained_variance   | 0.944        |
|    learning_rate        | 0.0003       |
|    loss                 | 0.00347      |
|    n_updates            | 1900         |
|    policy_gradient_loss | -0.00542     |
|    value_loss           | 0.00214      |
------------------------------------------
-----------------------------------------
| rollout/                |             |
|    ep_len_mean          | 495         |
|    ep_rew_mean          | 30.9        |
| time/                   |             |
|    fps                  | 3           |
|    iterations           | 192         |
|    time_elapsed         | 32332       |
|    total_timesteps      | 98304       |
| train/                  |             |
|    approx_kl            | 0.007447971 |
|    clip_fraction        | 0.0508      |
|    clip_range           | 0.2         |
|    entropy_loss         | -0.374      |
|    explained_variance   | 0.665       |
|    learning_rate        | 0.0003      |
|    loss                 | -0.0145     |
|    n_updates            | 1910        |
|    policy_gradient_loss | -0.0155     |
|    value_loss           | 0.00491     |
-----------------------------------------
-----------------------------------------
| rollout/                |             |
|    ep_len_mean          | 495         |
|    ep_rew_mean          | 31          |
| time/                   |             |
|    fps                  | 3           |
|    iterations           | 193         |
|    time_elapsed         | 32417       |
|    total_timesteps      | 98816       |
| train/                  |             |
|    approx_kl            | 0.008577545 |
|    clip_fraction        | 0.0639      |
|    clip_range           | 0.2         |
|    entropy_loss         | -0.326      |
|    explained_variance   | 0.922       |
|    learning_rate        | 0.0003      |
|    loss                 | 0.00894     |
|    n_updates            | 1920        |
|    policy_gradient_loss | -0.00817    |
|    value_loss           | 0.00318     |
-----------------------------------------
-----------------------------------------
| rollout/                |             |
|    ep_len_mean          | 495         |
|    ep_rew_mean          | 31          |
| time/                   |             |
|    fps                  | 3           |
|    iterations           | 194         |
|    time_elapsed         | 32501       |
|    total_timesteps      | 99328       |
| train/                  |             |
|    approx_kl            | 0.026619004 |
|    clip_fraction        | 0.0785      |
|    clip_range           | 0.2         |
|    entropy_loss         | -0.293      |
|    explained_variance   | 0.957       |
|    learning_rate        | 0.0003      |
|    loss                 | -0.0464     |
|    n_updates            | 1930        |
|    policy_gradient_loss | -0.0134     |
|    value_loss           | 0.00244     |
-----------------------------------------
------------------------------------------
| rollout/                |              |
|    ep_len_mean          | 495          |
|    ep_rew_mean          | 30.9         |
| time/                   |              |
|    fps                  | 3            |
|    iterations           | 195          |
|    time_elapsed         | 32587        |
|    total_timesteps      | 99840        |
| train/                  |              |
|    approx_kl            | 0.0023877292 |
|    clip_fraction        | 0.00859      |
|    clip_range           | 0.2          |
|    entropy_loss         | -0.386       |
|    explained_variance   | 0.955        |
|    learning_rate        | 0.0003       |
|    loss                 | 0.0128       |
|    n_updates            | 1940         |
|    policy_gradient_loss | -0.00477     |
|    value_loss           | 0.0021       |
------------------------------------------
------------------------------------------
| rollout/                |              |
|    ep_len_mean          | 495          |
|    ep_rew_mean          | 30.9         |
| time/                   |              |
|    fps                  | 3            |
|    iterations           | 196          |
|    time_elapsed         | 32673        |
|    total_timesteps      | 100352       |
| train/                  |              |
|    approx_kl            | 0.0059828404 |
|    clip_fraction        | 0.0469       |
|    clip_range           | 0.2          |
|    entropy_loss         | -0.374       |
|    explained_variance   | 0.97         |
|    learning_rate        | 0.0003       |
|    loss                 | 0.0257       |
|    n_updates            | 1950         |
|    policy_gradient_loss | -0.00601     |
|    value_loss           | 0.00189      |
------------------------------------------
------------------------------------------
| rollout/                |              |
|    ep_len_mean          | 495          |
|    ep_rew_mean          | 30.9         |
| time/                   |              |
|    fps                  | 3            |
|    iterations           | 197          |
|    time_elapsed         | 32760        |
|    total_timesteps      | 100864       |
| train/                  |              |
|    approx_kl            | 0.0060373354 |
|    clip_fraction        | 0.0309       |
|    clip_range           | 0.2          |
|    entropy_loss         | -0.407       |
|    explained_variance   | 0.936        |
|    learning_rate        | 0.0003       |
|    loss                 | -0.00884     |
|    n_updates            | 1960         |
|    policy_gradient_loss | -0.00431     |
|    value_loss           | 0.00295      |
------------------------------------------
----------------------------------------
| rollout/                |            |
|    ep_len_mean          | 495        |
|    ep_rew_mean          | 30.9       |
| time/                   |            |
|    fps                  | 3          |
|    iterations           | 198        |
|    time_elapsed         | 32849      |
|    total_timesteps      | 101376     |
| train/                  |            |
|    approx_kl            | 0.00609855 |
|    clip_fraction        | 0.0596     |
|    clip_range           | 0.2        |
|    entropy_loss         | -0.396     |
|    explained_variance   | 0.303      |
|    learning_rate        | 0.0003     |
|    loss                 | -0.00739   |
|    n_updates            | 1970       |
|    policy_gradient_loss | -0.00166   |
|    value_loss           | 0.0139     |
----------------------------------------
-----------------------------------------
| rollout/                |             |
|    ep_len_mean          | 495         |
|    ep_rew_mean          | 30.9        |
| time/                   |             |
|    fps                  | 3           |
|    iterations           | 199         |
|    time_elapsed         | 32934       |
|    total_timesteps      | 101888      |
| train/                  |             |
|    approx_kl            | 0.004509303 |
|    clip_fraction        | 0.06        |
|    clip_range           | 0.2         |
|    entropy_loss         | -0.39       |
|    explained_variance   | 0.838       |
|    learning_rate        | 0.0003      |
|    loss                 | -0.00682    |
|    n_updates            | 1980        |
|    policy_gradient_loss | -0.00309    |
|    value_loss           | 0.008       |
-----------------------------------------
------------------------------------------
| rollout/                |              |
|    ep_len_mean          | 495          |
|    ep_rew_mean          | 30.9         |
| time/                   |              |
|    fps                  | 3            |
|    iterations           | 200          |
|    time_elapsed         | 33020        |
|    total_timesteps      | 102400       |
| train/                  |              |
|    approx_kl            | 0.0035384698 |
|    clip_fraction        | 0.0365       |
|    clip_range           | 0.2          |
|    entropy_loss         | -0.406       |
|    explained_variance   | 0.878        |
|    learning_rate        | 0.0003       |
|    loss                 | -0.0132      |
|    n_updates            | 1990         |
|    policy_gradient_loss | -0.00164     |
|    value_loss           | 0.005        |
------------------------------------------
-----------------------------------------
| rollout/                |             |
|    ep_len_mean          | 495         |
|    ep_rew_mean          | 30.9        |
| time/                   |             |
|    fps                  | 3           |
|    iterations           | 201         |
|    time_elapsed         | 33103       |
|    total_timesteps      | 102912      |
| train/                  |             |
|    approx_kl            | 0.007976502 |
|    clip_fraction        | 0.0701      |
|    clip_range           | 0.2         |
|    entropy_loss         | -0.459      |
|    explained_variance   | 0.956       |
|    learning_rate        | 0.0003      |
|    loss                 | -0.0129     |
|    n_updates            | 2000        |
|    policy_gradient_loss | -0.006      |
|    value_loss           | 0.00174     |
-----------------------------------------
------------------------------------------
| rollout/                |              |
|    ep_len_mean          | 495          |
|    ep_rew_mean          | 30.9         |
| time/                   |              |
|    fps                  | 3            |
|    iterations           | 202          |
|    time_elapsed         | 33188        |
|    total_timesteps      | 103424       |
| train/                  |              |
|    approx_kl            | 0.0030754693 |
|    clip_fraction        | 0.0189       |
|    clip_range           | 0.2          |
|    entropy_loss         | -0.45        |
|    explained_variance   | 0.971        |
|    learning_rate        | 0.0003       |
|    loss                 | -0.0116      |
|    n_updates            | 2010         |
|    policy_gradient_loss | -0.00495     |
|    value_loss           | 0.00143      |
------------------------------------------
------------------------------------------
| rollout/                |              |
|    ep_len_mean          | 495          |
|    ep_rew_mean          | 30.9         |
| time/                   |              |
|    fps                  | 3            |
|    iterations           | 203          |
|    time_elapsed         | 33274        |
|    total_timesteps      | 103936       |
| train/                  |              |
|    approx_kl            | 0.0027976446 |
|    clip_fraction        | 0.023        |
|    clip_range           | 0.2          |
|    entropy_loss         | -0.438       |
|    explained_variance   | 0.977        |
|    learning_rate        | 0.0003       |
|    loss                 | -0.0039      |
|    n_updates            | 2020         |
|    policy_gradient_loss | -0.00196     |
|    value_loss           | 0.00149      |
------------------------------------------
------------------------------------------
| rollout/                |              |
|    ep_len_mean          | 495          |
|    ep_rew_mean          | 30.9         |
| time/                   |              |
|    fps                  | 3            |
|    iterations           | 204          |
|    time_elapsed         | 33357        |
|    total_timesteps      | 104448       |
| train/                  |              |
|    approx_kl            | 0.0028192066 |
|    clip_fraction        | 0.0453       |
|    clip_range           | 0.2          |
|    entropy_loss         | -0.407       |
|    explained_variance   | 0.946        |
|    learning_rate        | 0.0003       |
|    loss                 | -0.00757     |
|    n_updates            | 2030         |
|    policy_gradient_loss | -0.00232     |
|    value_loss           | 0.00216      |
------------------------------------------
-----------------------------------------
| rollout/                |             |
|    ep_len_mean          | 495         |
|    ep_rew_mean          | 30.9        |
| time/                   |             |
|    fps                  | 3           |
|    iterations           | 205         |
|    time_elapsed         | 33441       |
|    total_timesteps      | 104960      |
| train/                  |             |
|    approx_kl            | 0.002705805 |
|    clip_fraction        | 0.0232      |
|    clip_range           | 0.2         |
|    entropy_loss         | -0.399      |
|    explained_variance   | 0.945       |
|    learning_rate        | 0.0003      |
|    loss                 | -0.0288     |
|    n_updates            | 2040        |
|    policy_gradient_loss | -0.0107     |
|    value_loss           | 0.00186     |
-----------------------------------------
------------------------------------------
| rollout/                |              |
|    ep_len_mean          | 495          |
|    ep_rew_mean          | 30.9         |
| time/                   |              |
|    fps                  | 3            |
|    iterations           | 206          |
|    time_elapsed         | 33525        |
|    total_timesteps      | 105472       |
| train/                  |              |
|    approx_kl            | 0.0042322157 |
|    clip_fraction        | 0.0437       |
|    clip_range           | 0.2          |
|    entropy_loss         | -0.329       |
|    explained_variance   | 0.981        |
|    learning_rate        | 0.0003       |
|    loss                 | -0.0164      |
|    n_updates            | 2050         |
|    policy_gradient_loss | -0.00712     |
|    value_loss           | 0.000794     |
------------------------------------------
-----------------------------------------
| rollout/                |             |
|    ep_len_mean          | 495         |
|    ep_rew_mean          | 30.9        |
| time/                   |             |
|    fps                  | 3           |
|    iterations           | 207         |
|    time_elapsed         | 33608       |
|    total_timesteps      | 105984      |
| train/                  |             |
|    approx_kl            | 0.003298096 |
|    clip_fraction        | 0.0348      |
|    clip_range           | 0.2         |
|    entropy_loss         | -0.347      |
|    explained_variance   | 0.965       |
|    learning_rate        | 0.0003      |
|    loss                 | 0.00929     |
|    n_updates            | 2060        |
|    policy_gradient_loss | -0.00311    |
|    value_loss           | 0.00162     |
-----------------------------------------
------------------------------------------
| rollout/                |              |
|    ep_len_mean          | 495          |
|    ep_rew_mean          | 30.9         |
| time/                   |              |
|    fps                  | 3            |
|    iterations           | 208          |
|    time_elapsed         | 33692        |
|    total_timesteps      | 106496       |
| train/                  |              |
|    approx_kl            | 0.0017490503 |
|    clip_fraction        | 0.0191       |
|    clip_range           | 0.2          |
|    entropy_loss         | -0.33        |
|    explained_variance   | 0.695        |
|    learning_rate        | 0.0003       |
|    loss                 | -0.0118      |
|    n_updates            | 2070         |
|    policy_gradient_loss | 0.00364      |
|    value_loss           | 0.00817      |
------------------------------------------
------------------------------------------
| rollout/                |              |
|    ep_len_mean          | 495          |
|    ep_rew_mean          | 30.9         |
| time/                   |              |
|    fps                  | 3            |
|    iterations           | 209          |
|    time_elapsed         | 33779        |
|    total_timesteps      | 107008       |
| train/                  |              |
|    approx_kl            | 0.0030414904 |
|    clip_fraction        | 0.06         |
|    clip_range           | 0.2          |
|    entropy_loss         | -0.298       |
|    explained_variance   | 0.623        |
|    learning_rate        | 0.0003       |
|    loss                 | -0.0217      |
|    n_updates            | 2080         |
|    policy_gradient_loss | -0.00464     |
|    value_loss           | 0.0198       |
------------------------------------------
------------------------------------------
| rollout/                |              |
|    ep_len_mean          | 495          |
|    ep_rew_mean          | 30.9         |
| time/                   |              |
|    fps                  | 3            |
|    iterations           | 210          |
|    time_elapsed         | 33867        |
|    total_timesteps      | 107520       |
| train/                  |              |
|    approx_kl            | 0.0013868265 |
|    clip_fraction        | 0.0127       |
|    clip_range           | 0.2          |
|    entropy_loss         | -0.308       |
|    explained_variance   | 0.95         |
|    learning_rate        | 0.0003       |
|    loss                 | -0.0125      |
|    n_updates            | 2090         |
|    policy_gradient_loss | -0.00435     |
|    value_loss           | 0.00299      |
------------------------------------------
------------------------------------------
| rollout/                |              |
|    ep_len_mean          | 495          |
|    ep_rew_mean          | 30.9         |
| time/                   |              |
|    fps                  | 3            |
|    iterations           | 211          |
|    time_elapsed         | 33954        |
|    total_timesteps      | 108032       |
| train/                  |              |
|    approx_kl            | 0.0031942977 |
|    clip_fraction        | 0.0363       |
|    clip_range           | 0.2          |
|    entropy_loss         | -0.268       |
|    explained_variance   | 0.946        |
|    learning_rate        | 0.0003       |
|    loss                 | -0.00333     |
|    n_updates            | 2100         |
|    policy_gradient_loss | -0.00433     |
|    value_loss           | 0.0033       |
------------------------------------------
------------------------------------------
| rollout/                |              |
|    ep_len_mean          | 495          |
|    ep_rew_mean          | 30.9         |
| time/                   |              |
|    fps                  | 3            |
|    iterations           | 212          |
|    time_elapsed         | 34042        |
|    total_timesteps      | 108544       |
| train/                  |              |
|    approx_kl            | 0.0030846312 |
|    clip_fraction        | 0.017        |
|    clip_range           | 0.2          |
|    entropy_loss         | -0.238       |
|    explained_variance   | 0.948        |
|    learning_rate        | 0.0003       |
|    loss                 | 0.00165      |
|    n_updates            | 2110         |
|    policy_gradient_loss | -0.00209     |
|    value_loss           | 0.00267      |
------------------------------------------
-----------------------------------------
| rollout/                |             |
|    ep_len_mean          | 495         |
|    ep_rew_mean          | 30.9        |
| time/                   |             |
|    fps                  | 3           |
|    iterations           | 213         |
|    time_elapsed         | 34129       |
|    total_timesteps      | 109056      |
| train/                  |             |
|    approx_kl            | 0.004288649 |
|    clip_fraction        | 0.0426      |
|    clip_range           | 0.2         |
|    entropy_loss         | -0.331      |
|    explained_variance   | 0.972       |
|    learning_rate        | 0.0003      |
|    loss                 | -0.00688    |
|    n_updates            | 2120        |
|    policy_gradient_loss | -0.00519    |
|    value_loss           | 0.00176     |
-----------------------------------------
------------------------------------------
| rollout/                |              |
|    ep_len_mean          | 495          |
|    ep_rew_mean          | 30.9         |
| time/                   |              |
|    fps                  | 3            |
|    iterations           | 214          |
|    time_elapsed         | 34216        |
|    total_timesteps      | 109568       |
| train/                  |              |
|    approx_kl            | 0.0027154072 |
|    clip_fraction        | 0.0326       |
|    clip_range           | 0.2          |
|    entropy_loss         | -0.322       |
|    explained_variance   | 0.966        |
|    learning_rate        | 0.0003       |
|    loss                 | -0.0014      |
|    n_updates            | 2130         |
|    policy_gradient_loss | -0.00848     |
|    value_loss           | 0.00288      |
------------------------------------------
------------------------------------------
| rollout/                |              |
|    ep_len_mean          | 495          |
|    ep_rew_mean          | 30.9         |
| time/                   |              |
|    fps                  | 3            |
|    iterations           | 215          |
|    time_elapsed         | 34301        |
|    total_timesteps      | 110080       |
| train/                  |              |
|    approx_kl            | 0.0098373955 |
|    clip_fraction        | 0.103        |
|    clip_range           | 0.2          |
|    entropy_loss         | -0.396       |
|    explained_variance   | 0.974        |
|    learning_rate        | 0.0003       |
|    loss                 | -0.00168     |
|    n_updates            | 2140         |
|    policy_gradient_loss | -0.00925     |
|    value_loss           | 0.00152      |
------------------------------------------
------------------------------------------
| rollout/                |              |
|    ep_len_mean          | 495          |
|    ep_rew_mean          | 30.9         |
| time/                   |              |
|    fps                  | 3            |
|    iterations           | 216          |
|    time_elapsed         | 34388        |
|    total_timesteps      | 110592       |
| train/                  |              |
|    approx_kl            | 0.0069491738 |
|    clip_fraction        | 0.0389       |
|    clip_range           | 0.2          |
|    entropy_loss         | -0.438       |
|    explained_variance   | 0.906        |
|    learning_rate        | 0.0003       |
|    loss                 | -0.0153      |
|    n_updates            | 2150         |
|    policy_gradient_loss | -0.00442     |
|    value_loss           | 0.0036       |
------------------------------------------
------------------------------------------
| rollout/                |              |
|    ep_len_mean          | 495          |
|    ep_rew_mean          | 31           |
| time/                   |              |
|    fps                  | 3            |
|    iterations           | 217          |
|    time_elapsed         | 34473        |
|    total_timesteps      | 111104       |
| train/                  |              |
|    approx_kl            | 0.0044348263 |
|    clip_fraction        | 0.0178       |
|    clip_range           | 0.2          |
|    entropy_loss         | -0.358       |
|    explained_variance   | 0.983        |
|    learning_rate        | 0.0003       |
|    loss                 | 0.00665      |
|    n_updates            | 2160         |
|    policy_gradient_loss | -0.00374     |
|    value_loss           | 0.000926     |
------------------------------------------
-----------------------------------------
| rollout/                |             |
|    ep_len_mean          | 495         |
|    ep_rew_mean          | 31          |
| time/                   |             |
|    fps                  | 3           |
|    iterations           | 218         |
|    time_elapsed         | 34561       |
|    total_timesteps      | 111616      |
| train/                  |             |
|    approx_kl            | 0.002994659 |
|    clip_fraction        | 0.0459      |
|    clip_range           | 0.2         |
|    entropy_loss         | -0.338      |
|    explained_variance   | 0.587       |
|    learning_rate        | 0.0003      |
|    loss                 | -0.00622    |
|    n_updates            | 2170        |
|    policy_gradient_loss | -0.0147     |
|    value_loss           | 0.00573     |
-----------------------------------------
------------------------------------------
| rollout/                |              |
|    ep_len_mean          | 495          |
|    ep_rew_mean          | 31           |
| time/                   |              |
|    fps                  | 3            |
|    iterations           | 219          |
|    time_elapsed         | 34646        |
|    total_timesteps      | 112128       |
| train/                  |              |
|    approx_kl            | 0.0016460603 |
|    clip_fraction        | 0.0133       |
|    clip_range           | 0.2          |
|    entropy_loss         | -0.354       |
|    explained_variance   | 0.977        |
|    learning_rate        | 0.0003       |
|    loss                 | 0.00264      |
|    n_updates            | 2180         |
|    policy_gradient_loss | -0.0022      |
|    value_loss           | 0.000988     |
------------------------------------------
------------------------------------------
| rollout/                |              |
|    ep_len_mean          | 497          |
|    ep_rew_mean          | 31.2         |
| time/                   |              |
|    fps                  | 3            |
|    iterations           | 220          |
|    time_elapsed         | 34730        |
|    total_timesteps      | 112640       |
| train/                  |              |
|    approx_kl            | 0.0031824284 |
|    clip_fraction        | 0.0432       |
|    clip_range           | 0.2          |
|    entropy_loss         | -0.33        |
|    explained_variance   | 0.974        |
|    learning_rate        | 0.0003       |
|    loss                 | -0.0123      |
|    n_updates            | 2190         |
|    policy_gradient_loss | -0.00336     |
|    value_loss           | 0.00125      |
------------------------------------------
-----------------------------------------
| rollout/                |             |
|    ep_len_mean          | 497         |
|    ep_rew_mean          | 31.2        |
| time/                   |             |
|    fps                  | 3           |
|    iterations           | 221         |
|    time_elapsed         | 34816       |
|    total_timesteps      | 113152      |
| train/                  |             |
|    approx_kl            | 0.009615672 |
|    clip_fraction        | 0.0689      |
|    clip_range           | 0.2         |
|    entropy_loss         | -0.365      |
|    explained_variance   | 0.981       |
|    learning_rate        | 0.0003      |
|    loss                 | -0.0084     |
|    n_updates            | 2200        |
|    policy_gradient_loss | -0.00321    |
|    value_loss           | 0.000948    |
-----------------------------------------
------------------------------------------
| rollout/                |              |
|    ep_len_mean          | 497          |
|    ep_rew_mean          | 31.2         |
| time/                   |              |
|    fps                  | 3            |
|    iterations           | 222          |
|    time_elapsed         | 34905        |
|    total_timesteps      | 113664       |
| train/                  |              |
|    approx_kl            | 0.0019022493 |
|    clip_fraction        | 0.0238       |
|    clip_range           | 0.2          |
|    entropy_loss         | -0.398       |
|    explained_variance   | 0.974        |
|    learning_rate        | 0.0003       |
|    loss                 | -0.00595     |
|    n_updates            | 2210         |
|    policy_gradient_loss | -0.0057      |
|    value_loss           | 0.00383      |
------------------------------------------
-----------------------------------------
| rollout/                |             |
|    ep_len_mean          | 497         |
|    ep_rew_mean          | 31.2        |
| time/                   |             |
|    fps                  | 3           |
|    iterations           | 223         |
|    time_elapsed         | 34993       |
|    total_timesteps      | 114176      |
| train/                  |             |
|    approx_kl            | 0.013132315 |
|    clip_fraction        | 0.103       |
|    clip_range           | 0.2         |
|    entropy_loss         | -0.387      |
|    explained_variance   | 0.979       |
|    learning_rate        | 0.0003      |
|    loss                 | -0.0267     |
|    n_updates            | 2220        |
|    policy_gradient_loss | -0.0136     |
|    value_loss           | 0.00126     |
-----------------------------------------
-----------------------------------------
| rollout/                |             |
|    ep_len_mean          | 497         |
|    ep_rew_mean          | 31.2        |
| time/                   |             |
|    fps                  | 3           |
|    iterations           | 224         |
|    time_elapsed         | 35080       |
|    total_timesteps      | 114688      |
| train/                  |             |
|    approx_kl            | 0.004463566 |
|    clip_fraction        | 0.018       |
|    clip_range           | 0.2         |
|    entropy_loss         | -0.357      |
|    explained_variance   | 0.953       |
|    learning_rate        | 0.0003      |
|    loss                 | -0.0139     |
|    n_updates            | 2230        |
|    policy_gradient_loss | -0.00407    |
|    value_loss           | 0.0021      |
-----------------------------------------
------------------------------------------
| rollout/                |              |
|    ep_len_mean          | 497          |
|    ep_rew_mean          | 31.2         |
| time/                   |              |
|    fps                  | 3            |
|    iterations           | 225          |
|    time_elapsed         | 35167        |
|    total_timesteps      | 115200       |
| train/                  |              |
|    approx_kl            | 0.0037583841 |
|    clip_fraction        | 0.0193       |
|    clip_range           | 0.2          |
|    entropy_loss         | -0.37        |
|    explained_variance   | 0.964        |
|    learning_rate        | 0.0003       |
|    loss                 | -0.011       |
|    n_updates            | 2240         |
|    policy_gradient_loss | -0.00334     |
|    value_loss           | 0.00115      |
------------------------------------------
-----------------------------------------
| rollout/                |             |
|    ep_len_mean          | 497         |
|    ep_rew_mean          | 31.2        |
| time/                   |             |
|    fps                  | 3           |
|    iterations           | 226         |
|    time_elapsed         | 35253       |
|    total_timesteps      | 115712      |
| train/                  |             |
|    approx_kl            | 0.008550789 |
|    clip_fraction        | 0.0691      |
|    clip_range           | 0.2         |
|    entropy_loss         | -0.313      |
|    explained_variance   | 0.986       |
|    learning_rate        | 0.0003      |
|    loss                 | 8.47e-05    |
|    n_updates            | 2250        |
|    policy_gradient_loss | -0.0113     |
|    value_loss           | 0.00137     |
-----------------------------------------
------------------------------------------
| rollout/                |              |
|    ep_len_mean          | 497          |
|    ep_rew_mean          | 31.2         |
| time/                   |              |
|    fps                  | 3            |
|    iterations           | 227          |
|    time_elapsed         | 35340        |
|    total_timesteps      | 116224       |
| train/                  |              |
|    approx_kl            | 0.0038874734 |
|    clip_fraction        | 0.0459       |
|    clip_range           | 0.2          |
|    entropy_loss         | -0.375       |
|    explained_variance   | 0.979        |
|    learning_rate        | 0.0003       |
|    loss                 | -0.00348     |
|    n_updates            | 2260         |
|    policy_gradient_loss | -0.00286     |
|    value_loss           | 0.000998     |
------------------------------------------
------------------------------------------
| rollout/                |              |
|    ep_len_mean          | 497          |
|    ep_rew_mean          | 31.2         |
| time/                   |              |
|    fps                  | 3            |
|    iterations           | 228          |
|    time_elapsed         | 35426        |
|    total_timesteps      | 116736       |
| train/                  |              |
|    approx_kl            | 0.0047234343 |
|    clip_fraction        | 0.0396       |
|    clip_range           | 0.2          |
|    entropy_loss         | -0.322       |
|    explained_variance   | 0.966        |
|    learning_rate        | 0.0003       |
|    loss                 | -0.0174      |
|    n_updates            | 2270         |
|    policy_gradient_loss | -0.00777     |
|    value_loss           | 0.00196      |
------------------------------------------
-----------------------------------------
| rollout/                |             |
|    ep_len_mean          | 497         |
|    ep_rew_mean          | 31.2        |
| time/                   |             |
|    fps                  | 3           |
|    iterations           | 229         |
|    time_elapsed         | 35513       |
|    total_timesteps      | 117248      |
| train/                  |             |
|    approx_kl            | 0.007888452 |
|    clip_fraction        | 0.0527      |
|    clip_range           | 0.2         |
|    entropy_loss         | -0.293      |
|    explained_variance   | 0.388       |
|    learning_rate        | 0.0003      |
|    loss                 | -0.00247    |
|    n_updates            | 2280        |
|    policy_gradient_loss | 0.00289     |
|    value_loss           | 0.00988     |
-----------------------------------------
-----------------------------------------
| rollout/                |             |
|    ep_len_mean          | 497         |
|    ep_rew_mean          | 31.2        |
| time/                   |             |
|    fps                  | 3           |
|    iterations           | 230         |
|    time_elapsed         | 35600       |
|    total_timesteps      | 117760      |
| train/                  |             |
|    approx_kl            | 0.004084241 |
|    clip_fraction        | 0.0461      |
|    clip_range           | 0.2         |
|    entropy_loss         | -0.314      |
|    explained_variance   | 0.944       |
|    learning_rate        | 0.0003      |
|    loss                 | -0.019      |
|    n_updates            | 2290        |
|    policy_gradient_loss | -0.00909    |
|    value_loss           | 0.00222     |
-----------------------------------------
-----------------------------------------
| rollout/                |             |
|    ep_len_mean          | 497         |
|    ep_rew_mean          | 31.2        |
| time/                   |             |
|    fps                  | 3           |
|    iterations           | 231         |
|    time_elapsed         | 35690       |
|    total_timesteps      | 118272      |
| train/                  |             |
|    approx_kl            | 0.003971678 |
|    clip_fraction        | 0.0674      |
|    clip_range           | 0.2         |
|    entropy_loss         | -0.363      |
|    explained_variance   | 0.872       |
|    learning_rate        | 0.0003      |
|    loss                 | -0.0171     |
|    n_updates            | 2300        |
|    policy_gradient_loss | -0.0173     |
|    value_loss           | 0.00329     |
-----------------------------------------
------------------------------------------
| rollout/                |              |
|    ep_len_mean          | 497          |
|    ep_rew_mean          | 31.2         |
| time/                   |              |
|    fps                  | 3            |
|    iterations           | 232          |
|    time_elapsed         | 35775        |
|    total_timesteps      | 118784       |
| train/                  |              |
|    approx_kl            | 0.0022781338 |
|    clip_fraction        | 0.0232       |
|    clip_range           | 0.2          |
|    entropy_loss         | -0.336       |
|    explained_variance   | 0.987        |
|    learning_rate        | 0.0003       |
|    loss                 | 0.000947     |
|    n_updates            | 2310         |
|    policy_gradient_loss | -0.00206     |
|    value_loss           | 0.000875     |
------------------------------------------
-----------------------------------------
| rollout/                |             |
|    ep_len_mean          | 497         |
|    ep_rew_mean          | 31.3        |
| time/                   |             |
|    fps                  | 3           |
|    iterations           | 233         |
|    time_elapsed         | 35863       |
|    total_timesteps      | 119296      |
| train/                  |             |
|    approx_kl            | 0.008795652 |
|    clip_fraction        | 0.0758      |
|    clip_range           | 0.2         |
|    entropy_loss         | -0.384      |
|    explained_variance   | 0.979       |
|    learning_rate        | 0.0003      |
|    loss                 | -0.0331     |
|    n_updates            | 2320        |
|    policy_gradient_loss | -0.00848    |
|    value_loss           | 0.00143     |
-----------------------------------------
------------------------------------------
| rollout/                |              |
|    ep_len_mean          | 497          |
|    ep_rew_mean          | 31.3         |
| time/                   |              |
|    fps                  | 3            |
|    iterations           | 234          |
|    time_elapsed         | 35951        |
|    total_timesteps      | 119808       |
| train/                  |              |
|    approx_kl            | 0.0067940904 |
|    clip_fraction        | 0.0447       |
|    clip_range           | 0.2          |
|    entropy_loss         | -0.386       |
|    explained_variance   | 0.913        |
|    learning_rate        | 0.0003       |
|    loss                 | -0.0033      |
|    n_updates            | 2330         |
|    policy_gradient_loss | -0.00547     |
|    value_loss           | 0.00383      |
------------------------------------------
------------------------------------------
| rollout/                |              |
|    ep_len_mean          | 497          |
|    ep_rew_mean          | 31.3         |
| time/                   |              |
|    fps                  | 3            |
|    iterations           | 235          |
|    time_elapsed         | 36037        |
|    total_timesteps      | 120320       |
| train/                  |              |
|    approx_kl            | 0.0053501646 |
|    clip_fraction        | 0.0961       |
|    clip_range           | 0.2          |
|    entropy_loss         | -0.424       |
|    explained_variance   | 0.93         |
|    learning_rate        | 0.0003       |
|    loss                 | -0.036       |
|    n_updates            | 2340         |
|    policy_gradient_loss | -0.013       |
|    value_loss           | 0.00229      |
------------------------------------------
-----------------------------------------
| rollout/                |             |
|    ep_len_mean          | 497         |
|    ep_rew_mean          | 31.3        |
| time/                   |             |
|    fps                  | 3           |
|    iterations           | 236         |
|    time_elapsed         | 36123       |
|    total_timesteps      | 120832      |
| train/                  |             |
|    approx_kl            | 0.011520567 |
|    clip_fraction        | 0.0768      |
|    clip_range           | 0.2         |
|    entropy_loss         | -0.501      |
|    explained_variance   | 0.957       |
|    learning_rate        | 0.0003      |
|    loss                 | -0.05       |
|    n_updates            | 2350        |
|    policy_gradient_loss | -0.025      |
|    value_loss           | 0.00277     |
-----------------------------------------
------------------------------------------
| rollout/                |              |
|    ep_len_mean          | 497          |
|    ep_rew_mean          | 31.3         |
| time/                   |              |
|    fps                  | 3            |
|    iterations           | 237          |
|    time_elapsed         | 36211        |
|    total_timesteps      | 121344       |
| train/                  |              |
|    approx_kl            | 0.0027641107 |
|    clip_fraction        | 0.0232       |
|    clip_range           | 0.2          |
|    entropy_loss         | -0.472       |
|    explained_variance   | 0.934        |
|    learning_rate        | 0.0003       |
|    loss                 | -0.0238      |
|    n_updates            | 2360         |
|    policy_gradient_loss | -0.0069      |
|    value_loss           | 0.00291      |
------------------------------------------
-----------------------------------------
| rollout/                |             |
|    ep_len_mean          | 497         |
|    ep_rew_mean          | 31.3        |
| time/                   |             |
|    fps                  | 3           |
|    iterations           | 238         |
|    time_elapsed         | 36297       |
|    total_timesteps      | 121856      |
| train/                  |             |
|    approx_kl            | 0.007929623 |
|    clip_fraction        | 0.0779      |
|    clip_range           | 0.2         |
|    entropy_loss         | -0.477      |
|    explained_variance   | 0.945       |
|    learning_rate        | 0.0003      |
|    loss                 | -0.0154     |
|    n_updates            | 2370        |
|    policy_gradient_loss | -0.021      |
|    value_loss           | 0.0037      |
-----------------------------------------
------------------------------------------
| rollout/                |              |
|    ep_len_mean          | 497          |
|    ep_rew_mean          | 31.3         |
| time/                   |              |
|    fps                  | 3            |
|    iterations           | 239          |
|    time_elapsed         | 36384        |
|    total_timesteps      | 122368       |
| train/                  |              |
|    approx_kl            | 0.0040620416 |
|    clip_fraction        | 0.0334       |
|    clip_range           | 0.2          |
|    entropy_loss         | -0.437       |
|    explained_variance   | 0.965        |
|    learning_rate        | 0.0003       |
|    loss                 | -0.0197      |
|    n_updates            | 2380         |
|    policy_gradient_loss | -0.00316     |
|    value_loss           | 0.00271      |
------------------------------------------
------------------------------------------
| rollout/                |              |
|    ep_len_mean          | 497          |
|    ep_rew_mean          | 31.3         |
| time/                   |              |
|    fps                  | 3            |
|    iterations           | 240          |
|    time_elapsed         | 36471        |
|    total_timesteps      | 122880       |
| train/                  |              |
|    approx_kl            | 0.0050661117 |
|    clip_fraction        | 0.0414       |
|    clip_range           | 0.2          |
|    entropy_loss         | -0.492       |
|    explained_variance   | 0.556        |
|    learning_rate        | 0.0003       |
|    loss                 | 0.00787      |
|    n_updates            | 2390         |
|    policy_gradient_loss | -0.000178    |
|    value_loss           | 0.0127       |
------------------------------------------
------------------------------------------
| rollout/                |              |
|    ep_len_mean          | 497          |
|    ep_rew_mean          | 31.3         |
| time/                   |              |
|    fps                  | 3            |
|    iterations           | 241          |
|    time_elapsed         | 36557        |
|    total_timesteps      | 123392       |
| train/                  |              |
|    approx_kl            | 0.0041328305 |
|    clip_fraction        | 0.041        |
|    clip_range           | 0.2          |
|    entropy_loss         | -0.549       |
|    explained_variance   | 0.968        |
|    learning_rate        | 0.0003       |
|    loss                 | -0.0102      |
|    n_updates            | 2400         |
|    policy_gradient_loss | -0.00464     |
|    value_loss           | 0.00269      |
------------------------------------------
-----------------------------------------
| rollout/                |             |
|    ep_len_mean          | 497         |
|    ep_rew_mean          | 31.3        |
| time/                   |             |
|    fps                  | 3           |
|    iterations           | 242         |
|    time_elapsed         | 36643       |
|    total_timesteps      | 123904      |
| train/                  |             |
|    approx_kl            | 0.005126201 |
|    clip_fraction        | 0.0662      |
|    clip_range           | 0.2         |
|    entropy_loss         | -0.566      |
|    explained_variance   | 0.919       |
|    learning_rate        | 0.0003      |
|    loss                 | -5.41e-05   |
|    n_updates            | 2410        |
|    policy_gradient_loss | -0.00942    |
|    value_loss           | 0.00348     |
-----------------------------------------
-----------------------------------------
| rollout/                |             |
|    ep_len_mean          | 497         |
|    ep_rew_mean          | 31.3        |
| time/                   |             |
|    fps                  | 3           |
|    iterations           | 243         |
|    time_elapsed         | 36731       |
|    total_timesteps      | 124416      |
| train/                  |             |
|    approx_kl            | 0.005978018 |
|    clip_fraction        | 0.048       |
|    clip_range           | 0.2         |
|    entropy_loss         | -0.501      |
|    explained_variance   | 0.958       |
|    learning_rate        | 0.0003      |
|    loss                 | -0.00627    |
|    n_updates            | 2420        |
|    policy_gradient_loss | -0.00365    |
|    value_loss           | 0.00179     |
-----------------------------------------
------------------------------------------
| rollout/                |              |
|    ep_len_mean          | 497          |
|    ep_rew_mean          | 31.3         |
| time/                   |              |
|    fps                  | 3            |
|    iterations           | 244          |
|    time_elapsed         | 36816        |
|    total_timesteps      | 124928       |
| train/                  |              |
|    approx_kl            | 0.0062258434 |
|    clip_fraction        | 0.066        |
|    clip_range           | 0.2          |
|    entropy_loss         | -0.536       |
|    explained_variance   | 0.891        |
|    learning_rate        | 0.0003       |
|    loss                 | -0.0279      |
|    n_updates            | 2430         |
|    policy_gradient_loss | -0.0136      |
|    value_loss           | 0.00544      |
------------------------------------------
-----------------------------------------
| rollout/                |             |
|    ep_len_mean          | 497         |
|    ep_rew_mean          | 31.3        |
| time/                   |             |
|    fps                  | 3           |
|    iterations           | 245         |
|    time_elapsed         | 36902       |
|    total_timesteps      | 125440      |
| train/                  |             |
|    approx_kl            | 0.011011079 |
|    clip_fraction        | 0.0699      |
|    clip_range           | 0.2         |
|    entropy_loss         | -0.569      |
|    explained_variance   | 0.755       |
|    learning_rate        | 0.0003      |
|    loss                 | -0.0345     |
|    n_updates            | 2440        |
|    policy_gradient_loss | -0.0151     |
|    value_loss           | 0.00653     |
-----------------------------------------
------------------------------------------
| rollout/                |              |
|    ep_len_mean          | 497          |
|    ep_rew_mean          | 31.3         |
| time/                   |              |
|    fps                  | 3            |
|    iterations           | 246          |
|    time_elapsed         | 36989        |
|    total_timesteps      | 125952       |
| train/                  |              |
|    approx_kl            | 0.0052390927 |
|    clip_fraction        | 0.0299       |
|    clip_range           | 0.2          |
|    entropy_loss         | -0.474       |
|    explained_variance   | 0.841        |
|    learning_rate        | 0.0003       |
|    loss                 | -0.00919     |
|    n_updates            | 2450         |
|    policy_gradient_loss | -0.00307     |
|    value_loss           | 0.00443      |
------------------------------------------
-----------------------------------------
| rollout/                |             |
|    ep_len_mean          | 497         |
|    ep_rew_mean          | 31.3        |
| time/                   |             |
|    fps                  | 3           |
|    iterations           | 247         |
|    time_elapsed         | 37074       |
|    total_timesteps      | 126464      |
| train/                  |             |
|    approx_kl            | 0.011973947 |
|    clip_fraction        | 0.0723      |
|    clip_range           | 0.2         |
|    entropy_loss         | -0.473      |
|    explained_variance   | 0.932       |
|    learning_rate        | 0.0003      |
|    loss                 | -0.0354     |
|    n_updates            | 2460        |
|    policy_gradient_loss | -0.0238     |
|    value_loss           | 0.00286     |
-----------------------------------------
------------------------------------------
| rollout/                |              |
|    ep_len_mean          | 497          |
|    ep_rew_mean          | 31.3         |
| time/                   |              |
|    fps                  | 3            |
|    iterations           | 248          |
|    time_elapsed         | 37158        |
|    total_timesteps      | 126976       |
| train/                  |              |
|    approx_kl            | 0.0035531567 |
|    clip_fraction        | 0.0432       |
|    clip_range           | 0.2          |
|    entropy_loss         | -0.446       |
|    explained_variance   | 0.949        |
|    learning_rate        | 0.0003       |
|    loss                 | -0.00338     |
|    n_updates            | 2470         |
|    policy_gradient_loss | -0.0116      |
|    value_loss           | 0.00332      |
------------------------------------------
------------------------------------------
| rollout/                |              |
|    ep_len_mean          | 497          |
|    ep_rew_mean          | 31.3         |
| time/                   |              |
|    fps                  | 3            |
|    iterations           | 249          |
|    time_elapsed         | 37245        |
|    total_timesteps      | 127488       |
| train/                  |              |
|    approx_kl            | 0.0054406966 |
|    clip_fraction        | 0.0264       |
|    clip_range           | 0.2          |
|    entropy_loss         | -0.486       |
|    explained_variance   | 0.97         |
|    learning_rate        | 0.0003       |
|    loss                 | -0.011       |
|    n_updates            | 2480         |
|    policy_gradient_loss | -0.00661     |
|    value_loss           | 0.00161      |
------------------------------------------
-----------------------------------------
| rollout/                |             |
|    ep_len_mean          | 497         |
|    ep_rew_mean          | 31.3        |
| time/                   |             |
|    fps                  | 3           |
|    iterations           | 250         |
|    time_elapsed         | 37332       |
|    total_timesteps      | 128000      |
| train/                  |             |
|    approx_kl            | 0.012560457 |
|    clip_fraction        | 0.1         |
|    clip_range           | 0.2         |
|    entropy_loss         | -0.439      |
|    explained_variance   | 0.975       |
|    learning_rate        | 0.0003      |
|    loss                 | -0.00116    |
|    n_updates            | 2490        |
|    policy_gradient_loss | -0.0112     |
|    value_loss           | 0.00129     |
-----------------------------------------
------------------------------------------
| rollout/                |              |
|    ep_len_mean          | 497          |
|    ep_rew_mean          | 31.3         |
| time/                   |              |
|    fps                  | 3            |
|    iterations           | 251          |
|    time_elapsed         | 37419        |
|    total_timesteps      | 128512       |
| train/                  |              |
|    approx_kl            | 0.0027595293 |
|    clip_fraction        | 0.0551       |
|    clip_range           | 0.2          |
|    entropy_loss         | -0.442       |
|    explained_variance   | 0.783        |
|    learning_rate        | 0.0003       |
|    loss                 | -0.0326      |
|    n_updates            | 2500         |
|    policy_gradient_loss | -0.00878     |
|    value_loss           | 0.00591      |
------------------------------------------
------------------------------------------
| rollout/                |              |
|    ep_len_mean          | 497          |
|    ep_rew_mean          | 31.3         |
| time/                   |              |
|    fps                  | 3            |
|    iterations           | 252          |
|    time_elapsed         | 37506        |
|    total_timesteps      | 129024       |
| train/                  |              |
|    approx_kl            | 0.0109759625 |
|    clip_fraction        | 0.0654       |
|    clip_range           | 0.2          |
|    entropy_loss         | -0.56        |
|    explained_variance   | 0.266        |
|    learning_rate        | 0.0003       |
|    loss                 | -0.00316     |
|    n_updates            | 2510         |
|    policy_gradient_loss | -0.015       |
|    value_loss           | 0.012        |
------------------------------------------
-----------------------------------------
| rollout/                |             |
|    ep_len_mean          | 497         |
|    ep_rew_mean          | 31.3        |
| time/                   |             |
|    fps                  | 3           |
|    iterations           | 253         |
|    time_elapsed         | 37593       |
|    total_timesteps      | 129536      |
| train/                  |             |
|    approx_kl            | 0.006556284 |
|    clip_fraction        | 0.0568      |
|    clip_range           | 0.2         |
|    entropy_loss         | -0.477      |
|    explained_variance   | 0.934       |
|    learning_rate        | 0.0003      |
|    loss                 | -0.00215    |
|    n_updates            | 2520        |
|    policy_gradient_loss | -0.00617    |
|    value_loss           | 0.00195     |
-----------------------------------------
------------------------------------------
| rollout/                |              |
|    ep_len_mean          | 493          |
|    ep_rew_mean          | 30.9         |
| time/                   |              |
|    fps                  | 3            |
|    iterations           | 254          |
|    time_elapsed         | 37679        |
|    total_timesteps      | 130048       |
| train/                  |              |
|    approx_kl            | 0.0040036924 |
|    clip_fraction        | 0.0314       |
|    clip_range           | 0.2          |
|    entropy_loss         | -0.459       |
|    explained_variance   | 0.267        |
|    learning_rate        | 0.0003       |
|    loss                 | -0.0132      |
|    n_updates            | 2530         |
|    policy_gradient_loss | -0.00138     |
|    value_loss           | 0.0119       |
------------------------------------------
-----------------------------------------
| rollout/                |             |
|    ep_len_mean          | 493         |
|    ep_rew_mean          | 30.9        |
| time/                   |             |
|    fps                  | 3           |
|    iterations           | 255         |
|    time_elapsed         | 37765       |
|    total_timesteps      | 130560      |
| train/                  |             |
|    approx_kl            | 0.020669742 |
|    clip_fraction        | 0.134       |
|    clip_range           | 0.2         |
|    entropy_loss         | -0.544      |
|    explained_variance   | 0.0806      |
|    learning_rate        | 0.0003      |
|    loss                 | 0.262       |
|    n_updates            | 2540        |
|    policy_gradient_loss | 0.0323      |
|    value_loss           | 1.3         |
-----------------------------------------
------------------------------------------
| rollout/                |              |
|    ep_len_mean          | 493          |
|    ep_rew_mean          | 30.9         |
| time/                   |              |
|    fps                  | 3            |
|    iterations           | 256          |
|    time_elapsed         | 37850        |
|    total_timesteps      | 131072       |
| train/                  |              |
|    approx_kl            | 0.0021001035 |
|    clip_fraction        | 0.0166       |
|    clip_range           | 0.2          |
|    entropy_loss         | -0.424       |
|    explained_variance   | 0.356        |
|    learning_rate        | 0.0003       |
|    loss                 | 0.0115       |
|    n_updates            | 2550         |
|    policy_gradient_loss | -0.00386     |
|    value_loss           | 0.0192       |
------------------------------------------
------------------------------------------
| rollout/                |              |
|    ep_len_mean          | 493          |
|    ep_rew_mean          | 30.9         |
| time/                   |              |
|    fps                  | 3            |
|    iterations           | 257          |
|    time_elapsed         | 37936        |
|    total_timesteps      | 131584       |
| train/                  |              |
|    approx_kl            | 0.0056890734 |
|    clip_fraction        | 0.041        |
|    clip_range           | 0.2          |
|    entropy_loss         | -0.45        |
|    explained_variance   | -0.106       |
|    learning_rate        | 0.0003       |
|    loss                 | 0.0695       |
|    n_updates            | 2560         |
|    policy_gradient_loss | -0.00112     |
|    value_loss           | 0.0844       |
------------------------------------------
------------------------------------------
| rollout/                |              |
|    ep_len_mean          | 493          |
|    ep_rew_mean          | 30.9         |
| time/                   |              |
|    fps                  | 3            |
|    iterations           | 258          |
|    time_elapsed         | 38024        |
|    total_timesteps      | 132096       |
| train/                  |              |
|    approx_kl            | 0.0076204278 |
|    clip_fraction        | 0.0805       |
|    clip_range           | 0.2          |
|    entropy_loss         | -0.512       |
|    explained_variance   | 0.861        |
|    learning_rate        | 0.0003       |
|    loss                 | 0.0024       |
|    n_updates            | 2570         |
|    policy_gradient_loss | -0.00731     |
|    value_loss           | 0.00676      |
------------------------------------------
------------------------------------------
| rollout/                |              |
|    ep_len_mean          | 493          |
|    ep_rew_mean          | 30.9         |
| time/                   |              |
|    fps                  | 3            |
|    iterations           | 259          |
|    time_elapsed         | 38109        |
|    total_timesteps      | 132608       |
| train/                  |              |
|    approx_kl            | 0.0069325804 |
|    clip_fraction        | 0.0609       |
|    clip_range           | 0.2          |
|    entropy_loss         | -0.528       |
|    explained_variance   | 0.661        |
|    learning_rate        | 0.0003       |
|    loss                 | -0.00933     |
|    n_updates            | 2580         |
|    policy_gradient_loss | -0.00825     |
|    value_loss           | 0.0108       |
------------------------------------------
------------------------------------------
| rollout/                |              |
|    ep_len_mean          | 493          |
|    ep_rew_mean          | 30.9         |
| time/                   |              |
|    fps                  | 3            |
|    iterations           | 260          |
|    time_elapsed         | 38195        |
|    total_timesteps      | 133120       |
| train/                  |              |
|    approx_kl            | 0.0059095267 |
|    clip_fraction        | 0.082        |
|    clip_range           | 0.2          |
|    entropy_loss         | -0.474       |
|    explained_variance   | 0.356        |
|    learning_rate        | 0.0003       |
|    loss                 | -0.0165      |
|    n_updates            | 2590         |
|    policy_gradient_loss | -0.00178     |
|    value_loss           | 0.0805       |
------------------------------------------
-----------------------------------------
| rollout/                |             |
|    ep_len_mean          | 493         |
|    ep_rew_mean          | 30.9        |
| time/                   |             |
|    fps                  | 3           |
|    iterations           | 261         |
|    time_elapsed         | 38282       |
|    total_timesteps      | 133632      |
| train/                  |             |
|    approx_kl            | 0.006972762 |
|    clip_fraction        | 0.0449      |
|    clip_range           | 0.2         |
|    entropy_loss         | -0.547      |
|    explained_variance   | 0.623       |
|    learning_rate        | 0.0003      |
|    loss                 | -0.00609    |
|    n_updates            | 2600        |
|    policy_gradient_loss | -0.0062     |
|    value_loss           | 0.0106      |
-----------------------------------------
-----------------------------------------
| rollout/                |             |
|    ep_len_mean          | 493         |
|    ep_rew_mean          | 30.9        |
| time/                   |             |
|    fps                  | 3           |
|    iterations           | 262         |
|    time_elapsed         | 38370       |
|    total_timesteps      | 134144      |
| train/                  |             |
|    approx_kl            | 0.009264713 |
|    clip_fraction        | 0.075       |
|    clip_range           | 0.2         |
|    entropy_loss         | -0.408      |
|    explained_variance   | 0.591       |
|    learning_rate        | 0.0003      |
|    loss                 | 0.0129      |
|    n_updates            | 2610        |
|    policy_gradient_loss | -0.00792    |
|    value_loss           | 0.00988     |
-----------------------------------------
------------------------------------------
| rollout/                |              |
|    ep_len_mean          | 493          |
|    ep_rew_mean          | 30.9         |
| time/                   |              |
|    fps                  | 3            |
|    iterations           | 263          |
|    time_elapsed         | 38455        |
|    total_timesteps      | 134656       |
| train/                  |              |
|    approx_kl            | 0.0032136063 |
|    clip_fraction        | 0.0475       |
|    clip_range           | 0.2          |
|    entropy_loss         | -0.46        |
|    explained_variance   | 0.88         |
|    learning_rate        | 0.0003       |
|    loss                 | -0.0112      |
|    n_updates            | 2620         |
|    policy_gradient_loss | -0.00873     |
|    value_loss           | 0.00464      |
------------------------------------------
-----------------------------------------
| rollout/                |             |
|    ep_len_mean          | 493         |
|    ep_rew_mean          | 30.9        |
| time/                   |             |
|    fps                  | 3           |
|    iterations           | 264         |
|    time_elapsed         | 38542       |
|    total_timesteps      | 135168      |
| train/                  |             |
|    approx_kl            | 0.011537887 |
|    clip_fraction        | 0.0424      |
|    clip_range           | 0.2         |
|    entropy_loss         | -0.386      |
|    explained_variance   | 0.968       |
|    learning_rate        | 0.0003      |
|    loss                 | -0.0137     |
|    n_updates            | 2630        |
|    policy_gradient_loss | -0.00827    |
|    value_loss           | 0.00148     |
-----------------------------------------
------------------------------------------
| rollout/                |              |
|    ep_len_mean          | 493          |
|    ep_rew_mean          | 30.9         |
| time/                   |              |
|    fps                  | 3            |
|    iterations           | 265          |
|    time_elapsed         | 38629        |
|    total_timesteps      | 135680       |
| train/                  |              |
|    approx_kl            | 0.0059518116 |
|    clip_fraction        | 0.082        |
|    clip_range           | 0.2          |
|    entropy_loss         | -0.476       |
|    explained_variance   | 0.954        |
|    learning_rate        | 0.0003       |
|    loss                 | -0.0111      |
|    n_updates            | 2640         |
|    policy_gradient_loss | -0.0105      |
|    value_loss           | 0.00261      |
------------------------------------------
------------------------------------------
| rollout/                |              |
|    ep_len_mean          | 493          |
|    ep_rew_mean          | 30.9         |
| time/                   |              |
|    fps                  | 3            |
|    iterations           | 266          |
|    time_elapsed         | 38715        |
|    total_timesteps      | 136192       |
| train/                  |              |
|    approx_kl            | 0.0022338107 |
|    clip_fraction        | 0.0291       |
|    clip_range           | 0.2          |
|    entropy_loss         | -0.445       |
|    explained_variance   | 0.963        |
|    learning_rate        | 0.0003       |
|    loss                 | -0.0162      |
|    n_updates            | 2650         |
|    policy_gradient_loss | -0.0107      |
|    value_loss           | 0.00246      |
------------------------------------------
------------------------------------------
| rollout/                |              |
|    ep_len_mean          | 493          |
|    ep_rew_mean          | 30.9         |
| time/                   |              |
|    fps                  | 3            |
|    iterations           | 267          |
|    time_elapsed         | 38801        |
|    total_timesteps      | 136704       |
| train/                  |              |
|    approx_kl            | 0.0072013224 |
|    clip_fraction        | 0.0789       |
|    clip_range           | 0.2          |
|    entropy_loss         | -0.459       |
|    explained_variance   | 0.348        |
|    learning_rate        | 0.0003       |
|    loss                 | -0.0131      |
|    n_updates            | 2660         |
|    policy_gradient_loss | -0.0112      |
|    value_loss           | 0.0109       |
------------------------------------------
---------------------------------------
| rollout/                |           |
|    ep_len_mean          | 493       |
|    ep_rew_mean          | 30.9      |
| time/                   |           |
|    fps                  | 3         |
|    iterations           | 268       |
|    time_elapsed         | 38888     |
|    total_timesteps      | 137216    |
| train/                  |           |
|    approx_kl            | 0.0174063 |
|    clip_fraction        | 0.199     |
|    clip_range           | 0.2       |
|    entropy_loss         | -0.487    |
|    explained_variance   | 0.965     |
|    learning_rate        | 0.0003    |
|    loss                 | -0.00783  |
|    n_updates            | 2670      |
|    policy_gradient_loss | -0.00969  |
|    value_loss           | 0.00361   |
---------------------------------------
-----------------------------------------
| rollout/                |             |
|    ep_len_mean          | 493         |
|    ep_rew_mean          | 30.9        |
| time/                   |             |
|    fps                  | 3           |
|    iterations           | 269         |
|    time_elapsed         | 38974       |
|    total_timesteps      | 137728      |
| train/                  |             |
|    approx_kl            | 0.009611933 |
|    clip_fraction        | 0.0781      |
|    clip_range           | 0.2         |
|    entropy_loss         | -0.508      |
|    explained_variance   | 0.912       |
|    learning_rate        | 0.0003      |
|    loss                 | -0.0271     |
|    n_updates            | 2680        |
|    policy_gradient_loss | -0.0131     |
|    value_loss           | 0.00513     |
-----------------------------------------
-----------------------------------------
| rollout/                |             |
|    ep_len_mean          | 493         |
|    ep_rew_mean          | 30.9        |
| time/                   |             |
|    fps                  | 3           |
|    iterations           | 270         |
|    time_elapsed         | 39060       |
|    total_timesteps      | 138240      |
| train/                  |             |
|    approx_kl            | 0.006625087 |
|    clip_fraction        | 0.0332      |
|    clip_range           | 0.2         |
|    entropy_loss         | -0.501      |
|    explained_variance   | 0.923       |
|    learning_rate        | 0.0003      |
|    loss                 | 0.00729     |
|    n_updates            | 2690        |
|    policy_gradient_loss | -0.00255    |
|    value_loss           | 0.00261     |
-----------------------------------------
------------------------------------------
| rollout/                |              |
|    ep_len_mean          | 493          |
|    ep_rew_mean          | 30.9         |
| time/                   |              |
|    fps                  | 3            |
|    iterations           | 271          |
|    time_elapsed         | 39147        |
|    total_timesteps      | 138752       |
| train/                  |              |
|    approx_kl            | 0.0029362277 |
|    clip_fraction        | 0.0295       |
|    clip_range           | 0.2          |
|    entropy_loss         | -0.501       |
|    explained_variance   | 0.792        |
|    learning_rate        | 0.0003       |
|    loss                 | -0.0174      |
|    n_updates            | 2700         |
|    policy_gradient_loss | -0.00645     |
|    value_loss           | 0.00423      |
------------------------------------------
-----------------------------------------
| rollout/                |             |
|    ep_len_mean          | 493         |
|    ep_rew_mean          | 30.9        |
| time/                   |             |
|    fps                  | 3           |
|    iterations           | 272         |
|    time_elapsed         | 39233       |
|    total_timesteps      | 139264      |
| train/                  |             |
|    approx_kl            | 0.015476923 |
|    clip_fraction        | 0.131       |
|    clip_range           | 0.2         |
|    entropy_loss         | -0.539      |
|    explained_variance   | 0.183       |
|    learning_rate        | 0.0003      |
|    loss                 | 0.0111      |
|    n_updates            | 2710        |
|    policy_gradient_loss | -0.00544    |
|    value_loss           | 0.0426      |
-----------------------------------------
----------------------------------------
| rollout/                |            |
|    ep_len_mean          | 493        |
|    ep_rew_mean          | 30.9       |
| time/                   |            |
|    fps                  | 3          |
|    iterations           | 273        |
|    time_elapsed         | 39319      |
|    total_timesteps      | 139776     |
| train/                  |            |
|    approx_kl            | 0.00717362 |
|    clip_fraction        | 0.0869     |
|    clip_range           | 0.2        |
|    entropy_loss         | -0.491     |
|    explained_variance   | 0.952      |
|    learning_rate        | 0.0003     |
|    loss                 | -0.0186    |
|    n_updates            | 2720       |
|    policy_gradient_loss | -0.00834   |
|    value_loss           | 0.00168    |
----------------------------------------
-----------------------------------------
| rollout/                |             |
|    ep_len_mean          | 493         |
|    ep_rew_mean          | 30.9        |
| time/                   |             |
|    fps                  | 3           |
|    iterations           | 274         |
|    time_elapsed         | 39406       |
|    total_timesteps      | 140288      |
| train/                  |             |
|    approx_kl            | 0.005293148 |
|    clip_fraction        | 0.0504      |
|    clip_range           | 0.2         |
|    entropy_loss         | -0.455      |
|    explained_variance   | 0.934       |
|    learning_rate        | 0.0003      |
|    loss                 | 0.0072      |
|    n_updates            | 2730        |
|    policy_gradient_loss | -0.00749    |
|    value_loss           | 0.00199     |
-----------------------------------------
-----------------------------------------
| rollout/                |             |
|    ep_len_mean          | 493         |
|    ep_rew_mean          | 30.9        |
| time/                   |             |
|    fps                  | 3           |
|    iterations           | 275         |
|    time_elapsed         | 39493       |
|    total_timesteps      | 140800      |
| train/                  |             |
|    approx_kl            | 0.004996484 |
|    clip_fraction        | 0.0477      |
|    clip_range           | 0.2         |
|    entropy_loss         | -0.382      |
|    explained_variance   | 0.868       |
|    learning_rate        | 0.0003      |
|    loss                 | -0.0307     |
|    n_updates            | 2740        |
|    policy_gradient_loss | -0.00823    |
|    value_loss           | 0.00392     |
-----------------------------------------
------------------------------------------
| rollout/                |              |
|    ep_len_mean          | 493          |
|    ep_rew_mean          | 30.9         |
| time/                   |              |
|    fps                  | 3            |
|    iterations           | 276          |
|    time_elapsed         | 39579        |
|    total_timesteps      | 141312       |
| train/                  |              |
|    approx_kl            | 0.0065258904 |
|    clip_fraction        | 0.0814       |
|    clip_range           | 0.2          |
|    entropy_loss         | -0.381       |
|    explained_variance   | 0.939        |
|    learning_rate        | 0.0003       |
|    loss                 | -0.000674    |
|    n_updates            | 2750         |
|    policy_gradient_loss | -0.0154      |
|    value_loss           | 0.00433      |
------------------------------------------
-----------------------------------------
| rollout/                |             |
|    ep_len_mean          | 496         |
|    ep_rew_mean          | 31.2        |
| time/                   |             |
|    fps                  | 3           |
|    iterations           | 277         |
|    time_elapsed         | 39664       |
|    total_timesteps      | 141824      |
| train/                  |             |
|    approx_kl            | 0.002698427 |
|    clip_fraction        | 0.0328      |
|    clip_range           | 0.2         |
|    entropy_loss         | -0.346      |
|    explained_variance   | 0.951       |
|    learning_rate        | 0.0003      |
|    loss                 | -0.0179     |
|    n_updates            | 2760        |
|    policy_gradient_loss | -0.0076     |
|    value_loss           | 0.00239     |
-----------------------------------------
------------------------------------------
| rollout/                |              |
|    ep_len_mean          | 496          |
|    ep_rew_mean          | 31.2         |
| time/                   |              |
|    fps                  | 3            |
|    iterations           | 278          |
|    time_elapsed         | 39750        |
|    total_timesteps      | 142336       |
| train/                  |              |
|    approx_kl            | 0.0029164315 |
|    clip_fraction        | 0.0254       |
|    clip_range           | 0.2          |
|    entropy_loss         | -0.365       |
|    explained_variance   | 0.927        |
|    learning_rate        | 0.0003       |
|    loss                 | 0.0195       |
|    n_updates            | 2770         |
|    policy_gradient_loss | -0.00452     |
|    value_loss           | 0.00504      |
------------------------------------------
------------------------------------------
| rollout/                |              |
|    ep_len_mean          | 496          |
|    ep_rew_mean          | 31.2         |
| time/                   |              |
|    fps                  | 3            |
|    iterations           | 279          |
|    time_elapsed         | 39837        |
|    total_timesteps      | 142848       |
| train/                  |              |
|    approx_kl            | 0.0028185947 |
|    clip_fraction        | 0.0314       |
|    clip_range           | 0.2          |
|    entropy_loss         | -0.335       |
|    explained_variance   | 0.953        |
|    learning_rate        | 0.0003       |
|    loss                 | 0.0264       |
|    n_updates            | 2780         |
|    policy_gradient_loss | -0.00652     |
|    value_loss           | 0.00158      |
------------------------------------------
------------------------------------------
| rollout/                |              |
|    ep_len_mean          | 496          |
|    ep_rew_mean          | 31.2         |
| time/                   |              |
|    fps                  | 3            |
|    iterations           | 280          |
|    time_elapsed         | 39922        |
|    total_timesteps      | 143360       |
| train/                  |              |
|    approx_kl            | 0.0021782578 |
|    clip_fraction        | 0.0229       |
|    clip_range           | 0.2          |
|    entropy_loss         | -0.329       |
|    explained_variance   | 0.971        |
|    learning_rate        | 0.0003       |
|    loss                 | -0.00166     |
|    n_updates            | 2790         |
|    policy_gradient_loss | -0.00364     |
|    value_loss           | 0.0024       |
------------------------------------------
------------------------------------------
| rollout/                |              |
|    ep_len_mean          | 496          |
|    ep_rew_mean          | 31.2         |
| time/                   |              |
|    fps                  | 3            |
|    iterations           | 281          |
|    time_elapsed         | 40009        |
|    total_timesteps      | 143872       |
| train/                  |              |
|    approx_kl            | 0.0024094298 |
|    clip_fraction        | 0.0213       |
|    clip_range           | 0.2          |
|    entropy_loss         | -0.32        |
|    explained_variance   | 0.974        |
|    learning_rate        | 0.0003       |
|    loss                 | 0.0172       |
|    n_updates            | 2800         |
|    policy_gradient_loss | -0.00459     |
|    value_loss           | 0.00104      |
------------------------------------------
-----------------------------------------
| rollout/                |             |
|    ep_len_mean          | 496         |
|    ep_rew_mean          | 31.2        |
| time/                   |             |
|    fps                  | 3           |
|    iterations           | 282         |
|    time_elapsed         | 40095       |
|    total_timesteps      | 144384      |
| train/                  |             |
|    approx_kl            | 0.005319465 |
|    clip_fraction        | 0.0686      |
|    clip_range           | 0.2         |
|    entropy_loss         | -0.285      |
|    explained_variance   | 0.983       |
|    learning_rate        | 0.0003      |
|    loss                 | -0.00513    |
|    n_updates            | 2810        |
|    policy_gradient_loss | -0.00485    |
|    value_loss           | 0.000867    |
-----------------------------------------
-----------------------------------------
| rollout/                |             |
|    ep_len_mean          | 496         |
|    ep_rew_mean          | 31.2        |
| time/                   |             |
|    fps                  | 3           |
|    iterations           | 283         |
|    time_elapsed         | 40178       |
|    total_timesteps      | 144896      |
| train/                  |             |
|    approx_kl            | 0.017985392 |
|    clip_fraction        | 0.0363      |
|    clip_range           | 0.2         |
|    entropy_loss         | -0.273      |
|    explained_variance   | 0.977       |
|    learning_rate        | 0.0003      |
|    loss                 | -0.0171     |
|    n_updates            | 2820        |
|    policy_gradient_loss | -0.006      |
|    value_loss           | 0.0012      |
-----------------------------------------
------------------------------------------
| rollout/                |              |
|    ep_len_mean          | 496          |
|    ep_rew_mean          | 31.2         |
| time/                   |              |
|    fps                  | 3            |
|    iterations           | 284          |
|    time_elapsed         | 40264        |
|    total_timesteps      | 145408       |
| train/                  |              |
|    approx_kl            | 0.0060696723 |
|    clip_fraction        | 0.0377       |
|    clip_range           | 0.2          |
|    entropy_loss         | -0.339       |
|    explained_variance   | 0.967        |
|    learning_rate        | 0.0003       |
|    loss                 | -0.0229      |
|    n_updates            | 2830         |
|    policy_gradient_loss | -0.0101      |
|    value_loss           | 0.00182      |
------------------------------------------
------------------------------------------
| rollout/                |              |
|    ep_len_mean          | 496          |
|    ep_rew_mean          | 31.2         |
| time/                   |              |
|    fps                  | 3            |
|    iterations           | 285          |
|    time_elapsed         | 40350        |
|    total_timesteps      | 145920       |
| train/                  |              |
|    approx_kl            | 0.0029601345 |
|    clip_fraction        | 0.0471       |
|    clip_range           | 0.2          |
|    entropy_loss         | -0.338       |
|    explained_variance   | 0.98         |
|    learning_rate        | 0.0003       |
|    loss                 | -0.01        |
|    n_updates            | 2840         |
|    policy_gradient_loss | -0.0033      |
|    value_loss           | 0.00164      |
------------------------------------------
------------------------------------------
| rollout/                |              |
|    ep_len_mean          | 496          |
|    ep_rew_mean          | 31.2         |
| time/                   |              |
|    fps                  | 3            |
|    iterations           | 286          |
|    time_elapsed         | 40437        |
|    total_timesteps      | 146432       |
| train/                  |              |
|    approx_kl            | 0.0053662723 |
|    clip_fraction        | 0.0637       |
|    clip_range           | 0.2          |
|    entropy_loss         | -0.377       |
|    explained_variance   | 0.956        |
|    learning_rate        | 0.0003       |
|    loss                 | -0.00332     |
|    n_updates            | 2850         |
|    policy_gradient_loss | -0.00312     |
|    value_loss           | 0.00215      |
------------------------------------------
------------------------------------------
| rollout/                |              |
|    ep_len_mean          | 496          |
|    ep_rew_mean          | 31.2         |
| time/                   |              |
|    fps                  | 3            |
|    iterations           | 287          |
|    time_elapsed         | 40522        |
|    total_timesteps      | 146944       |
| train/                  |              |
|    approx_kl            | 0.0025558197 |
|    clip_fraction        | 0.0217       |
|    clip_range           | 0.2          |
|    entropy_loss         | -0.334       |
|    explained_variance   | 0.99         |
|    learning_rate        | 0.0003       |
|    loss                 | 0.00745      |
|    n_updates            | 2860         |
|    policy_gradient_loss | -0.00446     |
|    value_loss           | 0.000459     |
------------------------------------------
------------------------------------------
| rollout/                |              |
|    ep_len_mean          | 496          |
|    ep_rew_mean          | 31.2         |
| time/                   |              |
|    fps                  | 3            |
|    iterations           | 288          |
|    time_elapsed         | 40609        |
|    total_timesteps      | 147456       |
| train/                  |              |
|    approx_kl            | 0.0011278492 |
|    clip_fraction        | 0.0125       |
|    clip_range           | 0.2          |
|    entropy_loss         | -0.319       |
|    explained_variance   | 0.985        |
|    learning_rate        | 0.0003       |
|    loss                 | -0.00867     |
|    n_updates            | 2870         |
|    policy_gradient_loss | -0.00304     |
|    value_loss           | 0.000722     |
------------------------------------------
------------------------------------------
| rollout/                |              |
|    ep_len_mean          | 496          |
|    ep_rew_mean          | 31.2         |
| time/                   |              |
|    fps                  | 3            |
|    iterations           | 289          |
|    time_elapsed         | 40697        |
|    total_timesteps      | 147968       |
| train/                  |              |
|    approx_kl            | 0.0068968004 |
|    clip_fraction        | 0.0746       |
|    clip_range           | 0.2          |
|    entropy_loss         | -0.373       |
|    explained_variance   | 0.978        |
|    learning_rate        | 0.0003       |
|    loss                 | -0.0117      |
|    n_updates            | 2880         |
|    policy_gradient_loss | -0.0101      |
|    value_loss           | 0.00116      |
------------------------------------------
------------------------------------------
| rollout/                |              |
|    ep_len_mean          | 496          |
|    ep_rew_mean          | 31.2         |
| time/                   |              |
|    fps                  | 3            |
|    iterations           | 290          |
|    time_elapsed         | 40782        |
|    total_timesteps      | 148480       |
| train/                  |              |
|    approx_kl            | 0.0085395165 |
|    clip_fraction        | 0.101        |
|    clip_range           | 0.2          |
|    entropy_loss         | -0.389       |
|    explained_variance   | 0.984        |
|    learning_rate        | 0.0003       |
|    loss                 | -0.00647     |
|    n_updates            | 2890         |
|    policy_gradient_loss | -0.00862     |
|    value_loss           | 0.00116      |
------------------------------------------
-----------------------------------------
| rollout/                |             |
|    ep_len_mean          | 496         |
|    ep_rew_mean          | 31.2        |
| time/                   |             |
|    fps                  | 3           |
|    iterations           | 291         |
|    time_elapsed         | 40867       |
|    total_timesteps      | 148992      |
| train/                  |             |
|    approx_kl            | 0.006073802 |
|    clip_fraction        | 0.043       |
|    clip_range           | 0.2         |
|    entropy_loss         | -0.428      |
|    explained_variance   | 0.976       |
|    learning_rate        | 0.0003      |
|    loss                 | -0.0143     |
|    n_updates            | 2900        |
|    policy_gradient_loss | -0.0108     |
|    value_loss           | 0.00152     |
-----------------------------------------
-----------------------------------------
| rollout/                |             |
|    ep_len_mean          | 496         |
|    ep_rew_mean          | 31.2        |
| time/                   |             |
|    fps                  | 3           |
|    iterations           | 292         |
|    time_elapsed         | 40953       |
|    total_timesteps      | 149504      |
| train/                  |             |
|    approx_kl            | 0.004864578 |
|    clip_fraction        | 0.0451      |
|    clip_range           | 0.2         |
|    entropy_loss         | -0.454      |
|    explained_variance   | 0.353       |
|    learning_rate        | 0.0003      |
|    loss                 | -0.0234     |
|    n_updates            | 2910        |
|    policy_gradient_loss | -0.00988    |
|    value_loss           | 0.0208      |
-----------------------------------------
-----------------------------------------
| rollout/                |             |
|    ep_len_mean          | 496         |
|    ep_rew_mean          | 31.2        |
| time/                   |             |
|    fps                  | 3           |
|    iterations           | 293         |
|    time_elapsed         | 41038       |
|    total_timesteps      | 150016      |
| train/                  |             |
|    approx_kl            | 0.005231618 |
|    clip_fraction        | 0.0824      |
|    clip_range           | 0.2         |
|    entropy_loss         | -0.436      |
|    explained_variance   | 0.944       |
|    learning_rate        | 0.0003      |
|    loss                 | -0.0255     |
|    n_updates            | 2920        |
|    policy_gradient_loss | -0.0164     |
|    value_loss           | 0.00303     |
-----------------------------------------
Saved trained model to data/processed/models/ppo_connectome_seed2.zip
